"run_id","job_id","job_name","status","conclusion","started_at","completed_at","duration_s","runner_name","run_attempt"
17183102985,48748238326,"lint","completed","success","2025-08-24T02:38:37Z","2025-08-24T02:49:02Z",625,"GitHub Actions 1000000000",1
17183109064,48748254200,"build","completed","success","2025-08-24T02:39:13Z","2025-08-24T02:48:58Z",585,"GitHub Actions 1000000001",1
17183216930,48748508332,"build","completed","success","2025-08-24T02:50:26Z","2025-08-24T03:00:04Z",578,"GitHub Actions 1000000002",1
17195546024,48776951059,"lint","completed","success","2025-08-25T00:08:07Z","2025-08-25T00:08:27Z",20,"GitHub Actions 1000000003",1
17195546024,48776951062,"build","completed","failure","2025-08-25T00:08:18Z","2025-08-25T00:08:26Z",8,"GitHub Actions 1000000004",1
17195766814,48777506386,"lint","completed","success","2025-08-25T00:24:53Z","2025-08-25T00:25:12Z",19,"GitHub Actions 1000000006",1
17195766814,48777506387,"build","completed","success","2025-08-25T00:24:52Z","2025-08-25T00:35:03Z",611,"GitHub Actions 1000000005",1
17195940336,48777944069,"lint","completed","success","2025-08-25T00:36:57Z","2025-08-25T00:37:13Z",16,"GitHub Actions 1000000007",1
17195940336,48777944088,"build","completed","success","2025-08-25T00:36:57Z","2025-08-25T00:46:37Z",580,"GitHub Actions 1000000008",1
17197313185,48781328818,"lint","completed","success","2025-08-25T02:20:38Z","2025-08-25T02:21:00Z",22,"GitHub Actions 1000000010",1
17197313185,48781328821,"build","completed","success","2025-08-25T02:20:43Z","2025-08-25T02:31:12Z",629,"GitHub Actions 1000000009",1
17197371516,48781475791,"lint","completed","success","2025-08-25T02:25:23Z","2025-08-25T02:25:42Z",19,"GitHub Actions 1000000011",1
17197371516,48781475801,"build","completed","success","2025-08-25T02:25:22Z","2025-08-25T02:35:42Z",620,"GitHub Actions 1000000012",1
17197482075,48781761446,"lint","completed","success","2025-08-25T02:33:06Z","2025-08-25T02:33:26Z",20,"GitHub Actions 1000000013",1
17197482075,48781761455,"build","completed","success","2025-08-25T02:33:06Z","2025-08-25T02:42:49Z",583,"GitHub Actions 1000000014",1
17223359857,48863196583,"build","completed","success","2025-08-25T23:28:22Z","2025-08-25T23:38:56Z",634,"GitHub Actions 1000000015",1
17223359857,48863196585,"lint","completed","success","2025-08-25T23:28:22Z","2025-08-25T23:28:41Z",19,"GitHub Actions 1000000016",1
17284021979,49057597770,"lint","completed","failure","2025-08-28T02:30:24Z","2025-08-28T02:30:47Z",23,"GitHub Actions 1000000017",1
17284021979,49057597839,"build","completed","success","2025-08-28T02:30:24Z","2025-08-28T02:40:03Z",579,"GitHub Actions 1000000018",1
17284180376,49058043672,"lint","completed","success","2025-08-28T02:40:29Z","2025-08-28T02:40:51Z",22,"GitHub Actions 1000000019",1
17284180376,49058043684,"build","completed","success","2025-08-28T02:40:29Z","2025-08-28T02:50:23Z",594,"GitHub Actions 1000000020",1
17284369837,49058589119,"build","completed","success","2025-08-28T02:52:53Z","2025-08-28T03:02:36Z",583,"GitHub Actions 1000000021",1
17284369837,49058589120,"lint","completed","success","2025-08-28T02:52:53Z","2025-08-28T02:53:15Z",22,"GitHub Actions 1000000022",1
17310478331,49143425459,"build","completed","success","2025-08-28T23:36:46Z","2025-08-28T23:46:45Z",599,"GitHub Actions 1000000023",1
17310478331,49143425462,"lint","completed","success","2025-08-28T23:36:46Z","2025-08-28T23:37:05Z",19,"GitHub Actions 1000000024",1
17473953677,49629055762,"build","completed","success","2025-09-04T19:00:19Z","2025-09-04T19:14:16Z",837,"GitHub Actions 1000000025",1
17473953677,49629055985,"lint","completed","failure","2025-09-04T19:00:19Z","2025-09-04T19:00:44Z",25,"GitHub Actions 1000000026",1
17473975606,49629128101,"lint","completed","success","2025-09-04T19:01:12Z","2025-09-04T19:01:33Z",21,"GitHub Actions 1000000027",1
17473975606,49629128105,"build","completed","success","2025-09-04T19:01:14Z","2025-09-04T19:12:10Z",656,"GitHub Actions 1000000028",1
17522868493,49769182097,"lint","completed","success","2025-09-07T02:50:10Z","2025-09-07T02:50:30Z",20,"GitHub Actions 1000000030",1
17522868493,49769182104,"build","completed","success","2025-09-07T02:50:10Z","2025-09-07T03:00:29Z",619,"GitHub Actions 1000000029",1
17523494495,49770908260,"build","completed","success","2025-09-07T03:53:16Z","2025-09-07T04:03:59Z",643,"GitHub Actions 1000000031",1
17523494495,49770908266,"lint","completed","failure","2025-09-07T03:53:16Z","2025-09-07T03:53:35Z",19,"GitHub Actions 1000000032",1
17566379318,49894078193,"build","completed","success","2025-09-08T22:57:57Z","2025-09-08T23:07:42Z",585,"GitHub Actions 1000000034",1
17566379318,49894078200,"lint","completed","success","2025-09-08T22:57:57Z","2025-09-08T22:58:19Z",22,"GitHub Actions 1000000033",1
17566759408,49895139966,"lint","completed","success","2025-09-08T23:17:34Z","2025-09-08T23:17:55Z",21,"GitHub Actions 1000000035",1
17566759408,49895139969,"build","completed","success","2025-09-08T23:17:34Z","2025-09-08T23:28:34Z",660,"GitHub Actions 1000000036",1
17572848438,49912035773,"lint","completed","success","2025-09-09T05:34:28Z","2025-09-09T05:34:47Z",19,"GitHub Actions 1000000037",1
17572848438,49912035780,"build","completed","success","2025-09-09T05:34:29Z","2025-09-09T05:45:09Z",640,"GitHub Actions 1000000038",1
17573010988,49912475738,"lint","completed","success","2025-09-09T05:44:14Z","2025-09-09T05:44:39Z",25,"GitHub Actions 1000000040",1
17573010988,49912475745,"build","completed","success","2025-09-09T05:44:14Z","2025-09-09T05:53:53Z",579,"GitHub Actions 1000000039",1
17604705908,50013083370,"lint","completed","success","2025-09-10T06:02:53Z","2025-09-10T06:03:13Z",20,"GitHub Actions 1000000042",1
17604705908,50013083383,"build","completed","failure","2025-09-10T06:02:53Z","2025-09-10T06:12:14Z",561,"GitHub Actions 1000000041",1
17604764221,50013255005,"build","completed","failure","2025-09-10T06:05:52Z","2025-09-10T06:15:40Z",588,"GitHub Actions 1000000043",1
17604764221,50013255007,"lint","completed","success","2025-09-10T06:05:52Z","2025-09-10T06:06:12Z",20,"GitHub Actions 1000000044",1
17604771091,50013274577,"build","completed","success","2025-09-10T06:06:14Z","2025-09-10T06:16:40Z",626,"GitHub Actions 1000000046",1
17604771091,50013274586,"lint","completed","success","2025-09-10T06:06:13Z","2025-09-10T06:06:36Z",23,"GitHub Actions 1000000045",1
17606334628,50017827972,"build","completed","failure","2025-09-10T07:20:57Z","2025-09-10T07:29:34Z",517,"GitHub Actions 1000000047",1
17606334628,50017827973,"lint","completed","success","2025-09-10T07:20:56Z","2025-09-10T07:21:16Z",20,"GitHub Actions 1000000048",1
17606822437,50019300476,"build","completed","failure","2025-09-10T07:42:22Z","2025-09-10T07:51:03Z",521,"GitHub Actions 1000000049",1
17606822437,50019300484,"lint","completed","success","2025-09-10T07:42:22Z","2025-09-10T07:42:44Z",22,"GitHub Actions 1000000050",1
17607539897,50021633903,"build","completed","failure","2025-09-10T08:14:22Z","2025-09-10T08:22:48Z",506,"GitHub Actions 1000000051",1
17607539897,50021633926,"lint","completed","success","2025-09-10T08:14:23Z","2025-09-10T08:14:47Z",24,"GitHub Actions 1000000052",1
17632468567,50102328100,"lint","completed","success","2025-09-11T02:46:06Z","2025-09-11T02:46:25Z",19,"GitHub Actions 1000000053",1
17632468567,50102328112,"build","completed","success","2025-09-11T02:46:06Z","2025-09-11T02:56:01Z",595,"GitHub Actions 1000000054",1
17634936269,50109283988,"build","completed","success","2025-09-11T05:26:49Z","2025-09-11T05:36:44Z",595,"GitHub Actions 1000000055",1
17634936269,50109283993,"lint","completed","failure","2025-09-11T05:26:53Z","2025-09-11T05:27:16Z",23,"GitHub Actions 1000000056",1
17687824011,50276126369,"lint","completed","failure","2025-09-12T22:56:05Z","2025-09-12T22:56:25Z",20,"GitHub Actions 1000000057",1
17687824011,50276126371,"build","completed","success","2025-09-12T22:56:06Z","2025-09-12T23:06:00Z",594,"GitHub Actions 1000000058",1
17688872256,50278904462,"build","completed","success","2025-09-13T00:15:14Z","2025-09-13T00:25:33Z",619,"GitHub Actions 1000000059",1
17688872256,50278904475,"lint","completed","failure","2025-09-13T00:15:14Z","2025-09-13T00:15:39Z",25,"GitHub Actions 1000000060",1
17690270191,50282351857,"build","completed","success","2025-09-13T02:09:32Z","2025-09-13T02:20:13Z",641,"GitHub Actions 1000000062",1
17690270191,50282351859,"lint","completed","success","2025-09-13T02:09:32Z","2025-09-13T02:09:54Z",22,"GitHub Actions 1000000061",1
17692006939,50286817954,"lint","completed","success","2025-09-13T04:55:48Z","2025-09-13T04:56:08Z",20,"GitHub Actions 1000000064",1
17692006939,50286817958,"build","completed","failure","2025-09-13T04:55:48Z","2025-09-13T04:55:53Z",5,"GitHub Actions 1000000063",1
17749923410,50442685535,"build","completed","success","2025-09-15T23:53:30Z","2025-09-16T00:03:25Z",595,"GitHub Actions 1000000065",1
17749923410,50442685575,"lint","completed","failure","2025-09-15T23:53:29Z","2025-09-15T23:53:50Z",21,"GitHub Actions 1000000066",1
17750135541,50443320387,"build","completed","success","2025-09-16T00:07:10Z","2025-09-16T00:17:22Z",612,"GitHub Actions 1000000067",1
17750135541,50443320424,"lint","completed","success","2025-09-16T00:07:09Z","2025-09-16T00:07:34Z",25,"GitHub Actions 1000000068",1
17812843137,50640346320,"build","completed","failure","2025-09-17T23:01:32Z","2025-09-17T23:01:38Z",6,"GitHub Actions 1000000070",1
17812843137,50640346333,"lint","completed","success","2025-09-17T23:01:32Z","2025-09-17T23:01:55Z",23,"GitHub Actions 1000000069",1
17813102672,50641085858,"lint","completed","failure","2025-09-17T23:15:37Z","2025-09-17T23:16:00Z",23,"GitHub Actions 1000000072",1
17813102672,50641085859,"build","completed","success","2025-09-17T23:15:36Z","2025-09-17T23:25:59Z",623,"GitHub Actions 1000000071",1
17837685476,50718929388,"build","completed","failure","2025-09-18T18:17:36Z","2025-09-18T18:17:44Z",8,"GitHub Actions 1000000073",1
17837685476,50718929396,"lint","completed","success","2025-09-18T18:17:37Z","2025-09-18T18:17:59Z",22,"GitHub Actions 1000000074",1
17837971899,50719862586,"lint","completed","success","2025-09-18T18:29:33Z","2025-09-18T18:29:54Z",21,"GitHub Actions 1000000075",1
17837971899,50719862609,"build","completed","failure","2025-09-18T18:29:33Z","2025-09-18T18:29:42Z",9,"GitHub Actions 1000000076",1
17838180301,50720565004,"build","completed","cancelled","2025-09-18T18:38:46Z","2025-09-18T18:43:32Z",286,"GitHub Actions 1000000077",1
17838180301,50720565015,"lint","completed","success","2025-09-18T18:38:45Z","2025-09-18T18:39:07Z",22,"GitHub Actions 1000000078",1
17838314589,50721027727,"build","completed","success","2025-09-18T18:44:51Z","2025-09-18T19:04:48Z",1197,"GitHub Actions 1000000079",1
17838314589,50721027754,"lint","completed","success","2025-09-18T18:44:51Z","2025-09-18T18:45:10Z",19,"GitHub Actions 1000000080",1
17840793829,50729480291,"lint","completed","success","2025-09-18T20:37:53Z","2025-09-18T20:38:14Z",21,"GitHub Actions 1000000082",1
17840793829,50729480297,"build","completed","success","2025-09-18T20:37:53Z","2025-09-18T20:51:57Z",844,"GitHub Actions 1000000081",1
17842489833,50735133314,"lint","completed","failure","2025-09-18T22:03:27Z","2025-09-18T22:03:47Z",20,"GitHub Actions 1000000084",1
17842489833,50735133325,"build","completed","success","2025-09-18T22:03:27Z","2025-09-18T22:14:24Z",657,"GitHub Actions 1000000083",1
17842503387,50735177889,"build","completed","success","2025-09-18T22:04:06Z","2025-09-18T22:14:49Z",643,"GitHub Actions 1000000086",1
17842503387,50735177891,"lint","completed","failure","2025-09-18T22:04:06Z","2025-09-18T22:04:27Z",21,"GitHub Actions 1000000085",1
17842836644,50736176459,"lint","completed","success","2025-09-18T22:20:22Z","2025-09-18T22:20:44Z",22,"GitHub Actions 1000000087",1
17842836644,50736176471,"build","completed","success","2025-09-18T22:20:23Z","2025-09-18T22:30:44Z",621,"GitHub Actions 1000000088",1
17842977070,50736598576,"build","completed","success","2025-09-18T22:28:31Z","2025-09-18T22:38:21Z",590,"GitHub Actions 1000000089",1
17842977070,50736598579,"lint","completed","success","2025-09-18T22:28:31Z","2025-09-18T22:28:50Z",19,"GitHub Actions 1000000090",1
17842992445,50736647722,"build","completed","success","2025-09-18T22:29:27Z","2025-09-18T22:39:28Z",601,"GitHub Actions 1000000091",1
17842992445,50736647724,"lint","completed","success","2025-09-18T22:29:27Z","2025-09-18T22:29:50Z",23,"GitHub Actions 1000000092",1
17843055260,50736839904,"lint","completed","success","2025-09-18T22:33:02Z","2025-09-18T22:33:25Z",23,"GitHub Actions 1000000093",1
17843055260,50736839913,"build","completed","success","2025-09-18T22:33:02Z","2025-09-18T22:44:00Z",658,"GitHub Actions 1000000094",1
17843071304,50736890040,"build","completed","success","2025-09-18T22:33:57Z","2025-09-18T22:43:57Z",600,"GitHub Actions 1000000095",1
17843071304,50736890048,"lint","completed","success","2025-09-18T22:33:58Z","2025-09-18T22:34:22Z",24,"GitHub Actions 1000000096",1
17843126082,50737056517,"lint","completed","success","2025-09-18T22:37:02Z","2025-09-18T22:37:24Z",22,"GitHub Actions 1000000097",1
17843126082,50737056525,"build","completed","success","2025-09-18T22:37:03Z","2025-09-18T22:47:12Z",609,"GitHub Actions 1000000098",1
17843218716,50737335591,"lint","completed","success","2025-09-18T22:42:41Z","2025-09-18T22:43:05Z",24,"GitHub Actions 1000000099",1
17843218716,50737335597,"build","completed","success","2025-09-18T22:42:41Z","2025-09-18T22:52:54Z",613,"GitHub Actions 1000000100",1
17871930389,50827025991,"lint","completed","success","2025-09-19T23:20:38Z","2025-09-19T23:21:00Z",22,"GitHub Actions 1000000101",1
17871930389,50827025993,"build","completed","success","2025-09-19T23:20:50Z","2025-09-19T23:31:27Z",637,"GitHub Actions 1000000102",1
17872044666,50827327116,"build","completed","failure","2025-09-19T23:29:08Z","2025-09-19T23:37:28Z",500,"GitHub Actions 1000000104",1
17872044666,50827327124,"lint","completed","success","2025-09-19T23:29:14Z","2025-09-19T23:29:37Z",23,"GitHub Actions 1000000103",1
17872377485,50828221219,"lint","completed","failure","2025-09-19T23:59:23Z","2025-09-19T23:59:45Z",22,"GitHub Actions 1000000106",1
17872377485,50828221223,"build","completed","success","2025-09-19T23:59:19Z","2025-09-20T00:09:15Z",596,"GitHub Actions 1000000105",1
17873085174,50830132709,"lint","completed","failure","2025-09-20T00:55:45Z","2025-09-20T00:56:08Z",23,"GitHub Actions 1000000107",1
17873085174,50830132717,"build","completed","success","2025-09-20T00:55:44Z","2025-09-20T01:05:36Z",592,"GitHub Actions 1000000108",1
17873157274,50830314447,"lint","completed","failure","2025-09-20T01:01:44Z","2025-09-20T01:02:07Z",23,"GitHub Actions 1000000110",1
17873157274,50830314448,"build","completed","success","2025-09-20T01:01:45Z","2025-09-20T01:11:49Z",604,"GitHub Actions 1000000109",1
17873242571,50830521773,"lint","completed","failure","2025-09-20T01:08:37Z","2025-09-20T01:08:58Z",21,"GitHub Actions 1000000112",1
17873242571,50830521774,"build","completed","success","2025-09-20T01:08:35Z","2025-09-20T01:18:34Z",599,"GitHub Actions 1000000111",1
17873261587,50830569235,"lint","completed","success","2025-09-20T01:10:13Z","2025-09-20T01:10:37Z",24,"GitHub Actions 1000000114",1
17873261587,50830569237,"build","completed","cancelled","2025-09-20T01:10:16Z","2025-09-20T01:17:02Z",406,"GitHub Actions 1000000113",1
17873309485,50830684896,"lint","completed","success","2025-09-20T01:14:23Z","2025-09-20T01:14:43Z",20,"GitHub Actions 1000000115",1
17873309485,50830684900,"build","completed","success","2025-09-20T01:14:24Z","2025-09-20T01:24:30Z",606,"GitHub Actions 1000000116",1
17874251557,50833049868,"lint","completed","failure","2025-09-20T02:42:23Z","2025-09-20T02:42:46Z",23,"GitHub Actions 1000000117",1
17874251557,50833049873,"build","completed","failure","2025-09-20T02:42:23Z","2025-09-20T02:51:29Z",546,"GitHub Actions 1000000118",1
17874315596,50833230788,"lint","completed","success","2025-09-20T02:48:37Z","2025-09-20T02:48:59Z",22,"GitHub Actions 1000000119",1
17874315596,50833230791,"build","completed","failure","2025-09-20T02:48:37Z","2025-09-20T02:57:54Z",557,"GitHub Actions 1000000120",1
17884297712,50855994124,"lint","completed","success","2025-09-20T20:09:11Z","2025-09-20T20:09:31Z",20,"GitHub Actions 1000000121",1
17884297712,50855994156,"build","completed","failure","2025-09-20T20:09:14Z","2025-09-20T20:18:07Z",533,"GitHub Actions 1000000122",1
17884421021,50856258977,"lint","completed","success","2025-09-20T20:21:40Z","2025-09-20T20:22:01Z",21,"GitHub Actions 1000000123",1
17884421021,50856258980,"build","completed","failure","2025-09-20T20:21:40Z","2025-09-20T20:30:10Z",510,"GitHub Actions 1000000124",1
17931158536,50988469557,"lint","completed","failure","2025-09-22T23:20:10Z","2025-09-22T23:20:31Z",21,"GitHub Actions 1000000125",1
17931158536,50988469559,"build","completed","failure","2025-09-22T23:20:10Z","2025-09-22T23:30:18Z",608,"GitHub Actions 1000000126",1
17931314504,50988883285,"lint","completed","failure","2025-09-22T23:28:23Z","2025-09-22T23:28:46Z",23,"GitHub Actions 1000000128",1
17931314504,50988883292,"build","completed","success","2025-09-22T23:28:24Z","2025-09-22T23:38:38Z",614,"GitHub Actions 1000000127",1
17931398203,50989124055,"lint","completed","failure","2025-09-22T23:33:31Z","2025-09-22T23:33:54Z",23,"GitHub Actions 1000000129",1
17931398203,50989124067,"build","completed","success","2025-09-22T23:33:31Z","2025-09-22T23:44:23Z",652,"GitHub Actions 1000000130",1
17931578466,50989652616,"build","completed","success","2025-09-22T23:45:46Z","2025-09-22T23:56:04Z",618,"GitHub Actions 1000000131",1
17931578466,50989652620,"lint","completed","failure","2025-09-22T23:45:46Z","2025-09-22T23:46:10Z",24,"GitHub Actions 1000000132",1
17932506778,50992350744,"lint","completed","failure","2025-09-23T00:44:37Z","2025-09-23T00:45:00Z",23,"GitHub Actions 1000000133",1
17932506778,50992350759,"build","completed","success","2025-09-23T00:44:37Z","2025-09-23T00:54:35Z",598,"GitHub Actions 1000000134",1
17933878270,50996050348,"build","completed","failure","2025-09-23T02:17:20Z","2025-09-23T02:25:37Z",497,"GitHub Actions 1000000136",1
17933878270,50996050349,"lint","completed","success","2025-09-23T02:17:21Z","2025-09-23T02:17:43Z",22,"GitHub Actions 1000000135",1
17934603376,50998332166,"build","completed","success","2025-09-23T03:08:15Z","2025-09-23T03:18:35Z",620,"GitHub Actions 1000000137",1
17934603376,50998332238,"lint","completed","success","2025-09-23T03:08:15Z","2025-09-23T03:08:35Z",20,"GitHub Actions 1000000138",1
17935048964,50999584439,"lint","completed","success","2025-09-23T03:37:42Z","2025-09-23T03:38:06Z",24,"GitHub Actions 1000000140",1
17935048964,50999584449,"build","completed","success","2025-09-23T03:37:42Z","2025-09-23T03:47:42Z",600,"GitHub Actions 1000000139",1
17959492995,51079232123,"lint","completed","success","2025-09-23T21:25:02Z","2025-09-23T21:25:23Z",21,"GitHub Actions 1000000142",1
17959492995,51079232136,"build","completed","success","2025-09-23T21:25:02Z","2025-09-23T21:35:58Z",656,"GitHub Actions 1000000141",1
17959579975,51079505499,"lint","completed","success","2025-09-23T21:28:57Z","2025-09-23T21:29:16Z",19,"GitHub Actions 1000000143",1
17959579975,51079505542,"build","completed","success","2025-09-23T21:28:58Z","2025-09-23T21:41:49Z",771,"GitHub Actions 1000000144",1
17960446843,51082369355,"lint","completed","success","2025-09-23T22:15:26Z","2025-09-23T22:15:50Z",24,"GitHub Actions 1000000145",1
17960446843,51082369377,"build","completed","success","2025-09-23T22:15:23Z","2025-09-23T22:26:45Z",682,"GitHub Actions 1000000146",1
17984501979,51159046608,"build","completed","success","2025-09-24T17:24:58Z","2025-09-24T17:34:58Z",600,"GitHub Actions 1000000147",1
17984501979,51159046667,"lint","completed","success","2025-09-24T17:24:58Z","2025-09-24T17:25:21Z",23,"GitHub Actions 1000000148",1
17985755032,51163369611,"build","completed","success","2025-09-24T18:19:05Z","2025-09-24T18:30:04Z",659,"GitHub Actions 1000000149",1
17985755032,51163369642,"lint","completed","success","2025-09-24T18:19:03Z","2025-09-24T18:19:29Z",26,"GitHub Actions 1000000150",1
17991281594,51181655829,"build","completed","success","2025-09-24T22:24:51Z","2025-09-24T22:36:19Z",688,"GitHub Actions 1000000152",1
17991281594,51181655834,"lint","completed","success","2025-09-24T22:24:51Z","2025-09-24T22:25:10Z",19,"GitHub Actions 1000000151",1
18045284793,51359090575,"build","completed","failure","2025-09-26T18:54:49Z","2025-09-26T19:03:20Z",511,"GitHub Actions 1000000157",2
18045284793,51359090685,"lint","completed","success","2025-09-26T17:48:55Z","2025-09-26T17:49:16Z",21,"GitHub Actions 1000000153",2
18046466002,51547623470,"build","completed","success","2025-09-30T00:22:11Z","2025-09-30T00:30:45Z",514,"GitHub Actions 1000000202",3
18046466002,51547623534,"lint","completed","success","2025-09-26T18:43:38Z","2025-09-26T18:44:02Z",24,"GitHub Actions 1000000155",3
18051174695,51373225522,"build","completed","failure","2025-09-26T22:55:31Z","2025-09-26T23:03:58Z",507,"GitHub Actions 1000000160",1
18051174695,51373225523,"lint","completed","failure","2025-09-26T22:55:31Z","2025-09-26T22:55:53Z",22,"GitHub Actions 1000000159",1
18051199492,51373713308,"build","completed","failure","2025-09-26T23:07:27Z","2025-09-26T23:17:33Z",606,"GitHub Actions 1000000163",2
18051199492,51373713377,"lint","completed","success","2025-09-26T22:57:55Z","2025-09-26T22:58:15Z",20,"GitHub Actions 1000000161",2
18064954523,51406466262,"build","completed","failure","2025-09-27T21:08:11Z","2025-09-27T21:16:27Z",496,"GitHub Actions 1000000164",1
18064954523,51406466267,"lint","completed","success","2025-09-27T21:08:11Z","2025-09-27T21:08:35Z",24,"GitHub Actions 1000000165",1
18065277715,51407141987,"build","completed","failure","2025-09-27T21:38:39Z","2025-09-27T21:47:57Z",558,"GitHub Actions 1000000167",1
18065277715,51407141988,"lint","completed","success","2025-09-27T21:38:39Z","2025-09-27T21:39:01Z",22,"GitHub Actions 1000000166",1
18065929600,51408564785,"build","completed","failure","2025-09-27T22:48:48Z","2025-09-27T22:57:54Z",546,"GitHub Actions 1000000168",1
18065929600,51408564791,"lint","completed","success","2025-09-27T22:48:48Z","2025-09-27T22:49:10Z",22,"GitHub Actions 1000000169",1
18066180017,51409130735,"lint","completed","success","2025-09-27T23:16:31Z","2025-09-27T23:16:53Z",22,"GitHub Actions 1000000170",1
18066180017,51409130738,"build","completed","failure","2025-09-27T23:16:31Z","2025-09-27T23:24:49Z",498,"GitHub Actions 1000000171",1
18066188260,51409147510,"lint","completed","success","2025-09-27T23:17:16Z","2025-09-27T23:17:37Z",21,"GitHub Actions 1000000172",1
18066188260,51409147514,"build","completed","failure","2025-09-27T23:17:16Z","2025-09-27T23:26:44Z",568,"GitHub Actions 1000000173",1
18066308730,51409412659,"lint","completed","success","2025-09-27T23:30:32Z","2025-09-27T23:30:52Z",20,"GitHub Actions 1000000175",1
18066308730,51409412660,"build","completed","failure","2025-09-27T23:30:32Z","2025-09-27T23:38:48Z",496,"GitHub Actions 1000000174",1
18069294211,51416925267,"lint","completed","success","2025-09-28T04:26:05Z","2025-09-28T04:26:25Z",20,"GitHub Actions 1000000176",1
18069294211,51416925277,"build","completed","failure","2025-09-28T04:26:05Z","2025-09-28T04:35:26Z",561,"GitHub Actions 1000000177",1
18069581406,51417573085,"build","completed","failure","2025-09-28T04:58:30Z","2025-09-28T05:06:47Z",497,"GitHub Actions 1000000178",1
18069581406,51417573086,"lint","completed","success","2025-09-28T04:58:30Z","2025-09-28T04:58:55Z",25,"GitHub Actions 1000000179",1
18069666555,51417780359,"lint","completed","success","2025-09-28T05:06:55Z","2025-09-28T05:07:17Z",22,"GitHub Actions 1000000180",1
18069666555,51417780380,"build","completed","failure","2025-09-28T05:06:56Z","2025-09-28T05:16:02Z",546,"GitHub Actions 1000000181",1
18069740009,51417942916,"build","completed","failure","2025-09-28T05:13:35Z","2025-09-28T05:21:59Z",504,"GitHub Actions 1000000183",1
18069740009,51417942917,"lint","completed","success","2025-09-28T05:13:35Z","2025-09-28T05:13:59Z",24,"GitHub Actions 1000000182",1
18069753531,51648644834,"build","completed","success","2025-09-30T23:36:43Z","2025-09-30T23:44:29Z",466,"GitHub Actions 1000000218",2
18069753531,51648644897,"lint","completed","success","2025-09-28T05:14:55Z","2025-09-28T05:15:20Z",25,"GitHub Actions 1000000184",2
18069754135,51417973687,"lint","completed","success","2025-09-28T05:15:01Z","2025-09-28T05:15:21Z",20,"GitHub Actions 1000000187",1
18069754135,51417973692,"build","completed","failure","2025-09-28T05:15:00Z","2025-09-28T05:23:22Z",502,"GitHub Actions 1000000186",1
18069757229,51645687904,"build","completed","success","2025-09-30T22:37:49Z","2025-09-30T22:45:55Z",486,"GitHub Actions 1000000215",2
18069757229,51645687972,"lint","completed","success","2025-09-28T05:15:21Z","2025-09-28T05:15:44Z",23,"GitHub Actions 1000000189",2
18080279436,51442556708,"lint","completed","success","2025-09-28T21:49:02Z","2025-09-28T21:49:26Z",24,"GitHub Actions 1000000190",1
18080279436,51442556709,"build","completed","failure","2025-09-28T21:49:03Z","2025-09-28T21:58:22Z",559,"GitHub Actions 1000000191",1
18080377857,51442799646,"lint","completed","success","2025-09-28T22:00:57Z","2025-09-28T22:01:24Z",27,"GitHub Actions 1000000193",1
18080377857,51442799653,"build","completed","failure","2025-09-28T22:00:55Z","2025-09-28T22:09:25Z",510,"GitHub Actions 1000000192",1
18085720463,51456500646,"lint","completed","success","2025-09-29T04:25:10Z","2025-09-29T04:25:34Z",24,"GitHub Actions 1000000195",1
18085720463,51456500653,"build","completed","failure","2025-09-29T04:25:11Z","2025-09-29T04:34:16Z",545,"GitHub Actions 1000000194",1
18086611422,51458765349,"build","completed","failure","2025-09-29T05:19:10Z","2025-09-29T05:27:36Z",506,"GitHub Actions 1000000196",1
18086611422,51458765350,"lint","completed","success","2025-09-29T05:19:10Z","2025-09-29T05:19:30Z",20,"GitHub Actions 1000000197",1
18113790353,51545355682,"lint","completed","success","2025-09-29T23:36:23Z","2025-09-29T23:36:43Z",20,"GitHub Actions 1000000198",1
18113790353,51545355696,"build","completed","success","2025-09-29T23:36:23Z","2025-09-29T23:44:43Z",500,"GitHub Actions 1000000199",1
18114528544,51547571289,"build","completed","failure","2025-09-30T00:21:17Z","2025-09-30T00:25:48Z",271,"GitHub Actions 1000000201",1
18114528544,51547571294,"lint","completed","success","2025-09-30T00:21:17Z","2025-09-30T00:21:39Z",22,"GitHub Actions 1000000200",1
18116536063,51552995546,"build","completed","success","2025-09-30T02:15:24Z","2025-09-30T02:23:30Z",486,"GitHub Actions 1000000203",1
18116536063,51552995558,"lint","completed","success","2025-09-30T02:15:24Z","2025-09-30T02:15:43Z",19,"GitHub Actions 1000000204",1
18116582564,51553119730,"lint","completed","success","2025-09-30T02:18:07Z","2025-09-30T02:18:29Z",22,"GitHub Actions 1000000206",1
18116582564,51553119739,"build","completed","success","2025-09-30T02:18:06Z","2025-09-30T02:25:45Z",459,"GitHub Actions 1000000205",1
18118800438,51559578200,"build","completed","success","2025-09-30T04:30:17Z","2025-09-30T04:38:08Z",471,"GitHub Actions 1000000208",1
18118800438,51559578217,"lint","completed","success","2025-09-30T04:30:18Z","2025-09-30T04:30:39Z",21,"GitHub Actions 1000000207",1
18119069068,51560289971,"build","completed","success","2025-09-30T04:47:06Z","2025-09-30T04:55:21Z",495,"GitHub Actions 1000000209",1
18119069068,51560289986,"lint","completed","success","2025-09-30T04:47:06Z","2025-09-30T04:47:27Z",21,"GitHub Actions 1000000210",1
18119136114,51560479081,"build","completed","success","2025-09-30T04:51:12Z","2025-09-30T04:58:49Z",457,"GitHub Actions 1000000211",1
18119136114,51560479096,"lint","completed","success","2025-09-30T04:51:15Z","2025-09-30T04:51:37Z",22,"GitHub Actions 1000000212",1
18144280108,51642397709,"lint","completed","success","2025-09-30T21:42:53Z","2025-09-30T21:43:11Z",18,"GitHub Actions 1000000213",1
18144280108,51642397730,"build","completed","failure","2025-09-30T21:42:54Z","2025-09-30T22:03:54Z",1260,"GitHub Actions 1000000214",1
18146210897,51648202645,"lint","completed","success","2025-09-30T23:27:45Z","2025-09-30T23:28:12Z",27,"GitHub Actions 1000000217",1
18146210897,51648202648,"build","completed","success","2025-09-30T23:27:45Z","2025-09-30T23:35:44Z",479,"GitHub Actions 1000000216",1
18154710994,51671923492,"build","completed","failure","2025-10-01T07:24:11Z","2025-10-01T07:25:18Z",67,"GitHub Actions 1000000220",1
18154710994,51671923493,"lint","completed","success","2025-10-01T07:24:10Z","2025-10-01T07:24:32Z",22,"GitHub Actions 1000000219",1
18154894494,51672449132,"lint","completed","success","2025-10-01T07:31:50Z","2025-10-01T07:32:12Z",22,"GitHub Actions 1000000221",1
18154894494,51672449133,"build","completed","success","2025-10-01T07:31:50Z","2025-10-01T07:39:00Z",430,"GitHub Actions 1000000222",1
18155099880,51673049681,"build","completed","success","2025-10-01T07:40:31Z","2025-10-01T07:48:26Z",475,"GitHub Actions 1000000223",1
18155099880,51673049726,"lint","completed","success","2025-10-01T07:40:31Z","2025-10-01T07:40:57Z",26,"GitHub Actions 1000000224",1
18155307173,51673705534,"lint","completed","success","2025-10-01T07:50:27Z","2025-10-01T07:50:53Z",26,"GitHub Actions 1000000225",1
18155307173,51673705546,"build","completed","failure","2025-10-01T07:50:30Z","2025-10-01T07:55:58Z",328,"GitHub Actions 1000000226",1
18155575867,51675244051,"build","completed","failure","2025-10-01T08:11:06Z","2025-10-01T08:14:18Z",192,"GitHub Actions 1000000229",2
18155575867,51675244240,"lint","completed","success","2025-10-01T08:03:05Z","2025-10-01T08:03:29Z",24,"GitHub Actions 1000000227",2
18156024838,51675993978,"build","completed","success","2025-10-01T08:20:41Z","2025-10-01T08:25:16Z",275,"GitHub Actions 1000000230",1
18156024838,51675993993,"lint","completed","success","2025-10-01T08:20:43Z","2025-10-01T08:21:07Z",24,"GitHub Actions 1000000231",1
18156229165,51676620831,"build","completed","success","2025-10-01T08:28:41Z","2025-10-01T08:34:23Z",342,"GitHub Actions 1000000232",1
18156229165,51676620853,"lint","completed","success","2025-10-01T08:28:41Z","2025-10-01T08:29:03Z",22,"GitHub Actions 1000000233",1
18156420382,51677218667,"lint","completed","success","2025-10-01T08:36:09Z","2025-10-01T08:36:30Z",21,"GitHub Actions 1000000234",1
18156420382,51677218679,"build","completed","failure","2025-10-01T08:36:09Z","2025-10-01T08:38:06Z",117,"GitHub Actions 1000000235",1
18156624679,51677871830,"build","completed","cancelled","2025-10-01T08:44:09Z","2025-10-01T08:49:54Z",345,"GitHub Actions 1000000236",1
18156624679,51677871839,"lint","completed","success","2025-10-01T08:44:09Z","2025-10-01T08:44:31Z",22,"GitHub Actions 1000000237",1
18175014632,51738702971,"lint","completed","success","2025-10-01T20:39:24Z","2025-10-01T20:39:47Z",23,"GitHub Actions 1000000239",1
18175014632,51738702976,"build","completed","failure","2025-10-01T20:39:24Z","2025-10-01T20:47:29Z",485,"GitHub Actions 1000000238",1
18178772783,51750286892,"build","completed","success","2025-10-01T23:40:00Z","2025-10-01T23:47:50Z",470,"GitHub Actions 1000000240",1
18178772783,51750286894,"lint","completed","success","2025-10-01T23:40:01Z","2025-10-01T23:40:23Z",22,"GitHub Actions 1000000241",1
18179933539,51753732237,"lint","completed","success","2025-10-02T00:50:32Z","2025-10-02T00:50:54Z",22,"GitHub Actions 1000000243",1
18179933539,51753732263,"build","completed","success","2025-10-02T00:50:32Z","2025-10-02T00:58:13Z",461,"GitHub Actions 1000000242",1
18180195297,51754452455,"build","completed","success","2025-10-02T01:06:23Z","2025-10-02T01:14:50Z",507,"GitHub Actions 1000000245",1
18180195297,51754452458,"lint","completed","success","2025-10-02T01:06:23Z","2025-10-02T01:06:46Z",23,"GitHub Actions 1000000244",1
18180364821,51754890211,"build","completed","success","2025-10-02T01:15:55Z","2025-10-02T01:20:17Z",262,"GitHub Actions 1000000246",1
18180364821,51754890212,"lint","completed","success","2025-10-02T01:15:55Z","2025-10-02T01:16:17Z",22,"GitHub Actions 1000000247",1
18180528068,51755526291,"build","completed","failure","2025-10-02T01:30:31Z","2025-10-02T01:30:53Z",22,"GitHub Actions 1000000250",2
18180528068,51755526357,"lint","completed","success","2025-10-02T01:25:36Z","2025-10-02T01:26:02Z",26,"GitHub Actions 1000000248",2
18180700838,51755786169,"lint","completed","success","2025-10-02T01:36:01Z","2025-10-02T01:36:26Z",25,"GitHub Actions 1000000252",1
18180700838,51755786170,"build","completed","success","2025-10-02T01:36:01Z","2025-10-02T01:44:33Z",512,"GitHub Actions 1000000251",1
18180703688,51755793629,"build","completed","failure","2025-10-02T01:36:10Z","2025-10-02T01:36:26Z",16,"GitHub Actions 1000000253",1
18180703688,51755793633,"lint","completed","success","2025-10-02T01:36:11Z","2025-10-02T01:36:37Z",26,"GitHub Actions 1000000254",1
18180800201,51756055874,"lint","completed","success","2025-10-02T01:42:20Z","2025-10-02T01:42:43Z",23,"GitHub Actions 1000000255",1
18180800201,51756055878,"build","completed","failure","2025-10-02T01:42:21Z","2025-10-02T01:42:36Z",15,"GitHub Actions 1000000256",1
18180852959,51756194539,"lint","completed","success","2025-10-02T01:45:40Z","2025-10-02T01:46:05Z",25,"GitHub Actions 1000000257",1
18180852959,51756194549,"build","completed","failure","2025-10-02T01:45:38Z","2025-10-02T01:45:52Z",14,"GitHub Actions 1000000258",1
18180927818,51756579800,"build","completed","success","2025-10-02T01:54:59Z","2025-10-02T01:58:32Z",213,"GitHub Actions 1000000261",2
18180927818,51756579924,"lint","completed","success","2025-10-02T01:50:42Z","2025-10-02T01:51:04Z",22,"GitHub Actions 1000000260",2
18185077015,51767780298,"build","completed","success","2025-10-02T06:18:48Z","2025-10-02T06:22:36Z",228,"GitHub Actions 1000000262",1
18185077015,51767780309,"lint","completed","success","2025-10-02T06:18:47Z","2025-10-02T06:19:09Z",22,"GitHub Actions 1000000263",1
18193000476,51792178840,"lint","completed","success","2025-10-02T12:30:27Z","2025-10-02T12:30:51Z",24,"GitHub Actions 1000000264",1
18193000476,51792178865,"build","completed","success","2025-10-02T12:30:27Z","2025-10-02T12:38:19Z",472,"GitHub Actions 1000000265",1
18201328174,51820724677,"lint","completed","success","2025-10-02T17:57:22Z","2025-10-02T17:57:49Z",27,"GitHub Actions 1000000266",1
18201328174,51820724686,"build","completed","success","2025-10-02T17:57:22Z","2025-10-02T18:05:30Z",488,"GitHub Actions 1000000267",1
18205387219,51834413501,"build","completed","success","2025-10-02T20:53:48Z","2025-10-02T21:03:07Z",559,"GitHub Actions 1000000268",1
18205387219,51834413510,"lint","completed","success","2025-10-02T20:53:48Z","2025-10-02T20:54:13Z",25,"GitHub Actions 1000000269",1
18207747908,51841953610,"lint","completed","success","2025-10-02T22:55:24Z","2025-10-02T22:55:49Z",25,"GitHub Actions 1000000270",1
18207747908,51841953612,"build","completed","success","2025-10-02T22:55:26Z","2025-10-02T23:03:27Z",481,"GitHub Actions 1000000271",1
18235318884,51927820750,"build","completed","success","2025-10-03T22:31:45Z","2025-10-03T22:41:07Z",562,"GitHub Actions 1000000272",1
18235318884,51927820752,"lint","completed","success","2025-10-03T22:31:45Z","2025-10-03T22:32:10Z",25,"GitHub Actions 1000000273",1
18236298785,51930559743,"lint","completed","success","2025-10-03T23:41:21Z","2025-10-03T23:41:48Z",27,"GitHub Actions 1000000274",1
18236298785,51930559744,"build","completed","success","2025-10-03T23:41:21Z","2025-10-03T23:49:25Z",484,"GitHub Actions 1000000275",1
18246985482,51956252929,"lint","completed","success","2025-10-04T16:50:51Z","2025-10-04T16:51:18Z",27,"GitHub Actions 1000000276",1
18246985482,51956252931,"build","completed","success","2025-10-04T16:50:51Z","2025-10-04T16:59:03Z",492,"GitHub Actions 1000000277",1
18247331398,51957046803,"lint","completed","success","2025-10-04T17:23:40Z","2025-10-04T17:24:01Z",21,"GitHub Actions 1000000278",1
18247331398,51957046804,"build","completed","success","2025-10-04T17:23:38Z","2025-10-04T17:31:31Z",473,"GitHub Actions 1000000279",1
18247331398,51957241825,"integration","completed","cancelled","2025-10-04T17:32:33Z","2025-10-04T17:32:33Z",0,"",1
18247455823,51957327944,"build","completed","cancelled","2025-10-04T17:34:55Z","2025-10-04T17:36:57Z",122,"GitHub Actions 1000000280",1
18247455823,51957327950,"lint","completed","success","2025-10-04T17:34:54Z","2025-10-04T17:35:16Z",22,"GitHub Actions 1000000281",1
18247455823,51957381759,"integration","completed","cancelled","2025-10-04T17:36:58Z","2025-10-04T17:36:57Z",-1,,1
18247456052,51957328699,"build","completed","cancelled","2025-10-04T17:34:56Z","2025-10-04T17:36:31Z",95,"GitHub Actions 1000000282",1
18247456052,51957328702,"lint","completed","success","2025-10-04T17:34:56Z","2025-10-04T17:35:25Z",29,"GitHub Actions 1000000283",1
18247456052,51957368876,"integration","completed","cancelled","2025-10-04T17:36:31Z","2025-10-04T17:36:31Z",0,,1
18247480825,51957385256,"lint","completed","success","2025-10-04T17:37:15Z","2025-10-04T17:37:40Z",25,"GitHub Actions 1000000285",1
18247480825,51957385259,"build","completed","success","2025-10-04T17:37:11Z","2025-10-04T17:45:12Z",481,"GitHub Actions 1000000284",1
18247480825,51957549718,"integration","completed","failure","2025-10-04T17:50:01Z","2025-10-04T17:50:10Z",9,"spacelab-ThinkPad-T420",1
18247659230,51957818484,"build","completed","success","2025-10-04T17:58:24Z","2025-10-04T18:06:39Z",495,"GitHub Actions 1000000287",1
18247659230,51957818487,"lint","completed","success","2025-10-04T17:58:24Z","2025-10-04T17:58:49Z",25,"GitHub Actions 1000000286",1
18247659230,51957818503,"integration","completed","failure","2025-10-04T17:58:23Z","2025-10-04T17:58:33Z",10,"spacelab-ThinkPad-T420",1
18247664643,51957832205,"lint","completed","success","2025-10-04T17:59:12Z","2025-10-04T17:59:37Z",25,"GitHub Actions 1000000288",1
18247664643,51957832206,"build","completed","success","2025-10-04T17:59:12Z","2025-10-04T18:07:23Z",491,"GitHub Actions 1000000289",1
18247664643,51957832209,"integration","completed","failure","2025-10-04T17:59:11Z","2025-10-04T17:59:19Z",8,"spacelab-ThinkPad-T420",1
18247678933,51957868689,"lint","completed","success","2025-10-04T18:00:48Z","2025-10-04T18:01:11Z",23,"GitHub Actions 1000000290",1
18247678933,51957868691,"build","completed","success","2025-10-04T18:00:48Z","2025-10-04T18:08:30Z",462,"GitHub Actions 1000000291",1
18247678933,51957868692,"integration","completed","failure","2025-10-04T18:00:47Z","2025-10-04T18:00:55Z",8,"spacelab-ThinkPad-T420",1
18247690969,51957897725,"build","completed","success","2025-10-04T18:01:53Z","2025-10-04T18:10:28Z",515,"GitHub Actions 1000000292",1
18247690969,51957897732,"lint","completed","success","2025-10-04T18:01:53Z","2025-10-04T18:02:19Z",26,"GitHub Actions 1000000293",1
18247690969,51957897739,"integration","completed","failure","2025-10-04T18:01:52Z","2025-10-04T18:01:59Z",7,"spacelab-ThinkPad-T420",1
18247718301,51957963010,"lint","completed","success","2025-10-04T18:04:09Z","2025-10-04T18:04:35Z",26,"GitHub Actions 1000000294",1
18247718301,51957963013,"integration","completed","failure","2025-10-04T18:04:07Z","2025-10-04T18:04:15Z",8,"spacelab-ThinkPad-T420",1
18247718301,51957963019,"build","completed","success","2025-10-04T18:04:08Z","2025-10-04T18:12:30Z",502,"GitHub Actions 1000000295",1
18247807455,51958177666,"build","completed","success","2025-10-04T18:11:58Z","2025-10-04T18:20:04Z",486,"GitHub Actions 1000000296",1
18247807455,51958177670,"lint","completed","success","2025-10-04T18:11:58Z","2025-10-04T18:12:23Z",25,"GitHub Actions 1000000297",1
18247807455,51958177680,"integration","completed","failure","2025-10-04T18:11:57Z","2025-10-04T18:12:05Z",8,"spacelab-ThinkPad-T420",1
18247820490,51958208587,"build","completed","cancelled","2025-10-04T18:13:05Z","2025-10-04T18:13:55Z",50,"GitHub Actions 1000000298",1
18247820490,51958208594,"integration","completed","cancelled","2025-10-04T18:13:04Z","2025-10-04T18:13:56Z",52,"spacelab-ThinkPad-T420",1
18247820490,51958208603,"lint","completed","success","2025-10-04T18:13:08Z","2025-10-04T18:13:36Z",28,"GitHub Actions 1000000299",1
18247848051,51958267824,"build","completed","success","2025-10-04T18:15:34Z","2025-10-04T18:24:05Z",511,"GitHub Actions 1000000300",1
18247848051,51958267825,"lint","completed","success","2025-10-04T18:15:30Z","2025-10-04T18:15:54Z",24,"GitHub Actions 1000000301",1
18247848051,51958267836,"integration","completed","failure","2025-10-04T18:15:30Z","2025-10-04T18:15:44Z",14,"spacelab-ThinkPad-T420",1
18247872092,51958321409,"lint","completed","success","2025-10-04T18:17:40Z","2025-10-04T18:18:07Z",27,"GitHub Actions 1000000302",1
18247872092,51958321412,"build","completed","success","2025-10-04T18:17:40Z","2025-10-04T18:25:22Z",462,"GitHub Actions 1000000303",1
18247872092,51958321418,"integration","completed","failure","2025-10-04T18:17:39Z","2025-10-04T18:17:50Z",11,"spacelab-ThinkPad-T420",1
18247882492,51958346759,"lint","completed","success","2025-10-04T18:18:42Z","2025-10-04T18:19:05Z",23,"GitHub Actions 1000000304",1
18247882492,51958346762,"build","completed","success","2025-10-04T18:18:42Z","2025-10-04T18:26:59Z",497,"GitHub Actions 1000000305",1
18247882492,51958539005,"integration","completed","failure","2025-10-04T18:27:00Z","2025-10-04T18:27:12Z",12,"spacelab-ThinkPad-T420",1
18247925910,51958439938,"integration","completed","failure","2025-10-04T18:22:39Z","2025-10-04T18:24:28Z",109,"spacelab-ThinkPad-T420",1
18247925910,51958439942,"lint","completed","success","2025-10-04T18:22:41Z","2025-10-04T18:23:11Z",30,"GitHub Actions 1000000307",1
18247925910,51958439943,"build","completed","success","2025-10-04T18:22:40Z","2025-10-04T18:30:36Z",476,"GitHub Actions 1000000306",1
18247966816,51958527867,"integration","completed","failure","2025-10-04T18:26:28Z","2025-10-04T18:26:35Z",7,"spacelab-ThinkPad-T420",1
18247966816,51958527870,"build","completed","success","2025-10-04T18:26:29Z","2025-10-04T18:34:51Z",502,"GitHub Actions 1000000309",1
18247966816,51958527871,"lint","completed","success","2025-10-04T18:26:31Z","2025-10-04T18:26:52Z",21,"GitHub Actions 1000000308",1
18248007883,51958614750,"lint","completed","success","2025-10-04T18:30:18Z","2025-10-04T18:30:42Z",24,"GitHub Actions 1000000310",1
18248007883,51958614757,"integration","completed","failure","2025-10-04T18:30:16Z","2025-10-04T18:30:25Z",9,"spacelab-ThinkPad-T420",1
18248007883,51958614762,"build","completed","success","2025-10-04T18:30:18Z","2025-10-04T18:38:30Z",492,"GitHub Actions 1000000311",1
18248056575,51958724159,"lint","completed","success","2025-10-04T18:35:02Z","2025-10-04T18:35:28Z",26,"GitHub Actions 1000000312",1
18248056575,51958724162,"build","completed","success","2025-10-04T18:35:02Z","2025-10-04T18:43:03Z",481,"GitHub Actions 1000000313",1
18248056575,51958724180,"integration","completed","failure","2025-10-04T18:35:01Z","2025-10-04T18:38:49Z",228,"spacelab-ThinkPad-T420",1
18248083788,51958785512,"lint","completed","success","2025-10-04T18:37:38Z","2025-10-04T18:37:59Z",21,"GitHub Actions 1000000314",1
18248083788,51958785515,"build","completed","failure","2025-10-04T18:37:38Z","2025-10-04T18:38:28Z",50,"GitHub Actions 1000000315",1
18248106528,51958836614,"build","completed","failure","2025-10-04T18:39:44Z","2025-10-04T18:41:05Z",81,"GitHub Actions 1000000316",1
18248106528,51958836616,"lint","completed","success","2025-10-04T18:39:44Z","2025-10-04T18:40:08Z",24,"GitHub Actions 1000000317",1
18248149706,51958931951,"build","completed","success","2025-10-04T18:43:50Z","2025-10-04T18:52:02Z",492,"GitHub Actions 1000000318",1
18248149706,51958931960,"integration","completed","failure","2025-10-04T18:43:49Z","2025-10-04T18:43:59Z",10,"spacelab-ThinkPad-T420",1
18248149706,51958931963,"lint","completed","success","2025-10-04T18:43:49Z","2025-10-04T18:44:11Z",22,"GitHub Actions 1000000319",1
18248154901,51958943463,"lint","completed","success","2025-10-04T18:44:21Z","2025-10-04T18:44:46Z",25,"GitHub Actions 1000000320",1
18248154901,51958943464,"build","completed","success","2025-10-04T18:44:21Z","2025-10-04T18:52:43Z",502,"GitHub Actions 1000000321",1
18248154901,51958943465,"integration","completed","failure","2025-10-04T18:44:19Z","2025-10-04T18:44:29Z",10,"spacelab-ThinkPad-T420",1
18248169758,51958977212,"lint","completed","success","2025-10-04T18:45:48Z","2025-10-04T18:46:14Z",26,"GitHub Actions 1000000322",1
18248169758,51958977214,"integration","completed","failure","2025-10-04T18:45:47Z","2025-10-04T18:46:05Z",18,"spacelab-ThinkPad-T420",1
18248169758,51958977217,"build","completed","success","2025-10-04T18:45:48Z","2025-10-04T18:53:57Z",489,"GitHub Actions 1000000323",1
18248213600,51959072408,"build","completed","success","2025-10-04T18:49:51Z","2025-10-04T18:57:39Z",468,"GitHub Actions 1000000324",1
18248213600,51959072409,"integration","completed","failure","2025-10-04T18:49:49Z","2025-10-04T18:50:09Z",20,"spacelab-ThinkPad-T420",1
18248213600,51959072505,"lint","completed","success","2025-10-04T18:49:51Z","2025-10-04T18:50:19Z",28,"GitHub Actions 1000000325",1
18248315715,51959315063,"lint","completed","success","2025-10-04T19:01:55Z","2025-10-04T19:02:21Z",26,"GitHub Actions 1000000327",1
18248315715,51959315065,"integration","completed","failure","2025-10-04T19:01:54Z","2025-10-04T19:02:15Z",21,"spacelab-ThinkPad-T420",1
18248315715,51959315067,"build","completed","success","2025-10-04T19:01:55Z","2025-10-04T19:10:29Z",514,"GitHub Actions 1000000326",1
18248376899,51959454167,"lint","completed","success","2025-10-04T19:07:06Z","2025-10-04T19:07:29Z",23,"GitHub Actions 1000000329",1
18248376899,51959454169,"build","completed","success","2025-10-04T19:07:07Z","2025-10-04T19:15:34Z",507,"GitHub Actions 1000000328",1
18248376899,51959454213,"integration","completed","failure","2025-10-04T19:07:37Z","2025-10-04T19:08:03Z",26,"spacelab-ThinkPad-T420",1
18248398142,51959500025,"lint","completed","success","2025-10-04T19:09:08Z","2025-10-04T19:09:37Z",29,"GitHub Actions 1000000330",1
18248398142,51959500027,"build","completed","success","2025-10-04T19:09:06Z","2025-10-04T19:16:47Z",461,"GitHub Actions 1000000331",1
18248398142,51959500028,"integration","completed","failure","2025-10-04T19:09:05Z","2025-10-04T19:09:49Z",44,"spacelab-ThinkPad-T420",1
18248417227,51959540925,"lint","completed","success","2025-10-04T19:10:54Z","2025-10-04T19:11:15Z",21,"GitHub Actions 1000000333",1
18248417227,51959540926,"build","completed","success","2025-10-04T19:10:52Z","2025-10-04T19:19:26Z",514,"GitHub Actions 1000000332",1
18248417227,51959540927,"integration","completed","failure","2025-10-04T19:10:50Z","2025-10-04T19:11:20Z",30,"spacelab-ThinkPad-T420",1
18249582641,51962207929,"integration","completed","success","2025-10-04T21:10:10Z","2025-10-04T21:10:41Z",31,"spacelab-ThinkPad-T420",1
18249582641,51962207933,"build","completed","success","2025-10-04T21:10:11Z","2025-10-04T21:18:08Z",477,"GitHub Actions 1000000334",1
18249582641,51962207934,"lint","completed","success","2025-10-04T21:10:12Z","2025-10-04T21:10:41Z",29,"GitHub Actions 1000000335",1
18249618608,51962282281,"build","completed","success","2025-10-04T21:13:24Z","2025-10-04T21:21:40Z",496,"GitHub Actions 1000000336",1
18249618608,51962282286,"lint","completed","success","2025-10-04T21:13:24Z","2025-10-04T21:13:47Z",23,"GitHub Actions 1000000337",1
18249618608,51962480552,"integration","completed","failure","2025-10-04T21:21:42Z","2025-10-04T21:21:54Z",12,"spacelab-ThinkPad-T420",1
18249730139,51962919187,"build","completed","success","2025-10-04T21:23:36Z","2025-10-04T21:31:22Z",466,"GitHub Actions 1000000339",2
18249730139,51962919202,"integration","completed","success","2025-10-04T21:41:50Z","2025-10-04T21:42:26Z",36,"spacelab-ThinkPad-T420",2
18249730139,51962919208,"lint","completed","success","2025-10-04T21:23:36Z","2025-10-04T21:24:00Z",24,"GitHub Actions 1000000338",2
18250340436,51963906460,"build","completed","success","2025-10-04T22:26:45Z","2025-10-04T22:35:19Z",514,"GitHub Actions 1000000340",1
18250340436,51963906462,"lint","completed","success","2025-10-04T22:26:45Z","2025-10-04T22:27:09Z",24,"GitHub Actions 1000000341",1
18250340436,51964101161,"integration","completed","failure","2025-10-04T22:35:21Z","2025-10-04T22:36:06Z",45,"spacelab-ThinkPad-T420",1
18250404644,51964046766,"lint","completed","success","2025-10-04T22:32:58Z","2025-10-04T22:33:20Z",22,"GitHub Actions 1000000342",1
18250404644,51964046774,"build","completed","success","2025-10-04T22:32:59Z","2025-10-04T22:41:33Z",514,"GitHub Actions 1000000343",1
18250404644,51964228002,"integration","completed","failure","2025-10-04T22:41:35Z","2025-10-04T22:42:19Z",44,"spacelab-ThinkPad-T420",1
18250438667,51964120801,"build","completed","success","2025-10-04T22:36:20Z","2025-10-04T22:44:12Z",472,"GitHub Actions 1000000344",1
18250438667,51964120808,"lint","completed","success","2025-10-04T22:36:18Z","2025-10-04T22:36:42Z",24,"GitHub Actions 1000000345",1
18250438667,51964276192,"integration","completed","failure","2025-10-04T22:44:14Z","2025-10-04T22:44:58Z",44,"spacelab-ThinkPad-T420",1
18250460476,51964168264,"lint","completed","success","2025-10-04T22:38:35Z","2025-10-04T22:38:59Z",24,"GitHub Actions 1000000346",1
18250460476,51964168265,"build","completed","success","2025-10-04T22:38:37Z","2025-10-04T22:47:20Z",523,"GitHub Actions 1000000347",1
18250460476,51964330879,"integration","completed","failure","2025-10-04T22:47:22Z","2025-10-04T22:48:06Z",44,"spacelab-ThinkPad-T420",1
18250470450,51964189496,"lint","completed","success","2025-10-04T22:39:40Z","2025-10-04T22:40:08Z",28,"GitHub Actions 1000000348",1
18250470450,51964189501,"build","completed","success","2025-10-04T22:39:39Z","2025-10-04T22:48:04Z",505,"GitHub Actions 1000000349",1
18250470450,51964344492,"integration","completed","failure","2025-10-04T22:48:08Z","2025-10-04T22:48:51Z",43,"spacelab-ThinkPad-T420",1
18250489723,51964231545,"build","completed","success","2025-10-04T22:41:46Z","2025-10-04T22:49:31Z",465,"GitHub Actions 1000000350",1
18250489723,51964231563,"lint","completed","success","2025-10-04T22:41:47Z","2025-10-04T22:42:12Z",25,"GitHub Actions 1000000351",1
18250489723,51964371944,"integration","completed","failure","2025-10-04T22:49:33Z","2025-10-04T22:50:16Z",43,"spacelab-ThinkPad-T420",1
18250728224,51964778490,"build","completed","success","2025-10-04T23:10:04Z","2025-10-04T23:18:02Z",478,"GitHub Actions 1000000352",1
18250728224,51964778493,"lint","completed","success","2025-10-04T23:10:00Z","2025-10-04T23:10:33Z",33,"GitHub Actions 1000000353",1
18250728224,51964950320,"integration","completed","failure","2025-10-04T23:18:04Z","2025-10-04T23:19:36Z",92,"spacelab-ThinkPad-T420",1
18250765460,51964854068,"build","completed","failure","2025-10-04T23:13:37Z","2025-10-04T23:13:46Z",9,"GitHub Actions 1000000355",1
18250765460,51964854071,"lint","completed","success","2025-10-04T23:13:34Z","2025-10-04T23:13:55Z",21,"GitHub Actions 1000000354",1
18250796258,51964919621,"lint","completed","success","2025-10-04T23:16:40Z","2025-10-04T23:17:03Z",23,"GitHub Actions 1000000356",1
18250796258,51964919641,"build","completed","success","2025-10-04T23:16:40Z","2025-10-04T23:19:56Z",196,"GitHub Actions 1000000357",1
18251040328,51965432170,"lint","completed","success","2025-10-04T23:42:39Z","2025-10-04T23:43:04Z",25,"GitHub Actions 1000000358",1
18251040328,51965432171,"build","completed","success","2025-10-04T23:42:42Z","2025-10-04T23:47:00Z",258,"GitHub Actions 1000000359",1
18251250360,52189520927,"build","completed","success","2025-10-05T00:12:37Z","2025-10-05T00:16:46Z",249,"GitHub Actions 1000000363",21
18251250360,52189520958,"lint","completed","success","2025-10-05T00:07:53Z","2025-10-05T00:08:15Z",22,"GitHub Actions 1000000361",21
18251250360,52189520987,"integration","completed","failure","2025-10-07T20:44:24Z","2025-10-07T20:45:38Z",74,"BS_laptp[",21
18251464115,51966477448,"build","completed","failure","2025-10-05T00:28:03Z","2025-10-05T00:28:33Z",30,"GitHub Actions 1000000364",1
18251464115,51966477455,"lint","completed","success","2025-10-05T00:28:05Z","2025-10-05T00:28:29Z",24,"GitHub Actions 1000000365",1
18251464115,51966493136,"integration","completed","skipped","2025-10-05T00:28:33Z","2025-10-05T00:28:33Z",0,,1
18251544771,51966835287,"build","completed","failure","2025-10-05T00:40:33Z","2025-10-05T00:40:51Z",18,"GitHub Actions 1000000368",2
18251544771,51966835356,"lint","completed","success","2025-10-05T00:35:31Z","2025-10-05T00:35:53Z",22,"GitHub Actions 1000000367",2
18251648468,51966954928,"build","completed","failure","2025-10-05T00:45:20Z","2025-10-05T00:46:27Z",67,"GitHub Actions 1000000369",1
18251648468,51966954931,"lint","completed","failure","2025-10-05T00:45:20Z","2025-10-05T00:45:46Z",26,"GitHub Actions 1000000370",1
18251725621,51967136951,"lint","completed","success","2025-10-05T00:53:03Z","2025-10-05T00:53:25Z",22,"GitHub Actions 1000000371",1
18251725621,51967136957,"build","completed","failure","2025-10-05T00:53:02Z","2025-10-05T00:53:21Z",19,"GitHub Actions 1000000372",1
18251813321,51967341562,"lint","completed","success","2025-10-05T01:01:41Z","2025-10-05T01:02:02Z",21,"GitHub Actions 1000000373",1
18251813321,51967341568,"build","completed","failure","2025-10-05T01:01:41Z","2025-10-05T01:02:00Z",19,"GitHub Actions 1000000374",1
18251839660,51967401858,"build","completed","failure","2025-10-05T01:04:18Z","2025-10-05T01:04:46Z",28,"GitHub Actions 1000000375",1
18251839660,51967401868,"lint","completed","success","2025-10-05T01:04:18Z","2025-10-05T01:04:40Z",22,"GitHub Actions 1000000376",1
18251927233,51967602533,"lint","completed","success","2025-10-05T01:12:51Z","2025-10-05T01:13:14Z",23,"GitHub Actions 1000000377",1
18251927233,51967602535,"build","completed","failure","2025-10-05T01:12:51Z","2025-10-05T01:13:18Z",27,"GitHub Actions 1000000378",1
18251962972,51967681911,"build","completed","success","2025-10-05T01:16:30Z","2025-10-05T01:20:34Z",244,"GitHub Actions 1000000380",1
18251962972,51967681912,"lint","completed","success","2025-10-05T01:16:30Z","2025-10-05T01:16:56Z",26,"GitHub Actions 1000000379",1
18252066468,51967906807,"lint","completed","success","2025-10-05T01:26:40Z","2025-10-05T01:27:05Z",25,"GitHub Actions 1000000382",1
18252066468,51967906809,"build","completed","success","2025-10-05T01:26:40Z","2025-10-05T01:31:02Z",262,"GitHub Actions 1000000381",1
18252130469,51994751995,"integration","completed","failure","2025-10-05T19:53:46Z","2025-10-05T19:54:31Z",45,"spacelab-ThinkPad-T420",2
18252130469,51994752050,"build","completed","success","2025-10-05T01:32:41Z","2025-10-05T01:37:02Z",261,"GitHub Actions 1000000383",2
18252130469,51994754041,"lint","completed","success","2025-10-05T01:32:41Z","2025-10-05T01:33:03Z",22,"GitHub Actions 1000000384",2
18254485014,51973922996,"lint","completed","failure","2025-10-05T05:27:37Z","2025-10-05T05:28:04Z",27,"GitHub Actions 1000000385",1
18254485014,51973923008,"build","completed","failure","2025-10-05T05:27:37Z","2025-10-05T05:28:43Z",66,"GitHub Actions 1000000386",1
18254615188,51974195785,"lint","completed","failure","2025-10-05T05:40:34Z","2025-10-05T05:40:56Z",22,"GitHub Actions 1000000387",1
18254615188,51974195791,"build","completed","success","2025-10-05T05:40:33Z","2025-10-05T05:44:56Z",263,"GitHub Actions 1000000388",1
18264028771,51995840710,"lint","completed","success","2025-10-05T20:36:12Z","2025-10-05T20:36:39Z",27,"GitHub Actions 1000000389",1
18264028771,51995840714,"build","completed","success","2025-10-05T20:36:11Z","2025-10-05T20:40:28Z",257,"GitHub Actions 1000000390",1
18264028771,51995941992,"integration","completed","failure","2025-10-05T20:40:30Z","2025-10-05T20:41:14Z",44,"spacelab-ThinkPad-T420",1
18264113808,51996180916,"build","completed","success","2025-10-05T20:51:12Z","2025-10-05T20:55:28Z",256,"GitHub Actions 1000000393",2
18264113808,51996180943,"lint","completed","success","2025-10-05T20:44:25Z","2025-10-05T20:44:51Z",26,"GitHub Actions 1000000392",2
18265387528,51998958391,"build","completed","failure","2025-10-05T22:45:47Z","2025-10-05T22:50:11Z",264,"GitHub Actions 1000000395",1
18265387528,51998958392,"lint","completed","success","2025-10-05T22:45:46Z","2025-10-05T22:46:10Z",24,"GitHub Actions 1000000394",1
18265507136,51999246942,"build","completed","failure","2025-10-05T23:00:24Z","2025-10-05T23:04:53Z",269,"GitHub Actions 1000000397",1
18265507136,51999246949,"lint","completed","success","2025-10-05T23:00:23Z","2025-10-05T23:00:46Z",23,"GitHub Actions 1000000396",1
18265587067,51999575678,"build","completed","success","2025-10-05T23:11:18Z","2025-10-05T23:15:36Z",258,"GitHub Actions 1000000400",2
18265587067,51999575794,"lint","completed","success","2025-10-05T23:06:02Z","2025-10-05T23:06:27Z",25,"GitHub Actions 1000000399",2
18265738597,51999764105,"build","completed","failure","2025-10-05T23:19:05Z","2025-10-05T23:19:10Z",5,"GitHub Actions 1000000401",1
18265738597,51999764112,"lint","completed","success","2025-10-05T23:19:04Z","2025-10-05T23:19:29Z",25,"GitHub Actions 1000000402",1
18265786914,52000150896,"build","completed","success","2025-10-05T23:35:35Z","2025-10-05T23:39:03Z",208,"GitHub Actions 1000000405",2
18265786914,52000150944,"lint","completed","success","2025-10-05T23:23:33Z","2025-10-05T23:24:00Z",27,"GitHub Actions 1000000403",2
18265995838,52000355301,"build","completed","failure","2025-10-05T23:45:25Z","2025-10-05T23:45:37Z",12,"GitHub Actions 1000000406",1
18265995838,52000355305,"lint","completed","success","2025-10-05T23:45:25Z","2025-10-05T23:45:50Z",25,"GitHub Actions 1000000407",1
18266037635,52000498722,"build","completed","success","2025-10-05T23:52:13Z","2025-10-05T23:56:24Z",251,"GitHub Actions 1000000410",2
18266037635,52000498745,"lint","completed","success","2025-10-05T23:49:47Z","2025-10-05T23:50:16Z",29,"GitHub Actions 1000000409",2
18266103846,52000606700,"build","completed","success","2025-10-05T23:58:10Z","2025-10-06T00:01:32Z",202,"GitHub Actions 1000000412",1
18266103846,52000606703,"lint","completed","success","2025-10-05T23:58:11Z","2025-10-05T23:58:37Z",26,"GitHub Actions 1000000411",1
18266121523,52000651348,"build","completed","success","2025-10-06T00:00:26Z","2025-10-06T00:03:50Z",204,"GitHub Actions 1000000413",1
18266121523,52000651350,"lint","completed","success","2025-10-06T00:00:27Z","2025-10-06T00:00:51Z",24,"GitHub Actions 1000000414",1
18266203339,52001095557,"build","completed","success","2025-10-06T00:12:27Z","2025-10-06T00:15:58Z",211,"GitHub Actions 1000000417",2
18266203339,52001095566,"lint","completed","success","2025-10-06T00:06:08Z","2025-10-06T00:06:31Z",23,"GitHub Actions 1000000415",2
18266337126,52001966154,"build","completed","failure","2025-10-06T00:34:22Z","2025-10-06T00:35:01Z",39,"GitHub Actions 1000000422",2
18266337126,52001966231,"lint","completed","success","2025-10-06T00:14:59Z","2025-10-06T00:15:24Z",25,"GitHub Actions 1000000419",2
18266540803,52001707454,"lint","completed","success","2025-10-06T00:28:04Z","2025-10-06T00:28:26Z",22,"GitHub Actions 1000000421",1
18266540803,52001707488,"build","completed","success","2025-10-06T00:28:04Z","2025-10-06T00:32:21Z",257,"GitHub Actions 1000000420",1
18266671496,52002033432,"build","completed","success","2025-10-06T00:36:01Z","2025-10-06T00:40:13Z",252,"GitHub Actions 1000000423",1
18266671496,52002033435,"lint","completed","success","2025-10-06T00:36:01Z","2025-10-06T00:36:26Z",25,"GitHub Actions 1000000424",1
18266776999,52002432911,"build","completed","success","2025-10-06T00:47:22Z","2025-10-06T00:50:57Z",215,"GitHub Actions 1000000427",2
18266776999,52002433077,"lint","completed","success","2025-10-06T00:43:39Z","2025-10-06T00:44:06Z",27,"GitHub Actions 1000000426",2
18269024675,52068407477,"lint","completed","failure","2025-10-06T16:47:11Z","2025-10-06T16:47:38Z",27,"GitHub Actions 1000000460",2
18269024675,52068407499,"build","completed","success","2025-10-06T16:47:11Z","2025-10-06T16:51:28Z",257,"GitHub Actions 1000000461",2
18270431775,52011864213,"lint","completed","success","2025-10-06T04:52:04Z","2025-10-06T04:52:25Z",21,"GitHub Actions 1000000430",1
18270431775,52011864220,"build","completed","success","2025-10-06T04:52:04Z","2025-10-06T04:56:16Z",252,"GitHub Actions 1000000431",1
18271137846,52013642144,"lint","completed","success","2025-10-06T05:34:38Z","2025-10-06T05:35:04Z",26,"GitHub Actions 1000000432",1
18271137846,52013642149,"build","completed","failure","2025-10-06T05:34:37Z","2025-10-06T05:38:18Z",221,"GitHub Actions 1000000433",1
18271661932,52015076853,"lint","completed","success","2025-10-06T06:07:51Z","2025-10-06T06:08:22Z",31,"GitHub Actions 1000000435",1
18271661932,52015076869,"build","completed","success","2025-10-06T06:07:48Z","2025-10-06T06:12:00Z",252,"GitHub Actions 1000000434",1
18271683454,52015138010,"lint","completed","success","2025-10-06T06:08:56Z","2025-10-06T06:09:21Z",25,"GitHub Actions 1000000436",1
18271683454,52015138017,"build","completed","success","2025-10-06T06:08:52Z","2025-10-06T06:13:47Z",295,"GitHub Actions 1000000437",1
18271724485,52015253599,"build","completed","success","2025-10-06T06:10:49Z","2025-10-06T06:14:51Z",242,"GitHub Actions 1000000438",1
18271724485,52015253618,"lint","completed","success","2025-10-06T06:10:54Z","2025-10-06T06:11:18Z",24,"GitHub Actions 1000000439",1
18272512660,52017401974,"build","completed","cancelled","2025-10-06T06:50:39Z","2025-10-06T06:51:37Z",58,"GitHub Actions 1000000441",1
18272512660,52017401979,"lint","completed","success","2025-10-06T06:50:38Z","2025-10-06T06:51:02Z",24,"GitHub Actions 1000000440",1
18272525797,52017441677,"lint","completed","success","2025-10-06T06:51:16Z","2025-10-06T06:51:40Z",24,"GitHub Actions 1000000443",1
18272525797,52017441692,"build","completed","failure","2025-10-06T06:51:16Z","2025-10-06T06:54:34Z",198,"GitHub Actions 1000000442",1
18273066474,52019022193,"lint","completed","success","2025-10-06T07:16:36Z","2025-10-06T07:17:02Z",26,"GitHub Actions 1000000445",1
18273066474,52019022194,"build","completed","failure","2025-10-06T07:16:36Z","2025-10-06T07:22:15Z",339,"GitHub Actions 1000000444",1
18273332024,52019789982,"build","completed","failure","2025-10-06T07:28:03Z","2025-10-06T07:31:24Z",201,"GitHub Actions 1000000446",1
18273332024,52019789988,"lint","completed","success","2025-10-06T07:28:03Z","2025-10-06T07:28:29Z",26,"GitHub Actions 1000000447",1
18273579575,52020514620,"build","completed","failure","2025-10-06T07:38:25Z","2025-10-06T07:41:33Z",188,"GitHub Actions 1000000448",1
18273579575,52020514628,"lint","completed","success","2025-10-06T07:38:27Z","2025-10-06T07:38:49Z",22,"GitHub Actions 1000000449",1
18273747712,52021019846,"build","completed","failure","2025-10-06T07:45:57Z","2025-10-06T07:49:02Z",185,"GitHub Actions 1000000450",1
18273747712,52021019853,"lint","completed","success","2025-10-06T07:45:58Z","2025-10-06T07:46:22Z",24,"GitHub Actions 1000000451",1
18273855766,52021362911,"lint","completed","success","2025-10-06T07:51:04Z","2025-10-06T07:51:25Z",21,"GitHub Actions 1000000453",1
18273855766,52021362928,"build","completed","failure","2025-10-06T07:51:05Z","2025-10-06T07:55:15Z",250,"GitHub Actions 1000000452",1
18285660153,52185412241,"integration","completed","failure","2025-10-07T19:53:08Z","2025-10-07T19:53:52Z",44,"spacelab-ThinkPad-T420",9
18285660153,52185412253,"lint","completed","success","2025-10-06T15:15:51Z","2025-10-06T15:16:15Z",24,"GitHub Actions 1000000455",9
18285660153,52185422233,"build","completed","success","2025-10-06T15:15:51Z","2025-10-06T15:20:08Z",257,"GitHub Actions 1000000454",9
18287634130,52066731011,"build","completed","failure","2025-10-06T16:27:25Z","2025-10-06T16:32:58Z",333,"GitHub Actions 1000000456",1
18287634130,52066731050,"lint","completed","success","2025-10-06T16:27:25Z","2025-10-06T16:27:50Z",25,"GitHub Actions 1000000457",1
18287879816,52067554288,"lint","completed","success","2025-10-06T16:36:54Z","2025-10-06T16:37:20Z",26,"GitHub Actions 1000000458",1
18287879816,52067554328,"build","completed","failure","2025-10-06T16:36:54Z","2025-10-06T16:44:10Z",436,"GitHub Actions 1000000459",1
18296098381,52103507238,"lint","completed","success","2025-10-07T01:20:50Z","2025-10-07T01:21:13Z",23,"GitHub Actions 1000000474",2
18296098381,52103507242,"build","completed","success","2025-10-07T01:20:48Z","2025-10-07T01:24:50Z",242,"GitHub Actions 1000000476",2
18296098429,52103507197,"build","completed","success","2025-10-07T01:20:48Z","2025-10-07T01:25:09Z",261,"GitHub Actions 1000000473",2
18296098429,52103507233,"lint","completed","success","2025-10-07T01:20:49Z","2025-10-07T01:21:14Z",25,"GitHub Actions 1000000475",2
18296442964,52197776658,"integration","completed","failure","2025-10-07T22:47:26Z","2025-10-07T22:48:27Z",61,"spacelab-ThinkPad-T420",9
18296442964,52197776721,"build","completed","success","2025-10-06T22:40:43Z","2025-10-06T22:44:51Z",248,"GitHub Actions 1000000463",9
18296442964,52197783217,"lint","completed","success","2025-10-06T22:40:44Z","2025-10-06T22:41:06Z",22,"GitHub Actions 1000000464",9
18296717221,52096532234,"build","completed","failure","2025-10-06T22:57:47Z","2025-10-06T22:58:06Z",19,"GitHub Actions 1000000466",1
18296717221,52096532240,"lint","completed","success","2025-10-06T22:57:47Z","2025-10-06T22:58:12Z",25,"GitHub Actions 1000000465",1
18296722479,52096549456,"build","completed","failure","2025-10-06T22:58:10Z","2025-10-06T23:01:30Z",200,"GitHub Actions 1000000468",1
18296722479,52096549467,"lint","completed","success","2025-10-06T22:58:09Z","2025-10-06T22:58:34Z",25,"GitHub Actions 1000000467",1
18298726307,52102361579,"build","completed","success","2025-10-07T00:55:23Z","2025-10-07T00:59:56Z",273,"GitHub Actions 1000000469",1
18298726307,52102361581,"lint","completed","success","2025-10-07T00:55:23Z","2025-10-07T00:55:45Z",22,"GitHub Actions 1000000470",1
18298807688,52102574309,"lint","completed","success","2025-10-07T01:00:12Z","2025-10-07T01:00:36Z",24,"GitHub Actions 1000000471",1
18298807688,52102574317,"build","completed","success","2025-10-07T01:00:11Z","2025-10-07T01:04:23Z",252,"GitHub Actions 1000000472",1
18324060076,52186337528,"integration","completed","failure","2025-10-07T20:04:45Z","2025-10-07T20:06:07Z",82,"BS_laptp[",3
18324060076,52186337545,"lint","completed","success","2025-10-07T19:34:51Z","2025-10-07T19:35:18Z",27,"GitHub Actions 1000000480",3
18324060076,52186337551,"build","completed","success","2025-10-07T19:34:52Z","2025-10-07T19:39:18Z",266,"GitHub Actions 1000000481",3
18324838120,52186674728,"build","completed","success","2025-10-07T20:08:53Z","2025-10-07T20:14:11Z",318,"GitHub Actions 1000000482",1
18324838120,52186674802,"lint","completed","success","2025-10-07T20:08:52Z","2025-10-07T20:09:19Z",27,"GitHub Actions 1000000483",1
18324838120,52187116424,"integration","completed","failure","2025-10-07T21:11:48Z","2025-10-07T21:12:20Z",32,"integration-test",1
18324862031,52201198336,"lint","completed","success","2025-10-07T20:27:29Z","2025-10-07T20:27:40Z",11,"integration-test",17
18324862031,52201198391,"integration","completed","success","2025-10-07T23:55:16Z","2025-10-07T23:56:12Z",56,"integration-test",17
18324862031,52201203165,"build","completed","success","2025-10-07T22:53:06Z","2025-10-07T22:53:50Z",44,"integration-test",17
18328417366,52201482799,"integration","completed","success","2025-10-08T00:01:49Z","2025-10-08T00:02:44Z",55,"spacelab-ThinkPad-T420",3
18328417366,52201482825,"build","completed","success","2025-10-07T22:57:54Z","2025-10-07T23:02:00Z",246,"GitHub Actions 1000000484",3
18328417366,52201482830,"lint","completed","success","2025-10-07T22:57:55Z","2025-10-07T22:58:21Z",26,"GitHub Actions 1000000485",3
18329433564,52201372806,"lint","completed","success","2025-10-07T23:59:43Z","2025-10-07T23:59:54Z",11,"integration-test",1
18329433564,52201372812,"build","completed","success","2025-10-08T00:00:46Z","2025-10-08T00:01:28Z",42,"integration-test",1
18329433564,52201468177,"integration","completed","success","2025-10-08T00:01:30Z","2025-10-08T00:02:26Z",56,"integration-test",1
18329516515,52201632599,"build","completed","success","2025-10-08T00:04:27Z","2025-10-08T00:05:09Z",42,"integration-test",1
18329516515,52201632603,"lint","completed","success","2025-10-08T00:05:11Z","2025-10-08T00:05:22Z",11,"integration-test",1
18329516515,52201673957,"integration","completed","success","2025-10-08T00:05:11Z","2025-10-08T00:06:08Z",57,"spacelab-ThinkPad-T420",1
18329566833,52201788677,"build","completed","success","2025-10-08T00:07:14Z","2025-10-08T00:07:56Z",42,"integration-test",1
18329566833,52201788710,"lint","completed","success","2025-10-08T00:07:17Z","2025-10-08T00:07:39Z",22,"GitHub Actions 1000000486",1
18329566833,52201829641,"integration","completed","success","2025-10-08T00:07:57Z","2025-10-08T00:08:53Z",56,"integration-test",1
18329600785,52302076763,"build","completed","success","2025-10-08T00:17:52Z","2025-10-08T00:18:34Z",42,"integration-test",4
18329600785,52302076791,"lint","completed","success","2025-10-08T00:17:53Z","2025-10-08T00:18:18Z",25,"GitHub Actions 1000000488",4
18329600785,52302076803,"integration","completed","success","2025-10-08T22:57:23Z","2025-10-08T22:58:19Z",56,"spacelab-ThinkPad-T420",4
18331261418,52207520791,"build","completed","success","2025-10-08T01:49:15Z","2025-10-08T01:50:00Z",45,"integration-test",2
18331261418,52207520811,"integration","completed","failure","2025-10-08T02:12:12Z","2025-10-08T02:13:57Z",105,"integration-test",2
18331261418,52207526262,"lint","completed","success","2025-10-08T01:49:15Z","2025-10-08T01:49:39Z",24,"GitHub Actions 1000000489",2
18331663565,52208010938,"lint","completed","success","2025-10-08T02:14:55Z","2025-10-08T02:15:20Z",25,"GitHub Actions 1000000490",4
18331663565,52208011000,"build","completed","success","2025-10-08T02:14:53Z","2025-10-08T02:15:35Z",42,"integration-test",4
18331663565,52208011002,"integration","completed","failure","2025-10-08T02:23:38Z","2025-10-08T02:25:19Z",101,"spacelab-ThinkPad-T420",4
18336626261,52222111827,"build","completed","success","2025-10-08T07:04:49Z","2025-10-08T07:05:31Z",42,"integration-test",1
18336626261,52222111845,"lint","completed","success","2025-10-08T07:04:50Z","2025-10-08T07:05:11Z",21,"GitHub Actions 1000000492",1
18336626261,52222164347,"integration","completed","failure","2025-10-08T07:05:34Z","2025-10-08T07:07:25Z",111,"spacelab-ThinkPad-T420",1
18336682745,52222287192,"build","completed","success","2025-10-08T07:07:12Z","2025-10-08T07:07:53Z",41,"integration-test",1
18336682745,52222287319,"lint","completed","success","2025-10-08T07:07:13Z","2025-10-08T07:07:35Z",22,"GitHub Actions 1000000493",1
18336682745,52222341304,"integration","completed","failure","2025-10-08T07:07:55Z","2025-10-08T07:09:35Z",100,"spacelab-ThinkPad-T420",1
18336777740,52222575403,"build","completed","success","2025-10-08T07:11:11Z","2025-10-08T07:11:52Z",41,"integration-test",1
18336777740,52222575414,"lint","completed","success","2025-10-08T07:11:12Z","2025-10-08T07:11:38Z",26,"GitHub Actions 1000000494",1
18336777740,52222624414,"integration","completed","success","2025-10-08T07:11:53Z","2025-10-08T07:12:49Z",56,"spacelab-ThinkPad-T420",1
18337104220,52223534592,"build","completed","success","2025-10-08T07:24:41Z","2025-10-08T07:25:23Z",42,"integration-test",1
18337104220,52223534603,"lint","completed","success","2025-10-08T07:24:42Z","2025-10-08T07:25:05Z",23,"GitHub Actions 1000000495",1
18337104220,52223587022,"integration","completed","failure","2025-10-08T07:25:25Z","2025-10-08T07:26:59Z",94,"spacelab-ThinkPad-T420",1
18337617034,52225106251,"lint","completed","success","2025-10-08T07:47:06Z","2025-10-08T07:47:27Z",21,"GitHub Actions 1000000496",1
18337617034,52225106263,"build","completed","success","2025-10-08T07:47:05Z","2025-10-08T07:47:46Z",41,"integration-test",1
18337617034,52225157510,"integration","completed","failure","2025-10-08T07:47:48Z","2025-10-08T07:49:28Z",100,"spacelab-ThinkPad-T420",1
18337895808,52226008874,"lint","completed","success","2025-10-08T08:00:09Z","2025-10-08T08:00:32Z",23,"GitHub Actions 1000000497",1
18337895808,52226008884,"build","completed","success","2025-10-08T08:00:05Z","2025-10-08T08:00:45Z",40,"integration-test",1
18337895808,52226070273,"integration","completed","cancelled","2025-10-08T08:00:47Z","2025-10-08T08:02:27Z",100,"integration-test",1
18337951577,52226188505,"build","completed","success","2025-10-08T08:02:30Z","2025-10-08T08:03:11Z",41,"integration-test",1
18337951577,52226188511,"lint","completed","success","2025-10-08T08:02:17Z","2025-10-08T08:02:39Z",22,"GitHub Actions 1000000498",1
18337951577,52226274448,"integration","completed","failure","2025-10-08T08:03:13Z","2025-10-08T08:05:07Z",114,"spacelab-ThinkPad-T420",1
18338445159,52227789471,"lint","completed","success","2025-10-08T08:21:23Z","2025-10-08T08:21:47Z",24,"GitHub Actions 1000000499",1
18338445159,52227789472,"build","completed","success","2025-10-08T08:21:22Z","2025-10-08T08:22:03Z",41,"integration-test",1
18338445159,52227851158,"integration","completed","cancelled","2025-10-08T08:22:05Z","2025-10-08T08:23:11Z",66,"integration-test",1
18338533874,52228074963,"build","completed","success","2025-10-08T08:24:40Z","2025-10-08T08:25:21Z",41,"integration-test",1
18338533874,52228074974,"lint","completed","success","2025-10-08T08:24:40Z","2025-10-08T08:25:06Z",26,"GitHub Actions 1000000500",1
18338533874,52228137818,"integration","completed","failure","2025-10-08T08:25:23Z","2025-10-08T08:27:04Z",101,"integration-test",1
18338801571,52228961143,"build","completed","success","2025-10-08T08:35:16Z","2025-10-08T08:35:58Z",42,"integration-test",1
18338801571,52228961193,"lint","completed","success","2025-10-08T08:35:20Z","2025-10-08T08:35:42Z",22,"GitHub Actions 1000000501",1
18338801571,52229018697,"integration","completed","failure","2025-10-08T08:36:00Z","2025-10-08T08:37:39Z",99,"integration-test",1
18339185081,52230278760,"lint","completed","success","2025-10-08T08:50:29Z","2025-10-08T08:50:54Z",25,"GitHub Actions 1000000502",1
18339185081,52230278772,"build","completed","success","2025-10-08T08:50:28Z","2025-10-08T08:51:08Z",40,"integration-test",1
18339185081,52230341846,"integration","completed","failure","2025-10-08T08:51:10Z","2025-10-08T08:52:55Z",105,"integration-test",1
18339292223,52230655631,"build","completed","success","2025-10-08T08:54:37Z","2025-10-08T08:55:18Z",41,"integration-test",1
18339292223,52230655637,"lint","completed","success","2025-10-08T08:54:38Z","2025-10-08T08:55:01Z",23,"GitHub Actions 1000000503",1
18339292223,52230726722,"integration","completed","failure","2025-10-08T08:55:20Z","2025-10-08T08:56:59Z",99,"integration-test",1
18339437306,52231169927,"build","completed","success","2025-10-08T09:00:40Z","2025-10-08T09:01:21Z",41,"integration-test",1
18339437306,52231169930,"lint","completed","success","2025-10-08T09:00:41Z","2025-10-08T09:01:07Z",26,"GitHub Actions 1000000504",1
18339437306,52231235270,"integration","completed","failure","2025-10-08T09:01:23Z","2025-10-08T09:03:08Z",105,"spacelab-ThinkPad-T420",1
18339621318,52231766850,"build","completed","success","2025-10-08T09:07:21Z","2025-10-08T09:08:02Z",41,"integration-test",1
18339621318,52231766884,"lint","completed","success","2025-10-08T09:07:25Z","2025-10-08T09:07:48Z",23,"GitHub Actions 1000000505",1
18339621318,52231832834,"integration","completed","failure","2025-10-08T09:08:04Z","2025-10-08T09:09:43Z",99,"integration-test",1
18339749243,52232180940,"lint","completed","success","2025-10-08T09:12:00Z","2025-10-08T09:12:22Z",22,"GitHub Actions 1000000506",1
18339749243,52232180949,"build","completed","success","2025-10-08T09:12:00Z","2025-10-08T09:12:41Z",41,"integration-test",1
18339749243,52232244637,"integration","completed","failure","2025-10-08T09:12:43Z","2025-10-08T09:14:24Z",101,"integration-test",1
18339837919,52232470381,"lint","completed","success","2025-10-08T09:15:20Z","2025-10-08T09:15:42Z",22,"GitHub Actions 1000000507",1
18339837919,52232470382,"build","completed","success","2025-10-08T09:15:19Z","2025-10-08T09:16:01Z",42,"integration-test",1
18339837919,52232534480,"integration","completed","failure","2025-10-08T09:16:03Z","2025-10-08T09:17:43Z",100,"integration-test",1
18339941836,52232804553,"build","completed","success","2025-10-08T09:19:10Z","2025-10-08T09:19:51Z",41,"integration-test",1
18339941836,52232804607,"lint","completed","success","2025-10-08T09:19:12Z","2025-10-08T09:19:37Z",25,"GitHub Actions 1000000508",1
18339941836,52232864788,"integration","completed","failure","2025-10-08T09:19:53Z","2025-10-08T09:21:37Z",104,"integration-test",1
18351299625,52271708512,"build","completed","success","2025-10-08T16:22:17Z","2025-10-08T16:22:58Z",41,"integration-test",1
18351299625,52271708513,"lint","completed","success","2025-10-08T16:22:17Z","2025-10-08T16:22:39Z",22,"GitHub Actions 1000000509",1
18351299625,52271776614,"integration","completed","failure","2025-10-08T16:23:00Z","2025-10-08T16:24:40Z",100,"integration-test",1
18353040673,52277809845,"build","completed","success","2025-10-08T17:32:58Z","2025-10-08T17:33:39Z",41,"integration-test",1
18353040673,52277809869,"lint","completed","success","2025-10-08T17:33:00Z","2025-10-08T17:33:30Z",30,"GitHub Actions 1000000510",1
18353040673,52277869372,"integration","completed","failure","2025-10-08T17:33:42Z","2025-10-08T17:35:23Z",101,"spacelab-ThinkPad-T420",1
18353213452,52278398740,"lint","completed","success","2025-10-08T17:40:14Z","2025-10-08T17:40:37Z",23,"GitHub Actions 1000000511",1
18353213452,52278398748,"build","completed","success","2025-10-08T17:40:12Z","2025-10-08T17:40:53Z",41,"integration-test",1
18353213452,52278457061,"integration","completed","failure","2025-10-08T17:40:55Z","2025-10-08T17:42:35Z",100,"spacelab-ThinkPad-T420",1
18353766755,52280355823,"lint","completed","success","2025-10-08T18:04:26Z","2025-10-08T18:04:54Z",28,"GitHub Actions 1000000512",1
18353766755,52280355863,"build","completed","success","2025-10-08T18:04:26Z","2025-10-08T18:05:06Z",40,"integration-test",1
18353766755,52280413670,"integration","completed","failure","2025-10-08T18:05:08Z","2025-10-08T18:06:52Z",104,"integration-test",1
18354018235,52281221932,"lint","completed","success","2025-10-08T18:14:25Z","2025-10-08T18:14:47Z",22,"GitHub Actions 1000000513",1
18354018235,52281221951,"build","completed","success","2025-10-08T18:14:25Z","2025-10-08T18:15:05Z",40,"integration-test",1
18354018235,52281283227,"integration","completed","cancelled","2025-10-08T18:15:07Z","2025-10-08T18:16:22Z",75,"integration-test",1
18354105246,52281521498,"build","completed","success","2025-10-08T18:17:52Z","2025-10-08T18:18:33Z",41,"integration-test",1
18354105246,52281521564,"lint","completed","success","2025-10-08T18:17:54Z","2025-10-08T18:18:18Z",24,"GitHub Actions 1000000514",1
18354105246,52281583363,"integration","completed","failure","2025-10-08T18:18:35Z","2025-10-08T18:20:19Z",104,"integration-test",1
18354377131,52282839326,"integration","completed","failure","2025-10-08T18:33:18Z","2025-10-08T18:35:03Z",105,"integration-test",2
18354377131,52282839354,"build","completed","success","2025-10-08T18:28:35Z","2025-10-08T18:29:21Z",46,"integration-test",2
18354377131,52282848248,"lint","completed","success","2025-10-08T18:28:36Z","2025-10-08T18:29:00Z",24,"GitHub Actions 1000000515",2
18354471875,52282766937,"lint","completed","success","2025-10-08T18:32:25Z","2025-10-08T18:32:46Z",21,"GitHub Actions 1000000516",1
18354471875,52282766942,"build","completed","success","2025-10-08T18:32:24Z","2025-10-08T18:33:06Z",42,"integration-test",1
18354471875,52282825987,"integration","completed","failure","2025-10-08T18:33:08Z","2025-10-08T18:34:54Z",106,"spacelab-ThinkPad-T420",1
18354643139,52283366387,"build","completed","success","2025-10-08T18:39:41Z","2025-10-08T18:40:24Z",43,"integration-test",1
18354643139,52283366428,"lint","completed","success","2025-10-08T18:39:44Z","2025-10-08T18:40:09Z",25,"GitHub Actions 1000000517",1
18354643139,52283429989,"integration","completed","cancelled","2025-10-08T18:40:26Z","2025-10-08T18:42:13Z",107,"spacelab-ThinkPad-T420",1
18354716962,52283624538,"lint","completed","success","2025-10-08T18:42:51Z","2025-10-08T18:43:14Z",23,"GitHub Actions 1000000518",1
18354716962,52283624540,"build","completed","success","2025-10-08T18:42:50Z","2025-10-08T18:43:31Z",41,"integration-test",1
18354716962,52283683666,"integration","completed","failure","2025-10-08T18:43:33Z","2025-10-08T18:45:21Z",108,"spacelab-ThinkPad-T420",1
18354853081,52284100327,"build","completed","success","2025-10-08T18:48:37Z","2025-10-08T18:49:17Z",40,"integration-test",1
18354853081,52284100328,"lint","completed","success","2025-10-08T18:48:38Z","2025-10-08T18:49:04Z",26,"GitHub Actions 1000000519",1
18354853081,52284159828,"integration","completed","success","2025-10-08T18:49:19Z","2025-10-08T18:50:17Z",58,"integration-test",1
18355029237,52284888985,"integration","completed","success","2025-10-08T18:57:59Z","2025-10-08T18:58:56Z",57,"integration-test",2
18355029237,52284889019,"lint","completed","success","2025-10-08T18:55:58Z","2025-10-08T18:56:23Z",25,"GitHub Actions 1000000520",2
18355029237,52284898400,"build","completed","success","2025-10-08T18:55:57Z","2025-10-08T18:56:39Z",42,"integration-test",2
18355159007,52285201650,"lint","completed","success","2025-10-08T19:01:45Z","2025-10-08T19:02:10Z",25,"GitHub Actions 1000000521",1
18355159007,52285201664,"build","completed","success","2025-10-08T19:01:45Z","2025-10-08T19:02:25Z",40,"integration-test",1
18355159007,52285266689,"integration","completed","success","2025-10-08T19:02:28Z","2025-10-08T19:03:30Z",62,"integration-test",1
18355263001,52286089860,"integration","completed","success","2025-10-08T19:12:09Z","2025-10-08T19:13:09Z",60,"spacelab-ThinkPad-T420",2
18355263001,52286089896,"build","completed","success","2025-10-08T19:05:46Z","2025-10-08T19:06:26Z",40,"integration-test",2
18355263001,52286089928,"lint","completed","success","2025-10-08T19:05:47Z","2025-10-08T19:06:13Z",26,"GitHub Actions 1000000522",2
18355477981,52300497678,"build","completed","success","2025-10-08T19:14:19Z","2025-10-08T19:15:01Z",42,"integration-test",3
18355477981,52300497701,"integration","completed","success","2025-10-08T22:27:54Z","2025-10-08T22:28:58Z",64,"integration-test",3
18355477981,52300497733,"lint","completed","success","2025-10-08T19:14:20Z","2025-10-08T19:14:46Z",26,"GitHub Actions 1000000523",3
18357718327,52300292528,"integration","completed","failure","2025-10-08T22:24:17Z","2025-10-08T22:25:01Z",44,"integration-test",3
18357718327,52300292605,"build","completed","success","2025-10-08T20:50:55Z","2025-10-08T20:51:49Z",54,"integration-test",3
18357718327,52300292630,"lint","completed","success","2025-10-08T20:50:55Z","2025-10-08T20:51:16Z",21,"GitHub Actions 1000000524",3
18359921322,52301102663,"lint","completed","success","2025-10-08T22:38:36Z","2025-10-08T22:38:59Z",23,"GitHub Actions 1000000525",1
18359921322,52301102667,"build","completed","success","2025-10-08T22:38:35Z","2025-10-08T22:39:18Z",43,"integration-test",1
18359921322,52301142544,"integration","completed","failure","2025-10-08T22:39:20Z","2025-10-08T22:40:23Z",63,"integration-test",1
18359974906,52301269704,"lint","completed","success","2025-10-08T22:41:41Z","2025-10-08T22:42:04Z",23,"GitHub Actions 1000000526",1
18359974906,52301269711,"build","completed","success","2025-10-08T22:41:40Z","2025-10-08T22:42:22Z",42,"integration-test",1
18359974906,52301309741,"integration","completed","failure","2025-10-08T22:42:24Z","2025-10-08T22:43:21Z",57,"spacelab-ThinkPad-T420",1
18359986499,52301302781,"lint","completed","success","2025-10-08T22:42:22Z","2025-10-08T22:42:48Z",26,"GitHub Actions 1000000527",1
18359986499,52301302788,"build","completed","success","2025-10-08T22:42:23Z","2025-10-08T22:43:06Z",43,"integration-test",1
18359986499,52301350695,"integration","completed","failure","2025-10-08T22:43:07Z","2025-10-08T22:44:10Z",63,"integration-test",1
18360033122,52301717090,"lint","completed","success","2025-10-08T22:45:09Z","2025-10-08T22:45:35Z",26,"GitHub Actions 1000000528",3
18360033122,52301717117,"integration","completed","failure","2025-10-08T22:50:16Z","2025-10-08T22:51:20Z",64,"spacelab-ThinkPad-T420",3
18360033122,52301717175,"build","completed","success","2025-10-08T22:45:08Z","2025-10-08T22:45:50Z",42,"integration-test",3
18360054644,52301715115,"integration","completed","failure","2025-10-08T22:50:14Z","2025-10-08T22:51:11Z",57,"integration-test",3
18360054644,52301715122,"lint","completed","success","2025-10-08T22:46:34Z","2025-10-08T22:46:57Z",23,"GitHub Actions 1000000529",3
18360054644,52301722294,"build","completed","success","2025-10-08T22:46:33Z","2025-10-08T22:47:17Z",44,"integration-test",3
18360192640,52302285769,"build","completed","success","2025-10-08T22:55:37Z","2025-10-08T22:56:19Z",42,"integration-test",4
18360192640,52302285799,"integration","completed","success","2025-10-08T23:01:28Z","2025-10-08T23:02:25Z",57,"spacelab-ThinkPad-T420",4
18360192640,52302285845,"lint","completed","success","2025-10-08T22:55:38Z","2025-10-08T22:56:03Z",25,"GitHub Actions 1000000530",4
18360265346,52302461278,"build","completed","success","2025-10-08T23:00:51Z","2025-10-08T23:01:35Z",44,"integration-test",5
18360265346,52302461366,"integration","completed","failure","2025-10-08T23:04:25Z","2025-10-08T23:05:22Z",57,"spacelab-ThinkPad-T420",5
18360265346,52302467519,"lint","completed","success","2025-10-08T23:00:51Z","2025-10-08T23:01:14Z",23,"GitHub Actions 1000000531",5
18360309015,52302384307,"build","completed","success","2025-10-08T23:03:09Z","2025-10-08T23:03:49Z",40,"integration-test",1
18360309015,52302384320,"lint","completed","success","2025-10-08T23:03:10Z","2025-10-08T23:03:37Z",27,"GitHub Actions 1000000532",1
18360309015,52302428887,"integration","completed","success","2025-10-08T23:03:51Z","2025-10-08T23:04:40Z",49,"integration-test",1
18360699808,52491558134,"lint","completed","success","2025-10-08T23:24:58Z","2025-10-08T23:25:24Z",26,"GitHub Actions 1000000533",2
18360699808,52491558181,"integration","completed","failure","2025-10-10T22:23:23Z","2025-10-10T22:23:48Z",25,"spacelab-ThinkPad-T420",2
18360699808,52491558269,"build","completed","success","2025-10-08T23:24:55Z","2025-10-08T23:25:39Z",44,"integration-test",2
18361271099,52305238103,"build","completed","failure","2025-10-09T00:02:14Z","2025-10-09T00:02:31Z",17,"integration-test",1
18361271099,52305238123,"lint","completed","success","2025-10-09T00:02:15Z","2025-10-09T00:02:37Z",22,"GitHub Actions 1000000534",1
18361271099,52305256469,"integration","completed","skipped","2025-10-09T00:02:32Z","2025-10-09T00:02:32Z",0,,1
18361310852,52305579813,"build","completed","failure","2025-10-09T00:08:31Z","2025-10-09T00:10:00Z",89,"integration-test",2
18361310852,52305579841,"lint","completed","success","2025-10-09T00:04:31Z","2025-10-09T00:04:54Z",23,"GitHub Actions 1000000535",2
18361310852,52305658954,"integration","completed","skipped","2025-10-09T00:10:00Z","2025-10-09T00:10:00Z",0,,2
18361512304,52305962359,"lint","completed","success","2025-10-09T00:15:52Z","2025-10-09T00:16:15Z",23,"GitHub Actions 1000000536",1
18361512304,52305962377,"build","completed","failure","2025-10-09T00:15:51Z","2025-10-09T00:17:11Z",80,"integration-test",1
18361512304,52306032763,"integration","completed","skipped","2025-10-09T00:17:11Z","2025-10-09T00:17:11Z",0,,1
18361768109,52306701244,"lint","completed","success","2025-10-09T00:29:51Z","2025-10-09T00:30:17Z",26,"GitHub Actions 1000000537",1
18361768109,52306701248,"build","completed","failure","2025-10-09T00:29:51Z","2025-10-09T00:31:07Z",76,"integration-test",1
18361768109,52306770861,"integration","completed","skipped","2025-10-09T00:31:07Z","2025-10-09T00:31:07Z",0,,1
18362077642,52499190137,"integration","completed","success","2025-10-11T01:58:48Z","2025-10-11T01:59:46Z",58,"integration-test",2
18362077642,52499190151,"build","completed","success","2025-10-09T00:49:13Z","2025-10-09T00:49:56Z",43,"integration-test",2
18362077642,52499190160,"lint","completed","success","2025-10-09T00:49:14Z","2025-10-09T00:49:37Z",23,"GitHub Actions 1000000538",2
18362166134,52491669411,"build","completed","success","2025-10-09T00:55:06Z","2025-10-09T00:55:47Z",41,"integration-test",3
18362166134,52491669429,"integration","completed","success","2025-10-10T22:25:59Z","2025-10-10T22:26:57Z",58,"spacelab-ThinkPad-T420",3
18362166134,52491669468,"lint","completed","success","2025-10-09T00:55:07Z","2025-10-09T00:55:30Z",23,"GitHub Actions 1000000539",3
18366003596,52318919042,"build","completed","failure","2025-10-09T05:00:31Z","2025-10-09T05:01:58Z",87,"integration-test",1
18366003596,52318919073,"lint","completed","failure","2025-10-09T05:00:36Z","2025-10-09T05:01:03Z",27,"GitHub Actions 1000000540",1
18366003596,52318987809,"integration","completed","skipped","2025-10-09T05:01:58Z","2025-10-09T05:01:58Z",0,,1
18366162496,52319363847,"build","completed","failure","2025-10-09T05:09:39Z","2025-10-09T05:10:57Z",78,"integration-test",1
18366162496,52319363853,"lint","completed","failure","2025-10-09T05:09:42Z","2025-10-09T05:10:04Z",22,"GitHub Actions 1000000541",1
18366162496,52319426296,"integration","completed","skipped","2025-10-09T05:10:58Z","2025-10-09T05:10:57Z",-1,,1
18366236561,52319556050,"lint","completed","success","2025-10-09T05:13:51Z","2025-10-09T05:14:16Z",25,"GitHub Actions 1000000542",1
18366236561,52319556052,"build","completed","failure","2025-10-09T05:13:50Z","2025-10-09T05:15:10Z",80,"integration-test",1
18366236561,52319620248,"integration","completed","skipped","2025-10-09T05:15:10Z","2025-10-09T05:15:10Z",0,,1
18366598843,52320699875,"build","completed","success","2025-10-09T05:38:11Z","2025-10-09T05:39:50Z",99,"integration-test",2
18366598843,52320699963,"lint","completed","success","2025-10-09T05:34:22Z","2025-10-09T05:34:43Z",21,"GitHub Actions 1000000543",2
18366598843,52320775254,"integration","completed","failure","2025-10-09T05:39:51Z","2025-10-09T05:40:45Z",54,"integration-test",2
18366831942,52321165873,"build","completed","success","2025-10-09T05:48:31Z","2025-10-09T05:49:39Z",68,"integration-test",1
18366831942,52321165877,"lint","completed","success","2025-10-09T05:48:31Z","2025-10-09T05:48:53Z",22,"GitHub Actions 1000000544",1
18366831942,52321215679,"integration","completed","failure","2025-10-09T05:49:41Z","2025-10-09T05:50:25Z",44,"spacelab-ThinkPad-T420",1
18366921835,52321424623,"build","completed","success","2025-10-09T05:54:36Z","2025-10-09T05:55:48Z",72,"integration-test",1
18366921835,52321424627,"lint","completed","success","2025-10-09T05:54:37Z","2025-10-09T05:54:58Z",21,"GitHub Actions 1000000545",1
18366921835,52321476076,"integration","completed","failure","2025-10-09T05:55:50Z","2025-10-09T05:56:35Z",45,"integration-test",1
18366986011,52321618470,"lint","completed","success","2025-10-09T05:59:12Z","2025-10-09T05:59:37Z",25,"GitHub Actions 1000000546",1
18366986011,52321618472,"build","completed","success","2025-10-09T05:59:08Z","2025-10-09T06:00:00Z",52,"integration-test",1
18366986011,52321657315,"integration","completed","failure","2025-10-09T06:00:02Z","2025-10-09T06:00:46Z",44,"spacelab-ThinkPad-T420",1
18367155207,52322123125,"lint","completed","success","2025-10-09T06:07:46Z","2025-10-09T06:08:10Z",24,"GitHub Actions 1000000547",1
18367155207,52322123159,"build","completed","success","2025-10-09T06:07:45Z","2025-10-09T06:08:39Z",54,"integration-test",1
18367155207,52322179083,"integration","completed","failure","2025-10-09T06:08:41Z","2025-10-09T06:09:25Z",44,"integration-test",1
18367210951,52322284288,"lint","completed","success","2025-10-09T06:10:32Z","2025-10-09T06:10:55Z",23,"GitHub Actions 1000000548",1
18367210951,52322284299,"build","completed","failure","2025-10-09T06:10:28Z","2025-10-09T06:10:39Z",11,"integration-test",1
18367210951,52322297712,"integration","completed","skipped","2025-10-09T06:10:39Z","2025-10-09T06:10:39Z",0,,1
18367236305,52322354883,"lint","completed","success","2025-10-09T06:11:41Z","2025-10-09T06:12:16Z",35,"GitHub Actions 1000000549",1
18367236305,52322354896,"build","completed","failure","2025-10-09T06:11:39Z","2025-10-09T06:11:50Z",11,"integration-test",1
18367236305,52322367343,"integration","completed","skipped","2025-10-09T06:11:50Z","2025-10-09T06:11:50Z",0,,1
18367251031,52322394930,"lint","completed","success","2025-10-09T06:12:20Z","2025-10-09T06:12:52Z",32,"GitHub Actions 1000000550",1
18367251031,52322394953,"build","completed","failure","2025-10-09T06:12:19Z","2025-10-09T06:12:38Z",19,"integration-test",1
18367251031,52322418581,"integration","completed","skipped","2025-10-09T06:12:39Z","2025-10-09T06:12:39Z",0,,1
18367289946,52322505360,"build","completed","success","2025-10-09T06:14:13Z","2025-10-09T06:14:57Z",44,"integration-test",1
18367289946,52322505374,"lint","completed","success","2025-10-09T06:14:14Z","2025-10-09T06:14:40Z",26,"GitHub Actions 1000000551",1
18367289946,52322550057,"integration","completed","failure","2025-10-09T06:14:59Z","2025-10-09T06:15:43Z",44,"spacelab-ThinkPad-T420",1
18367337856,52322637028,"build","completed","success","2025-10-09T06:16:30Z","2025-10-09T06:17:20Z",50,"integration-test",1
18367337856,52322637036,"lint","completed","success","2025-10-09T06:16:31Z","2025-10-09T06:16:54Z",23,"GitHub Actions 1000000552",1
18367337856,52322689592,"integration","completed","failure","2025-10-09T06:17:22Z","2025-10-09T06:18:06Z",44,"spacelab-ThinkPad-T420",1
18367776234,52323894460,"lint","completed","success","2025-10-09T06:38:23Z","2025-10-09T06:38:47Z",24,"GitHub Actions 1000000553",1
18367776234,52323894468,"build","completed","success","2025-10-09T06:38:22Z","2025-10-09T06:39:05Z",43,"integration-test",1
18367776234,52323935276,"integration","completed","failure","2025-10-09T06:39:07Z","2025-10-09T06:39:51Z",44,"integration-test",1
18367799421,52323955460,"lint","completed","success","2025-10-09T06:39:33Z","2025-10-09T06:39:59Z",26,"GitHub Actions 1000000554",1
18367799421,52323955480,"build","completed","success","2025-10-09T06:40:43Z","2025-10-09T06:41:27Z",44,"integration-test",1
18367799421,52324066106,"integration","completed","failure","2025-10-09T06:41:29Z","2025-10-09T06:42:13Z",44,"spacelab-ThinkPad-T420",1
18367872488,52324172174,"lint","completed","success","2025-10-09T06:43:21Z","2025-10-09T06:43:44Z",23,"GitHub Actions 1000000555",1
18367872488,52324172176,"build","completed","failure","2025-10-09T06:43:21Z","2025-10-09T06:43:36Z",15,"integration-test",1
18367872488,52324189154,"integration","completed","skipped","2025-10-09T06:43:37Z","2025-10-09T06:43:37Z",0,,1
18367903205,52324264302,"lint","completed","success","2025-10-09T06:45:04Z","2025-10-09T06:45:31Z",27,"GitHub Actions 1000000556",1
18367903205,52324264305,"build","completed","failure","2025-10-09T06:45:00Z","2025-10-09T06:45:13Z",13,"integration-test",1
18367903205,52324278697,"integration","completed","skipped","2025-10-09T06:45:13Z","2025-10-09T06:45:13Z",0,,1
18367939526,52324368898,"build","completed","success","2025-10-09T06:46:50Z","2025-10-09T06:47:34Z",44,"integration-test",1
18367939526,52324368906,"lint","completed","success","2025-10-09T06:46:51Z","2025-10-09T06:47:14Z",23,"GitHub Actions 1000000557",1
18367939526,52324413237,"integration","completed","failure","2025-10-09T06:47:36Z","2025-10-09T06:48:19Z",43,"spacelab-ThinkPad-T420",1
18368132778,52496199205,"integration","completed","failure","2025-10-11T00:24:06Z","2025-10-11T00:24:48Z",42,"spacelab-ThinkPad-T420",5
18368132778,52496199227,"build","completed","success","2025-10-09T06:56:22Z","2025-10-09T06:57:04Z",42,"integration-test",5
18368132778,52496199254,"lint","completed","success","2025-10-09T06:56:22Z","2025-10-09T06:56:48Z",26,"GitHub Actions 1000000558",5
18420922999,52494665270,"build","completed","success","2025-10-10T23:38:47Z","2025-10-10T23:39:30Z",43,"integration-test",4
18420922999,52494665277,"integration","completed","success","2025-10-10T23:42:14Z","2025-10-10T23:43:05Z",51,"spacelab-ThinkPad-T420",4
18420922999,52494665309,"lint","completed","success","2025-10-10T23:38:48Z","2025-10-10T23:39:13Z",25,"GitHub Actions 1000000564",4
18420984090,52494714835,"build","completed","success","2025-10-10T23:43:50Z","2025-10-10T23:44:31Z",41,"integration-test",1
18420984090,52494714841,"lint","completed","success","2025-10-10T23:43:51Z","2025-10-10T23:44:14Z",23,"GitHub Actions 1000000565",1
18420984090,52494735646,"integration","completed","failure","2025-10-10T23:44:33Z","2025-10-10T23:45:06Z",33,"spacelab-ThinkPad-T420",1
18421049773,52494887531,"build","completed","success","2025-10-10T23:49:20Z","2025-10-10T23:50:02Z",42,"integration-test",1
18421049773,52494887536,"lint","completed","success","2025-10-10T23:49:21Z","2025-10-10T23:49:43Z",22,"GitHub Actions 1000000566",1
18421049773,52494910809,"integration","completed","success","2025-10-10T23:50:04Z","2025-10-10T23:51:02Z",58,"spacelab-ThinkPad-T420",1
18421110980,52495044095,"lint","completed","success","2025-10-10T23:54:18Z","2025-10-10T23:54:45Z",27,"GitHub Actions 1000000567",1
18421110980,52495044100,"build","completed","success","2025-10-10T23:54:17Z","2025-10-10T23:54:58Z",41,"integration-test",1
18421110980,52495063832,"integration","completed","success","2025-10-10T23:55:00Z","2025-10-10T23:55:58Z",58,"spacelab-ThinkPad-T420",1
18421151284,52495154084,"lint","completed","success","2025-10-10T23:58:16Z","2025-10-10T23:58:41Z",25,"GitHub Actions 1000000568",1
18421151284,52495154093,"build","completed","failure","2025-10-10T23:58:15Z","2025-10-10T23:58:53Z",38,"integration-test",1
18421151284,52495172846,"integration","completed","skipped","2025-10-10T23:58:54Z","2025-10-10T23:58:54Z",0,,1
18421339256,52495829069,"lint","completed","success","2025-10-11T00:11:19Z","2025-10-11T00:11:45Z",26,"GitHub Actions 1000000569",3
18421339256,52495829116,"integration","completed","success","2025-10-11T00:14:58Z","2025-10-11T00:15:58Z",60,"spacelab-ThinkPad-T420",3
18421339256,52495829130,"build","completed","success","2025-10-11T00:11:18Z","2025-10-11T00:12:01Z",43,"integration-test",3
18421422402,52525609255,"lint","completed","success","2025-10-11T20:15:49Z","2025-10-11T20:16:12Z",23,"GitHub Actions 1000000576",12
18421422402,52525609263,"build","completed","success","2025-10-11T20:15:48Z","2025-10-11T20:16:28Z",40,"integration-test",12
18421422402,52525624629,"integration","completed","success","2025-10-11T20:16:29Z","2025-10-11T20:17:27Z",58,"integration-test",12
18421445916,52495975526,"lint","completed","success","2025-10-11T00:18:32Z","2025-10-11T00:18:55Z",23,"GitHub Actions 1000000571",1
18421445916,52495975543,"build","completed","success","2025-10-11T00:18:43Z","2025-10-11T00:19:28Z",45,"integration-test",1
18421445916,52496016377,"integration","completed","failure","2025-10-11T00:19:29Z","2025-10-11T00:20:14Z",45,"spacelab-ThinkPad-T420",1
18421456157,52496004904,"build","completed","success","2025-10-11T00:19:29Z","2025-10-11T00:20:12Z",43,"integration-test",1
18421456157,52496004928,"lint","completed","success","2025-10-11T00:19:17Z","2025-10-11T00:19:41Z",24,"GitHub Actions 1000000572",1
18421456157,52496046076,"integration","completed","failure","2025-10-11T00:20:14Z","2025-10-11T00:20:57Z",43,"integration-test",1
18421517092,52496414470,"lint","completed","success","2025-10-11T00:23:34Z","2025-10-11T00:24:00Z",26,"GitHub Actions 1000000573",3
18421517092,52496414476,"integration","completed","failure","2025-10-11T00:30:00Z","2025-10-11T00:30:43Z",43,"integration-test",3
18421517092,52496417404,"build","completed","success","2025-10-11T00:23:30Z","2025-10-11T00:24:14Z",44,"integration-test",3
18422565189,52526022634,"build","completed","success","2025-10-11T01:44:38Z","2025-10-11T01:45:31Z",53,"integration-test",7
18422565189,52526022658,"integration","completed","failure","2025-10-11T20:33:59Z","2025-10-11T20:34:45Z",46,"integration-test",7
18422565189,52526026156,"lint","completed","success","2025-10-11T01:44:39Z","2025-10-11T01:45:00Z",21,"GitHub Actions 1000000574",7
18422645613,52499004870,"build","completed","success","2025-10-11T01:51:33Z","2025-10-11T01:52:15Z",42,"integration-test",1
18422645613,52499004874,"lint","completed","success","2025-10-11T01:51:36Z","2025-10-11T01:52:01Z",25,"GitHub Actions 1000000575",1
18422645613,52499024179,"integration","completed","failure","2025-10-11T01:52:17Z","2025-10-11T01:53:00Z",43,"integration-test",1
18434435400,52526034150,"build","completed","success","2025-10-11T20:34:47Z","2025-10-11T20:35:28Z",41,"integration-test",1
18434435400,52526034155,"lint","completed","success","2025-10-11T20:34:28Z","2025-10-11T20:34:53Z",25,"GitHub Actions 1000000577",1
18434435400,52526059162,"integration","completed","failure","2025-10-11T20:35:30Z","2025-10-11T20:36:38Z",68,"integration-test",1
18434500427,52526172551,"lint","completed","success","2025-10-11T20:40:44Z","2025-10-11T20:41:11Z",27,"GitHub Actions 1000000578",1
18434500427,52526172553,"build","completed","success","2025-10-11T20:40:44Z","2025-10-11T20:41:26Z",42,"integration-test",1
18434500427,52526188698,"integration","completed","failure","2025-10-11T20:41:27Z","2025-10-11T20:42:29Z",62,"integration-test",1
18434663683,52526545926,"build","completed","success","2025-10-11T21:00:20Z","2025-10-11T21:01:03Z",43,"integration-test",1
18434663683,52526545941,"lint","completed","success","2025-10-11T21:00:21Z","2025-10-11T21:00:44Z",23,"GitHub Actions 1000000579",1
18434663683,52526567978,"integration","completed","failure","2025-10-11T21:01:05Z","2025-10-11T21:02:13Z",68,"integration-test",1
18434746777,52526739224,"build","completed","success","2025-10-11T21:07:13Z","2025-10-11T21:07:55Z",42,"integration-test",1
18434746777,52526739230,"lint","completed","success","2025-10-11T21:07:18Z","2025-10-11T21:07:44Z",26,"GitHub Actions 1000000580",1
18434746777,52526755327,"integration","completed","failure","2025-10-11T21:07:56Z","2025-10-11T21:08:59Z",63,"integration-test",1
18434914312,52527094304,"lint","completed","success","2025-10-11T21:22:17Z","2025-10-11T21:22:42Z",25,"GitHub Actions 1000000581",1
18434914312,52527094306,"build","completed","success","2025-10-11T21:22:16Z","2025-10-11T21:22:58Z",42,"integration-test",1
18434914312,52527110513,"integration","completed","failure","2025-10-11T21:23:00Z","2025-10-11T21:24:10Z",70,"integration-test",1
18434945232,52527365982,"lint","completed","success","2025-10-11T21:25:08Z","2025-10-11T21:25:35Z",27,"GitHub Actions 1000000582",5
18434945232,52527366004,"integration","completed","success","2025-10-11T21:34:40Z","2025-10-11T21:35:50Z",70,"integration-test",5
18434945232,52527366023,"build","completed","success","2025-10-11T21:25:07Z","2025-10-11T21:25:47Z",40,"integration-test",5
18435418256,52528215891,"lint","completed","success","2025-10-11T22:15:49Z","2025-10-11T22:16:17Z",28,"GitHub Actions 1000000583",1
18435418256,52528215915,"build","completed","success","2025-10-11T22:15:48Z","2025-10-11T22:16:30Z",42,"integration-test",1
18435418256,52528231950,"integration","completed","failure","2025-10-11T22:16:32Z","2025-10-11T22:17:06Z",34,"integration-test",1
18435617634,52528626642,"lint","completed","success","2025-10-11T22:35:27Z","2025-10-11T22:35:51Z",24,"GitHub Actions 1000000584",1
18435617634,52528626649,"build","completed","success","2025-10-11T22:35:26Z","2025-10-11T22:36:09Z",43,"integration-test",1
18435617634,52528641624,"integration","completed","success","2025-10-11T22:36:11Z","2025-10-11T22:37:15Z",64,"integration-test",1
18436004660,52529473320,"lint","completed","success","2025-10-11T23:18:42Z","2025-10-11T23:19:06Z",24,"GitHub Actions 1000000585",1
18436004660,52529473326,"build","completed","success","2025-10-11T23:18:41Z","2025-10-11T23:19:24Z",43,"integration-test",1
18436004660,52529489195,"integration","completed","failure","2025-10-11T23:19:26Z","2025-10-11T23:19:39Z",13,"integration-test",1
18436043712,52529551037,"lint","completed","success","2025-10-11T23:22:26Z","2025-10-11T23:22:51Z",25,"GitHub Actions 1000000586",1
18436043712,52529551039,"build","completed","success","2025-10-11T23:22:23Z","2025-10-11T23:23:04Z",41,"integration-test",1
18436043712,52529562994,"integration","completed","failure","2025-10-11T23:23:06Z","2025-10-11T23:23:30Z",24,"integration-test",1
18436091885,52529911106,"build","completed","success","2025-10-11T23:27:34Z","2025-10-11T23:28:14Z",40,"integration-test",4
18436091885,52529911142,"lint","completed","success","2025-10-11T23:27:35Z","2025-10-11T23:28:00Z",25,"GitHub Actions 1000000587",4
18436091885,52529911164,"integration","completed","success","2025-10-11T23:40:42Z","2025-10-11T23:41:48Z",66,"integration-test",4
18448107538,52557722224,"lint","completed","success","2025-10-12T18:50:51Z","2025-10-12T18:51:16Z",25,"GitHub Actions 1000000588",1
18448107538,52557722229,"build","completed","success","2025-10-12T18:50:51Z","2025-10-12T18:51:34Z",43,"integration-test",1
18448107538,52557738329,"integration","completed","success","2025-10-12T18:51:36Z","2025-10-12T18:52:50Z",74,"integration-test",1
18448139788,52558185678,"lint","completed","success","2025-10-12T18:54:23Z","2025-10-12T18:54:47Z",24,"GitHub Actions 1000000589",2
18448139788,52558185684,"build","completed","success","2025-10-12T18:54:49Z","2025-10-12T18:55:30Z",41,"integration-test",2
18448139788,52558185720,"integration","completed","success","2025-10-12T19:08:42Z","2025-10-12T19:09:49Z",67,"integration-test",2
18448719712,52626809816,"lint","completed","success","2025-10-12T19:51:01Z","2025-10-12T19:51:28Z",27,"GitHub Actions 1000000590",3
18448719712,52626809838,"integration","completed","success","2025-10-13T16:05:56Z","2025-10-13T16:07:04Z",68,"integration-test",3
18448719712,52626810004,"build","completed","success","2025-10-12T19:51:01Z","2025-10-12T19:51:43Z",42,"integration-test",3
18448859287,52559559663,"build","completed","success","2025-10-12T20:06:04Z","2025-10-12T20:06:56Z",52,"integration-test",1
18448859287,52559559664,"lint","completed","success","2025-10-12T20:06:05Z","2025-10-12T20:06:35Z",30,"GitHub Actions 1000000591",1
18448859287,52559600288,"integration","completed","failure","2025-10-12T20:06:58Z","2025-10-12T20:07:40Z",42,"integration-test",1
18450148766,52562555653,"lint","completed","cancelled","2025-10-12T22:09:12Z","2025-10-12T22:09:41Z",29,"GitHub Actions 1000000592",1
18450148766,52562555656,"build","completed","cancelled","2025-10-12T22:09:11Z","2025-10-12T22:09:46Z",35,"integration-test",1
18450148766,52562573466,"integration","completed","cancelled","2025-10-12T22:09:46Z","2025-10-12T22:09:46Z",0,,1
18450519003,52563379931,"build","completed","success","2025-10-12T22:41:53Z","2025-10-12T22:42:40Z",47,"integration-test",1
18450519003,52563379939,"lint","completed","failure","2025-10-12T22:41:54Z","2025-10-12T22:42:23Z",29,"GitHub Actions 1000000593",1
18450519003,52563398204,"integration","completed","failure","2025-10-12T22:42:42Z","2025-10-12T22:43:24Z",42,"integration-test",1
18450593870,52566080236,"integration","completed","success","2025-10-13T00:25:04Z","2025-10-13T00:26:46Z",102,"t38talon",5
18450593870,52566080243,"build","completed","success","2025-10-12T22:50:22Z","2025-10-12T22:51:06Z",44,"integration-test",5
18450593870,52566086291,"lint","completed","failure","2025-10-12T22:50:24Z","2025-10-12T22:50:54Z",30,"GitHub Actions 1000000594",5
18451758478,52566599128,"build","completed","success","2025-10-13T00:31:35Z","2025-10-13T00:32:18Z",43,"integration-test",6
18451758478,52566599135,"integration","completed","success","2025-10-13T00:38:26Z","2025-10-13T00:39:50Z",84,"t38talon",6
18451758478,52566599192,"lint","completed","success","2025-10-13T00:31:37Z","2025-10-13T00:32:03Z",26,"GitHub Actions 1000000595",6
18474081825,52634533479,"lint","completed","failure","2025-10-13T17:51:39Z","2025-10-13T17:52:09Z",30,"GitHub Actions 1000000596",1
18474081825,52634533491,"build","completed","success","2025-10-13T17:51:39Z","2025-10-13T17:52:21Z",42,"integration-test",1
18474081825,52634578620,"integration","completed","success","2025-10-13T17:52:23Z","2025-10-13T17:53:30Z",67,"integration-test",1
18474100988,52634598215,"lint","completed","success","2025-10-13T17:52:42Z","2025-10-13T17:53:11Z",29,"GitHub Actions 1000000597",1
18474100988,52634598229,"build","completed","success","2025-10-13T17:54:22Z","2025-10-13T17:55:03Z",41,"integration-test",1
18474100988,52634744917,"integration","completed","failure","2025-10-13T17:55:05Z","2025-10-13T17:56:26Z",81,"integration-test",1
18482463620,52659600096,"lint","completed","success","2025-10-14T01:15:24Z","2025-10-14T01:15:54Z",30,"GitHub Actions 1000000598",1
18482463620,52659600101,"build","completed","success","2025-10-14T01:15:23Z","2025-10-14T01:16:06Z",43,"integration-test",1
18482463620,52659631240,"integration","completed","success","2025-10-14T01:16:07Z","2025-10-14T01:17:20Z",73,"integration-test",1
18601677567,53041381274,"lint","completed","failure","2025-10-17T18:35:53Z","2025-10-17T18:36:21Z",28,"GitHub Actions 1000000599",1
18601677567,53041381285,"build","completed","success","2025-10-17T18:40:39Z","2025-10-17T18:41:32Z",53,"integration-test",1
18601677567,53041801962,"integration","completed","failure","2025-10-17T18:44:01Z","2025-10-17T18:44:43Z",42,"integration-test",1
18601761198,53041651030,"lint","completed","success","2025-10-17T18:39:34Z","2025-10-17T18:40:03Z",29,"GitHub Actions 1000000600",1
18601761198,53041651051,"build","completed","success","2025-10-17T18:42:25Z","2025-10-17T18:43:09Z",44,"integration-test",1
18601761198,53041913940,"integration","completed","failure","2025-10-17T18:45:35Z","2025-10-17T18:46:29Z",54,"integration-test",1
18604105663,53390603520,"lint","completed","success","2025-10-22T14:52:39Z","2025-10-22T14:53:05Z",26,"GitHub Actions 1000000608",4
18604105663,53390603572,"build","completed","success","2025-10-22T14:52:34Z","2025-10-22T14:53:20Z",46,"integration-test",4
18604105663,53390688850,"integration","completed","failure","2025-10-22T14:53:22Z","2025-10-22T14:54:05Z",43,"integration-test",4
18698553330,53322061844,"build","completed","success","2025-10-21T21:45:22Z","2025-10-21T21:46:05Z",43,"integration-test",1
18698553330,53322061851,"lint","completed","success","2025-10-21T21:45:28Z","2025-10-21T21:45:56Z",28,"GitHub Actions 1000000602",1
18698553330,53322113887,"integration","completed","failure","2025-10-21T21:46:07Z","2025-10-21T21:47:13Z",66,"integration-test",1
18704276177,53339236499,"build","completed","failure","2025-10-22T03:19:30Z","2025-10-22T03:20:06Z",36,"integration-test",1
18704276177,53339236524,"lint","completed","failure","2025-10-22T03:19:36Z","2025-10-22T03:20:05Z",29,"GitHub Actions 1000000603",1
18704276177,53339282731,"integration","completed","skipped","2025-10-22T03:20:06Z","2025-10-22T03:20:06Z",0,,1
18704498374,53339932966,"build","completed","success","2025-10-22T03:32:42Z","2025-10-22T03:33:26Z",44,"integration-test",1
18704498374,53339932969,"lint","completed","failure","2025-10-22T03:32:49Z","2025-10-22T03:33:19Z",30,"GitHub Actions 1000000604",1
18704498374,53339968860,"integration","completed","failure","2025-10-22T03:33:29Z","2025-10-22T03:34:39Z",70,"integration-test",1
18704660181,53340407322,"build","completed","success","2025-10-22T03:43:13Z","2025-10-22T03:43:55Z",42,"integration-test",1
18704660181,53340407324,"lint","completed","failure","2025-10-22T03:43:19Z","2025-10-22T03:43:43Z",24,"GitHub Actions 1000000605",1
18704660181,53340440827,"integration","completed","failure","2025-10-22T03:43:57Z","2025-10-22T03:45:06Z",69,"integration-test",1
18704846085,53340943122,"lint","completed","failure","2025-10-22T03:55:37Z","2025-10-22T03:56:05Z",28,"GitHub Actions 1000000606",1
18704846085,53340943133,"build","completed","success","2025-10-22T03:55:31Z","2025-10-22T03:56:14Z",43,"integration-test",1
18704846085,53340971903,"integration","completed","success","2025-10-22T03:56:16Z","2025-10-22T03:57:26Z",70,"integration-test",1
18719144922,53386847331,"build","completed","success","2025-10-22T14:13:30Z","2025-10-22T14:14:13Z",43,"integration-test",2
18719144922,53386847644,"lint","completed","success","2025-10-22T14:13:35Z","2025-10-22T14:14:03Z",28,"GitHub Actions 1000000607",2
18719144922,53386847801,"integration","completed","success","2025-10-22T14:17:23Z","2025-10-22T14:18:32Z",69,"integration-test",2
18721094977,53399646874,"build","completed","success","2025-10-22T15:18:36Z","2025-10-22T15:19:21Z",45,"integration-test",10
18721094977,53399646880,"integration","completed","failure","2025-10-22T16:20:48Z","2025-10-22T16:21:36Z",48,"spacelab-ThinkPad-T420",10
18721094977,53399657362,"lint","completed","success","2025-10-22T15:18:42Z","2025-10-22T15:19:10Z",28,"GitHub Actions 1000000609",10
18756025362,53522210649,"lint","completed","success","2025-10-23T19:47:42Z","2025-10-23T19:48:13Z",31,"GitHub Actions 1000000611",6
18756025362,53522210661,"build","completed","success","2025-10-23T19:47:35Z","2025-10-23T19:48:20Z",45,"integration-test",6
18756025362,53522272180,"integration","completed","success","2025-10-23T19:48:22Z","2025-10-23T19:49:39Z",77,"integration-test",6
18760295849,53522808361,"build","completed","success","2025-10-23T19:55:16Z","2025-10-23T19:55:59Z",43,"integration-test",1
18760295849,53522808374,"lint","completed","success","2025-10-23T19:55:22Z","2025-10-23T19:55:52Z",30,"GitHub Actions 1000000612",1
18760295849,53522865188,"integration","completed","success","2025-10-23T19:56:00Z","2025-10-23T19:57:13Z",73,"integration-test",1
18785908769,53603979354,"build","completed","success","2025-10-24T16:28:13Z","2025-10-24T16:29:00Z",47,"integration-test",1
18785908769,53603979367,"lint","completed","success","2025-10-24T16:28:19Z","2025-10-24T16:28:43Z",24,"GitHub Actions 1000000613",1
18785908769,53604045895,"integration","completed","failure","2025-10-24T16:29:01Z","2025-10-24T16:30:32Z",91,"integration-test",1
18786108685,53604667055,"build","completed","success","2025-10-24T16:37:01Z","2025-10-24T16:37:45Z",44,"integration-test",1
18786108685,53604667064,"lint","completed","success","2025-10-24T16:37:08Z","2025-10-24T16:37:40Z",32,"GitHub Actions 1000000614",1
18786108685,53604727502,"integration","completed","failure","2025-10-24T16:37:47Z","2025-10-24T16:39:27Z",100,"integration-test",1
18786229015,53605072207,"lint","completed","success","2025-10-24T16:42:23Z","2025-10-24T16:42:48Z",25,"GitHub Actions 1000000615",1
18786229015,53605072233,"build","completed","success","2025-10-24T16:42:18Z","2025-10-24T16:43:02Z",44,"integration-test",1
18786229015,53605132228,"integration","completed","failure","2025-10-24T16:43:04Z","2025-10-24T16:44:32Z",88,"integration-test",1
18786350919,53605480160,"lint","completed","success","2025-10-24T16:47:47Z","2025-10-24T16:48:18Z",31,"GitHub Actions 1000000616",1
18786350919,53605480195,"build","completed","success","2025-10-24T16:47:41Z","2025-10-24T16:48:25Z",44,"integration-test",1
18786350919,53605539224,"integration","completed","failure","2025-10-24T16:48:26Z","2025-10-24T16:50:09Z",103,"integration-test",1
18786695059,53606872181,"lint","completed","success","2025-10-24T17:03:02Z","2025-10-24T17:03:31Z",29,"GitHub Actions 1000000617",2
18786695059,53606872251,"integration","completed","failure","2025-10-24T17:05:14Z","2025-10-24T17:06:47Z",93,"integration-test",2
18786695059,53606872264,"build","completed","success","2025-10-24T17:02:56Z","2025-10-24T17:03:41Z",45,"integration-test",2
18786911805,53607425715,"build","completed","success","2025-10-24T17:11:59Z","2025-10-24T17:12:42Z",43,"integration-test",1
18786911805,53607425752,"lint","completed","success","2025-10-24T17:12:05Z","2025-10-24T17:12:38Z",33,"GitHub Actions 1000000618",1
18786911805,53607482246,"integration","completed","failure","2025-10-24T17:12:44Z","2025-10-24T17:14:33Z",109,"integration-test",1
18788171282,53611662995,"lint","completed","success","2025-10-24T18:07:27Z","2025-10-24T18:07:55Z",28,"GitHub Actions 1000000619",1
18788171282,53611663006,"build","completed","success","2025-10-24T18:07:21Z","2025-10-24T18:08:04Z",43,"integration-test",1
18788171282,53611722758,"integration","completed","success","2025-10-24T18:08:06Z","2025-10-24T18:09:44Z",98,"integration-test",1
18788546797,53613227599,"lint","completed","success","2025-10-24T18:22:51Z","2025-10-24T18:23:20Z",29,"GitHub Actions 1000000620",2
18788546797,53613227703,"integration","completed","success","2025-10-24T18:26:55Z","2025-10-24T18:28:34Z",99,"integration-test",2
18788546797,53613227806,"build","completed","success","2025-10-24T18:22:45Z","2025-10-24T18:23:28Z",43,"integration-test",2
18789849288,53617728651,"lint","completed","success","2025-10-24T19:20:10Z","2025-10-24T19:20:40Z",30,"GitHub Actions 1000000621",3
18789849288,53617728664,"build","completed","success","2025-10-24T19:20:04Z","2025-10-24T19:20:48Z",44,"integration-test",3
18789849288,53617728701,"integration","completed","success","2025-10-24T19:26:51Z","2025-10-24T19:28:00Z",69,"integration-test",3
18790489415,53619528090,"build","completed","success","2025-10-24T19:48:34Z","2025-10-24T19:49:17Z",43,"integration-test",2
18790489415,53619528126,"integration","completed","success","2025-10-24T19:52:13Z","2025-10-24T19:53:26Z",73,"integration-test",2
18790489415,53619536951,"lint","completed","success","2025-10-24T19:48:40Z","2025-10-24T19:49:05Z",25,"GitHub Actions 1000000622",2
18791061965,53621209236,"build","completed","success","2025-10-24T20:15:04Z","2025-10-24T20:15:50Z",46,"integration-test",1
18791061965,53621209242,"lint","completed","success","2025-10-24T20:15:09Z","2025-10-24T20:15:35Z",26,"GitHub Actions 1000000623",1
18791061965,53621271656,"integration","completed","success","2025-10-24T20:15:52Z","2025-10-24T20:17:36Z",104,"integration-test",1
18794998009,53633103144,"build","completed","success","2025-10-24T23:58:15Z","2025-10-24T23:58:58Z",43,"integration-test",1
18794998009,53633103151,"lint","completed","success","2025-10-24T23:58:22Z","2025-10-24T23:58:48Z",26,"GitHub Actions 1000000624",1
18794998009,53633123211,"integration","completed","success","2025-10-24T23:59:00Z","2025-10-25T00:00:44Z",104,"integration-test",1
18884414413,53895959993,"build","completed","success","2025-10-28T17:57:45Z","2025-10-28T17:58:30Z",45,"integration-test",1
18884414413,53895960015,"lint","completed","failure","2025-10-28T17:57:46Z","2025-10-28T17:58:14Z",28,"GitHub Actions 1000000625",1
18884414413,53896032296,"integration","completed","success","2025-10-28T17:58:32Z","2025-10-28T18:00:05Z",93,"integration-test",1
18884582005,53896550133,"build","completed","success","2025-10-28T18:03:56Z","2025-10-28T18:04:44Z",48,"integration-test",1
18884582005,53896550143,"lint","completed","success","2025-10-28T18:03:57Z","2025-10-28T18:04:28Z",31,"GitHub Actions 1000000626",1
18884582005,53896631269,"integration","completed","success","2025-10-28T18:04:46Z","2025-10-28T18:06:25Z",99,"integration-test",1
18884773921,53897195727,"lint","completed","success","2025-10-28T18:10:27Z","2025-10-28T18:10:56Z",29,"GitHub Actions 1000000627",1
18884773921,53897195774,"build","completed","success","2025-10-28T18:10:26Z","2025-10-28T18:11:17Z",51,"integration-test",1
18884773921,53897284793,"integration","completed","success","2025-10-28T18:11:19Z","2025-10-28T18:12:53Z",94,"integration-test",1
18884921744,53897678918,"lint","completed","success","2025-10-28T18:15:30Z","2025-10-28T18:16:01Z",31,"GitHub Actions 1000000628",1
18884921744,53897678956,"build","completed","success","2025-10-28T18:15:25Z","2025-10-28T18:16:08Z",43,"integration-test",1
18884921744,53897752284,"integration","completed","success","2025-10-28T18:16:10Z","2025-10-28T18:17:48Z",98,"integration-test",1
18982050840,54216766557,"build","completed","failure","2025-10-31T18:41:11Z","2025-10-31T18:41:59Z",48,"integration-test",1
18982050840,54216766574,"lint","completed","success","2025-10-31T18:41:12Z","2025-10-31T18:41:38Z",26,"GitHub Actions 1000000630",1
18982050840,54216835734,"integration","completed","skipped","2025-10-31T18:42:00Z","2025-10-31T18:41:59Z",-1,,1
18982775835,54219191406,"build","completed","failure","2025-10-31T19:12:24Z","2025-10-31T19:13:03Z",39,"integration-test",1
18982775835,54219191418,"lint","completed","success","2025-10-31T19:12:31Z","2025-10-31T19:13:01Z",30,"GitHub Actions 1000000631",1
18982775835,54219242838,"integration","completed","skipped","2025-10-31T19:13:03Z","2025-10-31T19:13:03Z",0,,1
18986911536,54232543122,"build","completed","failure","2025-10-31T22:43:51Z","2025-10-31T22:44:28Z",37,"integration-test",2
18986911536,54232543166,"lint","completed","success","2025-10-31T22:41:47Z","2025-10-31T22:42:14Z",27,"GitHub Actions 1000000632",2
18986911536,54232572134,"integration","completed","skipped","2025-10-31T22:44:29Z","2025-10-31T22:44:29Z",0,,2
18987046437,54232850658,"build","completed","success","2025-10-31T22:51:09Z","2025-10-31T22:52:06Z",57,"integration-test",1
18987046437,54232850665,"lint","completed","success","2025-10-31T22:51:10Z","2025-10-31T22:51:36Z",26,"GitHub Actions 1000000633",1
18987046437,54232892162,"integration","completed","failure","2025-10-31T22:52:07Z","2025-10-31T22:52:51Z",44,"integration-test",1
18987161609,54233329893,"lint","completed","success","2025-10-31T23:00:23Z","2025-10-31T23:00:50Z",27,"GitHub Actions 1000000634",2
18987161609,54233329905,"integration","completed","success","2025-10-31T23:02:53Z","2025-10-31T23:04:21Z",88,"integration-test",2
18987161609,54233334282,"build","completed","success","2025-10-31T23:00:23Z","2025-10-31T23:01:13Z",50,"integration-test",2
18987259185,54233492328,"build","completed","success","2025-10-31T23:06:08Z","2025-10-31T23:06:55Z",47,"integration-test",1
18987259185,54233492335,"lint","completed","success","2025-10-31T23:06:09Z","2025-10-31T23:06:38Z",29,"GitHub Actions 1000000635",1
18987259185,54233535678,"integration","completed","success","2025-10-31T23:06:57Z","2025-10-31T23:08:32Z",95,"integration-test",1
19002258978,54270646462,"lint","completed","success","2025-11-01T20:30:42Z","2025-11-01T20:31:11Z",29,"GitHub Actions 1000000636",1
19002258978,54270646478,"build","completed","success","2025-11-01T20:30:42Z","2025-11-01T20:31:39Z",57,"integration-test",1
19002258978,54270671270,"integration","completed","failure","2025-11-01T20:31:40Z","2025-11-01T20:32:46Z",66,"integration-test",1
19017532272,54307594343,"lint","completed","failure","2025-11-02T20:11:55Z","2025-11-02T20:12:22Z",27,"GitHub Actions 1000000637",1
19017532272,54307594351,"build","completed","success","2025-11-02T20:11:55Z","2025-11-02T20:12:50Z",55,"integration-test",1
19017532272,54307619613,"integration","completed","failure","2025-11-02T20:12:52Z","2025-11-02T20:13:34Z",42,"integration-test",1
19026401989,54387866869,"build","completed","success","2025-11-03T06:58:03Z","2025-11-03T06:58:57Z",54,"integration-test",2
19026401989,54387866899,"lint","completed","success","2025-11-03T06:58:04Z","2025-11-03T06:58:33Z",29,"GitHub Actions 1000000638",2
19026401989,54387867135,"integration","completed","failure","2025-11-03T17:46:40Z","2025-11-03T17:47:23Z",43,"integration-test",2
19048169848,54401531741,"build","completed","success","2025-11-03T20:20:48Z","2025-11-03T20:21:46Z",58,"integration-test",1
19048169848,54401531746,"lint","completed","failure","2025-11-03T20:20:49Z","2025-11-03T20:21:14Z",25,"GitHub Actions 1000000643",1
19048169848,54401615549,"integration","completed","failure","2025-11-03T20:21:49Z","2025-11-03T20:22:32Z",43,"integration-test",1
19050025216,54407708295,"lint","completed","failure","2025-11-03T21:33:42Z","2025-11-03T21:34:10Z",28,"GitHub Actions 1000000644",1
19050025216,54407708322,"build","completed","success","2025-11-03T21:33:42Z","2025-11-03T21:34:31Z",49,"integration-test",1
19050025216,54407779713,"integration","completed","failure","2025-11-03T21:34:33Z","2025-11-03T21:35:15Z",42,"integration-test",1
19053126851,54417629278,"build","completed","success","2025-11-03T23:59:49Z","2025-11-04T00:00:44Z",55,"integration-test",1
19053126851,54417629288,"lint","completed","success","2025-11-03T23:59:50Z","2025-11-04T00:00:18Z",28,"GitHub Actions 1000000645",1
19053126851,54417683557,"integration","completed","failure","2025-11-04T00:00:46Z","2025-11-04T00:01:29Z",43,"integration-test",1
19053659229,54419306411,"build","completed","success","2025-11-04T00:26:54Z","2025-11-04T00:27:43Z",49,"integration-test",1
19053659229,54419306412,"lint","completed","success","2025-11-04T00:26:56Z","2025-11-04T00:27:25Z",29,"GitHub Actions 1000000646",1
19053659229,54419359760,"integration","completed","failure","2025-11-04T00:27:45Z","2025-11-04T00:28:28Z",43,"integration-test",1
19054172569,54420879683,"build","completed","failure","2025-11-04T00:54:47Z","2025-11-04T00:55:25Z",38,"integration-test",1
19054172569,54420879708,"lint","completed","failure","2025-11-04T00:54:47Z","2025-11-04T00:55:17Z",30,"GitHub Actions 1000000647",1
19054172569,54420916331,"integration","completed","skipped","2025-11-04T00:55:25Z","2025-11-04T00:55:25Z",0,,1
19054764763,54422570125,"lint","completed","success","2025-11-04T01:28:06Z","2025-11-04T01:28:32Z",26,"GitHub Actions 1000000648",1
19054764763,54422570130,"build","completed","success","2025-11-04T01:28:05Z","2025-11-04T01:28:54Z",49,"integration-test",1
19054764763,54422614436,"integration","completed","failure","2025-11-04T01:28:56Z","2025-11-04T01:29:39Z",43,"integration-test",1
19054907390,54422978932,"build","completed","failure","2025-11-04T01:35:43Z","2025-11-04T01:36:23Z",40,"integration-test",1
19054907390,54422978936,"lint","completed","failure","2025-11-04T01:35:43Z","2025-11-04T01:36:09Z",26,"GitHub Actions 1000000649",1
19054907390,54423017168,"integration","completed","skipped","2025-11-04T01:36:23Z","2025-11-04T01:36:23Z",0,,1
19055038431,54423353599,"lint","completed","failure","2025-11-04T01:43:06Z","2025-11-04T01:43:36Z",30,"GitHub Actions 1000000650",1
19055038431,54423353613,"build","completed","success","2025-11-04T01:43:06Z","2025-11-04T01:43:59Z",53,"integration-test",1
19055038431,54423400039,"integration","completed","failure","2025-11-04T01:44:01Z","2025-11-04T01:44:44Z",43,"integration-test",1
19056562975,54427902633,"build","completed","success","2025-11-04T03:12:51Z","2025-11-04T03:13:41Z",50,"integration-test",1
19056562975,54427902636,"lint","completed","success","2025-11-04T03:12:54Z","2025-11-04T03:13:20Z",26,"GitHub Actions 1000000651",1
19056562975,54427947141,"integration","completed","failure","2025-11-04T03:13:43Z","2025-11-04T03:14:25Z",42,"integration-test",1
19057218263,54532833459,"integration","completed","success","2025-11-05T01:20:41Z","2025-11-05T01:22:17Z",96,"integration-test",2
19057218263,54532833513,"lint","completed","success","2025-11-04T03:52:26Z","2025-11-04T03:52:54Z",28,"GitHub Actions 1000000652",2
19057218263,54532841271,"build","completed","success","2025-11-04T03:52:25Z","2025-11-04T03:53:14Z",49,"integration-test",2
19086206809,54530510450,"integration","completed","success","2025-11-05T00:37:36Z","2025-11-05T00:39:05Z",89,"integration-test",2
19086206809,54530510499,"build","completed","success","2025-11-04T23:35:33Z","2025-11-04T23:36:32Z",59,"integration-test",2
19086206809,54530516691,"lint","completed","success","2025-11-04T23:35:36Z","2025-11-04T23:36:08Z",32,"GitHub Actions 1000000653",2
19088678825,54534662625,"build","completed","success","2025-11-05T01:52:01Z","2025-11-05T01:52:51Z",50,"integration-test",2
19088678825,54534662630,"integration","completed","success","2025-11-05T01:56:52Z","2025-11-05T01:58:38Z",106,"integration-test",2
19088678825,54534670221,"lint","completed","success","2025-11-05T01:52:04Z","2025-11-05T01:52:32Z",28,"GitHub Actions 1000000654",2
19095906028,54555863266,"build","completed","success","2025-11-05T08:33:29Z","2025-11-05T08:34:18Z",49,"integration-test",2
19095906028,54555863299,"lint","completed","failure","2025-11-05T08:31:46Z","2025-11-05T08:32:13Z",27,"GitHub Actions 1000000658",2
19095906028,54556063108,"integration","completed","failure","2025-11-05T08:37:06Z","2025-11-05T08:39:01Z",115,"integration-test",2
19095906038,54555863275,"build","completed","success","2025-11-05T08:31:44Z","2025-11-05T08:32:36Z",52,"integration-test",2
19095906038,54555863284,"lint","completed","failure","2025-11-05T08:31:45Z","2025-11-05T08:32:10Z",25,"GitHub Actions 1000000657",2
19095906038,54555935302,"integration","completed","failure","2025-11-05T08:35:09Z","2025-11-05T08:37:04Z",115,"integration-test",2
19108446140,54600573787,"build","completed","success","2025-11-05T16:30:53Z","2025-11-05T16:31:41Z",48,"integration-test",2
19108446140,54600573800,"lint","completed","failure","2025-11-05T16:29:12Z","2025-11-05T16:29:41Z",29,"GitHub Actions 1000000662",2
19108446140,54600843761,"integration","completed","failure","2025-11-05T16:34:26Z","2025-11-05T16:36:10Z",104,"integration-test",2
19108446503,54600573603,"build","completed","success","2025-11-05T16:29:11Z","2025-11-05T16:30:01Z",50,"integration-test",2
19108446503,54600573606,"lint","completed","failure","2025-11-05T16:29:12Z","2025-11-05T16:29:43Z",31,"GitHub Actions 1000000661",2
19108446503,54600667020,"integration","completed","failure","2025-11-05T16:32:33Z","2025-11-05T16:34:25Z",112,"integration-test",2
19109493002,55219181843,"build","completed","failure","2025-11-12T18:22:32Z","2025-11-12T18:23:00Z",28,"T38Talon",2
19109493002,55219181845,"lint","completed","success","2025-11-12T18:20:46Z","2025-11-12T18:21:17Z",31,"GitHub Actions 1000000741",2
19109493002,55219401543,"integration","completed","skipped","2025-11-12T18:23:01Z","2025-11-12T18:23:01Z",0,,2
19109493082,55219181711,"build","completed","failure","2025-11-12T18:21:59Z","2025-11-12T18:22:29Z",30,"T38Talon",2
19109493082,55219181744,"lint","completed","success","2025-11-12T18:20:44Z","2025-11-12T18:21:13Z",29,"GitHub Actions 1000000740",2
19109493082,55219354977,"integration","completed","skipped","2025-11-12T18:22:30Z","2025-11-12T18:22:30Z",0,,2
19109508984,54608103282,"build","completed","success","2025-11-05T17:44:13Z","2025-11-05T17:45:03Z",50,"integration-test",2
19109508984,54608103292,"lint","completed","failure","2025-11-05T17:44:13Z","2025-11-05T17:44:39Z",26,"GitHub Actions 1000000665",2
19109508984,54608181746,"integration","completed","failure","2025-11-05T17:46:47Z","2025-11-05T17:48:30Z",103,"integration-test",2
19109509225,54608103467,"lint","completed","failure","2025-11-05T17:44:13Z","2025-11-05T17:44:37Z",24,"GitHub Actions 1000000666",2
19109509225,54608103473,"build","completed","success","2025-11-05T17:45:55Z","2025-11-05T17:46:44Z",49,"integration-test",2
19109509225,54608334648,"integration","completed","failure","2025-11-05T17:48:32Z","2025-11-05T17:50:15Z",103,"integration-test",2
19112141522,54611740657,"build","completed","success","2025-11-05T18:23:54Z","2025-11-05T18:24:43Z",49,"integration-test",1
19112141522,54611740674,"lint","completed","success","2025-11-05T18:23:55Z","2025-11-05T18:24:24Z",29,"GitHub Actions 1000000668",1
19112141522,54611819533,"integration","completed","failure","2025-11-05T18:24:45Z","2025-11-05T18:26:32Z",107,"integration-test",1
19112305787,54612312639,"build","completed","success","2025-11-05T18:30:16Z","2025-11-05T18:31:04Z",48,"integration-test",1
19112305787,54612312659,"lint","completed","success","2025-11-05T18:30:17Z","2025-11-05T18:30:48Z",31,"GitHub Actions 1000000669",1
19112305787,54612390323,"integration","completed","failure","2025-11-05T18:31:07Z","2025-11-05T18:33:54Z",167,"integration-test",1
19115319619,54622749340,"build","completed","success","2025-11-05T20:26:49Z","2025-11-05T20:27:41Z",52,"integration-test",1
19115319619,54622749354,"lint","completed","success","2025-11-05T20:26:49Z","2025-11-05T20:27:15Z",26,"GitHub Actions 1000000673",1
19115319619,54622829359,"integration","completed","success","2025-11-05T20:27:43Z","2025-11-05T20:29:20Z",97,"integration-test",1
19215725655,54924757196,"build","completed","cancelled","2025-11-09T22:59:51Z","2025-11-10T22:59:51Z",86400,"",1
19215725655,54924757208,"lint","completed","success","2025-11-09T22:59:54Z","2025-11-09T23:00:22Z",28,"GitHub Actions 1000000677",1
19215725655,55029259993,"integration","completed","skipped","2025-11-10T22:59:51Z","2025-11-10T22:59:51Z",0,,1
19247824515,55064988709,"lint","completed","success","2025-11-10T22:14:31Z","2025-11-10T22:14:55Z",24,"GitHub Actions 1000000679",11
19247824515,55064988895,"integration","completed","failure","2025-11-11T09:16:13Z","2025-11-11T09:17:19Z",66,"T38Talon",11
19247824515,55065002650,"build","completed","success","2025-11-11T09:10:26Z","2025-11-11T09:11:21Z",55,"T38Talon",11
19261296318,55066501295,"build","completed","success","2025-11-11T09:34:30Z","2025-11-11T09:35:54Z",84,"T38Talon",1
19261296318,55066501302,"lint","completed","failure","2025-11-11T09:34:31Z","2025-11-11T09:34:58Z",27,"GitHub Actions 1000000680",1
19261296318,55066618624,"integration","completed","failure","2025-11-11T09:38:24Z","2025-11-11T09:40:57Z",153,"T38Talon",1
19261329400,55066604135,"lint","completed","success","2025-11-11T09:35:47Z","2025-11-11T09:36:13Z",26,"GitHub Actions 1000000681",1
19261329400,55066604140,"build","completed","failure","2025-11-11T09:36:47Z","2025-11-11T09:37:31Z",44,"T38Talon",1
19261329400,55066754008,"integration","completed","skipped","2025-11-11T09:37:32Z","2025-11-11T09:37:32Z",0,,1
19261823723,55068182302,"lint","completed","success","2025-11-11T09:55:21Z","2025-11-11T09:55:48Z",27,"GitHub Actions 1000000682",1
19261823723,55068182320,"build","completed","success","2025-11-11T09:55:20Z","2025-11-11T09:56:12Z",52,"T38Talon",1
19261823723,55068252564,"integration","completed","failure","2025-11-11T09:56:14Z","2025-11-11T09:58:49Z",155,"T38Talon",1
19261989227,55113041870,"integration","completed","failure","2025-11-11T18:35:16Z","2025-11-11T18:37:02Z",106,"T38Talon",4
19261989227,55113042106,"lint","completed","success","2025-11-11T10:02:15Z","2025-11-11T10:02:43Z",28,"GitHub Actions 1000000683",4
19261989227,55113049123,"build","completed","success","2025-11-11T10:02:11Z","2025-11-11T10:03:05Z",54,"T38Talon",4
19275392650,55113822376,"build","completed","success","2025-11-11T18:45:55Z","2025-11-11T18:47:11Z",76,"T38Talon",1
19275392650,55113822388,"lint","completed","success","2025-11-11T18:45:55Z","2025-11-11T18:46:21Z",26,"GitHub Actions 1000000684",1
19275392650,55113922167,"integration","completed","failure","2025-11-11T18:47:14Z","2025-11-11T18:49:07Z",113,"T38Talon",1
19275547975,55114348695,"build","completed","success","2025-11-11T18:52:50Z","2025-11-11T18:54:04Z",74,"T38Talon",1
19275547975,55114348697,"lint","completed","success","2025-11-11T18:52:51Z","2025-11-11T18:53:21Z",30,"GitHub Actions 1000000685",1
19275547975,55114439785,"integration","completed","failure","2025-11-11T18:54:07Z","2025-11-11T18:56:01Z",114,"T38Talon",1
19276071851,55116065472,"lint","completed","success","2025-11-11T19:15:31Z","2025-11-11T19:16:00Z",29,"GitHub Actions 1000000686",1
19276071851,55116065474,"build","completed","failure","2025-11-11T19:15:31Z","2025-11-11T19:16:30Z",59,"T38Talon",1
19276071851,55116147099,"integration","completed","skipped","2025-11-11T19:16:30Z","2025-11-11T19:16:30Z",0,,1
19276164428,55116364210,"lint","completed","success","2025-11-11T19:19:25Z","2025-11-11T19:19:51Z",26,"GitHub Actions 1000000687",1
19276164428,55116364221,"build","completed","failure","2025-11-11T19:19:24Z","2025-11-11T19:20:32Z",68,"T38Talon",1
19276164428,55116452032,"integration","completed","skipped","2025-11-11T19:20:32Z","2025-11-11T19:20:32Z",0,,1
19276279160,55116734495,"lint","completed","success","2025-11-11T19:24:14Z","2025-11-11T19:24:41Z",27,"GitHub Actions 1000000688",1
19276279160,55116734508,"build","completed","success","2025-11-11T19:24:13Z","2025-11-11T19:25:17Z",64,"T38Talon",1
19276279160,55116819656,"integration","completed","failure","2025-11-11T19:25:20Z","2025-11-11T19:27:06Z",106,"T38Talon",1
19276914467,55118818306,"build","completed","success","2025-11-11T19:52:59Z","2025-11-11T19:54:09Z",70,"T38Talon",1
19276914467,55118818307,"lint","completed","success","2025-11-11T19:52:59Z","2025-11-11T19:53:25Z",26,"GitHub Actions 1000000689",1
19276914467,55118906211,"integration","completed","failure","2025-11-11T19:54:12Z","2025-11-11T19:55:56Z",104,"T38Talon",1
19277102407,55119474356,"lint","completed","success","2025-11-11T20:02:12Z","2025-11-11T20:02:44Z",32,"GitHub Actions 1000000690",1
19277102407,55119474391,"build","completed","success","2025-11-11T20:02:11Z","2025-11-11T20:03:18Z",67,"T38Talon",1
19277102407,55119568575,"integration","completed","failure","2025-11-11T20:03:20Z","2025-11-11T20:05:10Z",110,"T38Talon",1
19278033480,55122683066,"build","completed","success","2025-11-11T20:43:23Z","2025-11-11T20:44:37Z",74,"T38Talon",2
19278033480,55122683165,"lint","completed","success","2025-11-11T20:43:23Z","2025-11-11T20:43:49Z",26,"GitHub Actions 1000000691",2
19278033480,55122683290,"integration","completed","success","2025-11-11T20:46:07Z","2025-11-11T20:47:54Z",107,"T38Talon",2
19278175352,55122947254,"lint","completed","success","2025-11-11T20:49:47Z","2025-11-11T20:50:15Z",28,"GitHub Actions 1000000692",1
19278175352,55122947255,"build","completed","success","2025-11-11T20:49:46Z","2025-11-11T20:50:56Z",70,"T38Talon",1
19278175352,55123036110,"integration","completed","success","2025-11-11T20:50:59Z","2025-11-11T20:52:46Z",107,"T38Talon",1
19278916810,55125349559,"lint","completed","success","2025-11-11T21:23:20Z","2025-11-11T21:23:49Z",29,"GitHub Actions 1000000693",1
19278916810,55125349565,"build","completed","success","2025-11-11T21:23:19Z","2025-11-11T21:24:30Z",71,"T38Talon",1
19278916810,55125434736,"integration","completed","failure","2025-11-11T21:24:32Z","2025-11-11T21:27:23Z",171,"T38Talon",1
19279046105,55125765593,"build","completed","success","2025-11-11T21:29:22Z","2025-11-11T21:30:31Z",69,"T38Talon",1
19279046105,55125765638,"lint","completed","success","2025-11-11T21:29:23Z","2025-11-11T21:29:49Z",26,"GitHub Actions 1000000694",1
19279046105,55125844904,"integration","completed","failure","2025-11-11T21:30:33Z","2025-11-11T21:33:31Z",178,"T38Talon",1
19279135959,55126055244,"build","completed","success","2025-11-11T21:33:33Z","2025-11-11T21:34:42Z",69,"T38Talon",1
19279135959,55126055249,"lint","completed","success","2025-11-11T21:33:33Z","2025-11-11T21:34:01Z",28,"GitHub Actions 1000000695",1
19279135959,55126138562,"integration","completed","failure","2025-11-11T21:34:45Z","2025-11-11T21:36:27Z",102,"T38Talon",1
19279214244,55229199977,"build","completed","success","2025-11-11T21:37:17Z","2025-11-11T21:38:24Z",67,"T38Talon",3
19279214244,55229200124,"lint","completed","success","2025-11-11T21:37:18Z","2025-11-11T21:37:48Z",30,"GitHub Actions 1000000696",3
19279214244,55229200164,"integration","completed","failure","2025-11-12T20:11:31Z","2025-11-12T20:12:14Z",43,"spacelab-ThinkPad-T420",3
19279280227,55126517053,"lint","completed","success","2025-11-11T21:40:29Z","2025-11-11T21:40:58Z",29,"GitHub Actions 1000000697",1
19279280227,55126517065,"build","completed","success","2025-11-11T21:40:28Z","2025-11-11T21:41:32Z",64,"T38Talon",1
19279280227,55126591338,"integration","completed","success","2025-11-11T21:41:35Z","2025-11-11T21:43:25Z",110,"T38Talon",1
19279573555,55127459645,"build","completed","success","2025-11-11T21:55:22Z","2025-11-11T21:56:53Z",91,"T38Talon",1
19279573555,55127459653,"lint","completed","failure","2025-11-11T21:55:23Z","2025-11-11T21:55:54Z",31,"GitHub Actions 1000000698",1
19279573555,55127553247,"integration","completed","failure","2025-11-11T21:56:55Z","2025-11-11T21:59:57Z",182,"T38Talon",1
19279630236,55127656846,"lint","completed","success","2025-11-11T21:58:41Z","2025-11-11T21:59:10Z",29,"GitHub Actions 1000000699",1
19279630236,55127656853,"build","completed","success","2025-11-11T21:59:59Z","2025-11-11T22:01:09Z",70,"T38Talon",1
19279630236,55127814779,"integration","completed","success","2025-11-11T22:05:28Z","2025-11-11T22:07:18Z",110,"T38Talon",1
19279646420,55127713676,"build","completed","success","2025-11-11T22:02:01Z","2025-11-11T22:03:16Z",75,"T38Talon",1
19279646420,55127713697,"lint","completed","failure","2025-11-11T21:59:43Z","2025-11-11T22:00:09Z",26,"GitHub Actions 1000000700",1
19279646420,55127966281,"integration","completed","failure","2025-11-11T22:08:11Z","2025-11-11T22:09:30Z",79,"T38Talon",1
19279668952,55127789377,"lint","completed","success","2025-11-11T22:00:52Z","2025-11-11T22:01:17Z",25,"GitHub Actions 1000000701",1
19279668952,55127789401,"build","completed","success","2025-11-11T22:04:09Z","2025-11-11T22:05:26Z",77,"T38Talon",1
19279668952,55128124720,"integration","completed","failure","2025-11-11T22:09:36Z","2025-11-11T22:12:27Z",171,"T38Talon",1
19279963917,55128737492,"build","completed","success","2025-11-11T22:14:30Z","2025-11-11T22:15:37Z",67,"T38Talon",1
19279963917,55128737509,"lint","completed","success","2025-11-11T22:14:31Z","2025-11-11T22:15:03Z",32,"GitHub Actions 1000000702",1
19279963917,55128815075,"integration","completed","success","2025-11-11T22:16:30Z","2025-11-11T22:18:16Z",106,"T38Talon",1
19280183069,55129401368,"lint","completed","success","2025-11-11T22:25:13Z","2025-11-11T22:25:38Z",25,"GitHub Actions 1000000703",1
19280183069,55129401371,"build","completed","success","2025-11-11T22:25:13Z","2025-11-11T22:26:20Z",67,"T38Talon",1
19280183069,55129468649,"integration","completed","success","2025-11-11T22:26:22Z","2025-11-11T22:28:14Z",112,"T38Talon",1
19280379999,55129995142,"build","completed","failure","2025-11-11T22:35:19Z","2025-11-11T22:36:21Z",62,"T38Talon",1
19280379999,55129995146,"lint","completed","failure","2025-11-11T22:35:20Z","2025-11-11T22:35:49Z",29,"GitHub Actions 1000000704",1
19280379999,55130061879,"integration","completed","skipped","2025-11-11T22:36:21Z","2025-11-11T22:36:21Z",0,,1
19280421232,55130123486,"lint","completed","failure","2025-11-11T22:37:25Z","2025-11-11T22:37:52Z",27,"GitHub Actions 1000000705",1
19280421232,55130123487,"build","completed","failure","2025-11-11T22:37:24Z","2025-11-11T22:38:23Z",59,"T38Talon",1
19280421232,55130187237,"integration","completed","skipped","2025-11-11T22:38:24Z","2025-11-11T22:38:24Z",0,,1
19280544379,55130497823,"lint","completed","failure","2025-11-11T22:44:01Z","2025-11-11T22:44:29Z",28,"GitHub Actions 1000000706",1
19280544379,55130497841,"build","completed","success","2025-11-11T22:44:00Z","2025-11-11T22:45:10Z",70,"T38Talon",1
19280544379,55130568124,"integration","completed","failure","2025-11-11T22:45:13Z","2025-11-11T22:46:34Z",81,"T38Talon",1
19280797028,55131296980,"build","completed","success","2025-11-11T22:58:44Z","2025-11-11T22:59:55Z",71,"T38Talon",1
19280797028,55131297010,"lint","completed","success","2025-11-11T22:58:45Z","2025-11-11T22:59:11Z",26,"GitHub Actions 1000000707",1
19280797028,55131357339,"integration","completed","failure","2025-11-11T22:59:58Z","2025-11-11T23:03:05Z",187,"T38Talon",1
19281073059,55132135742,"lint","completed","success","2025-11-11T23:13:09Z","2025-11-11T23:13:34Z",25,"GitHub Actions 1000000708",1
19281073059,55132135746,"build","completed","success","2025-11-11T23:13:09Z","2025-11-11T23:14:13Z",64,"T38Talon",1
19281073059,55132195550,"integration","completed","failure","2025-11-11T23:14:15Z","2025-11-11T23:17:08Z",173,"T38Talon",1
19282784129,55137290480,"build","completed","success","2025-11-12T00:52:10Z","2025-11-12T00:53:09Z",59,"T38Talon",1
19282784129,55137290491,"lint","completed","success","2025-11-12T00:52:11Z","2025-11-12T00:52:39Z",28,"GitHub Actions 1000000709",1
19282784129,55137339979,"integration","completed","failure","2025-11-12T00:53:12Z","2025-11-12T00:56:13Z",181,"T38Talon",1
19282847783,55137730857,"integration","completed","success","2025-11-12T01:01:13Z","2025-11-12T01:02:46Z",93,"T38Talon",2
19282847783,55137730891,"lint","completed","success","2025-11-12T00:56:12Z","2025-11-12T00:56:38Z",26,"GitHub Actions 1000000710",2
19282847783,55137738923,"build","completed","success","2025-11-12T00:57:05Z","2025-11-12T00:58:02Z",57,"T38Talon",2
19283197821,55138640871,"build","completed","success","2025-11-12T01:16:21Z","2025-11-12T01:17:11Z",50,"T38Talon",2
19283197821,55138640899,"lint","completed","success","2025-11-12T01:16:21Z","2025-11-12T01:16:52Z",31,"GitHub Actions 1000000711",2
19283197821,55138640911,"integration","completed","success","2025-11-12T01:21:11Z","2025-11-12T01:22:42Z",91,"T38Talon",2
19283235261,55138579787,"build","completed","success","2025-11-12T01:18:43Z","2025-11-12T01:19:29Z",46,"T38Talon",1
19283235261,55138579788,"lint","completed","success","2025-11-12T01:18:35Z","2025-11-12T01:19:04Z",29,"GitHub Actions 1000000712",1
19283235261,55138627548,"integration","completed","success","2025-11-12T01:19:31Z","2025-11-12T01:21:09Z",98,"T38Talon",1
19283351709,55138905907,"build","completed","success","2025-11-12T01:25:25Z","2025-11-12T01:26:43Z",78,"T38Talon",1
19283351709,55138905909,"lint","completed","failure","2025-11-12T01:25:26Z","2025-11-12T01:25:54Z",28,"GitHub Actions 1000000713",1
19283351709,55138971847,"integration","completed","failure","2025-11-12T01:26:45Z","2025-11-12T01:27:54Z",69,"T38Talon",1
19283395313,55139120963,"lint","completed","success","2025-11-12T01:27:58Z","2025-11-12T01:28:27Z",29,"GitHub Actions 1000000714",2
19283395313,55139120988,"build","completed","success","2025-11-12T01:27:56Z","2025-11-12T01:28:48Z",52,"T38Talon",2
19283395313,55139120993,"integration","completed","failure","2025-11-12T01:29:57Z","2025-11-12T01:31:00Z",63,"T38Talon",2
19283896772,55142674340,"integration","completed","success","2025-11-12T02:42:41Z","2025-11-12T02:44:24Z",103,"T38Talon",2
19283896772,55142674424,"build","completed","success","2025-11-12T01:58:41Z","2025-11-12T01:59:45Z",64,"T38Talon",2
19283896772,55142674444,"lint","completed","success","2025-11-12T01:58:42Z","2025-11-12T01:59:11Z",29,"GitHub Actions 1000000715",2
19284820543,55143306850,"lint","completed","success","2025-11-12T02:54:52Z","2025-11-12T02:55:17Z",25,"GitHub Actions 1000000716",1
19284820543,55143306858,"build","completed","success","2025-11-12T02:54:52Z","2025-11-12T02:55:48Z",56,"T38Talon",1
19284820543,55143350964,"integration","completed","success","2025-11-12T02:55:50Z","2025-11-12T02:57:26Z",96,"T38Talon",1
19285128402,55144202011,"lint","completed","failure","2025-11-12T03:12:47Z","2025-11-12T03:13:12Z",25,"GitHub Actions 1000000717",1
19285128402,55144202012,"build","completed","success","2025-11-12T03:12:47Z","2025-11-12T03:13:38Z",51,"T38Talon",1
19285128402,55144245912,"integration","completed","failure","2025-11-12T03:13:41Z","2025-11-12T03:16:40Z",179,"T38Talon",1
19285240714,55144881385,"integration","completed","failure","2025-11-12T03:25:03Z","2025-11-12T03:27:55Z",172,"T38Talon",2
19285240714,55144881390,"build","completed","success","2025-11-12T03:19:30Z","2025-11-12T03:20:23Z",53,"T38Talon",2
19285240714,55144881484,"lint","completed","success","2025-11-12T03:19:31Z","2025-11-12T03:19:59Z",28,"GitHub Actions 1000000718",2
19285323579,55144881129,"lint","completed","success","2025-11-12T03:24:15Z","2025-11-12T03:24:41Z",26,"GitHub Actions 1000000719",1
19285323579,55144881131,"build","completed","success","2025-11-12T03:24:12Z","2025-11-12T03:25:00Z",48,"T38Talon",1
19285323579,55144924778,"integration","completed","failure","2025-11-12T03:28:47Z","2025-11-12T03:31:42Z",175,"T38Talon",1
19286350982,55147940379,"lint","completed","success","2025-11-12T04:25:19Z","2025-11-12T04:25:46Z",27,"GitHub Actions 1000000720",1
19286350982,55147940386,"build","completed","success","2025-11-12T04:25:19Z","2025-11-12T04:26:22Z",63,"T38Talon",1
19286350982,55147991911,"integration","completed","failure","2025-11-12T04:26:24Z","2025-11-12T04:29:17Z",173,"T38Talon",1
19286488141,55149012578,"build","completed","success","2025-11-12T04:33:30Z","2025-11-12T04:34:29Z",59,"T38Talon",2
19286488141,55149012580,"integration","completed","failure","2025-11-12T04:49:18Z","2025-11-12T04:51:04Z",106,"T38Talon",2
19286488141,55149018102,"lint","completed","success","2025-11-12T04:33:30Z","2025-11-12T04:33:56Z",26,"GitHub Actions 1000000721",2
19286533819,55148449669,"build","completed","success","2025-11-12T04:36:35Z","2025-11-12T04:37:33Z",58,"T38Talon",1
19286533819,55148449674,"lint","completed","failure","2025-11-12T04:36:30Z","2025-11-12T04:36:59Z",29,"GitHub Actions 1000000722",1
19286533819,55148498262,"integration","completed","failure","2025-11-12T04:37:36Z","2025-11-12T04:39:22Z",106,"T38Talon",1
19286804416,55149212221,"build","completed","success","2025-11-12T04:53:28Z","2025-11-12T04:54:30Z",62,"T38Talon",1
19286804416,55149212228,"lint","completed","failure","2025-11-12T04:53:29Z","2025-11-12T04:53:57Z",28,"GitHub Actions 1000000723",1
19286804416,55149263894,"integration","completed","failure","2025-11-12T04:55:23Z","2025-11-12T04:57:12Z",109,"T38Talon",1
19286893752,55149468234,"lint","completed","failure","2025-11-12T04:59:31Z","2025-11-12T04:59:58Z",27,"GitHub Actions 1000000724",1
19286893752,55149468240,"build","completed","success","2025-11-12T04:59:31Z","2025-11-12T05:00:22Z",51,"T38Talon",1
19286893752,55149505087,"integration","completed","failure","2025-11-12T05:00:24Z","2025-11-12T05:02:26Z",122,"T38Talon",1
19287262992,55150502193,"build","completed","success","2025-11-12T05:27:40Z","2025-11-12T05:28:34Z",54,"T38Talon",1
19287262992,55150502197,"lint","completed","failure","2025-11-12T05:20:24Z","2025-11-12T05:20:51Z",27,"GitHub Actions 1000000725",1
19287262992,55150897672,"integration","completed","success","2025-11-12T05:28:37Z","2025-11-12T05:30:22Z",105,"T38Talon",1
19287429827,55152713514,"integration","completed","failure","2025-11-12T06:05:01Z","2025-11-12T06:07:54Z",173,"T38Talon",2
19287429827,55152713575,"build","completed","success","2025-11-12T05:31:15Z","2025-11-12T05:32:05Z",50,"T38Talon",2
19287429827,55152713577,"lint","completed","success","2025-11-12T05:29:38Z","2025-11-12T05:30:06Z",28,"GitHub Actions 1000000726",2
19288920931,55155797065,"integration","completed","failure","2025-11-12T07:00:01Z","2025-11-12T07:00:48Z",47,"T38Talon",2
19288920931,55155802509,"build","completed","success","2025-11-12T06:48:19Z","2025-11-12T06:49:09Z",50,"T38Talon",2
19288920931,55155803912,"lint","completed","success","2025-11-12T06:48:21Z","2025-11-12T06:48:50Z",29,"GitHub Actions 1000000727",2
19289320402,55156619502,"lint","completed","success","2025-11-12T07:08:01Z","2025-11-12T07:08:29Z",28,"GitHub Actions 1000000728",3
19289320402,55156619531,"integration","completed","failure","2025-11-12T07:12:46Z","2025-11-12T07:15:33Z",167,"T38Talon",3
19289320402,55156619687,"build","completed","success","2025-11-12T07:08:00Z","2025-11-12T07:08:48Z",48,"T38Talon",3
19306499496,55215296247,"build","completed","success","2025-11-12T17:39:55Z","2025-11-12T17:40:49Z",54,"T38Talon",1
19306499496,55215296257,"lint","completed","success","2025-11-12T17:39:56Z","2025-11-12T17:40:24Z",28,"GitHub Actions 1000000735",1
19306499496,55215389490,"integration","completed","failure","2025-11-12T17:43:25Z","2025-11-12T17:44:11Z",46,"T38Talon",1
19306521431,55216877147,"integration","completed","failure","2025-11-12T17:56:45Z","2025-11-12T17:58:19Z",94,"T38Talon",6
19306521431,55216877264,"lint","completed","success","2025-11-12T17:40:40Z","2025-11-12T17:41:09Z",29,"GitHub Actions 1000000736",6
19306521431,55216877278,"build","completed","success","2025-11-12T17:41:42Z","2025-11-12T17:42:33Z",51,"T38Talon",6
19307188662,55217707629,"lint","completed","success","2025-11-12T18:05:25Z","2025-11-12T18:05:52Z",27,"GitHub Actions 1000000737",1
19307188662,55217707666,"build","completed","success","2025-11-12T18:05:25Z","2025-11-12T18:06:21Z",56,"T38Talon",1
19307188662,55217801346,"integration","completed","failure","2025-11-12T18:06:24Z","2025-11-12T18:08:01Z",97,"T38Talon",1
19307280526,55218024963,"lint","completed","success","2025-11-12T18:08:40Z","2025-11-12T18:09:09Z",29,"GitHub Actions 1000000738",1
19307280526,55218024973,"build","completed","success","2025-11-12T18:08:39Z","2025-11-12T18:09:23Z",44,"T38Talon",1
19307280526,55218097915,"integration","completed","success","2025-11-12T18:09:26Z","2025-11-12T18:11:03Z",97,"T38Talon",1
19307607761,55235682539,"lint","completed","success","2025-11-12T18:20:22Z","2025-11-12T18:20:51Z",29,"GitHub Actions 1000000739",16
19307607761,55235682622,"integration","completed","success","2025-11-12T21:26:19Z","2025-11-12T21:27:56Z",97,"T38Talon",16
19307607761,55235690181,"build","completed","success","2025-11-12T18:20:19Z","2025-11-12T18:21:07Z",48,"T38Talon",16
19307654355,55235848532,"build","completed","success","2025-11-12T19:58:49Z","2025-11-12T19:59:39Z",50,"T38Talon",18
19307654355,55235848682,"integration","completed","failure","2025-11-12T21:28:16Z","2025-11-12T21:29:25Z",69,"T38Talon",18
19307654355,55235848685,"lint","completed","success","2025-11-12T19:55:31Z","2025-11-12T19:55:57Z",26,"GitHub Actions 1000000751",18
19308286900,55221471175,"lint","completed","success","2025-11-12T18:45:24Z","2025-11-12T18:45:54Z",30,"GitHub Actions 1000000744",1
19308286900,55221471193,"build","completed","failure","2025-11-12T18:45:23Z","2025-11-12T18:45:51Z",28,"T38Talon",1
19308286900,55221516483,"integration","completed","skipped","2025-11-12T18:45:51Z","2025-11-12T18:45:51Z",0,,1
19308399729,55222239956,"build","completed","failure","2025-11-12T18:54:05Z","2025-11-12T18:54:42Z",37,"T38Talon",2
19308399729,55222239957,"lint","completed","success","2025-11-12T18:54:06Z","2025-11-12T18:54:34Z",28,"GitHub Actions 1000000746",2
19308399729,55222295005,"integration","completed","skipped","2025-11-12T18:54:43Z","2025-11-12T18:54:43Z",0,,2
19308399762,55222240096,"lint","completed","success","2025-11-12T18:54:06Z","2025-11-12T18:54:36Z",30,"GitHub Actions 1000000747",2
19308399762,55222240129,"build","completed","failure","2025-11-12T18:54:45Z","2025-11-12T18:55:13Z",28,"T38Talon",2
19308399762,55222338293,"integration","completed","skipped","2025-11-12T18:55:14Z","2025-11-12T18:55:14Z",0,,2
19308668848,55224034810,"build","completed","failure","2025-11-12T19:13:42Z","2025-11-12T19:14:00Z",18,"spacelab-ThinkPad-T420",2
19308668848,55224034820,"lint","completed","success","2025-11-12T19:13:44Z","2025-11-12T19:14:13Z",29,"GitHub Actions 1000000749",2
19308668848,55224064211,"integration","completed","skipped","2025-11-12T19:14:00Z","2025-11-12T19:14:00Z",0,,2
19308669293,55244240755,"build","completed","failure","2025-11-13T01:58:36Z","2025-11-13T01:59:15Z",39,"integration-test",3
19308669293,55244241116,"lint","completed","success","2025-11-12T19:13:44Z","2025-11-12T19:14:12Z",28,"GitHub Actions 1000000750",3
19308669293,55253265756,"integration","completed","skipped","2025-11-13T01:59:15Z","2025-11-13T01:59:15Z",0,,3
19312538418,55236163281,"lint","completed","success","2025-11-12T21:32:00Z","2025-11-12T21:32:30Z",30,"GitHub Actions 1000000752",1
19312538418,55236163316,"build","completed","success","2025-11-12T21:34:21Z","2025-11-12T21:35:13Z",52,"T38Talon",1
19312538418,55236435341,"integration","completed","failure","2025-11-12T21:35:16Z","2025-11-12T21:36:38Z",82,"T38Talon",1
19312815891,55237090258,"lint","completed","success","2025-11-12T21:43:03Z","2025-11-12T21:43:29Z",26,"GitHub Actions 1000000753",1
19312815891,55237090267,"build","completed","failure","2025-11-12T21:43:03Z","2025-11-12T21:43:19Z",16,"T38Talon",1
19312815891,55237116754,"integration","completed","skipped","2025-11-12T21:43:20Z","2025-11-12T21:43:20Z",0,,1
19312835584,55237370279,"integration","completed","failure","2025-11-12T21:46:37Z","2025-11-12T21:47:42Z",65,"T38Talon",2
19312835584,55237370292,"lint","completed","success","2025-11-12T21:44:01Z","2025-11-12T21:44:30Z",29,"GitHub Actions 1000000754",2
19312835584,55237378164,"build","completed","success","2025-11-12T21:43:59Z","2025-11-12T21:44:58Z",59,"T38Talon",2
19312937015,55237527283,"lint","completed","success","2025-11-12T21:48:37Z","2025-11-12T21:49:05Z",28,"GitHub Actions 1000000755",1
19312937015,55237527285,"build","completed","success","2025-11-12T21:48:36Z","2025-11-12T21:49:32Z",56,"T38Talon",1
19312937015,55237603478,"integration","completed","failure","2025-11-12T21:49:35Z","2025-11-12T21:50:20Z",45,"T38Talon",1
19313101389,55238094482,"lint","completed","success","2025-11-12T21:56:02Z","2025-11-12T21:56:29Z",27,"GitHub Actions 1000000756",1
19313101389,55238094486,"build","completed","success","2025-11-12T21:56:06Z","2025-11-12T21:57:24Z",78,"T38Talon",1
19313101389,55238200780,"integration","completed","failure","2025-11-12T21:57:26Z","2025-11-12T21:58:30Z",64,"T38Talon",1
19313215760,55238781471,"lint","completed","failure","2025-11-12T22:01:22Z","2025-11-12T22:01:51Z",29,"GitHub Actions 1000000757",3
19313215760,55238781495,"integration","completed","failure","2025-11-12T22:04:30Z","2025-11-12T22:05:34Z",64,"T38Talon",3
19313215760,55238781497,"build","completed","success","2025-11-12T22:01:21Z","2025-11-12T22:02:23Z",62,"T38Talon",3
19313606182,55255278671,"integration","completed","failure","2025-11-13T02:38:06Z","2025-11-13T02:39:52Z",106,"integration-test",5
19313606182,55255278732,"lint","completed","success","2025-11-12T22:16:40Z","2025-11-12T22:17:05Z",25,"GitHub Actions 1000000758",5
19313606182,55255287927,"build","completed","success","2025-11-12T22:16:40Z","2025-11-12T22:17:29Z",49,"T38Talon",5
19316419989,55253523504,"integration","completed","failure","2025-11-13T02:09:21Z","2025-11-13T02:11:09Z",108,"integration-test",2
19316419989,55253523563,"build","completed","success","2025-11-13T01:58:32Z","2025-11-13T01:59:36Z",64,"T38Talon",2
19316419989,55253530247,"lint","completed","success","2025-11-13T00:33:03Z","2025-11-13T00:33:31Z",28,"GitHub Actions 1000000759",2
19317356460,55256367813,"integration","completed","failure","2025-11-13T03:02:02Z","2025-11-13T03:03:51Z",109,"integration-test",2
19317356460,55256367814,"build","completed","success","2025-11-13T02:00:11Z","2025-11-13T02:01:16Z",65,"integration-test",2
19317356460,55256367836,"lint","completed","success","2025-11-13T01:22:57Z","2025-11-13T01:23:25Z",28,"GitHub Actions 1000000760",2
19317627195,55256592949,"lint","completed","success","2025-11-13T01:37:57Z","2025-11-13T01:38:22Z",25,"GitHub Actions 1000000761",3
19317627195,55256592985,"integration","completed","failure","2025-11-13T03:07:22Z","2025-11-13T03:09:11Z",109,"integration-test",3
19317627195,55256593001,"build","completed","success","2025-11-13T02:00:28Z","2025-11-13T02:01:21Z",53,"T38Talon",3
19317900455,55252992801,"build","completed","success","2025-11-13T02:02:09Z","2025-11-13T02:03:04Z",55,"integration-test",1
19317900455,55252992807,"lint","completed","success","2025-11-13T01:53:48Z","2025-11-13T01:54:19Z",31,"GitHub Actions 1000000762",1
19317900455,55253466114,"integration","completed","failure","2025-11-13T02:07:36Z","2025-11-13T02:09:19Z",103,"integration-test",1
19318905393,55256000699,"build","completed","success","2025-11-13T02:51:42Z","2025-11-13T02:52:37Z",55,"integration-test",1
19318905393,55256000702,"lint","completed","failure","2025-11-13T02:51:43Z","2025-11-13T02:52:11Z",28,"GitHub Actions 1000000763",1
19318905393,55256075668,"integration","completed","success","2025-11-13T02:52:40Z","2025-11-13T02:54:28Z",108,"integration-test",1
19318958435,55256185664,"lint","completed","success","2025-11-13T02:54:50Z","2025-11-13T02:55:15Z",25,"GitHub Actions 1000000764",1
19318958435,55256185677,"build","completed","success","2025-11-13T02:54:49Z","2025-11-13T02:55:40Z",51,"integration-test",1
19318958435,55256225575,"integration","completed","success","2025-11-13T02:55:42Z","2025-11-13T02:57:29Z",107,"integration-test",1
19319014259,55256349721,"lint","completed","failure","2025-11-13T02:58:22Z","2025-11-13T02:58:49Z",27,"GitHub Actions 1000000765",1
19319014259,55256349722,"build","completed","success","2025-11-13T02:58:20Z","2025-11-13T02:59:14Z",54,"integration-test",1
19319014259,55256392579,"integration","completed","failure","2025-11-13T03:05:37Z","2025-11-13T03:07:20Z",103,"integration-test",1
19319049384,55256445273,"build","completed","success","2025-11-13T03:11:54Z","2025-11-13T03:12:44Z",50,"integration-test",1
19319049384,55256445278,"lint","completed","success","2025-11-13T03:00:23Z","2025-11-13T03:00:53Z",30,"GitHub Actions 1000000766",1
19319049384,55257085290,"integration","completed","success","2025-11-13T03:14:35Z","2025-11-13T03:16:23Z",108,"integration-test",1
19319076800,55256521695,"lint","completed","success","2025-11-13T03:01:53Z","2025-11-13T03:02:22Z",29,"GitHub Actions 1000000767",1
19319076800,55256521705,"build","completed","success","2025-11-13T03:04:44Z","2025-11-13T03:05:35Z",51,"integration-test",1
19319076800,55256700898,"integration","completed","success","2025-11-13T03:10:04Z","2025-11-13T03:11:51Z",107,"integration-test",1
19319173672,55260907611,"integration","completed","success","2025-11-13T04:26:24Z","2025-11-13T04:28:12Z",108,"integration-test",3
19319173672,55260907775,"lint","completed","success","2025-11-13T03:07:29Z","2025-11-13T03:07:57Z",28,"GitHub Actions 1000000768",3
19319173672,55260913501,"build","completed","success","2025-11-13T03:12:46Z","2025-11-13T03:13:42Z",56,"integration-test",3
19319184643,55256832410,"lint","completed","success","2025-11-13T03:08:10Z","2025-11-13T03:08:41Z",31,"GitHub Actions 1000000769",1
19319184643,55256832417,"build","completed","success","2025-11-13T03:16:26Z","2025-11-13T03:17:19Z",53,"integration-test",1
19319184643,55257322163,"integration","completed","success","2025-11-13T03:20:01Z","2025-11-13T03:21:54Z",113,"integration-test",1
19319940725,55259284070,"build","completed","success","2025-11-13T03:53:11Z","2025-11-13T03:54:03Z",52,"integration-test",1
19319940725,55259284072,"lint","completed","success","2025-11-13T03:53:11Z","2025-11-13T03:53:40Z",29,"GitHub Actions 1000000770",1
19319940725,55259321589,"integration","completed","success","2025-11-13T03:54:05Z","2025-11-13T03:55:53Z",108,"integration-test",1
19320116177,55259782771,"lint","completed","success","2025-11-13T04:03:58Z","2025-11-13T04:04:25Z",27,"GitHub Actions 1000000771",1
19320116177,55259782780,"build","completed","success","2025-11-13T04:03:58Z","2025-11-13T04:04:51Z",53,"integration-test",1
19320116177,55259826774,"integration","completed","success","2025-11-13T04:04:53Z","2025-11-13T04:06:41Z",108,"integration-test",1
19320405698,55260607657,"build","completed","success","2025-11-13T04:20:15Z","2025-11-13T04:21:07Z",52,"integration-test",1
19320405698,55260607661,"lint","completed","success","2025-11-13T04:20:15Z","2025-11-13T04:20:40Z",25,"GitHub Actions 1000000776",1
19320405698,55260653321,"integration","completed","success","2025-11-13T04:21:09Z","2025-11-13T04:23:05Z",116,"integration-test",1
19320566874,55358754650,"integration","completed","failure","2025-11-14T00:07:10Z","2025-11-14T00:09:16Z",126,"integration-test",3
19320566874,55358754658,"build","completed","success","2025-11-13T04:29:31Z","2025-11-13T04:30:23Z",52,"integration-test",3
19320566874,55358754663,"lint","completed","success","2025-11-13T04:29:32Z","2025-11-13T04:29:59Z",27,"GitHub Actions 1000000777",3
19350020050,55359516602,"build","completed","failure","2025-11-14T00:19:38Z","2025-11-14T00:20:12Z",34,"integration-test",1
19350020050,55359516606,"lint","completed","failure","2025-11-14T00:19:38Z","2025-11-14T00:20:05Z",27,"GitHub Actions 1000000778",1
19350020050,55359553668,"integration","completed","skipped","2025-11-14T00:20:13Z","2025-11-14T00:20:13Z",0,,1
19351437828,55375315862,"integration","completed","failure","2025-11-14T05:28:06Z","2025-11-14T05:30:21Z",135,"integration-test",3
19351437828,55375315894,"lint","completed","success","2025-11-14T01:36:38Z","2025-11-14T01:37:07Z",29,"GitHub Actions 1000000779",3
19351437828,55375321539,"build","completed","success","2025-11-14T01:36:37Z","2025-11-14T01:37:30Z",53,"integration-test",3
19355360832,55473376564,"build","completed","success","2025-11-15T07:08:41Z","2025-11-15T07:09:31Z",50,"integration-test",2
19355360832,55473376571,"lint","completed","success","2025-11-15T07:05:51Z","2025-11-15T07:06:20Z",29,"GitHub Actions 1000000807",2
19355360832,55473489028,"integration","completed","success","2025-11-15T07:12:26Z","2025-11-15T07:14:25Z",119,"integration-test",2
19355360905,55473376554,"build","completed","success","2025-11-15T07:06:57Z","2025-11-15T07:07:49Z",52,"integration-test",2
19355360905,55473376556,"lint","completed","success","2025-11-15T07:05:51Z","2025-11-15T07:06:17Z",26,"GitHub Actions 1000000806",2
19355360905,55473440086,"integration","completed","failure","2025-11-15T07:10:23Z","2025-11-15T07:12:24Z",121,"integration-test",2
19376631628,55446968569,"build","completed","success","2025-11-14T20:37:24Z","2025-11-14T20:38:15Z",51,"integration-test",7
19376631628,55446968758,"integration","completed","success","2025-11-14T20:40:52Z","2025-11-14T20:42:46Z",114,"integration-test",7
19376631628,55446968787,"lint","completed","success","2025-11-14T20:37:26Z","2025-11-14T20:37:54Z",28,"GitHub Actions 1000000784",7
19377248168,55447636621,"lint","completed","success","2025-11-14T20:49:56Z","2025-11-14T20:50:21Z",25,"GitHub Actions 1000000785",1
19377248168,55447636630,"build","completed","success","2025-11-14T20:49:55Z","2025-11-14T20:50:46Z",51,"integration-test",1
19377248168,55447708128,"integration","completed","failure","2025-11-14T20:50:49Z","2025-11-14T20:52:56Z",127,"integration-test",1
19377392611,55448385575,"integration","completed","success","2025-11-14T21:00:29Z","2025-11-14T21:02:26Z",117,"integration-test",2
19377392611,55448385713,"lint","completed","success","2025-11-14T20:56:58Z","2025-11-14T20:57:26Z",28,"GitHub Actions 1000000786",2
19377392611,55448394142,"build","completed","success","2025-11-14T20:56:58Z","2025-11-14T20:57:47Z",49,"integration-test",2
19377536271,55449390421,"integration","completed","failure","2025-11-14T21:13:39Z","2025-11-14T21:15:33Z",114,"integration-test",4
19377536271,55449390445,"lint","completed","success","2025-11-14T21:10:27Z","2025-11-14T21:10:58Z",31,"GitHub Actions 1000000789",4
19377536271,55449390562,"build","completed","success","2025-11-14T21:10:27Z","2025-11-14T21:11:16Z",49,"integration-test",4
19378025438,55458690922,"lint","completed","success","2025-11-14T23:47:31Z","2025-11-14T23:47:58Z",27,"GitHub Actions 1000000793",3
19378025438,55458690929,"build","completed","success","2025-11-14T23:48:43Z","2025-11-14T23:49:33Z",50,"integration-test",3
19378025438,55458779447,"integration","completed","failure","2025-11-14T23:49:35Z","2025-11-14T23:50:19Z",44,"integration-test",3
19380448249,55461166636,"integration","completed","success","2025-11-15T00:40:22Z","2025-11-15T00:42:45Z",143,"integration-test",3
19380448249,55461166673,"lint","completed","success","2025-11-14T23:28:19Z","2025-11-14T23:28:47Z",28,"GitHub Actions 1000000791",3
19380448249,55461166676,"build","completed","success","2025-11-14T23:28:18Z","2025-11-14T23:29:11Z",53,"integration-test",3
19380753117,55458680944,"lint","completed","failure","2025-11-14T23:47:18Z","2025-11-14T23:47:44Z",26,"GitHub Actions 1000000792",1
19380753117,55458680946,"build","completed","failure","2025-11-14T23:47:17Z","2025-11-14T23:47:50Z",33,"integration-test",1
19380753117,55458706763,"integration","completed","skipped","2025-11-14T23:47:51Z","2025-11-14T23:47:50Z",-1,,1
19380858874,55458992552,"lint","completed","failure","2025-11-14T23:54:31Z","2025-11-14T23:54:56Z",25,"GitHub Actions 1000000794",1
19380858874,55458992564,"build","completed","success","2025-11-14T23:54:31Z","2025-11-14T23:55:27Z",56,"integration-test",1
19380858874,55459030202,"integration","completed","failure","2025-11-14T23:55:29Z","2025-11-14T23:56:13Z",44,"integration-test",1
19380875893,55459522932,"lint","completed","success","2025-11-15T00:06:18Z","2025-11-15T00:06:44Z",26,"GitHub Actions 1000000796",3
19380875893,55459522936,"build","completed","success","2025-11-15T00:06:18Z","2025-11-15T00:07:08Z",50,"integration-test",3
19380875893,55459567106,"integration","completed","failure","2025-11-15T00:07:10Z","2025-11-15T00:09:10Z",120,"integration-test",3
19381178544,55459992378,"lint","completed","success","2025-11-15T00:15:48Z","2025-11-15T00:16:21Z",33,"GitHub Actions 1000000797",1
19381178544,55459992391,"build","completed","success","2025-11-15T00:15:47Z","2025-11-15T00:16:38Z",51,"integration-test",1
19381178544,55460037378,"integration","completed","failure","2025-11-15T00:16:42Z","2025-11-15T00:18:59Z",137,"integration-test",1
19381268601,55460872296,"lint","completed","success","2025-11-15T00:33:57Z","2025-11-15T00:34:25Z",28,"GitHub Actions 1000000801",5
19381268601,55460872299,"build","completed","success","2025-11-15T00:33:55Z","2025-11-15T00:34:45Z",50,"integration-test",5
19381268601,55460915121,"integration","completed","failure","2025-11-15T00:34:48Z","2025-11-15T00:36:50Z",122,"integration-test",5
19381575815,55461193972,"build","completed","success","2025-11-15T00:43:38Z","2025-11-15T00:44:27Z",49,"integration-test",1
19381575815,55461193978,"lint","completed","success","2025-11-15T00:41:01Z","2025-11-15T00:41:28Z",27,"GitHub Actions 1000000802",1
19381575815,55461346581,"integration","completed","failure","2025-11-15T00:44:29Z","2025-11-15T00:46:37Z",128,"integration-test",1
19381638728,55461379737,"build","completed","success","2025-11-15T00:46:39Z","2025-11-15T00:47:30Z",51,"integration-test",1
19381638728,55461379740,"lint","completed","success","2025-11-15T00:45:17Z","2025-11-15T00:45:44Z",27,"GitHub Actions 1000000803",1
19381638728,55461474977,"integration","completed","success","2025-11-15T00:47:32Z","2025-11-15T00:50:09Z",157,"integration-test",1
19382840897,55496526484,"build","completed","success","2025-11-15T22:04:17Z","2025-11-15T22:05:09Z",52,"integration-test",3
19382840897,55496526491,"lint","completed","success","2025-11-15T22:04:17Z","2025-11-15T22:04:44Z",27,"GitHub Actions 1000000812",3
19382840897,55496556955,"integration","completed","success","2025-11-15T22:05:11Z","2025-11-15T22:07:44Z",153,"integration-test",3
19383492198,55473216282,"integration","completed","success","2025-11-15T07:01:00Z","2025-11-15T07:03:10Z",130,"integration-test",3
19383492198,55473216352,"build","completed","success","2025-11-15T03:07:51Z","2025-11-15T03:08:41Z",50,"integration-test",3
19383492198,55473221874,"lint","completed","success","2025-11-15T03:07:51Z","2025-11-15T03:08:17Z",26,"GitHub Actions 1000000805",3
19386326063,55473719177,"lint","completed","success","2025-11-15T07:17:41Z","2025-11-15T07:18:05Z",24,"GitHub Actions 1000000808",1
19386326063,55473719179,"build","completed","success","2025-11-15T07:17:40Z","2025-11-15T07:18:31Z",51,"integration-test",1
19386326063,55473744597,"integration","completed","success","2025-11-15T07:18:34Z","2025-11-15T07:20:56Z",142,"integration-test",1
19386630124,55474403747,"lint","completed","failure","2025-11-15T07:44:27Z","2025-11-15T07:44:57Z",30,"GitHub Actions 1000000809",1
19386630124,55474403752,"build","completed","success","2025-11-15T07:44:26Z","2025-11-15T07:45:20Z",54,"integration-test",1
19386630124,55474425667,"integration","completed","failure","2025-11-15T07:45:22Z","2025-11-15T07:45:52Z",30,"integration-test",1
19394646421,55492930807,"build","completed","failure","2025-11-15T19:39:54Z","2025-11-15T19:40:36Z",42,"integration-test",1
19394646421,55492930810,"lint","completed","success","2025-11-15T19:39:55Z","2025-11-15T19:40:27Z",32,"GitHub Actions 1000000810",1
19394646421,55492947880,"integration","completed","skipped","2025-11-15T19:40:36Z","2025-11-15T19:40:36Z",0,,1
19395682929,55495370729,"build","completed","success","2025-11-15T21:16:42Z","2025-11-15T21:17:33Z",51,"integration-test",1
19395682929,55495370734,"lint","completed","success","2025-11-15T21:16:42Z","2025-11-15T21:17:10Z",28,"GitHub Actions 1000000811",1
19395682929,55495393785,"integration","completed","failure","2025-11-15T21:17:35Z","2025-11-15T21:20:10Z",155,"integration-test",1
19396268987,55535580026,"integration","completed","success","2025-11-16T21:32:46Z","2025-11-16T21:35:14Z",148,"integration-test",5
19396268987,55535580084,"build","completed","success","2025-11-15T22:10:55Z","2025-11-15T22:11:45Z",50,"integration-test",5
19396268987,55535580089,"lint","completed","success","2025-11-15T22:10:55Z","2025-11-15T22:11:20Z",25,"GitHub Actions 1000000813",5
19396639645,55497540160,"lint","completed","success","2025-11-15T22:43:56Z","2025-11-15T22:44:22Z",26,"GitHub Actions 1000000814",1
19396639645,55497540171,"build","completed","success","2025-11-15T22:43:56Z","2025-11-15T22:44:52Z",56,"integration-test",1
19396639645,55497560493,"integration","completed","success","2025-11-15T22:44:54Z","2025-11-15T22:47:12Z",138,"integration-test",1
19396759284,55497821407,"lint","completed","failure","2025-11-15T22:57:31Z","2025-11-15T22:57:55Z",24,"GitHub Actions 1000000815",1
19396759284,55497821410,"build","completed","success","2025-11-15T22:57:31Z","2025-11-15T22:58:23Z",52,"integration-test",1
19396759284,55497837929,"integration","completed","success","2025-11-15T22:58:25Z","2025-11-15T23:00:44Z",139,"integration-test",1
19397072787,55739685778,"build","completed","success","2025-11-18T18:33:34Z","2025-11-18T18:34:36Z",62,"deathstar",2
19397072787,55739686187,"lint","completed","success","2025-11-15T23:26:08Z","2025-11-15T23:26:37Z",29,"GitHub Actions 1000000816",2
19397072787,55739791988,"integration","completed","success","2025-11-18T18:34:39Z","2025-11-18T18:37:04Z",145,"deathstar",2
19397243930,55531096739,"build","completed","failure","2025-11-16T18:56:00Z","2025-11-16T18:56:13Z",13,"integration-test",4
19397243930,55531096783,"lint","completed","success","2025-11-15T23:41:23Z","2025-11-15T23:41:53Z",30,"GitHub Actions 1000000817",4
19397243930,55531102533,"integration","completed","skipped","2025-11-16T18:56:13Z","2025-11-16T18:56:13Z",0,,4
19398061032,55501015722,"lint","completed","failure","2025-11-16T00:57:43Z","2025-11-16T00:58:11Z",28,"GitHub Actions 1000000818",1
19398061032,55501015724,"build","completed","success","2025-11-16T00:57:41Z","2025-11-16T00:58:44Z",63,"integration-test",1
19398061032,55501043747,"integration","completed","failure","2025-11-16T00:58:47Z","2025-11-16T00:59:17Z",30,"integration-test",1
19410506306,55531184693,"build","completed","failure","2025-11-16T19:00:19Z","2025-11-16T19:00:32Z",13,"integration-test",1
19410506306,55531184694,"lint","completed","success","2025-11-16T19:00:02Z","2025-11-16T19:00:30Z",28,"GitHub Actions 1000000819",1
19410506306,55531202548,"integration","completed","skipped","2025-11-16T19:00:32Z","2025-11-16T19:00:32Z",0,,1
19410525789,55531231347,"lint","completed","success","2025-11-16T19:01:30Z","2025-11-16T19:02:00Z",30,"GitHub Actions 1000000820",1
19410525789,55531231348,"build","completed","failure","2025-11-16T19:01:29Z","2025-11-16T19:01:42Z",13,"integration-test",1
19410525789,55531239340,"integration","completed","skipped","2025-11-16T19:01:43Z","2025-11-16T19:01:43Z",0,,1
19410543115,55535917775,"integration","completed","success","2025-11-16T21:45:29Z","2025-11-16T21:47:55Z",146,"integration-test",2
19410543115,55535917796,"build","completed","success","2025-11-16T19:02:43Z","2025-11-16T19:04:37Z",114,"integration-test",2
19410543115,55535921717,"lint","completed","success","2025-11-16T19:02:46Z","2025-11-16T19:03:10Z",24,"GitHub Actions 1000000821",2
19413950694,55539393553,"lint","completed","success","2025-11-16T23:45:35Z","2025-11-16T23:46:03Z",28,"GitHub Actions 1000000823",2
19413950694,55539393566,"build","completed","success","2025-11-16T23:45:34Z","2025-11-16T23:46:40Z",66,"integration-test",2
19413950694,55539423336,"integration","completed","failure","2025-11-16T23:49:15Z","2025-11-16T23:51:49Z",154,"integration-test",2
19413950726,55619388130,"integration","completed","success","2025-11-17T18:05:26Z","2025-11-17T18:08:07Z",161,"integration-test",3
19413950726,55619388309,"lint","completed","success","2025-11-16T23:45:34Z","2025-11-16T23:45:58Z",24,"GitHub Actions 1000000824",3
19413950726,55619388347,"build","completed","success","2025-11-16T23:47:32Z","2025-11-16T23:48:23Z",51,"integration-test",3
19414518384,55656266160,"integration","completed","success","2025-11-18T02:20:26Z","2025-11-18T02:24:42Z",256,"deathstar",4
19414518384,55656266285,"lint","completed","success","2025-11-17T00:26:13Z","2025-11-17T00:26:43Z",30,"GitHub Actions 1000000825",4
19414518384,55656271365,"build","completed","success","2025-11-17T00:26:07Z","2025-11-17T00:27:12Z",65,"integration-test",4
19441250228,55624805437,"build","completed","success","2025-11-17T19:03:04Z","2025-11-17T19:04:07Z",63,"integration-test",1
19441250228,55624805450,"lint","completed","success","2025-11-17T19:03:05Z","2025-11-17T19:03:34Z",29,"GitHub Actions 1000000826",1
19441250228,55624909651,"integration","completed","success","2025-11-17T19:04:09Z","2025-11-17T19:06:26Z",137,"integration-test",1
19441828301,55627247482,"integration","completed","failure","2025-11-17T19:29:36Z","2025-11-17T19:30:19Z",43,"integration-test",3
19441828301,55627247596,"build","completed","success","2025-11-17T19:23:42Z","2025-11-17T19:24:45Z",63,"integration-test",3
19441828301,55627261778,"lint","completed","success","2025-11-17T19:23:43Z","2025-11-17T19:24:13Z",30,"GitHub Actions 1000000827",3
19445151227,55741092192,"build","completed","success","2025-11-18T18:37:57Z","2025-11-18T18:39:04Z",67,"deathstar",9
19445151227,55741092229,"integration","completed","cancelled","2025-11-18T18:53:50Z","2025-11-18T18:57:02Z",192,"deathstar",9
19445151227,55741092293,"lint","completed","success","2025-11-18T18:35:06Z","2025-11-18T18:35:31Z",25,"GitHub Actions 1000000854",9
19448324422,55647763833,"build","completed","failure","2025-11-17T23:38:20Z","2025-11-17T23:38:55Z",35,"integration-test",1
19448324422,55647763843,"lint","completed","success","2025-11-17T23:38:20Z","2025-11-17T23:38:45Z",25,"GitHub Actions 1000000834",1
19448324422,55647803281,"integration","completed","skipped","2025-11-17T23:38:56Z","2025-11-17T23:38:56Z",0,,1
19448510026,55648286738,"lint","completed","success","2025-11-17T23:46:55Z","2025-11-17T23:47:23Z",28,"GitHub Actions 1000000835",1
19448510026,55648286739,"build","completed","failure","2025-11-17T23:46:52Z","2025-11-17T23:47:52Z",60,"integration-test",1
19448510026,55648346765,"integration","completed","skipped","2025-11-17T23:47:52Z","2025-11-17T23:47:52Z",0,,1
19448513992,55648297456,"build","completed","success","2025-11-17T23:48:44Z","2025-11-17T23:49:50Z",66,"integration-test",1
19448513992,55648297472,"lint","completed","success","2025-11-17T23:47:05Z","2025-11-17T23:47:35Z",30,"GitHub Actions 1000000836",1
19448513992,55648460516,"integration","completed","failure","2025-11-17T23:49:52Z","2025-11-17T23:50:36Z",44,"integration-test",1
19450276642,55653474173,"lint","completed","success","2025-11-18T01:08:10Z","2025-11-18T01:08:36Z",26,"GitHub Actions 1000000837",1
19450276642,55653474184,"build","completed","failure","2025-11-18T02:26:40Z","2025-11-18T02:26:55Z",15,"deathstar",1
19450276642,55657769554,"integration","completed","skipped","2025-11-18T02:26:55Z","2025-11-18T02:26:55Z",0,,1
19450286966,55653503544,"lint","completed","failure","2025-11-18T01:08:41Z","2025-11-18T01:09:04Z",23,"GitHub Actions 1000000838",1
19450286966,55653503554,"build","completed","failure","2025-11-18T02:26:57Z","2025-11-18T02:27:10Z",13,"deathstar",1
19450286966,55657784184,"integration","completed","skipped","2025-11-18T02:27:11Z","2025-11-18T02:27:10Z",-1,,1
19450303789,55658041761,"build","completed","failure","2025-11-18T02:31:21Z","2025-11-18T02:31:34Z",13,"deathstar",3
19450303789,55658041954,"lint","completed","success","2025-11-18T02:26:49Z","2025-11-18T02:27:15Z",26,"GitHub Actions 1000000841",3
19450303789,55658057441,"integration","completed","skipped","2025-11-18T02:31:35Z","2025-11-18T02:31:35Z",0,,3
19451546990,55657106583,"lint","completed","success","2025-11-18T02:14:45Z","2025-11-18T02:15:10Z",25,"GitHub Actions 1000000840",1
19451546990,55657106588,"build","completed","failure","2025-11-18T02:27:12Z","2025-11-18T02:27:24Z",12,"deathstar",1
19451546990,55657797187,"integration","completed","skipped","2025-11-18T02:27:25Z","2025-11-18T02:27:24Z",-1,,1
19452610283,55660183525,"lint","completed","success","2025-11-18T03:07:28Z","2025-11-18T03:07:58Z",30,"GitHub Actions 1000000843",1
19452610283,55660183532,"build","completed","failure","2025-11-18T03:07:24Z","2025-11-18T03:07:38Z",14,"deathstar",1
19452610283,55660200355,"integration","completed","skipped","2025-11-18T03:07:38Z","2025-11-18T03:07:38Z",0,,1
19453754392,55663643095,"build","completed","failure","2025-11-18T04:07:32Z","2025-11-18T04:07:45Z",13,"deathstar",1
19453754392,55663643106,"lint","completed","success","2025-11-18T04:07:33Z","2025-11-18T04:08:04Z",31,"GitHub Actions 1000000849",1
19453754392,55663659072,"integration","completed","skipped","2025-11-18T04:07:45Z","2025-11-18T04:07:45Z",0,,1
19453762420,55663666796,"lint","completed","success","2025-11-18T04:07:57Z","2025-11-18T04:08:25Z",28,"GitHub Actions 1000000850",1
19453762420,55663666816,"build","completed","failure","2025-11-18T04:07:56Z","2025-11-18T04:08:08Z",12,"deathstar",1
19453762420,55663681356,"integration","completed","skipped","2025-11-18T04:08:09Z","2025-11-18T04:08:09Z",0,,1
19453794714,55663760119,"build","completed","failure","2025-11-18T04:09:34Z","2025-11-18T04:09:46Z",12,"deathstar",1
19453794714,55663760127,"lint","completed","success","2025-11-18T04:09:34Z","2025-11-18T04:10:05Z",31,"GitHub Actions 1000000851",1
19453794714,55663773997,"integration","completed","skipped","2025-11-18T04:09:46Z","2025-11-18T04:09:46Z",0,,1
19453797905,55663769293,"build","completed","failure","2025-11-18T04:10:38Z","2025-11-18T04:10:51Z",13,"deathstar",1
19453797905,55663769329,"lint","completed","success","2025-11-18T04:09:45Z","2025-11-18T04:10:14Z",29,"GitHub Actions 1000000852",1
19453797905,55663835166,"integration","completed","skipped","2025-11-18T04:10:51Z","2025-11-18T04:10:51Z",0,,1
19454525915,55665801373,"lint","completed","success","2025-11-18T04:48:41Z","2025-11-18T04:49:08Z",27,"GitHub Actions 1000000853",1
19454525915,55665801377,"build","completed","failure","2025-11-18T04:48:41Z","2025-11-18T04:48:55Z",14,"deathstar",1
19454525915,55665813128,"integration","completed","skipped","2025-11-18T04:48:55Z","2025-11-18T04:48:55Z",0,,1
19477282460,55742117479,"lint","completed","success","2025-11-18T18:38:54Z","2025-11-18T18:39:22Z",28,"GitHub Actions 1000000855",3
19477282460,55742117707,"build","completed","success","2025-11-18T18:39:06Z","2025-11-18T18:40:15Z",69,"deathstar",3
19477282460,55742118162,"integration","completed","failure","2025-11-18T19:02:30Z","2025-11-18T19:05:56Z",206,"deathstar",3
19477689677,55761325402,"build","completed","success","2025-11-18T19:01:22Z","2025-11-18T19:02:24Z",62,"deathstar",14
19477689677,55761325441,"lint","completed","success","2025-11-18T18:56:26Z","2025-11-18T18:56:58Z",32,"GitHub Actions 1000000856",14
19477689677,55761325503,"integration","completed","failure","2025-11-18T23:17:54Z","2025-11-18T23:18:38Z",44,"deathstar",14
19483864557,55761596763,"lint","completed","success","2025-11-18T23:21:50Z","2025-11-18T23:22:19Z",29,"GitHub Actions 1000000857",1
19483864557,55761596775,"build","completed","success","2025-11-18T23:21:49Z","2025-11-18T23:22:52Z",63,"deathstar",1
19483864557,55761675097,"integration","completed","failure","2025-11-18T23:22:55Z","2025-11-18T23:23:40Z",45,"deathstar",1
19483939772,55763004355,"lint","completed","success","2025-11-18T23:25:10Z","2025-11-18T23:25:39Z",29,"GitHub Actions 1000000858",6
19483939772,55763004865,"integration","completed","failure","2025-11-18T23:41:27Z","2025-11-18T23:43:01Z",94,"deathstar",6
19483939772,55763014137,"build","completed","success","2025-11-18T23:25:09Z","2025-11-18T23:26:11Z",62,"deathstar",6
19484358177,55768341952,"integration","completed","failure","2025-11-19T01:03:16Z","2025-11-19T01:04:12Z",56,"spacelab-ThinkPad-T420",4
19484358177,55768342140,"build","completed","success","2025-11-18T23:43:28Z","2025-11-18T23:44:30Z",62,"deathstar",4
19484358177,55768349773,"lint","completed","success","2025-11-18T23:43:29Z","2025-11-18T23:43:58Z",29,"GitHub Actions 1000000859",4
19486020334,55769571479,"build","completed","success","2025-11-19T01:24:19Z","2025-11-19T01:25:24Z",65,"T38Talon",2
19486020334,55769571837,"lint","completed","success","2025-11-19T01:04:45Z","2025-11-19T01:05:10Z",25,"GitHub Actions 1000000860",2
19486020334,55769629858,"integration","completed","failure","2025-11-19T01:26:16Z","2025-11-19T01:29:49Z",213,"T38Talon",2
19486593803,55770094232,"build","completed","success","2025-11-19T01:33:35Z","2025-11-19T01:34:50Z",75,"T38Talon",1
19486593803,55770094238,"lint","completed","success","2025-11-19T01:33:37Z","2025-11-19T01:34:01Z",24,"GitHub Actions 1000000861",1
19486593803,55770174464,"integration","completed","success","2025-11-19T01:34:52Z","2025-11-19T01:36:56Z",124,"T38Talon",1
19486721230,55770473222,"lint","completed","success","2025-11-19T01:40:08Z","2025-11-19T01:40:34Z",26,"GitHub Actions 1000000862",1
19486721230,55770473237,"build","completed","success","2025-11-19T01:40:08Z","2025-11-19T01:41:08Z",60,"T38Talon",1
19486721230,55770531662,"integration","completed","failure","2025-11-19T01:41:10Z","2025-11-19T01:44:44Z",214,"T38Talon",1
19486869953,55770905567,"build","completed","success","2025-11-19T01:48:11Z","2025-11-19T01:49:14Z",63,"T38Talon",1
19486869953,55770905571,"lint","completed","success","2025-11-19T01:48:12Z","2025-11-19T01:48:39Z",27,"GitHub Actions 1000000863",1
19486869953,55770966132,"integration","completed","failure","2025-11-19T01:49:16Z","2025-11-19T01:52:49Z",213,"T38Talon",1
19487061919,55771699140,"integration","completed","success","2025-11-19T02:02:41Z","2025-11-19T02:04:58Z",137,"T38Talon",2
19487061919,55771699171,"lint","completed","success","2025-11-19T01:58:42Z","2025-11-19T01:59:09Z",27,"GitHub Actions 1000000864",2
19487061919,55771707803,"build","completed","success","2025-11-19T01:58:42Z","2025-11-19T01:59:44Z",62,"T38Talon",2
19487604661,55773206246,"integration","completed","failure","2025-11-19T02:30:28Z","2025-11-19T02:32:39Z",131,"T38Talon",3
19487604661,55773206357,"build","completed","success","2025-11-19T02:27:21Z","2025-11-19T02:28:30Z",69,"T38Talon",3
19487604661,55773206385,"lint","completed","success","2025-11-19T02:27:22Z","2025-11-19T02:27:51Z",29,"GitHub Actions 1000000865",3
19487785662,55773569788,"lint","completed","success","2025-11-19T02:36:17Z","2025-11-19T02:36:44Z",27,"GitHub Actions 1000000866",1
19487785662,55773569791,"build","completed","success","2025-11-19T02:36:12Z","2025-11-19T02:37:24Z",72,"T38Talon",1
19487785662,55773649889,"integration","completed","failure","2025-11-19T02:37:27Z","2025-11-19T02:40:18Z",171,"T38Talon",1
19488662995,55776342897,"lint","completed","success","2025-11-19T03:23:53Z","2025-11-19T03:24:20Z",27,"GitHub Actions 1000000867",1
19488662995,55776342920,"build","completed","success","2025-11-19T03:23:52Z","2025-11-19T03:25:01Z",69,"T38Talon",1
19488662995,55776410147,"integration","completed","failure","2025-11-19T03:27:43Z","2025-11-19T03:30:36Z",173,"T38Talon",1
19488682802,55777062790,"build","completed","success","2025-11-19T03:25:53Z","2025-11-19T03:26:51Z",58,"T38Talon",3
19488682802,55777062796,"integration","completed","failure","2025-11-19T03:36:06Z","2025-11-19T03:37:39Z",93,"T38Talon",3
19488682802,55777069884,"lint","completed","success","2025-11-19T03:24:56Z","2025-11-19T03:25:21Z",25,"GitHub Actions 1000000868",3
19488935324,55777206576,"build","completed","success","2025-11-19T03:39:03Z","2025-11-19T03:40:05Z",62,"T38Talon",1
19488935324,55777206577,"lint","completed","success","2025-11-19T03:39:04Z","2025-11-19T03:39:32Z",28,"GitHub Actions 1000000869",1
19488935324,55777260134,"integration","completed","failure","2025-11-19T03:40:07Z","2025-11-19T03:42:55Z",168,"T38Talon",1
19489045502,55777533736,"lint","completed","success","2025-11-19T03:45:36Z","2025-11-19T03:46:05Z",29,"GitHub Actions 1000000870",1
19489045502,55777533750,"build","completed","success","2025-11-19T03:45:34Z","2025-11-19T03:46:35Z",61,"T38Talon",1
19489045502,55777587366,"integration","completed","failure","2025-11-19T03:46:37Z","2025-11-19T03:48:16Z",99,"T38Talon",1
19489288593,55778218017,"lint","completed","success","2025-11-19T03:59:59Z","2025-11-19T04:00:31Z",32,"GitHub Actions 1000000871",1
19489288593,55778218042,"build","completed","success","2025-11-19T03:59:58Z","2025-11-19T04:01:00Z",62,"T38Talon",1
19489288593,55778275773,"integration","completed","failure","2025-11-19T04:01:02Z","2025-11-19T04:09:36Z",514,"T38Talon",1
19489686382,55779355263,"lint","completed","success","2025-11-19T04:21:11Z","2025-11-19T04:21:42Z",31,"GitHub Actions 1000000872",1
19489686382,55779355275,"build","completed","failure","2025-11-19T04:21:10Z","2025-11-19T04:31:11Z",601,"T38Talon",1
19489686382,55779870767,"integration","completed","skipped","2025-11-19T04:31:11Z","2025-11-19T04:31:11Z",0,,1
19490498205,55781629777,"lint","completed","success","2025-11-19T05:06:57Z","2025-11-19T05:07:27Z",30,"GitHub Actions 1000000873",1
19490498205,55781629785,"build","completed","success","2025-11-19T05:07:04Z","2025-11-19T05:08:23Z",79,"T38Talon",1
19490498205,55781713634,"integration","completed","success","2025-11-19T05:08:25Z","2025-11-19T05:10:41Z",136,"T38Talon",1
19511316476,55851485243,"lint","completed","success","2025-11-19T17:58:11Z","2025-11-19T17:58:40Z",29,"GitHub Actions 1000000874",1
19511316476,55851485266,"build","completed","success","2025-11-19T18:35:26Z","2025-11-19T18:36:32Z",66,"T38Talon",1
19511316476,55855348939,"integration","completed","failure","2025-11-19T18:41:39Z","2025-11-19T18:42:21Z",42,"T38Talon",1
19511665565,55852706851,"build","completed","success","2025-11-19T18:36:34Z","2025-11-19T18:37:37Z",63,"T38Talon",1
19511665565,55852706884,"lint","completed","success","2025-11-19T18:09:54Z","2025-11-19T18:10:22Z",28,"GitHub Actions 1000000880",1
19511665565,55855450735,"integration","completed","failure","2025-11-19T18:43:13Z","2025-11-19T18:43:55Z",42,"T38Talon",1
19512015803,55853926507,"lint","completed","success","2025-11-19T18:22:02Z","2025-11-19T18:22:33Z",31,"GitHub Actions 1000000881",1
19512015803,55853926512,"build","completed","success","2025-11-19T18:38:29Z","2025-11-19T18:39:34Z",65,"T38Talon",1
19512015803,55855628048,"integration","completed","failure","2025-11-19T18:43:57Z","2025-11-19T18:44:39Z",42,"T38Talon",1
19512177473,55854481472,"lint","completed","success","2025-11-19T18:27:40Z","2025-11-19T18:28:08Z",28,"GitHub Actions 1000000882",1
19512177473,55854481481,"build","completed","success","2025-11-19T18:39:36Z","2025-11-19T18:40:37Z",61,"T38Talon",1
19512177473,55855729686,"integration","completed","failure","2025-11-19T18:44:41Z","2025-11-19T18:45:22Z",41,"T38Talon",1
19512289449,55854867819,"build","completed","success","2025-11-19T18:40:39Z","2025-11-19T18:41:37Z",58,"T38Talon",1
19512289449,55854867833,"lint","completed","success","2025-11-19T18:31:35Z","2025-11-19T18:32:01Z",26,"GitHub Actions 1000000883",1
19512289449,55855828317,"integration","completed","failure","2025-11-19T18:46:14Z","2025-11-19T18:46:57Z",43,"T38Talon",1
19512699515,55856299073,"build","completed","success","2025-11-19T18:46:59Z","2025-11-19T18:47:56Z",57,"T38Talon",1
19512699515,55856299104,"lint","completed","success","2025-11-19T18:46:36Z","2025-11-19T18:47:05Z",29,"GitHub Actions 1000000889",1
19512699515,55856432327,"integration","completed","failure","2025-11-19T18:49:48Z","2025-11-19T18:50:30Z",42,"T38Talon",1
19512724174,55856372896,"lint","completed","success","2025-11-19T18:47:20Z","2025-11-19T18:47:50Z",30,"GitHub Actions 1000000890",1
19512724174,55856372939,"build","completed","success","2025-11-19T18:48:48Z","2025-11-19T18:49:46Z",58,"T38Talon",1
19512724174,55856606051,"integration","completed","failure","2025-11-19T18:50:32Z","2025-11-19T18:51:15Z",43,"T38Talon",1
19512916008,55857043864,"lint","completed","success","2025-11-19T18:54:22Z","2025-11-19T18:54:51Z",29,"GitHub Actions 1000000891",1
19512916008,55857043896,"build","completed","success","2025-11-19T18:54:21Z","2025-11-19T18:55:16Z",55,"T38Talon",1
19512916008,55857137919,"integration","completed","failure","2025-11-19T18:55:18Z","2025-11-19T18:56:02Z",44,"T38Talon",1
19513390767,55858725711,"build","completed","success","2025-11-19T19:11:59Z","2025-11-19T19:12:59Z",60,"T38Talon",1
19513390767,55858725722,"lint","completed","success","2025-11-19T19:12:00Z","2025-11-19T19:12:30Z",30,"GitHub Actions 1000000892",1
19513390767,55858822480,"integration","completed","failure","2025-11-19T19:13:01Z","2025-11-19T19:13:44Z",43,"T38Talon",1
19513801588,55860136730,"lint","completed","success","2025-11-19T19:27:03Z","2025-11-19T19:27:29Z",26,"GitHub Actions 1000000898",1
19513801588,55860136784,"build","completed","success","2025-11-19T19:27:02Z","2025-11-19T19:27:59Z",57,"T38Talon",1
19513801588,55860228397,"integration","completed","failure","2025-11-19T19:29:50Z","2025-11-19T19:39:51Z",601,"T38Talon",1
19513805909,55860152237,"build","completed","success","2025-11-19T19:28:01Z","2025-11-19T19:28:58Z",57,"T38Talon",1
19513805909,55860152286,"lint","completed","success","2025-11-19T19:27:13Z","2025-11-19T19:27:42Z",29,"GitHub Actions 1000000899",1
19513805909,55860323551,"integration","completed","failure","2025-11-19T20:09:28Z","2025-11-19T20:10:10Z",42,"T38Talon",1
19521243288,55884991312,"lint","completed","success","2025-11-20T00:40:42Z","2025-11-20T00:41:07Z",25,"GitHub Actions 1000000900",1
19521243288,55884991321,"build","completed","success","2025-11-20T00:40:41Z","2025-11-20T00:41:50Z",69,"T38Talon",1
19521243288,55885061549,"integration","completed","failure","2025-11-20T00:41:52Z","2025-11-20T00:42:35Z",43,"T38Talon",1
19521409289,55900114642,"lint","completed","success","2025-11-20T00:49:08Z","2025-11-20T00:49:33Z",25,"GitHub Actions 1000000901",3
19521409289,55900114644,"integration","completed","success","2025-11-20T05:14:08Z","2025-11-20T05:24:24Z",616,"deathstar",3
19521409289,55900114696,"build","completed","success","2025-11-20T01:56:59Z","2025-11-20T01:58:07Z",68,"deathstar",3
19523550032,55891582286,"lint","completed","success","2025-11-20T02:37:25Z","2025-11-20T02:37:53Z",28,"GitHub Actions 1000000902",1
19523550032,55891582321,"build","completed","success","2025-11-20T02:37:23Z","2025-11-20T02:38:23Z",60,"deathstar",1
19523550032,55891649368,"integration","completed","success","2025-11-20T02:38:25Z","2025-11-20T02:48:42Z",617,"deathstar",1
19583272104,56086174346,"lint","completed","success","2025-11-21T20:56:06Z","2025-11-21T20:56:31Z",25,"GitHub Actions 1000000903",1
19583272104,56086174351,"build","completed","failure","2025-11-21T20:56:05Z","2025-11-21T20:56:46Z",41,"deathstar",1
19583272104,56086223393,"integration","completed","skipped","2025-11-21T20:56:46Z","2025-11-21T20:56:46Z",0,,1
19583512171,56386124908,"integration","completed","success","2025-11-25T21:17:17Z","2025-11-25T21:27:47Z",630,"deathstar",3
19583512171,56386125105,"build","completed","success","2025-11-21T21:07:02Z","2025-11-21T21:08:04Z",62,"deathstar",3
19583512171,56386125190,"lint","completed","success","2025-11-21T21:07:03Z","2025-11-21T21:07:29Z",26,"GitHub Actions 1000000904",3
19585698360,56093986499,"build","completed","success","2025-11-21T22:53:00Z","2025-11-21T22:54:05Z",65,"deathstar",1
19585698360,56093986504,"lint","completed","success","2025-11-21T22:53:00Z","2025-11-21T22:53:35Z",35,"GitHub Actions 1000000905",1
19585698360,56094045851,"integration","completed","failure","2025-11-21T22:54:07Z","2025-11-21T22:56:27Z",140,"deathstar",1
19587402160,56099132405,"lint","completed","success","2025-11-22T00:38:40Z","2025-11-22T00:39:11Z",31,"GitHub Actions 1000000906",1
19587402160,56099132408,"build","completed","success","2025-11-22T00:38:40Z","2025-11-22T00:39:41Z",61,"deathstar",1
19587402160,56099178161,"integration","completed","failure","2025-11-22T00:39:43Z","2025-11-22T00:40:28Z",45,"deathstar",1
19589772600,56256784168,"integration","completed","success","2025-11-24T18:16:26Z","2025-11-24T18:26:52Z",626,"spacelab-ThinkPad-T420",4
19589772600,56256784227,"lint","completed","success","2025-11-22T03:41:25Z","2025-11-22T03:41:54Z",29,"GitHub Actions 1000000907",4
19589772600,56256798859,"build","completed","success","2025-11-22T03:41:24Z","2025-11-22T03:42:26Z",62,"deathstar",4
19600597632,56131561381,"lint","completed","failure","2025-11-22T20:08:28Z","2025-11-22T20:08:52Z",24,"GitHub Actions 1000000908",1
19600597632,56131561383,"build","completed","success","2025-11-22T20:08:28Z","2025-11-22T20:09:37Z",69,"deathstar",1
19600597632,56131594365,"integration","completed","failure","2025-11-22T20:09:39Z","2025-11-22T20:10:24Z",45,"deathstar",1
19600617524,56131610192,"build","completed","success","2025-11-22T20:11:16Z","2025-11-22T20:12:19Z",63,"deathstar",1
19600617524,56131610200,"lint","completed","success","2025-11-22T20:10:18Z","2025-11-22T20:10:45Z",27,"GitHub Actions 1000000909",1
19600617524,56131667729,"integration","completed","failure","2025-11-22T20:12:21Z","2025-11-22T20:13:06Z",45,"deathstar",1
19601330709,56133287188,"lint","completed","success","2025-11-22T21:15:51Z","2025-11-22T21:16:16Z",25,"GitHub Actions 1000000910",1
19601330709,56133287201,"build","completed","success","2025-11-22T21:15:51Z","2025-11-22T21:16:52Z",61,"deathstar",1
19601330709,56133315613,"integration","completed","failure","2025-11-22T21:16:56Z","2025-11-22T21:17:39Z",43,"deathstar",1
19601386038,56255838598,"lint","completed","success","2025-11-22T21:20:45Z","2025-11-22T21:21:10Z",25,"GitHub Actions 1000000911",5
19601386038,56255838650,"build","completed","success","2025-11-22T21:20:44Z","2025-11-22T21:21:42Z",58,"deathstar",5
19601386038,56255839052,"integration","completed","success","2025-11-24T18:06:37Z","2025-11-24T18:08:55Z",138,"spacelab-ThinkPad-T420",5
19602548700,56136154946,"lint","completed","success","2025-11-22T23:11:27Z","2025-11-22T23:11:53Z",26,"GitHub Actions 1000000912",1
19602548700,56136154951,"build","completed","success","2025-11-22T23:11:24Z","2025-11-22T23:12:24Z",60,"deathstar",1
19602548700,56136179909,"integration","completed","failure","2025-11-22T23:12:26Z","2025-11-22T23:16:27Z",241,"spacelab-ThinkPad-T420",1
19623291578,56187548500,"build","completed","success","2025-11-24T04:25:04Z","2025-11-24T04:26:08Z",64,"deathstar",1
19623291578,56187548514,"lint","completed","success","2025-11-24T04:25:06Z","2025-11-24T04:25:36Z",30,"GitHub Actions 1000000913",1
19623291578,56187594078,"integration","completed","failure","2025-11-24T04:26:10Z","2025-11-24T04:26:54Z",44,"deathstar",1
19624057964,56189591290,"build","completed","success","2025-11-24T05:11:40Z","2025-11-24T05:12:44Z",64,"deathstar",1
19624057964,56189591294,"lint","completed","success","2025-11-24T05:11:41Z","2025-11-24T05:12:05Z",24,"GitHub Actions 1000000914",1
19624057964,56189643484,"integration","completed","failure","2025-11-24T05:12:47Z","2025-11-24T05:15:02Z",135,"spacelab-ThinkPad-T420",1
19624257604,56190110987,"build","completed","success","2025-11-24T05:23:10Z","2025-11-24T05:24:14Z",64,"deathstar",1
19624257604,56190110988,"lint","completed","success","2025-11-24T05:23:13Z","2025-11-24T05:23:43Z",30,"GitHub Actions 1000000915",1
19624257604,56190158621,"integration","completed","success","2025-11-24T05:24:16Z","2025-11-24T05:26:33Z",137,"spacelab-ThinkPad-T420",1
19624438268,56256283161,"build","completed","failure","2025-11-24T18:12:19Z","2025-11-24T18:13:12Z",53,"deathstar",2
19624438268,56256283529,"lint","completed","success","2025-11-24T05:34:02Z","2025-11-24T05:34:31Z",29,"GitHub Actions 1000000916",2
19624438268,56256481780,"integration","completed","skipped","2025-11-24T18:13:13Z","2025-11-24T18:13:12Z",-1,,2
19644784771,56257251433,"build","completed","success","2025-11-24T18:21:34Z","2025-11-24T18:22:38Z",64,"deathstar",1
19644784771,56257251438,"lint","completed","success","2025-11-24T18:21:37Z","2025-11-24T18:22:02Z",25,"GitHub Actions 1000000917",1
19644784771,56257351625,"integration","completed","failure","2025-11-24T18:22:40Z","2025-11-24T18:25:07Z",147,"deathstar",1
19644824937,56257379399,"build","completed","success","2025-11-24T18:25:59Z","2025-11-24T18:27:01Z",62,"deathstar",1
19644824937,56257379427,"lint","completed","success","2025-11-24T18:22:59Z","2025-11-24T18:23:27Z",28,"GitHub Actions 1000000918",1
19644824937,56257754797,"integration","completed","failure","2025-11-24T18:27:54Z","2025-11-24T18:30:11Z",137,"deathstar",1
19646025383,56290212971,"integration","completed","failure","2025-11-25T01:33:35Z","2025-11-25T01:47:05Z",810,"T38Talon",14
19646025383,56290212989,"build","completed","success","2025-11-24T19:05:48Z","2025-11-24T19:06:47Z",59,"deathstar",14
19646025383,56290222022,"lint","completed","success","2025-11-24T19:05:49Z","2025-11-24T19:06:19Z",30,"GitHub Actions 1000000919",14
19652716858,56282977412,"lint","completed","success","2025-11-24T23:28:32Z","2025-11-24T23:28:58Z",26,"GitHub Actions 1000000920",1
19652716858,56282977419,"build","completed","failure","2025-11-24T23:28:32Z","2025-11-24T23:28:49Z",17,"deathstar",1
19652716858,56282997452,"integration","completed","skipped","2025-11-24T23:28:49Z","2025-11-24T23:28:49Z",0,,1
19652851994,56283376100,"lint","completed","success","2025-11-24T23:34:52Z","2025-11-24T23:35:18Z",26,"GitHub Actions 1000000921",1
19652851994,56283376104,"build","completed","failure","2025-11-24T23:34:52Z","2025-11-24T23:35:08Z",16,"deathstar",1
19652851994,56283397286,"integration","completed","skipped","2025-11-24T23:35:08Z","2025-11-24T23:35:08Z",0,,1
19652944669,56287007484,"lint","completed","success","2025-11-24T23:39:16Z","2025-11-24T23:39:47Z",31,"GitHub Actions 1000000922",4
19652944669,56287007489,"integration","completed","failure","2025-11-25T00:34:52Z","2025-11-25T00:35:52Z",60,"T38Talon",4
19652944669,56287013093,"build","completed","success","2025-11-24T23:39:14Z","2025-11-24T23:40:16Z",62,"deathstar",4
19653105201,56390134435,"build","completed","success","2025-11-24T23:46:56Z","2025-11-24T23:47:56Z",60,"deathstar",2
19653105201,56390134616,"integration","completed","success","2025-11-25T22:16:41Z","2025-11-25T22:27:00Z",619,"deathstar",2
19653105201,56390134627,"lint","completed","success","2025-11-24T23:46:57Z","2025-11-24T23:47:25Z",28,"GitHub Actions 1000000923",2
19654279067,56290115515,"integration","completed","failure","2025-11-25T01:31:49Z","2025-11-25T01:32:48Z",59,"T38Talon",2
19654279067,56290115553,"lint","completed","success","2025-11-25T00:45:36Z","2025-11-25T00:46:02Z",26,"GitHub Actions 1000000924",2
19654279067,56290121821,"build","completed","success","2025-11-25T00:45:52Z","2025-11-25T00:46:53Z",61,"T38Talon",2
19655072754,56299915766,"build","completed","success","2025-11-25T01:28:00Z","2025-11-25T01:29:07Z",67,"T38Talon",4
19655072754,56299915828,"integration","completed","failure","2025-11-25T04:37:00Z","2025-11-25T04:49:46Z",766,"deathstar",4
19655072754,56299915865,"lint","completed","success","2025-11-25T01:28:05Z","2025-11-25T01:28:34Z",29,"GitHub Actions 1000000925",4
19658638333,56301659692,"integration","completed","failure","2025-11-25T05:13:09Z","2025-11-25T05:25:53Z",764,"deathstar",3
19658638333,56301659789,"lint","completed","success","2025-11-25T04:50:17Z","2025-11-25T04:50:45Z",28,"GitHub Actions 1000000926",3
19658638333,56301659801,"build","completed","success","2025-11-25T04:50:17Z","2025-11-25T04:51:19Z",62,"deathstar",3
19659275303,56302303093,"lint","completed","success","2025-11-25T05:26:34Z","2025-11-25T05:27:05Z",31,"GitHub Actions 1000000927",1
19659275303,56302303100,"build","completed","success","2025-11-25T05:26:33Z","2025-11-25T05:27:32Z",59,"deathstar",1
19659275303,56302352070,"integration","completed","failure","2025-11-25T05:27:34Z","2025-11-25T05:40:18Z",764,"deathstar",1
19659533704,56370798718,"integration","completed","success","2025-11-25T18:20:38Z","2025-11-25T18:22:52Z",134,"T38Talon",4
19659533704,56370798727,"lint","completed","success","2025-11-25T05:40:35Z","2025-11-25T05:41:00Z",25,"GitHub Actions 1000000928",4
19659533704,56370798877,"build","completed","success","2025-11-25T05:40:34Z","2025-11-25T05:41:35Z",61,"deathstar",4
19685099779,56389945122,"lint","completed","success","2025-11-25T21:48:19Z","2025-11-25T21:48:48Z",29,"GitHub Actions 1000000929",2
19685099779,56389945190,"integration","completed","success","2025-11-25T22:06:27Z","2025-11-25T22:16:39Z",612,"deathstar",2
19685099779,56389945195,"build","completed","success","2025-11-25T21:48:18Z","2025-11-25T21:49:18Z",60,"deathstar",2
19694868362,56417767365,"lint","completed","success","2025-11-26T06:38:17Z","2025-11-26T06:38:46Z",29,"GitHub Actions 1000000930",1
19694868362,56417767376,"build","completed","success","2025-11-26T06:38:17Z","2025-11-26T06:39:19Z",62,"deathstar",1
19694868362,56417822418,"integration","completed","failure","2025-11-26T06:39:21Z","2025-11-26T06:40:04Z",43,"deathstar",1
19695009449,56418175778,"build","completed","success","2025-11-26T06:45:46Z","2025-11-26T06:46:43Z",57,"deathstar",1
19695009449,56418175785,"lint","completed","success","2025-11-26T06:45:47Z","2025-11-26T06:46:17Z",30,"GitHub Actions 1000000936",1
19695009449,56418228260,"integration","completed","failure","2025-11-26T06:46:45Z","2025-11-26T06:47:29Z",44,"deathstar",1
19695096886,56418426837,"build","completed","success","2025-11-26T06:50:29Z","2025-11-26T06:51:29Z",60,"deathstar",1
19695096886,56418426845,"lint","completed","success","2025-11-26T06:50:30Z","2025-11-26T06:50:56Z",26,"GitHub Actions 1000000937",1
19695096886,56418482619,"integration","completed","failure","2025-11-26T06:51:31Z","2025-11-26T06:52:14Z",43,"deathstar",1
19695194151,56485660287,"integration","completed","success","2025-11-26T19:29:27Z","2025-11-26T19:47:20Z",1073,"deathstar",4
19695194151,56485660450,"lint","completed","success","2025-11-26T06:55:38Z","2025-11-26T06:56:07Z",29,"GitHub Actions 1000000938",4
19695194151,56485669223,"build","completed","success","2025-11-26T06:56:27Z","2025-11-26T06:57:26Z",59,"deathstar",4
19711638849,56481837287,"build","completed","success","2025-11-26T17:03:26Z","2025-11-26T17:04:29Z",63,"deathstar",2
19711638849,56481837344,"lint","completed","success","2025-11-26T17:03:27Z","2025-11-26T17:03:58Z",31,"GitHub Actions 1000000944",2
19711638849,56481837406,"integration","completed","failure","2025-11-26T18:40:16Z","2025-11-26T18:50:26Z",610,"deathstar",2
19717148606,56492325155,"lint","completed","success","2025-11-26T20:54:28Z","2025-11-26T20:54:53Z",25,"GitHub Actions 1000000945",3
19717148606,56492325225,"integration","completed","success","2025-11-26T21:01:08Z","2025-11-26T21:11:07Z",599,"T38Talon",3
19717148606,56492325248,"build","completed","success","2025-11-26T20:54:27Z","2025-11-26T20:55:27Z",60,"deathstar",3
19717802358,56493962948,"build","completed","success","2025-11-26T21:24:06Z","2025-11-26T21:25:10Z",64,"T38Talon",1
19717802358,56493962957,"lint","completed","success","2025-11-26T21:24:07Z","2025-11-26T21:24:34Z",27,"GitHub Actions 1000000946",1
19717802358,56494038648,"integration","completed","failure","2025-11-26T21:25:12Z","2025-11-26T21:25:56Z",44,"deathstar",1
19719655783,56499550975,"build","completed","success","2025-11-26T22:54:02Z","2025-11-26T22:55:05Z",63,"deathstar",1
19719655783,56499550976,"lint","completed","success","2025-11-26T22:54:02Z","2025-11-26T22:54:29Z",27,"GitHub Actions 1000000947",1
19719655783,56499605081,"integration","completed","failure","2025-11-26T22:55:07Z","2025-11-26T22:56:09Z",62,"T38Talon",1
19721886292,56505913495,"lint","completed","success","2025-11-27T01:03:24Z","2025-11-27T01:03:48Z",24,"GitHub Actions 1000000948",1
19721886292,56505913497,"build","completed","success","2025-11-27T01:03:20Z","2025-11-27T01:04:28Z",68,"deathstar",1
19721886292,56505967699,"integration","completed","failure","2025-11-27T01:04:31Z","2025-11-27T01:05:14Z",43,"deathstar",1
19722022725,56506283096,"lint","completed","success","2025-11-27T01:11:23Z","2025-11-27T01:11:49Z",26,"GitHub Actions 1000000949",1
19722022725,56506283098,"build","completed","success","2025-11-27T01:11:23Z","2025-11-27T01:12:26Z",63,"deathstar",1
19722022725,56506333327,"integration","completed","failure","2025-11-27T01:12:28Z","2025-11-27T01:13:11Z",43,"deathstar",1
19722527713,56519172568,"integration","completed","failure","2025-11-27T05:53:21Z","2025-11-27T05:54:04Z",43,"deathstar",2
19722527713,56519172619,"lint","completed","success","2025-11-27T01:42:10Z","2025-11-27T01:42:36Z",26,"GitHub Actions 1000000950",2
19722527713,56519178071,"build","completed","success","2025-11-27T01:42:10Z","2025-11-27T01:43:15Z",65,"deathstar",2
19723235076,56509540454,"lint","completed","success","2025-11-27T02:26:07Z","2025-11-27T02:26:35Z",28,"GitHub Actions 1000000951",1
19723235076,56509540463,"build","completed","success","2025-11-27T02:26:06Z","2025-11-27T02:27:15Z",69,"deathstar",1
19723235076,56509592947,"integration","completed","failure","2025-11-27T02:27:17Z","2025-11-27T02:28:01Z",44,"deathstar",1
19724637403,56513751362,"build","completed","success","2025-11-27T03:52:33Z","2025-11-27T03:53:39Z",66,"deathstar",1
19724637403,56513751367,"lint","completed","success","2025-11-27T03:52:33Z","2025-11-27T03:52:58Z",25,"GitHub Actions 1000000952",1
19724637403,56513804099,"integration","completed","failure","2025-11-27T03:53:41Z","2025-11-27T03:54:26Z",45,"deathstar",1
19725175267,56515233365,"lint","completed","success","2025-11-27T04:25:10Z","2025-11-27T04:25:35Z",25,"GitHub Actions 1000000953",1
19725175267,56515233374,"build","completed","success","2025-11-27T04:25:10Z","2025-11-27T04:26:12Z",62,"deathstar",1
19725175267,56515283041,"integration","completed","failure","2025-11-27T04:26:14Z","2025-11-27T04:26:59Z",45,"deathstar",1
19726332012,56518365630,"build","completed","success","2025-11-27T05:35:55Z","2025-11-27T05:36:59Z",64,"deathstar",1
19726332012,56518365633,"lint","completed","success","2025-11-27T05:35:56Z","2025-11-27T05:36:25Z",29,"GitHub Actions 1000000954",1
19726332012,56518418616,"integration","completed","failure","2025-11-27T05:37:01Z","2025-11-27T05:37:45Z",44,"deathstar",1
19726508385,56592179651,"lint","completed","success","2025-11-27T05:46:08Z","2025-11-27T05:46:40Z",32,"GitHub Actions 1000000955",2
19726508385,56592179723,"integration","completed","cancelled","2025-11-28T00:09:47Z","2025-11-28T00:12:14Z",147,"T38Talon",2
19726508385,56592179749,"build","completed","success","2025-11-27T05:46:07Z","2025-11-27T05:47:07Z",60,"deathstar",2
19749191213,56589172561,"lint","completed","success","2025-11-27T22:36:38Z","2025-11-27T22:37:04Z",26,"GitHub Actions 1000000956",1
19749191213,56589172571,"build","completed","success","2025-11-27T22:36:37Z","2025-11-27T22:37:47Z",70,"deathstar",1
19749191213,56589218378,"integration","completed","failure","2025-11-27T22:37:50Z","2025-11-27T22:38:34Z",44,"deathstar",1
19750142236,56591575855,"build","completed","success","2025-11-27T23:48:41Z","2025-11-27T23:49:46Z",65,"deathstar",1
19750142236,56591575858,"lint","completed","success","2025-11-27T23:48:43Z","2025-11-27T23:49:11Z",28,"GitHub Actions 1000000957",1
19750142236,56591606366,"integration","completed","failure","2025-11-27T23:49:48Z","2025-11-27T23:50:32Z",44,"deathstar",1
19750237695,56591819948,"lint","completed","success","2025-11-27T23:57:48Z","2025-11-27T23:58:19Z",31,"GitHub Actions 1000000958",1
19750237695,56591819949,"build","completed","success","2025-11-27T23:57:47Z","2025-11-27T23:58:50Z",63,"deathstar",1
19750237695,56591846011,"integration","completed","failure","2025-11-28T00:00:31Z","2025-11-28T00:03:01Z",150,"T38Talon",1
19750260338,56592466496,"integration","completed","failure","2025-11-28T00:15:14Z","2025-11-28T00:17:53Z",159,"T38Talon",4
19750260338,56592466508,"build","completed","success","2025-11-28T00:00:20Z","2025-11-28T00:01:21Z",61,"deathstar",4
19750260338,56592466591,"lint","completed","success","2025-11-28T00:00:20Z","2025-11-28T00:00:50Z",30,"GitHub Actions 1000000959",4
19750459637,56594097733,"integration","completed","cancelled","2025-11-28T00:58:17Z","2025-11-28T01:04:40Z",383,"T38Talon",2
19750459637,56594097765,"lint","completed","success","2025-11-28T00:14:21Z","2025-11-28T00:14:48Z",27,"GitHub Actions 1000000960",2
19750459637,56594103127,"build","completed","success","2025-11-28T00:14:21Z","2025-11-28T00:15:21Z",60,"deathstar",2
19750623784,56593046520,"integration","completed","failure","2025-11-28T00:29:53Z","2025-11-28T00:49:10Z",1157,"T38Talon",2
19750623784,56593046555,"lint","completed","success","2025-11-28T00:25:23Z","2025-11-28T00:25:55Z",32,"GitHub Actions 1000000961",2
19750623784,56593046593,"build","completed","success","2025-11-28T00:25:23Z","2025-11-28T00:26:27Z",64,"deathstar",2
19751169684,56594347316,"build","completed","success","2025-11-28T01:04:58Z","2025-11-28T01:06:17Z",79,"T38Talon",1
19751169684,56594347321,"lint","completed","success","2025-11-28T01:04:59Z","2025-11-28T01:05:26Z",27,"GitHub Actions 1000000962",1
19751169684,56594396312,"integration","completed","failure","2025-11-28T01:06:19Z","2025-11-28T01:19:50Z",811,"T38Talon",1
19751408559,56594949549,"build","completed","success","2025-11-28T01:21:39Z","2025-11-28T01:22:44Z",65,"T38Talon",1
19751408559,56594949555,"lint","completed","success","2025-11-28T01:21:40Z","2025-11-28T01:22:07Z",27,"GitHub Actions 1000000963",1
19751408559,56594988836,"integration","completed","failure","2025-11-28T01:22:46Z","2025-11-28T01:23:57Z",71,"T38Talon",1
19751765933,56595903584,"build","completed","success","2025-11-28T01:47:37Z","2025-11-28T01:48:39Z",62,"deathstar",1
19751765933,56595903592,"lint","completed","success","2025-11-28T01:47:38Z","2025-11-28T01:48:05Z",27,"GitHub Actions 1000000964",1
19751765933,56595943360,"integration","completed","cancelled","2025-11-28T01:48:41Z","2025-11-28T01:56:38Z",477,"T38Talon",1
19752173168,56596953720,"build","completed","success","2025-11-28T02:16:19Z","2025-11-28T02:17:20Z",61,"deathstar",1
19752173168,56596953722,"lint","completed","success","2025-11-28T02:16:20Z","2025-11-28T02:16:50Z",30,"GitHub Actions 1000000965",1
19752173168,56596990879,"integration","completed","failure","2025-11-28T02:17:23Z","2025-11-28T02:26:41Z",558,"T38Talon",1
19752335213,56680678213,"integration","completed","failure","2025-11-29T07:26:42Z","2025-11-29T07:29:20Z",158,"T38Talon",16
19752335213,56680678221,"lint","completed","success","2025-11-28T02:27:24Z","2025-11-28T02:27:53Z",29,"GitHub Actions 1000000966",16
19752335213,56680678241,"build","completed","success","2025-11-28T02:27:23Z","2025-11-28T02:28:23Z",60,"deathstar",16
19753408344,56600900131,"integration","completed","failure","2025-11-28T03:47:00Z","2025-11-28T03:47:43Z",43,"spacelab-ThinkPad-T420",2
19753408344,56600900165,"build","completed","success","2025-11-28T03:40:21Z","2025-11-28T03:41:23Z",62,"deathstar",2
19753408344,56600900215,"lint","completed","success","2025-11-28T03:40:21Z","2025-11-28T03:40:46Z",25,"GitHub Actions 1000000967",2
19753409706,56678084173,"build","completed","success","2025-11-28T03:40:27Z","2025-11-28T03:42:31Z",124,"T38Talon",2
19753409706,56678084194,"lint","completed","success","2025-11-28T03:40:27Z","2025-11-28T03:40:57Z",30,"GitHub Actions 1000000968",2
19753409706,56678084212,"integration","completed","failure","2025-11-29T05:40:56Z","2025-11-29T05:42:25Z",89,"mac-mini",2
19754225219,56602843425,"build","completed","success","2025-11-28T04:36:03Z","2025-11-28T04:37:05Z",62,"deathstar",1
19754225219,56602843429,"lint","completed","success","2025-11-28T04:36:03Z","2025-11-28T04:36:29Z",26,"GitHub Actions 1000000969",1
19754225219,56602881637,"integration","completed","failure","2025-11-28T04:37:07Z","2025-11-28T04:37:50Z",43,"spacelab-ThinkPad-T420",1
19756844041,56609924497,"build","completed","success","2025-11-28T07:16:28Z","2025-11-28T07:17:35Z",67,"deathstar",1
19756844041,56609924502,"lint","completed","success","2025-11-28T07:16:32Z","2025-11-28T07:17:01Z",29,"GitHub Actions 1000000970",1
19756844041,56609983416,"integration","completed","failure","2025-11-28T07:17:37Z","2025-11-28T07:18:21Z",44,"spacelab-ThinkPad-T420",1
19759949871,56619301540,"build","completed","success","2025-11-28T09:41:10Z","2025-11-28T09:42:20Z",70,"deathstar",1
19759949871,56619301551,"lint","completed","success","2025-11-28T09:41:11Z","2025-11-28T09:41:40Z",29,"GitHub Actions 1000000971",1
19759949871,56619392625,"integration","completed","failure","2025-11-28T09:42:23Z","2025-11-28T09:43:06Z",43,"spacelab-ThinkPad-T420",1
19770704193,56653972837,"build","completed","failure","2025-11-28T17:44:01Z","2025-11-28T17:44:44Z",43,"deathstar",1
19770704193,56653972848,"lint","completed","success","2025-11-28T17:44:02Z","2025-11-28T17:44:30Z",28,"GitHub Actions 1000000972",1
19770704193,56654010909,"integration","completed","skipped","2025-11-28T17:44:45Z","2025-11-28T17:44:45Z",0,,1
19770862143,56654457416,"build","completed","failure","2025-11-28T17:54:04Z","2025-11-28T17:54:15Z",11,"spacelab-ThinkPad-T420",1
19770862143,56654457452,"lint","completed","success","2025-11-28T17:54:05Z","2025-11-28T17:54:31Z",26,"GitHub Actions 1000000973",1
19770862143,56654468570,"integration","completed","skipped","2025-11-28T17:54:16Z","2025-11-28T17:54:16Z",0,,1
19773090249,56677677848,"build","completed","success","2025-11-29T05:23:14Z","2025-11-29T05:24:21Z",67,"deathstar",2
19773090249,56677677996,"lint","completed","success","2025-11-28T20:15:56Z","2025-11-28T20:16:24Z",28,"GitHub Actions 1000000974",2
19773090249,56677705168,"integration","completed","failure","2025-11-29T05:24:23Z","2025-11-29T05:25:06Z",43,"spacelab-ThinkPad-T420",2
19773287246,56661477832,"build","completed","failure","2025-11-28T20:28:51Z","2025-11-28T20:29:02Z",11,"spacelab-ThinkPad-T420",1
19773287246,56661477852,"lint","completed","success","2025-11-28T20:28:52Z","2025-11-28T20:29:20Z",28,"GitHub Actions 1000000975",1
19773287246,56661487118,"integration","completed","skipped","2025-11-28T20:29:02Z","2025-11-28T20:29:02Z",0,,1
19774418148,56698021362,"integration","completed","failure","2025-11-29T19:36:34Z","2025-11-29T19:46:45Z",611,"NCC-Michael",3
19774418148,56698021405,"build","completed","success","2025-11-29T05:16:50Z","2025-11-29T05:18:01Z",71,"deathstar",3
19774418148,56698023483,"lint","completed","success","2025-11-28T21:48:09Z","2025-11-28T21:48:35Z",26,"GitHub Actions 1000000976",3
19776095352,56672478422,"build","completed","success","2025-11-29T02:15:31Z","2025-11-29T02:16:34Z",63,"deathstar",2
19776095352,56672478424,"lint","completed","success","2025-11-29T02:15:35Z","2025-11-29T02:16:02Z",27,"GitHub Actions 1000000978",2
19776095352,56672503738,"integration","completed","failure","2025-11-29T02:16:37Z","2025-11-29T02:17:21Z",44,"spacelab-ThinkPad-T420",2
19777729937,56673328573,"lint","completed","failure","2025-11-29T02:46:45Z","2025-11-29T02:47:09Z",24,"GitHub Actions 1000000981",3
19777729937,56673328580,"build","completed","failure","2025-11-29T02:46:45Z","2025-11-29T02:55:21Z",516,"hal2000",3
19777729937,56673621127,"integration","completed","skipped","2025-11-29T02:55:22Z","2025-11-29T02:55:22Z",0,,3
19779877484,56697573941,"build","completed","success","2025-11-29T18:40:03Z","2025-11-29T18:41:09Z",66,"deathstar",3
19779877484,56697573956,"integration","completed","failure","2025-11-29T19:18:06Z","2025-11-29T19:30:25Z",739,"NCC-Michael",3
19779877484,56697573987,"lint","completed","success","2025-11-29T06:00:43Z","2025-11-29T06:01:13Z",30,"GitHub Actions 1000000982",3
19780066666,56678979389,"build","completed","failure","2025-11-29T06:16:57Z","2025-11-29T06:17:08Z",11,"spacelab-ThinkPad-T420",1
19780066666,56678979399,"lint","completed","success","2025-11-29T06:16:57Z","2025-11-29T06:17:26Z",29,"GitHub Actions 1000000983",1
19780066666,56678984900,"integration","completed","skipped","2025-11-29T06:17:09Z","2025-11-29T06:17:08Z",-1,,1
19780192097,56679272162,"lint","completed","success","2025-11-29T06:28:45Z","2025-11-29T06:29:12Z",27,"GitHub Actions 1000000984",1
19780192097,56679272167,"build","completed","failure","2025-11-29T06:28:44Z","2025-11-29T06:28:56Z",12,"spacelab-ThinkPad-T420",1
19780192097,56679277495,"integration","completed","skipped","2025-11-29T06:28:56Z","2025-11-29T06:28:56Z",0,,1
19780415903,56680629644,"build","completed","success","2025-11-29T06:50:32Z","2025-11-29T06:51:33Z",61,"deathstar",3
19780415903,56680629651,"integration","completed","cancelled","2025-11-29T07:24:27Z","2025-11-29T07:24:49Z",22,"T38Talon",3
19780415903,56680629655,"lint","completed","success","2025-11-29T06:50:33Z","2025-11-29T06:51:05Z",32,"GitHub Actions 1000000985",3
19781116803,56681372494,"build","completed","success","2025-11-29T08:00:27Z","2025-11-29T08:01:34Z",67,"T38Talon",1
19781116803,56681372496,"lint","completed","success","2025-11-29T08:00:28Z","2025-11-29T08:01:00Z",32,"GitHub Actions 1000000986",1
19781116803,56681408243,"integration","completed","failure","2025-11-29T08:01:36Z","2025-11-29T08:15:12Z",816,"T38Talon",1
19781312886,56681869347,"lint","completed","success","2025-11-29T08:18:31Z","2025-11-29T08:19:01Z",30,"GitHub Actions 1000000987",1
19781312886,56681869352,"build","completed","success","2025-11-29T08:18:31Z","2025-11-29T08:19:34Z",63,"deathstar",1
19781312886,56681897624,"integration","completed","failure","2025-11-29T08:19:36Z","2025-11-29T08:22:03Z",147,"T38Talon",1
19781349890,56681956611,"lint","completed","success","2025-11-29T08:22:04Z","2025-11-29T08:22:31Z",27,"GitHub Actions 1000000988",1
19781349890,56681956616,"build","completed","success","2025-11-29T08:22:03Z","2025-11-29T08:23:04Z",61,"deathstar",1
19781349890,56681980187,"integration","completed","failure","2025-11-29T08:23:06Z","2025-11-29T08:25:25Z",139,"T38Talon",1
19781397136,56682444036,"integration","completed","success","2025-11-29T08:42:33Z","2025-11-29T08:44:59Z",146,"T38Talon",5
19781397136,56682444037,"lint","completed","success","2025-11-29T08:26:48Z","2025-11-29T08:27:14Z",26,"GitHub Actions 1000000989",5
19781397136,56682444065,"build","completed","success","2025-11-29T08:26:45Z","2025-11-29T08:27:45Z",60,"deathstar",5
19781806609,56683047020,"lint","completed","success","2025-11-29T09:06:26Z","2025-11-29T09:06:56Z",30,"GitHub Actions 1000000990",1
19781806609,56683047032,"build","completed","success","2025-11-29T09:06:25Z","2025-11-29T09:07:35Z",70,"T38Talon",1
19781806609,56683079236,"integration","completed","failure","2025-11-29T09:07:37Z","2025-11-29T09:21:09Z",812,"T38Talon",1
19781976750,56683424200,"build","completed","success","2025-11-29T09:21:55Z","2025-11-29T09:22:56Z",61,"deathstar",1
19781976750,56683424237,"lint","completed","success","2025-11-29T09:21:56Z","2025-11-29T09:22:27Z",31,"GitHub Actions 1000000991",1
19781976750,56683447611,"integration","completed","failure","2025-11-29T09:22:58Z","2025-11-29T09:36:38Z",820,"T38Talon",1
19782150118,56696058615,"integration","completed","success","2025-11-29T18:15:29Z","2025-11-29T18:17:57Z",148,"T38Talon",26
19782150118,56696058659,"lint","completed","success","2025-11-29T09:38:26Z","2025-11-29T09:38:51Z",25,"GitHub Actions 1000000992",26
19782150118,56696058709,"build","completed","success","2025-11-29T09:38:25Z","2025-11-29T09:39:25Z",60,"deathstar",26
19787412268,56695761866,"lint","completed","success","2025-11-29T18:04:46Z","2025-11-29T18:05:12Z",26,"GitHub Actions 1000000993",1
19787412268,56695761877,"build","completed","failure","2025-11-29T18:04:45Z","2025-11-29T18:04:57Z",12,"spacelab-ThinkPad-T420",1
19787412268,56695769076,"integration","completed","skipped","2025-11-29T18:04:57Z","2025-11-29T18:04:57Z",0,,1
19787699000,56696420134,"lint","completed","success","2025-11-29T18:30:26Z","2025-11-29T18:30:54Z",28,"GitHub Actions 1000000999",1
19787699000,56696420139,"build","completed","success","2025-11-29T18:30:25Z","2025-11-29T18:31:33Z",68,"T38Talon",1
19787699000,56696449056,"integration","completed","cancelled","2025-11-29T18:31:35Z","2025-11-29T18:39:25Z",470,"T38Talon",1
19787732570,56696492940,"lint","completed","success","2025-11-29T18:33:21Z","2025-11-29T18:33:50Z",29,"GitHub Actions 1000001003",1
19787732570,56696492941,"build","completed","success","2025-11-29T18:33:20Z","2025-11-29T18:34:20Z",60,"deathstar",1
19787732570,56696518014,"integration","completed","success","2025-11-29T18:39:27Z","2025-11-29T18:41:51Z",144,"T38Talon",1
19787767300,56699990306,"build","completed","success","2025-11-29T20:14:17Z","2025-11-29T20:15:18Z",61,"deathstar",8
19787767300,56699990316,"integration","completed","failure","2025-11-29T21:01:37Z","2025-11-29T21:03:08Z",91,"hal2000",8
19787767300,56699990375,"lint","completed","success","2025-11-29T20:14:18Z","2025-11-29T20:14:48Z",30,"GitHub Actions 1000001019",8
19788474889,56698585070,"integration","completed","cancelled","2025-11-29T20:02:23Z","2025-11-29T20:04:12Z",109,"T38Talon",4
19788474889,56698585106,"build","completed","success","2025-11-29T19:43:39Z","2025-11-29T19:44:43Z",64,"deathstar",4
19788474889,56698585115,"lint","completed","success","2025-11-29T19:43:39Z","2025-11-29T19:44:09Z",30,"GitHub Actions 1000001017",4
19788768104,56698895934,"build","completed","failure","2025-11-29T20:13:23Z","2025-11-29T20:13:34Z",11,"spacelab-ThinkPad-T420",1
19788768104,56698895942,"lint","completed","success","2025-11-29T20:13:24Z","2025-11-29T20:13:50Z",26,"GitHub Actions 1000001018",1
19788768104,56698901634,"integration","completed","skipped","2025-11-29T20:13:35Z","2025-11-29T20:13:34Z",-1,,1
19788801442,56699892957,"build","completed","success","2025-11-29T20:57:08Z","2025-11-29T20:58:17Z",69,"deathstar",2
19788801442,56699893023,"lint","completed","success","2025-11-29T20:16:34Z","2025-11-29T20:17:00Z",26,"GitHub Actions 1000001020",2
19788801442,56699914869,"integration","completed","failure","2025-11-29T20:58:22Z","2025-11-29T20:59:39Z",77,"hal2000",2
19789617175,56700800914,"lint","completed","success","2025-11-29T21:34:23Z","2025-11-29T21:34:57Z",34,"GitHub Actions 1000001021",1
19789617175,56700800920,"build","completed","success","2025-11-29T21:34:22Z","2025-11-29T21:35:27Z",65,"deathstar",1
19789617175,56700829976,"integration","completed","failure","2025-11-29T21:35:32Z","2025-11-29T21:37:31Z",119,"hal2000",1
19790060396,56701823908,"lint","completed","success","2025-11-29T22:18:55Z","2025-11-29T22:19:20Z",25,"GitHub Actions 1000001022",1
19790060396,56701823911,"build","completed","success","2025-11-29T22:18:55Z","2025-11-29T22:20:04Z",69,"deathstar",1
19790060396,56701849554,"integration","completed","failure","2025-11-29T22:20:07Z","2025-11-29T22:20:58Z",51,"hal2000",1
19790068479,56701839461,"lint","completed","success","2025-11-29T22:19:38Z","2025-11-29T22:20:09Z",31,"GitHub Actions 1000001023",1
19790068479,56701839462,"build","completed","failure","2025-11-29T22:19:36Z","2025-11-29T22:19:47Z",11,"spacelab-ThinkPad-T420",1
19790068479,56701843967,"integration","completed","skipped","2025-11-29T22:19:48Z","2025-11-29T22:19:48Z",0,,1
19792272516,56707078698,"build","completed","success","2025-11-30T01:56:29Z","2025-11-30T01:57:32Z",63,"deathstar",1
19792272516,56707078705,"lint","completed","success","2025-11-30T01:56:30Z","2025-11-30T01:56:56Z",26,"GitHub Actions 1000001029",1
19792272516,56707102540,"integration","completed","failure","2025-11-30T01:57:35Z","2025-11-30T01:58:26Z",51,"hal2000",1
19793545460,56710568831,"lint","completed","success","2025-11-30T04:03:07Z","2025-11-30T04:03:39Z",32,"GitHub Actions 1000001035",1
19793545460,56710568832,"build","completed","success","2025-11-30T04:03:06Z","2025-11-30T04:04:07Z",61,"deathstar",1
19793545460,56710593511,"integration","completed","failure","2025-11-30T04:04:10Z","2025-11-30T04:05:12Z",62,"hal2000",1
19793892635,56711425487,"lint","completed","success","2025-11-30T04:37:37Z","2025-11-30T04:38:03Z",26,"GitHub Actions 1000001041",1
19793892635,56711425493,"build","completed","failure","2025-11-30T04:37:38Z","2025-11-30T04:37:57Z",19,"hal2000",1
19793892635,56711434353,"integration","completed","skipped","2025-11-30T04:37:57Z","2025-11-30T04:37:57Z",0,,1
19793991624,56711650736,"lint","completed","success","2025-11-30T04:48:06Z","2025-11-30T04:48:32Z",26,"GitHub Actions 1000001047",1
19793991624,56711650740,"build","completed","failure","2025-11-30T04:48:07Z","2025-11-30T04:48:27Z",20,"hal2000",1
19793991624,56711659612,"integration","completed","skipped","2025-11-30T04:48:28Z","2025-11-30T04:48:28Z",0,,1
19793994028,56711655966,"build","completed","success","2025-11-30T04:48:19Z","2025-11-30T04:49:23Z",64,"deathstar",1
19793994028,56711655968,"lint","completed","success","2025-11-30T04:48:21Z","2025-11-30T04:48:49Z",28,"GitHub Actions 1000001048",1
19793994028,56711676738,"integration","completed","failure","2025-11-30T04:49:25Z","2025-11-30T04:50:16Z",51,"hal2000",1
19794012977,56711697023,"lint","completed","success","2025-11-30T04:50:28Z","2025-11-30T04:50:53Z",25,"GitHub Actions 1000001050",1
19794012977,56711697027,"build","completed","failure","2025-11-30T04:50:28Z","2025-11-30T04:50:44Z",16,"hal2000",1
19794012977,56711704321,"integration","completed","skipped","2025-11-30T04:50:45Z","2025-11-30T04:50:45Z",0,,1
19794015000,56711700791,"build","completed","success","2025-11-30T04:50:38Z","2025-11-30T04:51:38Z",60,"deathstar",1
19794015000,56711700792,"lint","completed","success","2025-11-30T04:50:39Z","2025-11-30T04:51:03Z",24,"GitHub Actions 1000001051",1
19794015000,56711721150,"integration","completed","failure","2025-11-30T04:51:41Z","2025-11-30T04:52:29Z",48,"hal2000",1
19794044734,56711767055,"lint","completed","success","2025-11-30T04:53:56Z","2025-11-30T04:54:25Z",29,"GitHub Actions 1000001054",1
19794044734,56711767062,"build","completed","success","2025-11-30T04:53:56Z","2025-11-30T04:54:57Z",61,"deathstar",1
19794044734,56711789934,"integration","completed","failure","2025-11-30T04:55:01Z","2025-11-30T04:55:48Z",47,"hal2000",1
19794057073,56711794493,"lint","completed","success","2025-11-30T04:55:13Z","2025-11-30T04:55:39Z",26,"GitHub Actions 1000001055",1
19794057073,56711794499,"build","completed","success","2025-11-30T04:55:13Z","2025-11-30T04:56:14Z",61,"deathstar",1
19794057073,56711818084,"integration","completed","failure","2025-11-30T04:56:16Z","2025-11-30T04:57:05Z",49,"hal2000",1
19801783184,56730134284,"lint","completed","success","2025-11-30T16:34:49Z","2025-11-30T16:35:18Z",29,"GitHub Actions 1000001056",1
19801783184,56730134289,"build","completed","success","2025-11-30T16:34:47Z","2025-11-30T16:35:52Z",65,"deathstar",1
19801783184,56730160917,"integration","completed","failure","2025-12-01T06:15:46Z","2025-12-01T06:16:30Z",44,"T38Talon",1
19801887843,56730375373,"build","completed","failure","2025-11-30T16:44:10Z","2025-11-30T16:45:06Z",56,"deathstar",1
19801887843,56730375375,"lint","completed","success","2025-11-30T16:44:10Z","2025-11-30T16:44:36Z",26,"GitHub Actions 1000001057",1
19801887843,56730400477,"integration","completed","skipped","2025-11-30T16:45:06Z","2025-11-30T16:45:06Z",0,,1
19802591614,56732014826,"lint","completed","success","2025-11-30T17:44:46Z","2025-11-30T17:45:16Z",30,"GitHub Actions 1000001058",1
19802591614,56732014832,"build","completed","failure","2025-11-30T17:44:46Z","2025-11-30T17:45:41Z",55,"deathstar",1
19802591614,56732036383,"integration","completed","skipped","2025-11-30T17:45:42Z","2025-11-30T17:45:41Z",-1,,1
19803451582,56734074208,"build","completed","success","2025-11-30T19:01:46Z","2025-11-30T19:02:50Z",64,"deathstar",1
19803451582,56734074210,"lint","completed","success","2025-11-30T19:01:47Z","2025-11-30T19:02:18Z",31,"GitHub Actions 1000001059",1
19803451582,56734110731,"integration","completed","cancelled","2025-12-01T06:17:15Z","2025-12-01T06:17:53Z",38,"T38Talon",1
19805455868,56738906836,"build","completed","success","2025-11-30T22:01:21Z","2025-11-30T22:02:31Z",70,"deathstar",1
19805455868,56738906948,"lint","completed","success","2025-11-30T22:01:22Z","2025-11-30T22:01:48Z",26,"GitHub Actions 1000001060",1
19805455868,56738949900,"integration","completed","cancelled","2025-12-01T06:18:41Z","2025-12-01T06:19:10Z",29,"T38Talon",1
19805471719,56766275972,"integration","completed","failure","2025-12-01T08:09:35Z","2025-12-01T08:10:39Z",64,"T38Talon",6
19805471719,56766276069,"build","completed","success","2025-11-30T22:02:33Z","2025-11-30T22:03:34Z",61,"deathstar",6
19805471719,56766288107,"lint","completed","success","2025-11-30T22:02:32Z","2025-11-30T22:03:02Z",30,"GitHub Actions 1000001061",6
19805837169,56739830934,"build","completed","success","2025-11-30T22:32:31Z","2025-11-30T22:33:33Z",62,"deathstar",1
19805837169,56739830936,"lint","completed","success","2025-11-30T22:32:32Z","2025-11-30T22:33:02Z",30,"GitHub Actions 1000001062",1
19805837169,56739859350,"integration","completed","cancelled","2025-12-01T06:20:01Z","2025-12-01T06:20:26Z",25,"T38Talon",1
19805890200,56739955138,"build","completed","failure","2025-11-30T22:37:00Z","2025-11-30T22:37:39Z",39,"deathstar",1
19805890200,56739955143,"lint","completed","success","2025-11-30T22:37:03Z","2025-11-30T22:37:28Z",25,"GitHub Actions 1000001063",1
19805890200,56739973107,"integration","completed","skipped","2025-11-30T22:37:40Z","2025-11-30T22:37:39Z",-1,,1
19805978719,56740160409,"lint","completed","success","2025-11-30T22:45:00Z","2025-11-30T22:45:29Z",29,"GitHub Actions 1000001064",1
19805978719,56740160411,"build","completed","success","2025-11-30T22:44:58Z","2025-11-30T22:45:58Z",60,"deathstar",1
19805978719,56740189560,"integration","completed","failure","2025-12-01T06:20:28Z","2025-12-01T06:21:29Z",61,"T38Talon",1
19806863849,56742339653,"build","completed","success","2025-12-01T00:03:15Z","2025-12-01T00:04:21Z",66,"deathstar",1
19806863849,56742339655,"lint","completed","success","2025-12-01T00:03:15Z","2025-12-01T00:03:39Z",24,"GitHub Actions 1000001065",1
19806863849,56742385937,"integration","completed","cancelled","2025-12-01T00:04:21Z","2025-12-01T06:20:52Z",22591,"",1
19807359962,56743651656,"build","completed","success","2025-12-01T00:35:19Z","2025-12-01T00:36:23Z",64,"deathstar",1
19807359962,56743651659,"lint","completed","success","2025-12-01T00:35:20Z","2025-12-01T00:35:51Z",31,"GitHub Actions 1000001066",1
19807359962,56743697808,"integration","completed","cancelled","2025-12-01T00:36:24Z","2025-12-01T06:21:02Z",20678,"",1
19811896323,56755875824,"lint","completed","success","2025-12-01T05:05:15Z","2025-12-01T05:05:46Z",31,"GitHub Actions 1000001067",1
19811896323,56755875834,"build","completed","failure","2025-12-01T05:05:14Z","2025-12-01T05:05:35Z",21,"deathstar",1
19811896323,56755896503,"integration","completed","skipped","2025-12-01T05:05:36Z","2025-12-01T05:05:36Z",0,,1
19811969122,56756070264,"build","completed","failure","2025-12-01T05:09:13Z","2025-12-01T05:09:33Z",20,"deathstar",1
19811969122,56756070267,"lint","completed","success","2025-12-01T05:09:14Z","2025-12-01T05:09:45Z",31,"GitHub Actions 1000001068",1
19811969122,56756090475,"integration","completed","skipped","2025-12-01T05:09:34Z","2025-12-01T05:09:33Z",-1,,1
19812010474,56756182021,"lint","completed","success","2025-12-01T05:11:24Z","2025-12-01T05:11:50Z",26,"GitHub Actions 1000001069",1
19812010474,56756182027,"build","completed","success","2025-12-01T05:11:23Z","2025-12-01T05:12:29Z",66,"deathstar",1
19812010474,56756238504,"integration","completed","cancelled","2025-12-01T06:14:47Z","2025-12-01T06:15:44Z",57,"T38Talon",1
19812361075,56760055105,"integration","completed","failure","2025-12-01T06:27:05Z","2025-12-01T06:29:25Z",140,"T38Talon",5
19812361075,56760055112,"build","completed","success","2025-12-01T05:30:33Z","2025-12-01T05:31:38Z",65,"deathstar",5
19812361075,56760055156,"lint","completed","success","2025-12-01T05:30:35Z","2025-12-01T05:31:04Z",29,"GitHub Actions 1000001070",5
19812604505,56757740388,"lint","completed","success","2025-12-01T05:43:33Z","2025-12-01T05:43:59Z",26,"GitHub Actions 1000001071",1
19812604505,56757740418,"build","completed","success","2025-12-01T05:43:32Z","2025-12-01T05:44:36Z",64,"deathstar",1
19812604505,56757798416,"integration","completed","cancelled","2025-12-01T06:21:11Z","2025-12-01T06:21:11Z",0,"",1
19813546360,56760284932,"lint","completed","success","2025-12-01T06:31:15Z","2025-12-01T06:31:43Z",28,"GitHub Actions 1000001072",1
19813546360,56760284959,"build","completed","success","2025-12-01T06:31:15Z","2025-12-01T06:32:51Z",96,"T38Talon",1
19813546360,56760375546,"integration","completed","success","2025-12-01T06:32:53Z","2025-12-01T06:35:10Z",137,"T38Talon",1
19814644047,56763300090,"lint","completed","success","2025-12-01T07:23:26Z","2025-12-01T07:23:52Z",26,"GitHub Actions 1000001073",1
19814644047,56763300100,"build","completed","success","2025-12-01T07:23:24Z","2025-12-01T07:24:26Z",62,"deathstar",1
19814644047,56763366414,"integration","completed","success","2025-12-01T07:24:28Z","2025-12-01T07:27:09Z",161,"T38Talon",1
19814939301,56764130485,"build","completed","success","2025-12-01T07:36:50Z","2025-12-01T07:38:03Z",73,"T38Talon",1
19814939301,56764130489,"lint","completed","success","2025-12-01T07:36:50Z","2025-12-01T07:37:21Z",31,"GitHub Actions 1000001074",1
19814939301,56764209764,"integration","completed","failure","2025-12-01T07:40:57Z","2025-12-01T07:41:40Z",43,"T38Talon",1
19814975719,56764233537,"build","completed","success","2025-12-01T07:38:30Z","2025-12-01T07:39:31Z",61,"deathstar",1
19814975719,56764233541,"lint","completed","success","2025-12-01T07:38:30Z","2025-12-01T07:38:55Z",25,"GitHub Actions 1000001075",1
19814975719,56764300634,"integration","completed","failure","2025-12-01T07:42:32Z","2025-12-01T07:43:15Z",43,"T38Talon",1
19816303590,56768200544,"lint","completed","success","2025-12-01T08:35:38Z","2025-12-01T08:36:08Z",30,"GitHub Actions 1000001076",1
19816303590,56768200558,"build","completed","success","2025-12-01T08:35:36Z","2025-12-01T08:36:40Z",64,"T38Talon",1
19816303590,56768285353,"integration","completed","failure","2025-12-01T08:36:42Z","2025-12-01T08:37:25Z",43,"T38Talon",1
19816842022,56770385318,"lint","completed","success","2025-12-01T08:56:14Z","2025-12-01T08:56:40Z",26,"GitHub Actions 1000001077",3
19816842022,56770385377,"integration","completed","success","2025-12-01T09:01:57Z","2025-12-01T09:04:33Z",156,"T38Talon",3
19816842022,56770397281,"build","completed","success","2025-12-01T08:56:14Z","2025-12-01T08:57:18Z",64,"deathstar",3
19817152389,56770869897,"build","completed","success","2025-12-01T09:07:27Z","2025-12-01T09:08:32Z",65,"deathstar",1
19817152389,56770869974,"lint","completed","success","2025-12-01T09:07:27Z","2025-12-01T09:07:55Z",28,"GitHub Actions 1000001078",1
19817152389,56770972488,"integration","completed","failure","2025-12-01T09:08:35Z","2025-12-01T09:11:01Z",146,"T38Talon",1
19818096326,56773829568,"build","completed","success","2025-12-01T09:41:11Z","2025-12-01T09:42:14Z",63,"deathstar",1
19818096326,56773829585,"lint","completed","success","2025-12-01T09:41:11Z","2025-12-01T09:41:41Z",30,"GitHub Actions 1000001079",1
19818096326,56773928444,"integration","completed","success","2025-12-01T09:42:17Z","2025-12-01T09:44:33Z",136,"T38Talon",1
19832972354,56823372561,"build","completed","success","2025-12-01T18:18:35Z","2025-12-01T18:19:38Z",63,"deathstar",1
19832972354,56823372573,"lint","completed","success","2025-12-01T18:18:36Z","2025-12-01T18:19:03Z",27,"GitHub Actions 1000001085",1
19832972354,56823466116,"integration","completed","failure","2025-12-02T09:41:42Z","2025-12-02T09:42:20Z",38,"T38Talon",1
19841134702,56849673496,"lint","completed","success","2025-12-01T23:33:49Z","2025-12-01T23:34:21Z",32,"GitHub Actions 1000001086",1
19841134702,56849673500,"build","completed","success","2025-12-01T23:33:49Z","2025-12-01T23:34:53Z",64,"deathstar",1
19841134702,56849746037,"integration","completed","failure","2025-12-02T09:43:12Z","2025-12-02T09:44:14Z",62,"T38Talon",1
19842168452,56888016352,"integration","completed","failure","2025-12-02T09:53:48Z","2025-12-02T09:54:48Z",60,"T38Talon",2
19842168452,56888016454,"lint","completed","success","2025-12-02T00:23:24Z","2025-12-02T00:23:54Z",30,"GitHub Actions 1000001087",2
19842168452,56888028614,"build","completed","success","2025-12-02T00:23:24Z","2025-12-02T00:24:26Z",62,"deathstar",2
19842379044,56853402916,"build","completed","failure","2025-12-02T00:33:30Z","2025-12-02T00:34:04Z",34,"deathstar",1
19842379044,56853402949,"lint","completed","success","2025-12-02T00:33:33Z","2025-12-02T00:34:02Z",29,"GitHub Actions 1000001088",1
19842379044,56853436858,"integration","completed","skipped","2025-12-02T00:34:05Z","2025-12-02T00:34:05Z",0,,1
19842823122,56854689016,"lint","completed","success","2025-12-02T00:54:42Z","2025-12-02T00:55:07Z",25,"GitHub Actions 1000001089",1
19842823122,56854689026,"build","completed","failure","2025-12-02T00:54:42Z","2025-12-02T00:55:15Z",33,"deathstar",1
19842823122,56854722738,"integration","completed","skipped","2025-12-02T00:55:16Z","2025-12-02T00:55:16Z",0,,1
19843162781,56889328464,"build","completed","success","2025-12-02T01:10:45Z","2025-12-02T01:11:46Z",61,"deathstar",3
19843162781,56889328562,"integration","completed","success","2025-12-02T10:01:42Z","2025-12-02T10:04:06Z",144,"T38Talon",3
19843162781,56889340039,"lint","completed","success","2025-12-02T01:10:45Z","2025-12-02T01:11:12Z",27,"GitHub Actions 1000001090",3
19854059269,56888566636,"integration","completed","success","2025-12-02T09:58:02Z","2025-12-02T10:00:26Z",144,"T38Talon",3
19854059269,56888566744,"build","completed","success","2025-12-02T09:41:38Z","2025-12-02T09:42:39Z",61,"deathstar",3
19854059269,56888566773,"lint","completed","success","2025-12-02T09:41:38Z","2025-12-02T09:42:09Z",31,"GitHub Actions 1000001091",3
19871028256,56946449979,"build","completed","success","2025-12-02T19:31:09Z","2025-12-02T19:32:09Z",60,"deathstar",1
19871028256,56946450003,"lint","completed","success","2025-12-02T19:31:10Z","2025-12-02T19:31:36Z",26,"GitHub Actions 1000001092",1
19871028256,56946546329,"integration","completed","cancelled","2025-12-03T19:32:10Z","2025-12-03T19:32:10Z",0,"",1
19876637184,56965485981,"lint","completed","success","2025-12-02T23:15:32Z","2025-12-02T23:16:00Z",28,"GitHub Actions 1000001093",1
19876637184,56965485988,"build","completed","failure","2025-12-02T23:15:31Z","2025-12-02T23:16:06Z",35,"deathstar",1
19876637184,56965527162,"integration","completed","skipped","2025-12-02T23:16:07Z","2025-12-02T23:16:07Z",0,,1
19879244680,57100247328,"lint","completed","success","2025-12-03T01:30:22Z","2025-12-03T01:30:51Z",29,"GitHub Actions 1000001094",3
19879244680,57100247826,"integration","completed","success","2025-12-04T04:33:20Z","2025-12-04T04:35:30Z",130,"T38Talon",3
19879244680,57100255795,"build","completed","success","2025-12-03T01:30:22Z","2025-12-03T01:31:23Z",61,"deathstar",3
19879467492,56974085002,"build","completed","success","2025-12-03T01:42:34Z","2025-12-03T01:43:38Z",64,"deathstar",1
19879467492,56974085010,"lint","completed","success","2025-12-03T01:42:35Z","2025-12-03T01:42:59Z",24,"GitHub Actions 1000001095",1
19879467492,56974139869,"integration","in_progress","cancelled","2025-12-04T01:43:39Z","2025-12-04T01:43:39Z",0,"",1
19882610843,56983583654,"build","completed","success","2025-12-03T04:41:22Z","2025-12-03T04:42:27Z",65,"deathstar",1
19882610843,56983583657,"lint","completed","success","2025-12-03T04:41:23Z","2025-12-03T04:41:53Z",30,"GitHub Actions 1000001096",1
19882610843,56983638246,"integration","completed","failure","2025-12-04T04:25:35Z","2025-12-04T04:28:28Z",173,"T38Talon",1
19883600156,56986356131,"build","completed","failure","2025-12-03T05:35:04Z","2025-12-03T05:35:39Z",35,"deathstar",1
19883600156,56986356143,"lint","completed","success","2025-12-03T05:35:05Z","2025-12-03T05:35:35Z",30,"GitHub Actions 1000001097",1
19883600156,56986390676,"integration","completed","skipped","2025-12-03T05:35:40Z","2025-12-03T05:35:39Z",-1,,1
19883936831,56987285986,"build","completed","failure","2025-12-03T05:53:16Z","2025-12-03T05:53:52Z",36,"deathstar",1
19883936831,56987285989,"lint","completed","success","2025-12-03T05:53:17Z","2025-12-03T05:53:44Z",27,"GitHub Actions 1000001098",1
19883936831,56987314854,"integration","completed","skipped","2025-12-03T05:53:52Z","2025-12-03T05:53:52Z",0,,1
19884664955,56989398589,"lint","completed","success","2025-12-03T06:29:16Z","2025-12-03T06:29:44Z",28,"GitHub Actions 1000001099",1
19884664955,56989398602,"build","completed","failure","2025-12-03T06:29:15Z","2025-12-03T06:29:50Z",35,"deathstar",1
19884664955,56989433782,"integration","completed","skipped","2025-12-03T06:29:50Z","2025-12-03T06:29:50Z",0,,1
19887111563,56996718558,"build","completed","success","2025-12-03T08:20:45Z","2025-12-03T08:21:45Z",60,"deathstar",1
19887111563,56996718564,"lint","completed","success","2025-12-03T08:20:45Z","2025-12-03T08:21:10Z",25,"GitHub Actions 1000001100",1
19887111563,56996798537,"integration","completed","failure","2025-12-04T04:30:44Z","2025-12-04T04:33:09Z",145,"T38Talon",1
19917816296,57100375014,"build","completed","success","2025-12-04T04:35:57Z","2025-12-04T04:36:59Z",62,"deathstar",1
19917816296,57100375017,"lint","completed","success","2025-12-04T04:35:58Z","2025-12-04T04:36:24Z",26,"GitHub Actions 1000001101",1
19917816296,57100428370,"integration","completed","success","2025-12-04T04:37:01Z","2025-12-04T04:39:33Z",152,"T38Talon",1
19941716520,57180901232,"lint","completed","success","2025-12-04T19:41:44Z","2025-12-04T19:42:15Z",31,"GitHub Actions 1000001102",1
19941716520,57180901244,"build","completed","failure","2025-12-04T19:41:44Z","2025-12-04T19:42:19Z",35,"deathstar",1
19941716520,57180959181,"integration","completed","skipped","2025-12-04T19:42:20Z","2025-12-04T19:42:19Z",-1,,1
19945541683,57336595881,"build","completed","success","2025-12-04T22:09:00Z","2025-12-04T22:10:28Z",88,"deathstar",2
19945541683,57336595886,"integration","completed","failure","2025-12-06T19:14:29Z","2025-12-06T19:17:05Z",156,"NCC-Michael",2
19945541683,57336595911,"lint","completed","success","2025-12-04T22:09:00Z","2025-12-04T22:09:25Z",25,"GitHub Actions 1000001103",2
19949444394,57206208841,"lint","completed","success","2025-12-05T01:20:37Z","2025-12-05T01:21:07Z",30,"GitHub Actions 1000001109",1
19949444394,57206208853,"build","completed","failure","2025-12-05T01:20:37Z","2025-12-05T01:21:21Z",44,"deathstar",1
19949444394,57206249741,"integration","completed","skipped","2025-12-05T01:21:21Z","2025-12-05T01:21:21Z",0,,1
19949523752,57206428881,"lint","completed","success","2025-12-05T01:24:47Z","2025-12-05T01:25:15Z",28,"GitHub Actions 1000001110",1
19949523752,57206428891,"build","completed","failure","2025-12-05T01:24:47Z","2025-12-05T01:25:21Z",34,"deathstar",1
19949523752,57206460304,"integration","completed","skipped","2025-12-05T01:25:21Z","2025-12-05T01:25:21Z",0,,1
19950437434,57337293583,"build","completed","success","2025-12-05T02:16:44Z","2025-12-05T02:17:46Z",62,"deathstar",2
19950437434,57337293585,"lint","completed","success","2025-12-05T02:16:44Z","2025-12-05T02:17:15Z",31,"GitHub Actions 1000001111",2
19950437434,57337293587,"integration","completed","failure","2025-12-06T19:41:49Z","2025-12-06T19:53:10Z",681,"NCC-Michael",2
19951080904,57210915949,"build","completed","failure","2025-12-05T02:52:49Z","2025-12-05T02:53:24Z",35,"deathstar",1
19951080904,57210915964,"lint","completed","success","2025-12-05T02:52:49Z","2025-12-05T02:53:18Z",29,"GitHub Actions 1000001112",1
19951080904,57210958278,"integration","completed","skipped","2025-12-05T02:53:24Z","2025-12-05T02:53:24Z",0,,1
19953465389,57217975963,"lint","completed","success","2025-12-05T05:16:04Z","2025-12-05T05:16:35Z",31,"GitHub Actions 1000001113",1
19953465389,57217975985,"build","completed","failure","2025-12-05T05:16:04Z","2025-12-05T05:16:16Z",12,"deathstar",1
19953465389,57217988517,"integration","completed","skipped","2025-12-05T05:16:16Z","2025-12-05T05:16:16Z",0,,1
19953545920,57218199597,"lint","completed","success","2025-12-05T05:20:54Z","2025-12-05T05:21:25Z",31,"GitHub Actions 1000001114",1
19953545920,57218199598,"build","completed","failure","2025-12-05T05:20:53Z","2025-12-05T05:21:04Z",11,"deathstar",1
19953545920,57218210751,"integration","completed","skipped","2025-12-05T05:21:04Z","2025-12-05T05:21:04Z",0,,1
19953715080,57218654458,"build","completed","failure","2025-12-05T05:30:35Z","2025-12-05T05:30:46Z",11,"deathstar",1
19953715080,57218654462,"lint","completed","success","2025-12-05T05:30:36Z","2025-12-05T05:31:06Z",30,"GitHub Actions 1000001115",1
19953715080,57218663970,"integration","completed","skipped","2025-12-05T05:30:47Z","2025-12-05T05:30:46Z",-1,,1
19953896378,57219151609,"build","completed","failure","2025-12-05T05:40:57Z","2025-12-05T05:41:09Z",12,"deathstar",1
19953896378,57219151986,"lint","completed","success","2025-12-05T05:40:59Z","2025-12-05T05:41:28Z",29,"GitHub Actions 1000001116",1
19953896378,57219164405,"integration","completed","skipped","2025-12-05T05:41:09Z","2025-12-05T05:41:09Z",0,,1
19953970563,57219353379,"build","completed","failure","2025-12-05T05:45:16Z","2025-12-05T05:45:28Z",12,"deathstar",1
19953970563,57219353382,"lint","completed","success","2025-12-05T05:45:17Z","2025-12-05T05:45:48Z",31,"GitHub Actions 1000001117",1
19953970563,57219363700,"integration","completed","skipped","2025-12-05T05:45:28Z","2025-12-05T05:45:28Z",0,,1
19954837561,57337170941,"build","completed","failure","2025-12-06T19:36:49Z","2025-12-06T19:37:01Z",12,"deathstar",2
19954837561,57337170991,"lint","completed","success","2025-12-05T06:32:04Z","2025-12-05T06:32:31Z",27,"GitHub Actions 1000001118",2
19954837561,57337177054,"integration","completed","skipped","2025-12-06T19:37:01Z","2025-12-06T19:37:01Z",0,,2
19990856006,57331328162,"lint","completed","success","2025-12-06T16:00:15Z","2025-12-06T16:00:45Z",30,"GitHub Actions 1000001119",1
19990856006,57331328206,"build","completed","success","2025-12-06T16:00:14Z","2025-12-06T16:01:28Z",74,"deathstar",1
19990856006,57331369230,"integration","completed","cancelled","2025-12-06T18:59:16Z","2025-12-06T19:01:45Z",149,"NCC-Michael",1
19990891950,57331422662,"build","completed","success","2025-12-06T16:04:01Z","2025-12-06T16:05:02Z",61,"deathstar",1
19990891950,57331422669,"lint","completed","success","2025-12-06T16:03:11Z","2025-12-06T16:03:41Z",30,"GitHub Actions 1000001120",1
19990891950,57331487724,"integration","completed","cancelled","2025-12-06T19:02:20Z","2025-12-06T19:02:20Z",0,"",1
19991828576,57333652226,"build","completed","success","2025-12-06T17:24:34Z","2025-12-06T17:25:49Z",75,"deathstar",1
19991828576,57333652233,"lint","completed","failure","2025-12-06T17:24:35Z","2025-12-06T17:25:05Z",30,"GitHub Actions 1000001121",1
19991828576,57333686092,"integration","completed","cancelled","2025-12-06T19:02:23Z","2025-12-06T19:02:23Z",0,"",1
19992398598,57335022186,"lint","completed","success","2025-12-06T18:16:08Z","2025-12-06T18:16:37Z",29,"GitHub Actions 1000001122",1
19992398598,57335022187,"build","completed","success","2025-12-06T18:16:07Z","2025-12-06T18:17:08Z",61,"deathstar",1
19992398598,57335050470,"integration","completed","cancelled","2025-12-06T19:02:25Z","2025-12-06T19:02:28Z",3,"NCC-Michael",1
19992857304,57336144607,"integration","completed","success","2025-12-06T19:02:30Z","2025-12-06T19:04:40Z",130,"NCC-Michael",2
19992857304,57336144622,"build","completed","success","2025-12-06T18:56:37Z","2025-12-06T18:57:40Z",63,"deathstar",2
19992857304,57336144643,"lint","completed","success","2025-12-06T18:56:38Z","2025-12-06T18:57:05Z",27,"GitHub Actions 1000001123",2
19992956529,57336341461,"build","completed","success","2025-12-06T19:05:36Z","2025-12-06T19:06:36Z",60,"deathstar",1
19992956529,57336341469,"lint","completed","success","2025-12-06T19:05:37Z","2025-12-06T19:06:05Z",28,"GitHub Actions 1000001124",1
19992956529,57336376911,"integration","completed","success","2025-12-06T19:06:38Z","2025-12-06T19:08:58Z",140,"NCC-Michael",1
19993098027,57336677852,"build","completed","success","2025-12-06T19:17:34Z","2025-12-06T19:18:38Z",64,"deathstar",1
19993098027,57336677853,"lint","completed","success","2025-12-06T19:17:34Z","2025-12-06T19:18:04Z",30,"GitHub Actions 1000001125",1
19993098027,57336706570,"integration","completed","success","2025-12-06T19:18:40Z","2025-12-06T19:21:33Z",173,"NCC-Michael",1
19993243196,57337082970,"build","completed","success","2025-12-06T19:31:00Z","2025-12-06T19:32:07Z",67,"deathstar",2
19993243196,57337083010,"lint","completed","success","2025-12-06T19:31:00Z","2025-12-06T19:31:30Z",30,"GitHub Actions 1000001126",2
19993243196,57337083021,"integration","completed","success","2025-12-06T19:33:28Z","2025-12-06T19:35:42Z",134,"NCC-Michael",2
19993680278,57338080181,"lint","completed","failure","2025-12-06T20:12:40Z","2025-12-06T20:13:11Z",31,"GitHub Actions 1000001127",1
19993680278,57338080185,"build","completed","success","2025-12-06T20:12:39Z","2025-12-06T20:13:41Z",62,"deathstar",1
19993680278,57338107656,"integration","completed","failure","2025-12-06T20:13:43Z","2025-12-06T20:16:41Z",178,"NCC-Michael",1
19994016309,57338861967,"build","completed","failure","2025-12-06T20:43:03Z","2025-12-06T20:43:45Z",42,"deathstar",1
19994016309,57338861972,"lint","completed","success","2025-12-06T20:43:04Z","2025-12-06T20:43:34Z",30,"GitHub Actions 1000001128",1
19994016309,57338878455,"integration","completed","skipped","2025-12-06T20:43:45Z","2025-12-06T20:43:45Z",0,,1
19994046310,57338930792,"lint","completed","failure","2025-12-06T20:45:53Z","2025-12-06T20:46:21Z",28,"GitHub Actions 1000001129",1
19994046310,57338930999,"build","completed","success","2025-12-06T20:45:52Z","2025-12-06T20:46:52Z",60,"deathstar",1
19994046310,57338959714,"integration","completed","success","2025-12-06T20:46:54Z","2025-12-06T20:49:57Z",183,"NCC-Michael",1
19994102167,57341613711,"build","completed","success","2025-12-06T20:51:02Z","2025-12-06T20:52:03Z",61,"deathstar",2
19994102167,57341614073,"integration","completed","failure","2025-12-06T22:31:19Z","2025-12-06T22:34:15Z",176,"spacelab-ThinkPad-T420",2
19994102167,57341618020,"lint","completed","success","2025-12-06T20:51:03Z","2025-12-06T20:51:28Z",25,"GitHub Actions 1000001130",2
19994861226,57340865620,"build","completed","success","2025-12-06T22:03:20Z","2025-12-06T22:04:22Z",62,"deathstar",1
19994861226,57340865623,"lint","completed","success","2025-12-06T22:03:21Z","2025-12-06T22:03:49Z",28,"GitHub Actions 1000001131",1
19994861226,57340899186,"integration","completed","success","2025-12-06T22:04:24Z","2025-12-06T22:06:44Z",140,"NCC-Michael",1
19994868504,57340883983,"lint","completed","success","2025-12-06T22:03:53Z","2025-12-06T22:04:23Z",30,"GitHub Actions 1000001132",1
19994868504,57340883990,"build","completed","success","2025-12-06T22:04:24Z","2025-12-06T22:05:24Z",60,"deathstar",1
19994868504,57340933055,"integration","completed","success","2025-12-06T22:07:36Z","2025-12-06T22:09:49Z",133,"NCC-Michael",1
19995501332,57342389094,"build","completed","success","2025-12-06T23:03:32Z","2025-12-06T23:04:32Z",60,"deathstar",1
19995501332,57342389097,"lint","completed","success","2025-12-06T23:03:32Z","2025-12-06T23:04:01Z",29,"GitHub Actions 1000001133",1
19995501332,57342417927,"integration","completed","success","2025-12-06T23:04:34Z","2025-12-06T23:06:50Z",136,"spacelab-ThinkPad-T420",1
19995521351,57342439200,"lint","completed","success","2025-12-06T23:05:19Z","2025-12-06T23:05:51Z",32,"GitHub Actions 1000001134",1
19995521351,57342439201,"build","completed","success","2025-12-06T23:05:18Z","2025-12-06T23:06:19Z",61,"deathstar",1
19995521351,57342472183,"integration","completed","success","2025-12-06T23:06:52Z","2025-12-06T23:08:57Z",125,"spacelab-ThinkPad-T420",1
19995646977,57342731722,"lint","completed","success","2025-12-06T23:16:17Z","2025-12-06T23:16:45Z",28,"GitHub Actions 1000001135",1
19995646977,57342731726,"build","completed","success","2025-12-06T23:16:16Z","2025-12-06T23:17:17Z",61,"deathstar",1
19995646977,57342757319,"integration","completed","failure","2025-12-06T23:17:19Z","2025-12-06T23:19:27Z",128,"spacelab-ThinkPad-T420",1
19995776822,57343022680,"lint","completed","success","2025-12-06T23:28:27Z","2025-12-06T23:28:52Z",25,"GitHub Actions 1000001136",1
19995776822,57343022682,"build","completed","success","2025-12-06T23:28:27Z","2025-12-06T23:29:27Z",60,"deathstar",1
19995776822,57343046155,"integration","completed","success","2025-12-06T23:29:30Z","2025-12-06T23:32:20Z",170,"spacelab-ThinkPad-T420",1
19996410095,57344619009,"build","completed","success","2025-12-07T00:29:54Z","2025-12-07T00:31:07Z",73,"deathstar",1
19996410095,57344619010,"lint","completed","success","2025-12-07T00:29:54Z","2025-12-07T00:30:25Z",31,"GitHub Actions 1000001137",1
19996410095,57344661438,"integration","completed","failure","2025-12-07T00:31:10Z","2025-12-07T00:33:59Z",169,"spacelab-ThinkPad-T420",1
19996570557,57345039139,"lint","completed","success","2025-12-07T00:43:47Z","2025-12-07T00:44:12Z",25,"GitHub Actions 1000001138",1
19996570557,57345039149,"build","completed","success","2025-12-07T00:43:46Z","2025-12-07T00:44:46Z",60,"deathstar",1
19996570557,57345072437,"integration","completed","success","2025-12-07T00:44:48Z","2025-12-07T00:46:55Z",127,"spacelab-ThinkPad-T420",1
19996637998,57345223013,"build","completed","success","2025-12-07T00:49:45Z","2025-12-07T00:50:52Z",67,"deathstar",1
19996637998,57345223015,"lint","completed","success","2025-12-07T00:49:46Z","2025-12-07T00:50:18Z",32,"GitHub Actions 1000001139",1
19996637998,57345255377,"integration","completed","failure","2025-12-07T00:50:55Z","2025-12-07T00:52:15Z",80,"spacelab-ThinkPad-T420",1
20000367747,57373096097,"build","completed","success","2025-12-07T06:40:03Z","2025-12-07T06:41:04Z",61,"deathstar",3
20000367747,57373096101,"integration","completed","success","2025-12-07T17:43:26Z","2025-12-07T17:46:23Z",177,"spacelab-ThinkPad-T420",3
20000367747,57373096120,"lint","completed","success","2025-12-07T06:40:03Z","2025-12-07T06:40:33Z",30,"GitHub Actions 1000001140",3
20000928752,57356004544,"build","completed","success","2025-12-07T07:31:55Z","2025-12-07T07:32:54Z",59,"deathstar",1
20000928752,57356004559,"lint","completed","failure","2025-12-07T07:31:55Z","2025-12-07T07:32:21Z",26,"GitHub Actions 1000001141",1
20000928752,57356031541,"integration","completed","cancelled","2025-12-07T17:38:56Z","2025-12-07T17:39:39Z",43,"spacelab-ThinkPad-T420",1
20000984669,57382885148,"build","completed","success","2025-12-07T07:36:58Z","2025-12-07T07:37:56Z",58,"deathstar",3
20000984669,57382885161,"lint","completed","success","2025-12-07T07:36:59Z","2025-12-07T07:37:28Z",29,"GitHub Actions 1000001142",3
20000984669,57382885238,"integration","completed","failure","2025-12-07T23:24:51Z","2025-12-07T23:28:38Z",227,"spacelab-ThinkPad-T420",3
20001099126,57378292322,"integration","completed","failure","2025-12-07T20:47:34Z","2025-12-07T20:48:04Z",30,"spacelab-ThinkPad-T420",9
20001099126,57378292354,"lint","completed","success","2025-12-07T07:48:45Z","2025-12-07T07:49:12Z",27,"GitHub Actions 1000001143",9
20001099126,57378292366,"build","completed","success","2025-12-07T07:48:46Z","2025-12-07T07:49:51Z",65,"deathstar",9
20007906502,57372934796,"lint","completed","failure","2025-12-07T17:37:27Z","2025-12-07T17:37:56Z",29,"GitHub Actions 1000001144",1
20007906502,57372934805,"build","completed","failure","2025-12-07T17:37:26Z","2025-12-07T17:38:24Z",58,"deathstar",1
20007906502,57372963539,"integration","completed","skipped","2025-12-07T17:38:24Z","2025-12-07T17:38:24Z",0,,1
20007942390,57373012515,"lint","completed","success","2025-12-07T17:40:16Z","2025-12-07T17:40:43Z",27,"GitHub Actions 1000001145",1
20007942390,57373012516,"build","completed","success","2025-12-07T17:40:15Z","2025-12-07T17:41:22Z",67,"deathstar",1
20007942390,57373043730,"integration","completed","failure","2025-12-07T17:42:20Z","2025-12-07T17:43:03Z",43,"spacelab-ThinkPad-T420",1
20008126910,57373599206,"integration","completed","success","2025-12-07T18:03:02Z","2025-12-07T18:06:03Z",181,"spacelab-ThinkPad-T420",2
20008126910,57373599255,"build","completed","success","2025-12-07T17:57:54Z","2025-12-07T17:58:54Z",60,"deathstar",2
20008126910,57373604687,"lint","completed","success","2025-12-07T17:57:55Z","2025-12-07T17:58:28Z",33,"GitHub Actions 1000001146",2
20008201467,57373645710,"lint","completed","success","2025-12-07T18:04:20Z","2025-12-07T18:04:45Z",25,"GitHub Actions 1000001147",1
20008201467,57373645720,"build","completed","success","2025-12-07T18:04:20Z","2025-12-07T18:05:25Z",65,"deathstar",1
20008201467,57373685133,"integration","completed","failure","2025-12-07T18:06:55Z","2025-12-07T18:08:04Z",69,"spacelab-ThinkPad-T420",1
20008235627,57374359602,"integration","completed","success","2025-12-07T18:28:14Z","2025-12-07T18:31:17Z",183,"spacelab-ThinkPad-T420",2
20008235627,57374359632,"build","completed","success","2025-12-07T18:07:00Z","2025-12-07T18:08:00Z",60,"deathstar",2
20008235627,57374359637,"lint","completed","success","2025-12-07T18:07:01Z","2025-12-07T18:07:31Z",30,"GitHub Actions 1000001148",2
20008374067,57374079046,"lint","completed","success","2025-12-07T18:18:23Z","2025-12-07T18:18:52Z",29,"GitHub Actions 1000001149",1
20008374067,57374079050,"build","completed","success","2025-12-07T18:18:23Z","2025-12-07T18:19:26Z",63,"deathstar",1
20008374067,57374109187,"integration","completed","failure","2025-12-07T18:19:28Z","2025-12-07T18:22:24Z",176,"spacelab-ThinkPad-T420",1
20008517163,57374411004,"lint","completed","success","2025-12-07T18:30:06Z","2025-12-07T18:30:31Z",25,"GitHub Actions 1000001150",1
20008517163,57374411022,"build","completed","success","2025-12-07T18:30:05Z","2025-12-07T18:31:05Z",60,"deathstar",1
20008517163,57374442769,"integration","completed","success","2025-12-07T18:31:18Z","2025-12-07T18:34:11Z",173,"spacelab-ThinkPad-T420",1
20008545879,57374478105,"lint","completed","success","2025-12-07T18:32:23Z","2025-12-07T18:32:48Z",25,"GitHub Actions 1000001151",1
20008545879,57374478114,"build","completed","success","2025-12-07T18:32:23Z","2025-12-07T18:33:21Z",58,"deathstar",1
20008545879,57374507579,"integration","completed","success","2025-12-07T18:34:13Z","2025-12-07T18:37:15Z",182,"spacelab-ThinkPad-T420",1
20008831249,57375156948,"lint","completed","success","2025-12-07T18:56:56Z","2025-12-07T18:57:26Z",30,"GitHub Actions 1000001152",1
20008831249,57375156955,"build","completed","success","2025-12-07T18:56:55Z","2025-12-07T18:58:01Z",66,"deathstar",1
20008831249,57375181219,"integration","completed","success","2025-12-07T18:58:03Z","2025-12-07T19:00:54Z",171,"spacelab-ThinkPad-T420",1
20008871945,57375260354,"build","completed","success","2025-12-07T19:01:08Z","2025-12-07T19:02:07Z",59,"deathstar",1
20008871945,57375260359,"lint","completed","success","2025-12-07T19:01:09Z","2025-12-07T19:01:39Z",30,"GitHub Actions 1000001153",1
20008871945,57375295244,"integration","completed","success","2025-12-07T19:02:09Z","2025-12-07T19:05:09Z",180,"spacelab-ThinkPad-T420",1
20009397685,57376505986,"lint","completed","success","2025-12-07T19:45:15Z","2025-12-07T19:45:45Z",30,"GitHub Actions 1000001154",1
20009397685,57376505990,"build","completed","success","2025-12-07T19:45:15Z","2025-12-07T19:46:16Z",61,"deathstar",1
20009397685,57376532300,"integration","completed","success","2025-12-07T19:46:18Z","2025-12-07T19:49:10Z",172,"spacelab-ThinkPad-T420",1
20009473586,57377117190,"integration","completed","success","2025-12-07T20:07:08Z","2025-12-07T20:10:01Z",173,"spacelab-ThinkPad-T420",3
20009473586,57377117222,"lint","completed","success","2025-12-07T19:52:13Z","2025-12-07T19:52:43Z",30,"GitHub Actions 1000001155",3
20009473586,57377120313,"build","completed","success","2025-12-07T19:52:13Z","2025-12-07T19:53:12Z",59,"deathstar",3
20010181397,57378457407,"lint","completed","success","2025-12-07T20:53:36Z","2025-12-07T20:54:03Z",27,"GitHub Actions 1000001156",1
20010181397,57378457420,"build","completed","success","2025-12-07T20:53:35Z","2025-12-07T20:54:45Z",70,"deathstar",1
20010181397,57378487291,"integration","completed","failure","2025-12-07T20:54:47Z","2025-12-07T20:57:55Z",188,"spacelab-ThinkPad-T420",1
20010187430,57378471805,"lint","completed","success","2025-12-07T20:54:11Z","2025-12-07T20:54:41Z",30,"GitHub Actions 1000001157",1
20010187430,57378471957,"build","completed","success","2025-12-07T20:54:47Z","2025-12-07T20:55:47Z",60,"deathstar",1
20010187430,57378514111,"integration","completed","success","2025-12-07T20:58:46Z","2025-12-07T21:01:38Z",172,"spacelab-ThinkPad-T420",1
20010247774,57378631981,"build","completed","success","2025-12-07T21:00:39Z","2025-12-07T21:01:42Z",63,"deathstar",1
20010247774,57378631992,"lint","completed","success","2025-12-07T21:00:39Z","2025-12-07T21:01:09Z",30,"GitHub Actions 1000001158",1
20010247774,57378669426,"integration","completed","failure","2025-12-07T21:01:44Z","2025-12-07T21:04:53Z",189,"spacelab-ThinkPad-T420",1
20010456506,57379144800,"build","completed","success","2025-12-07T21:16:06Z","2025-12-07T21:17:07Z",61,"deathstar",1
20010456506,57379144811,"lint","completed","success","2025-12-07T21:16:06Z","2025-12-07T21:16:33Z",27,"GitHub Actions 1000001159",1
20010456506,57379176572,"integration","completed","failure","2025-12-07T21:17:10Z","2025-12-07T21:20:50Z",220,"spacelab-ThinkPad-T420",1
20010473392,57379185354,"lint","completed","failure","2025-12-07T21:17:32Z","2025-12-07T21:18:03Z",31,"GitHub Actions 1000001160",1
20010473392,57379185359,"build","completed","failure","2025-12-07T21:17:31Z","2025-12-07T21:18:18Z",47,"deathstar",1
20010473392,57379210014,"integration","completed","skipped","2025-12-07T21:18:18Z","2025-12-07T21:18:18Z",0,,1
20010737407,57379802208,"build","completed","failure","2025-12-07T21:39:18Z","2025-12-07T21:40:18Z",60,"deathstar",1
20010737407,57379802215,"lint","completed","failure","2025-12-07T21:39:18Z","2025-12-07T21:39:43Z",25,"GitHub Actions 1000001161",1
20010737407,57379829531,"integration","completed","skipped","2025-12-07T21:40:18Z","2025-12-07T21:40:18Z",0,,1
20010770505,57379877149,"lint","completed","success","2025-12-07T21:42:14Z","2025-12-07T21:42:38Z",24,"GitHub Actions 1000001162",1
20010770505,57379877151,"build","completed","success","2025-12-07T21:42:13Z","2025-12-07T21:43:15Z",62,"deathstar",1
20010770505,57379902015,"integration","completed","failure","2025-12-07T21:43:17Z","2025-12-07T21:46:45Z",208,"spacelab-ThinkPad-T420",1
20010816447,57383114393,"build","completed","success","2025-12-07T23:32:45Z","2025-12-07T23:33:46Z",61,"deathstar",3
20010816447,57383114496,"lint","completed","success","2025-12-07T21:47:13Z","2025-12-07T21:47:41Z",28,"GitHub Actions 1000001163",3
20010816447,57383146605,"integration","completed","failure","2025-12-07T23:33:48Z","2025-12-07T23:34:17Z",29,"spacelab-ThinkPad-T420",3
20010962732,57380364046,"lint","completed","success","2025-12-07T22:01:41Z","2025-12-07T22:02:09Z",28,"GitHub Actions 1000001164",1
20010962732,57380364051,"build","completed","success","2025-12-07T22:01:41Z","2025-12-07T22:02:41Z",60,"deathstar",1
20010962732,57380402548,"integration","completed","success","2025-12-07T22:02:43Z","2025-12-07T22:05:44Z",181,"spacelab-ThinkPad-T420",1
20011006753,57380476403,"build","completed","success","2025-12-07T22:04:43Z","2025-12-07T22:05:53Z",70,"deathstar",1
20011006753,57380476410,"lint","completed","success","2025-12-07T22:04:43Z","2025-12-07T22:05:13Z",30,"GitHub Actions 1000001165",1
20011006753,57380521741,"integration","completed","failure","2025-12-07T22:05:55Z","2025-12-07T22:09:23Z",208,"spacelab-ThinkPad-T420",1
20011026346,57383327762,"build","completed","success","2025-12-07T22:06:08Z","2025-12-07T22:07:11Z",63,"deathstar",3
20011026346,57383327772,"lint","completed","success","2025-12-07T22:06:09Z","2025-12-07T22:06:41Z",32,"GitHub Actions 1000001166",3
20011026346,57383327793,"integration","completed","failure","2025-12-07T23:40:08Z","2025-12-07T23:43:31Z",203,"spacelab-ThinkPad-T420",3
20012249183,57383509644,"build","completed","success","2025-12-07T23:46:52Z","2025-12-07T23:48:01Z",69,"deathstar",1
20012249183,57383509648,"lint","completed","success","2025-12-07T23:46:52Z","2025-12-07T23:47:22Z",30,"GitHub Actions 1000001167",1
20012249183,57383541225,"integration","completed","failure","2025-12-07T23:48:03Z","2025-12-07T23:49:12Z",69,"spacelab-ThinkPad-T420",1
20012253188,57383519981,"build","completed","success","2025-12-07T23:48:52Z","2025-12-07T23:49:52Z",60,"deathstar",1
20012253188,57383519983,"lint","completed","success","2025-12-07T23:47:15Z","2025-12-07T23:47:44Z",29,"GitHub Actions 1000001168",1
20012253188,57383589726,"integration-slow-flaky","completed","cancelled","2025-12-07T23:49:54Z","2025-12-07T23:50:01Z",7,"spacelab-ThinkPad-T420",1
20012253188,57383589727,"integration","completed","cancelled","2025-12-07T23:49:58Z","2025-12-07T23:49:58Z",0,"",1
20012262893,57383544795,"build","completed","success","2025-12-07T23:50:44Z","2025-12-07T23:51:43Z",59,"deathstar",1
20012262893,57383544808,"lint","completed","success","2025-12-07T23:48:12Z","2025-12-07T23:48:41Z",29,"GitHub Actions 1000001169",1
20012262893,57383637403,"integration","completed","success","2025-12-07T23:51:45Z","2025-12-07T23:53:14Z",89,"spacelab-ThinkPad-T420",1
20012262893,57383637410,"integration-slow-flaky","completed","failure","2025-12-07T23:53:16Z","2025-12-07T23:53:54Z",38,"spacelab-ThinkPad-T420",1
20012271800,57383566131,"build","completed","success","2025-12-07T23:52:36Z","2025-12-07T23:53:40Z",64,"deathstar",1
20012271800,57383566140,"lint","completed","success","2025-12-07T23:49:02Z","2025-12-07T23:49:28Z",26,"GitHub Actions 1000001170",1
20012271800,57383684789,"integration","completed","failure","2025-12-07T23:54:45Z","2025-12-07T23:57:48Z",183,"spacelab-ThinkPad-T420",1
20012279880,57383586282,"lint","completed","success","2025-12-07T23:49:47Z","2025-12-07T23:50:13Z",26,"GitHub Actions 1000001171",1
20012279880,57383586289,"build","completed","success","2025-12-07T23:54:32Z","2025-12-07T23:55:34Z",62,"deathstar",1
20012279880,57383732657,"integration","completed","success","2025-12-07T23:57:49Z","2025-12-08T00:01:02Z",193,"spacelab-ThinkPad-T420",1
20012332884,57383713679,"build","completed","success","2025-12-07T23:56:26Z","2025-12-07T23:57:25Z",59,"deathstar",1
20012332884,57383713683,"lint","completed","success","2025-12-07T23:54:53Z","2025-12-07T23:55:19Z",26,"GitHub Actions 1000001172",1
20012332884,57383776530,"integration-slow-flaky","completed","success","2025-12-08T00:03:23Z","2025-12-08T00:05:47Z",144,"spacelab-ThinkPad-T420",1
20012332884,57383776533,"integration","completed","success","2025-12-08T00:01:04Z","2025-12-08T00:02:32Z",88,"spacelab-ThinkPad-T420",1
20012356123,57383774625,"lint","completed","success","2025-12-07T23:57:23Z","2025-12-07T23:57:49Z",26,"GitHub Actions 1000001173",1
20012356123,57383774626,"build","completed","success","2025-12-07T23:57:27Z","2025-12-07T23:58:28Z",61,"deathstar",1
20012356123,57383798218,"integration","completed","cancelled","2025-12-08T00:08:04Z","2025-12-08T00:08:04Z",0,"",1
20012375623,57383827909,"build","completed","success","2025-12-07T23:59:52Z","2025-12-08T00:00:52Z",60,"deathstar",1
20012375623,57383827910,"lint","completed","success","2025-12-07T23:59:53Z","2025-12-08T00:00:22Z",29,"GitHub Actions 1000001174",1
20012375623,57383865697,"integration","completed","success","2025-12-08T00:06:38Z","2025-12-08T00:09:40Z",182,"spacelab-ThinkPad-T420",1
20012490692,57384144030,"lint","completed","success","2025-12-08T00:07:44Z","2025-12-08T00:08:12Z",28,"GitHub Actions 1000001175",1
20012490692,57384144034,"build","completed","success","2025-12-08T00:07:43Z","2025-12-08T00:08:42Z",59,"deathstar",1
20012490692,57384187417,"integration-slow-flaky","completed","failure","2025-12-08T00:09:41Z","2025-12-08T00:11:47Z",126,"spacelab-ThinkPad-T420",1
20012490692,57384187421,"integration","completed","failure","2025-12-08T00:11:48Z","2025-12-08T00:13:16Z",88,"spacelab-ThinkPad-T420",1
20012600626,57384430475,"lint","completed","success","2025-12-08T00:14:29Z","2025-12-08T00:14:58Z",29,"GitHub Actions 1000001176",1
20012600626,57384430482,"build","completed","success","2025-12-08T00:14:28Z","2025-12-08T00:15:27Z",59,"deathstar",1
20012600626,57384473040,"integration","completed","success","2025-12-08T00:17:42Z","2025-12-08T00:19:05Z",83,"spacelab-ThinkPad-T420",1
20012600626,57384473043,"integration-slow-flaky","completed","success","2025-12-08T00:15:28Z","2025-12-08T00:17:40Z",132,"spacelab-ThinkPad-T420",1
20012686877,57384653004,"lint","completed","success","2025-12-08T00:19:39Z","2025-12-08T00:20:09Z",30,"GitHub Actions 1000001177",1
20012686877,57384653008,"build","completed","success","2025-12-08T00:19:38Z","2025-12-08T00:20:40Z",62,"deathstar",1
20012686877,57384698913,"integration","completed","failure","2025-12-08T00:20:42Z","2025-12-08T00:24:04Z",202,"spacelab-ThinkPad-T420",1
20012712397,57474091985,"integration-slow-flaky","completed","failure","2025-12-08T19:50:11Z","2025-12-08T19:50:40Z",29,"spacelab-ThinkPad-T420",5
20012712397,57474092102,"integration","completed","success","2025-12-08T00:24:06Z","2025-12-08T00:25:43Z",97,"spacelab-ThinkPad-T420",5
20012712397,57474100490,"build","completed","success","2025-12-08T00:21:09Z","2025-12-08T00:22:11Z",62,"deathstar",5
20012712397,57474106811,"lint","completed","success","2025-12-08T00:21:09Z","2025-12-08T00:21:35Z",26,"GitHub Actions 1000001178",5
20012933466,57385303056,"build","completed","failure","2025-12-08T00:33:58Z","2025-12-08T00:34:40Z",42,"deathstar",1
20012933466,57385303088,"lint","completed","success","2025-12-08T00:33:58Z","2025-12-08T00:34:26Z",28,"GitHub Actions 1000001179",1
20012933466,57385337629,"integration","completed","skipped","2025-12-08T00:34:40Z","2025-12-08T00:34:40Z",0,,1
20013249851,57387038464,"integration","completed","failure","2025-12-08T01:16:45Z","2025-12-08T01:17:28Z",43,"spacelab-ThinkPad-T420",6
20013249851,57387038470,"build","completed","success","2025-12-08T00:55:07Z","2025-12-08T00:56:24Z",77,"deathstar",6
20013249851,57387044981,"lint","completed","success","2025-12-08T00:55:07Z","2025-12-08T00:55:32Z",25,"GitHub Actions 1000001180",6
20014094571,57388316630,"build","completed","success","2025-12-08T01:48:46Z","2025-12-08T01:49:55Z",69,"deathstar",1
20014094571,57388316636,"lint","completed","success","2025-12-08T01:48:47Z","2025-12-08T01:49:18Z",31,"GitHub Actions 1000001181",1
20014094571,57388361036,"integration","completed","failure","2025-12-08T01:49:57Z","2025-12-08T01:50:40Z",43,"spacelab-ThinkPad-T420",1
20014926146,57390652058,"integration","completed","failure","2025-12-08T02:42:06Z","2025-12-08T02:42:49Z",43,"spacelab-ThinkPad-T420",2
20014926146,57390652234,"lint","completed","success","2025-12-08T02:39:42Z","2025-12-08T02:40:13Z",31,"GitHub Actions 1000001182",2
20014926146,57390659736,"build","completed","success","2025-12-08T02:39:41Z","2025-12-08T02:40:44Z",63,"deathstar",2
20015263682,57391994679,"build","completed","success","2025-12-08T03:01:56Z","2025-12-08T03:02:59Z",63,"deathstar",3
20015263682,57391994721,"integration","completed","failure","2025-12-08T03:12:02Z","2025-12-08T03:15:55Z",233,"spacelab-ThinkPad-T420",3
20015263682,57391994784,"lint","completed","success","2025-12-08T03:01:56Z","2025-12-08T03:02:29Z",33,"GitHub Actions 1000001183",3
20015994510,57393778957,"build","completed","success","2025-12-08T03:45:25Z","2025-12-08T03:46:28Z",63,"deathstar",1
20015994510,57393778961,"lint","completed","success","2025-12-08T03:45:25Z","2025-12-08T03:45:56Z",31,"GitHub Actions 1000001184",1
20015994510,57393826519,"integration","completed","failure","2025-12-08T03:46:31Z","2025-12-08T03:50:07Z",216,"spacelab-ThinkPad-T420",1
20016017053,57393845981,"build","completed","success","2025-12-08T03:46:59Z","2025-12-08T03:48:01Z",62,"deathstar",1
20016017053,57393845987,"lint","completed","success","2025-12-08T03:47:00Z","2025-12-08T03:47:33Z",33,"GitHub Actions 1000001185",1
20016017053,57393892054,"integration","completed","failure","2025-12-08T03:50:59Z","2025-12-08T03:54:25Z",206,"spacelab-ThinkPad-T420",1
20019493735,57403389177,"lint","completed","success","2025-12-08T06:59:00Z","2025-12-08T06:59:24Z",24,"GitHub Actions 1000001186",1
20019493735,57403389180,"build","completed","success","2025-12-08T06:58:59Z","2025-12-08T07:00:04Z",65,"deathstar",1
20019493735,57403452542,"integration","completed","success","2025-12-08T07:00:06Z","2025-12-08T07:03:25Z",199,"spacelab-ThinkPad-T420",1
20019632588,57403775707,"lint","completed","success","2025-12-08T07:05:09Z","2025-12-08T07:05:38Z",29,"GitHub Actions 1000001187",1
20019632588,57403775717,"build","completed","success","2025-12-08T07:05:09Z","2025-12-08T07:06:13Z",64,"deathstar",1
20019632588,57403851439,"integration","completed","success","2025-12-08T07:06:15Z","2025-12-08T07:10:10Z",235,"spacelab-ThinkPad-T420",1
20047840087,57497268020,"build","completed","success","2025-12-09T00:43:20Z","2025-12-09T00:44:31Z",71,"deathstar",1
20047840087,57497268030,"lint","completed","success","2025-12-09T00:43:21Z","2025-12-09T00:43:51Z",30,"GitHub Actions 1000001188",1
20047840087,57497340324,"integration","completed","failure","2025-12-09T00:44:33Z","2025-12-09T00:48:08Z",215,"spacelab-ThinkPad-T420",1
20079030727,57601046648,"lint","completed","success","2025-12-09T21:25:55Z","2025-12-09T21:26:21Z",26,"GitHub Actions 1000001189",1
20079030727,57601046656,"build","completed","success","2025-12-09T21:25:55Z","2025-12-09T21:27:03Z",68,"deathstar",1
20079030727,57601147792,"integration","completed","failure","2025-12-09T21:27:05Z","2025-12-09T21:27:53Z",48,"spacelab-ThinkPad-T420",1
20080116953,57604857227,"lint","completed","success","2025-12-09T22:10:51Z","2025-12-09T22:11:22Z",31,"GitHub Actions 1000001190",1
20080116953,57604857245,"build","completed","success","2025-12-09T22:10:51Z","2025-12-09T22:12:00Z",69,"deathstar",1
20080116953,57604959235,"integration","completed","failure","2025-12-09T22:12:02Z","2025-12-09T22:12:45Z",43,"spacelab-ThinkPad-T420",1
20081213794,57608523738,"build","completed","failure","2025-12-09T22:58:02Z","2025-12-09T22:59:01Z",59,"deathstar",1
20081213794,57608523748,"lint","completed","success","2025-12-09T22:58:02Z","2025-12-09T22:58:28Z",26,"GitHub Actions 1000001191",1
20081213794,57608592761,"integration","completed","skipped","2025-12-09T22:59:01Z","2025-12-09T22:59:01Z",0,,1
20081331387,57608925148,"lint","completed","success","2025-12-09T23:03:31Z","2025-12-09T23:04:00Z",29,"GitHub Actions 1000001192",1
20081331387,57608925154,"build","completed","success","2025-12-09T23:03:30Z","2025-12-09T23:04:37Z",67,"deathstar",1
20081331387,57609014892,"integration","completed","failure","2025-12-09T23:04:39Z","2025-12-09T23:05:23Z",44,"spacelab-ThinkPad-T420",1
20085673054,57622453683,"lint","completed","success","2025-12-10T02:52:58Z","2025-12-10T02:53:27Z",29,"GitHub Actions 1000001193",1
20085673054,57622453693,"build","completed","success","2025-12-10T02:52:57Z","2025-12-10T02:54:01Z",64,"deathstar",1
20085673054,57622527052,"integration","completed","failure","2025-12-10T02:54:03Z","2025-12-10T02:54:47Z",44,"spacelab-ThinkPad-T420",1
20085755668,57622770083,"lint","completed","success","2025-12-10T02:57:53Z","2025-12-10T02:58:19Z",26,"GitHub Actions 1000001194",1
20085755668,57622770089,"build","completed","success","2025-12-10T02:57:53Z","2025-12-10T02:58:55Z",62,"deathstar",1
20085755668,57622822333,"integration","completed","failure","2025-12-10T02:58:57Z","2025-12-10T02:59:41Z",44,"spacelab-ThinkPad-T420",1
20119938259,57737948593,"lint","completed","success","2025-12-11T02:29:17Z","2025-12-11T02:29:45Z",28,"GitHub Actions 1000001195",2
20119938259,57737948622,"integration","completed","failure","2025-12-11T02:34:36Z","2025-12-11T02:35:20Z",44,"spacelab-ThinkPad-T420",2
20119938259,57737948638,"build","completed","success","2025-12-11T02:29:17Z","2025-12-11T02:30:20Z",63,"deathstar",2
20120066338,57738224413,"lint","completed","success","2025-12-11T02:36:41Z","2025-12-11T02:37:06Z",25,"GitHub Actions 1000001196",2
20120066338,57738224436,"integration","completed","failure","2025-12-11T02:39:30Z","2025-12-11T02:40:39Z",69,"spacelab-ThinkPad-T420",2
20120066338,57738224444,"build","completed","success","2025-12-11T02:36:41Z","2025-12-11T02:37:44Z",63,"deathstar",2
20120146745,57740011423,"integration","completed","failure","2025-12-11T03:13:36Z","2025-12-11T03:14:45Z",69,"spacelab-ThinkPad-T420",3
20120146745,57740011425,"lint","completed","success","2025-12-11T02:41:18Z","2025-12-11T02:41:48Z",30,"GitHub Actions 1000001197",3
20120146745,57740017196,"build","completed","success","2025-12-11T02:41:17Z","2025-12-11T02:42:20Z",63,"deathstar",3
20175013329,57920665088,"build","completed","success","2025-12-12T17:40:25Z","2025-12-12T17:42:44Z",139,"deathstar",1
20175013329,57920665093,"lint","completed","success","2025-12-12T17:40:26Z","2025-12-12T17:40:56Z",30,"GitHub Actions 1000001203",1
20175013329,57920866920,"integration","completed","failure","2025-12-12T17:42:46Z","2025-12-12T17:43:49Z",63,"spacelab-ThinkPad-T420",1
20175077960,57920891427,"build","completed","success","2025-12-12T17:43:03Z","2025-12-12T17:45:09Z",126,"deathstar",1
20175077960,57920891430,"lint","completed","success","2025-12-12T17:43:04Z","2025-12-12T17:43:30Z",26,"GitHub Actions 1000001204",1
20175077960,57921064382,"integration","completed","failure","2025-12-12T17:45:11Z","2025-12-12T17:45:54Z",43,"spacelab-ThinkPad-T420",1
20175217167,57921368717,"build","completed","success","2025-12-12T17:48:51Z","2025-12-12T17:50:57Z",126,"deathstar",1
20175217167,57921368719,"lint","completed","success","2025-12-12T17:48:52Z","2025-12-12T17:49:18Z",26,"GitHub Actions 1000001205",1
20175217167,57921545739,"integration","completed","failure","2025-12-12T17:51:00Z","2025-12-12T17:51:48Z",48,"spacelab-ThinkPad-T420",1
20175694311,57923046490,"build","completed","success","2025-12-12T18:08:49Z","2025-12-12T18:10:55Z",126,"deathstar",1
20175694311,57923046493,"lint","completed","success","2025-12-12T18:08:50Z","2025-12-12T18:09:16Z",26,"GitHub Actions 1000001206",1
20175694311,57923234159,"integration","completed","failure","2025-12-12T18:10:57Z","2025-12-12T18:11:41Z",44,"spacelab-ThinkPad-T420",1
20175736932,57923197284,"build","completed","success","2025-12-12T18:11:47Z","2025-12-12T18:13:59Z",132,"deathstar",1
20175736932,57923197298,"lint","completed","success","2025-12-12T18:10:34Z","2025-12-12T18:11:03Z",29,"GitHub Actions 1000001207",1
20175736932,57923500232,"integration","completed","failure","2025-12-12T18:14:01Z","2025-12-12T18:14:44Z",43,"spacelab-ThinkPad-T420",1
20176075834,57924360815,"lint","completed","success","2025-12-12T18:24:09Z","2025-12-12T18:24:37Z",28,"GitHub Actions 1000001208",1
20176075834,57924360852,"build","completed","success","2025-12-12T18:24:08Z","2025-12-12T18:26:15Z",127,"deathstar",1
20176075834,57924539757,"integration","completed","failure","2025-12-12T18:26:18Z","2025-12-12T18:27:02Z",44,"spacelab-ThinkPad-T420",1
20176137591,57924569542,"lint","completed","success","2025-12-12T18:26:40Z","2025-12-12T18:27:05Z",25,"GitHub Actions 1000001209",1
20176137591,57924569549,"build","completed","success","2025-12-12T18:26:39Z","2025-12-12T18:28:39Z",120,"deathstar",1
20176137591,57924741612,"integration","completed","failure","2025-12-12T18:28:41Z","2025-12-12T18:29:25Z",44,"spacelab-ThinkPad-T420",1
20176183288,57924721536,"lint","completed","success","2025-12-12T18:28:29Z","2025-12-12T18:28:57Z",28,"GitHub Actions 1000001210",1
20176183288,57924721600,"build","completed","success","2025-12-12T18:28:41Z","2025-12-12T18:30:42Z",121,"deathstar",1
20176183288,57924913822,"integration","completed","failure","2025-12-12T18:30:44Z","2025-12-12T18:31:27Z",43,"spacelab-ThinkPad-T420",1
20176582596,57926095647,"build","completed","failure","2025-12-12T18:45:09Z","2025-12-12T18:46:54Z",105,"deathstar",1
20176582596,57926095652,"lint","completed","success","2025-12-12T18:45:10Z","2025-12-12T18:45:40Z",30,"GitHub Actions 1000001211",1
20176582596,57926239584,"integration","completed","skipped","2025-12-12T18:46:55Z","2025-12-12T18:46:54Z",-1,,1
20176716221,57926559570,"lint","completed","success","2025-12-12T18:50:59Z","2025-12-12T18:51:28Z",29,"GitHub Actions 1000001217",1
20176716221,57926559606,"build","completed","success","2025-12-12T18:50:59Z","2025-12-12T18:53:00Z",121,"deathstar",1
20176716221,57926725923,"integration","completed","failure","2025-12-12T18:53:02Z","2025-12-12T18:53:47Z",45,"spacelab-ThinkPad-T420",1
20176899471,57927201011,"build","completed","success","2025-12-12T18:58:40Z","2025-12-12T19:00:43Z",123,"deathstar",1
20176899471,57927201014,"lint","completed","success","2025-12-12T18:58:40Z","2025-12-12T18:59:07Z",27,"GitHub Actions 1000001218",1
20176899471,57927377985,"integration","completed","failure","2025-12-12T19:00:45Z","2025-12-12T19:01:30Z",45,"spacelab-ThinkPad-T420",1
20177022229,57927624854,"lint","completed","success","2025-12-12T19:03:34Z","2025-12-12T19:04:01Z",27,"GitHub Actions 1000001219",1
20177022229,57927624874,"build","completed","success","2025-12-12T19:03:34Z","2025-12-12T19:05:37Z",123,"deathstar",1
20177022229,57927814114,"integration","completed","failure","2025-12-12T19:05:40Z","2025-12-12T19:06:24Z",44,"spacelab-ThinkPad-T420",1
20177178281,57928162079,"lint","completed","success","2025-12-12T19:09:42Z","2025-12-12T19:10:14Z",32,"GitHub Actions 1000001220",1
20177178281,57928162088,"build","completed","success","2025-12-12T19:09:40Z","2025-12-12T19:11:42Z",122,"deathstar",1
20177178281,57928337601,"integration","completed","failure","2025-12-12T19:11:44Z","2025-12-12T19:12:29Z",45,"spacelab-ThinkPad-T420",1
20177253316,57928412138,"build","completed","success","2025-12-12T19:12:38Z","2025-12-12T19:14:42Z",124,"deathstar",1
20177253316,57928412148,"lint","completed","success","2025-12-12T19:12:39Z","2025-12-12T19:13:09Z",30,"GitHub Actions 1000001221",1
20177253316,57928591648,"integration","completed","failure","2025-12-12T19:14:44Z","2025-12-12T19:15:29Z",45,"spacelab-ThinkPad-T420",1
20178885356,57933984888,"lint","completed","success","2025-12-12T20:21:38Z","2025-12-12T20:22:07Z",29,"GitHub Actions 1000001222",1
20178885356,57933984910,"build","completed","success","2025-12-12T20:21:38Z","2025-12-12T20:23:39Z",121,"deathstar",1
20178885356,57934143339,"integration","completed","failure","2025-12-12T20:23:42Z","2025-12-12T20:24:26Z",44,"spacelab-ThinkPad-T420",1
20178911295,57934069761,"build","completed","failure","2025-12-12T20:24:32Z","2025-12-12T20:24:44Z",12,"deathstar",1
20178911295,57934069787,"lint","completed","success","2025-12-12T20:22:44Z","2025-12-12T20:23:10Z",26,"GitHub Actions 1000001223",1
20178911295,57934223427,"integration","completed","skipped","2025-12-12T20:24:44Z","2025-12-12T20:24:44Z",0,,1
20179014748,57934420266,"lint","completed","success","2025-12-12T20:27:18Z","2025-12-12T20:27:51Z",33,"GitHub Actions 1000001224",1
20179014748,57934420290,"build","completed","success","2025-12-12T20:27:18Z","2025-12-12T20:29:27Z",129,"deathstar",1
20179014748,57934593600,"integration","completed","failure","2025-12-12T20:29:29Z","2025-12-12T20:30:13Z",44,"spacelab-ThinkPad-T420",1
20179076733,57934638947,"lint","completed","success","2025-12-12T20:30:05Z","2025-12-12T20:30:33Z",28,"GitHub Actions 1000001225",1
20179076733,57934638950,"build","completed","success","2025-12-12T20:30:05Z","2025-12-12T20:32:07Z",122,"deathstar",1
20179076733,57934807675,"integration","completed","failure","2025-12-12T20:32:09Z","2025-12-12T20:32:53Z",44,"spacelab-ThinkPad-T420",1
20179088196,57934675544,"build","completed","success","2025-12-12T20:32:09Z","2025-12-12T20:34:11Z",122,"deathstar",1
20179088196,57934675591,"lint","completed","success","2025-12-12T20:30:30Z","2025-12-12T20:30:57Z",27,"GitHub Actions 1000001226",1
20179088196,57934958006,"integration","completed","failure","2025-12-12T20:34:13Z","2025-12-12T20:34:57Z",44,"spacelab-ThinkPad-T420",1
20182442829,57945726054,"lint","completed","success","2025-12-12T23:09:06Z","2025-12-12T23:09:32Z",26,"GitHub Actions 1000001227",1
20182442829,57945726082,"build","completed","success","2025-12-12T23:09:06Z","2025-12-12T23:11:13Z",127,"deathstar",1
20182442829,57945850528,"integration","completed","failure","2025-12-12T23:11:15Z","2025-12-12T23:12:00Z",45,"spacelab-ThinkPad-T420",1
20182597459,57946183403,"build","completed","success","2025-12-12T23:17:17Z","2025-12-12T23:19:19Z",122,"deathstar",1
20182597459,57946183404,"lint","completed","success","2025-12-12T23:17:17Z","2025-12-12T23:17:47Z",30,"GitHub Actions 1000001228",1
20182597459,57946296858,"integration","completed","failure","2025-12-12T23:19:21Z","2025-12-12T23:20:04Z",43,"spacelab-ThinkPad-T420",1
20182667227,57946393420,"build","completed","success","2025-12-12T23:21:12Z","2025-12-12T23:23:19Z",127,"deathstar",1
20182667227,57946393431,"lint","completed","success","2025-12-12T23:21:13Z","2025-12-12T23:21:42Z",29,"GitHub Actions 1000001229",1
20182667227,57946508266,"integration","completed","failure","2025-12-12T23:23:21Z","2025-12-12T23:24:05Z",44,"spacelab-ThinkPad-T420",1
20182669134,57946398199,"lint","completed","success","2025-12-12T23:21:18Z","2025-12-12T23:21:46Z",28,"GitHub Actions 1000001230",1
20182669134,57946398201,"build","completed","success","2025-12-12T23:21:16Z","2025-12-12T23:23:59Z",163,"T38Talon",1
20182669134,57946544476,"integration","completed","failure","2025-12-12T23:24:01Z","2025-12-12T23:24:42Z",41,"T38Talon",1
20182693116,57946468915,"lint","completed","success","2025-12-12T23:22:36Z","2025-12-12T23:23:04Z",28,"GitHub Actions 1000001231",1
20182693116,57946468924,"build","completed","success","2025-12-12T23:23:21Z","2025-12-12T23:25:28Z",127,"deathstar",1
20182693116,57946624020,"integration","completed","failure","2025-12-12T23:25:31Z","2025-12-12T23:26:12Z",41,"T38Talon",1
20183099456,57947665238,"build","completed","success","2025-12-12T23:45:45Z","2025-12-12T23:47:51Z",126,"deathstar",1
20183099456,57947665245,"lint","completed","success","2025-12-12T23:45:45Z","2025-12-12T23:46:12Z",27,"GitHub Actions 1000001232",1
20183099456,57947766902,"integration","completed","failure","2025-12-12T23:47:53Z","2025-12-12T23:48:37Z",44,"spacelab-ThinkPad-T420",1
20183329921,57948362722,"build","completed","success","2025-12-13T00:01:25Z","2025-12-13T00:03:24Z",119,"deathstar",1
20183329921,57948362727,"lint","completed","success","2025-12-13T00:01:27Z","2025-12-13T00:01:54Z",27,"GitHub Actions 1000001233",1
20183329921,57948468620,"integration","completed","failure","2025-12-13T00:03:27Z","2025-12-13T00:04:11Z",44,"spacelab-ThinkPad-T420",1
20183384691,57948543603,"build","completed","success","2025-12-13T00:04:53Z","2025-12-13T00:06:57Z",124,"deathstar",1
20183384691,57948543637,"lint","completed","success","2025-12-13T00:04:54Z","2025-12-13T00:05:26Z",32,"GitHub Actions 1000001234",1
20183384691,57948645448,"integration","completed","failure","2025-12-13T00:06:59Z","2025-12-13T00:08:09Z",70,"spacelab-ThinkPad-T420",1
20183479472,57949228987,"integration","completed","failure","2025-12-13T00:19:08Z","2025-12-13T00:19:17Z",9,"spacelab-ThinkPad-T420",3
20183479472,57949228990,"lint","completed","success","2025-12-13T00:10:57Z","2025-12-13T00:11:27Z",30,"GitHub Actions 1000001235",3
20183479472,57949233333,"build","completed","success","2025-12-13T00:10:56Z","2025-12-13T00:12:59Z",123,"deathstar",3
20183518654,57948965010,"build","completed","success","2025-12-13T00:13:29Z","2025-12-13T00:15:30Z",121,"deathstar",1
20183518654,57948965015,"lint","completed","failure","2025-12-13T00:13:30Z","2025-12-13T00:14:00Z",30,"GitHub Actions 1000001236",1
20183518654,57949064057,"integration","completed","failure","2025-12-13T00:15:32Z","2025-12-13T00:16:16Z",44,"spacelab-ThinkPad-T420",1
20183549733,57949057419,"build","completed","success","2025-12-13T00:16:22Z","2025-12-13T00:18:21Z",119,"deathstar",1
20183549733,57949057423,"lint","completed","success","2025-12-13T00:15:25Z","2025-12-13T00:15:50Z",25,"GitHub Actions 1000001237",1
20183549733,57949201787,"integration","completed","failure","2025-12-13T00:18:24Z","2025-12-13T00:19:07Z",43,"spacelab-ThinkPad-T420",1
20183655309,57949387641,"lint","completed","success","2025-12-13T00:22:12Z","2025-12-13T00:22:40Z",28,"GitHub Actions 1000001238",1
20183655309,57949387649,"build","completed","success","2025-12-13T00:22:11Z","2025-12-13T00:24:15Z",124,"deathstar",1
20183655309,57949488707,"integration","completed","failure","2025-12-13T00:24:17Z","2025-12-13T00:24:26Z",9,"spacelab-ThinkPad-T420",1
20183713178,57949570064,"lint","completed","success","2025-12-13T00:25:55Z","2025-12-13T00:26:21Z",26,"GitHub Actions 1000001239",1
20183713178,57949570069,"build","completed","success","2025-12-13T00:25:54Z","2025-12-13T00:27:53Z",119,"deathstar",1
20183713178,57949672713,"integration","completed","failure","2025-12-13T00:27:55Z","2025-12-13T00:28:39Z",44,"spacelab-ThinkPad-T420",1
20183715017,57951508813,"integration","completed","failure","2025-12-13T01:09:34Z","2025-12-13T01:13:33Z",239,"spacelab-ThinkPad-T420",6
20183715017,57951508894,"lint","completed","success","2025-12-13T00:26:01Z","2025-12-13T00:26:29Z",28,"GitHub Actions 1000001240",6
20183715017,57951514901,"build","completed","success","2025-12-13T00:28:45Z","2025-12-13T00:30:43Z",118,"deathstar",6
20183749028,57949678546,"lint","completed","success","2025-12-13T00:28:04Z","2025-12-13T00:28:35Z",31,"GitHub Actions 1000001241",1
20183749028,57949678553,"build","completed","success","2025-12-13T00:30:45Z","2025-12-13T00:32:47Z",122,"deathstar",1
20183749028,57949918483,"integration","completed","failure","2025-12-13T00:32:51Z","2025-12-13T00:36:03Z",192,"spacelab-ThinkPad-T420",1
20183775202,57949758836,"build","completed","success","2025-12-13T00:32:49Z","2025-12-13T00:34:48Z",119,"deathstar",1
20183775202,57949758841,"lint","completed","success","2025-12-13T00:29:41Z","2025-12-13T00:30:05Z",24,"GitHub Actions 1000001242",1
20183775202,57950020323,"integration","completed","failure","2025-12-13T00:38:07Z","2025-12-13T00:39:17Z",70,"spacelab-ThinkPad-T420",1
20183779178,57949771223,"lint","completed","success","2025-12-13T00:29:58Z","2025-12-13T00:30:24Z",26,"GitHub Actions 1000001243",1
20183779178,57949771243,"build","completed","success","2025-12-13T00:35:40Z","2025-12-13T00:37:40Z",120,"deathstar",1
20183779178,57950159438,"integration","completed","failure","2025-12-13T00:44:45Z","2025-12-13T00:45:55Z",70,"spacelab-ThinkPad-T420",1
20184319823,57951342813,"build","completed","failure","2025-12-13T01:05:21Z","2025-12-13T01:06:56Z",95,"deathstar",1
20184319823,57951342816,"lint","completed","success","2025-12-13T01:05:21Z","2025-12-13T01:05:49Z",28,"GitHub Actions 1000001244",1
20184319823,57951406134,"integration","completed","skipped","2025-12-13T01:06:56Z","2025-12-13T01:06:56Z",0,,1
20184414860,57951604559,"build","completed","success","2025-12-13T01:12:04Z","2025-12-13T01:14:01Z",117,"deathstar",1
20184414860,57951604569,"lint","completed","success","2025-12-13T01:12:04Z","2025-12-13T01:12:29Z",25,"GitHub Actions 1000001245",1
20184414860,57951679748,"integration","completed","failure","2025-12-13T01:14:03Z","2025-12-13T01:26:40Z",757,"spacelab-ThinkPad-T420",1
20184633917,57952189572,"build","completed","success","2025-12-13T01:28:30Z","2025-12-13T01:30:33Z",123,"deathstar",1
20184633917,57952189573,"lint","completed","success","2025-12-13T01:28:32Z","2025-12-13T01:29:03Z",31,"GitHub Actions 1000001246",1
20184633917,57952268636,"integration","completed","failure","2025-12-13T01:30:35Z","2025-12-13T01:42:57Z",742,"spacelab-ThinkPad-T420",1
20184669348,57952289708,"build","completed","success","2025-12-13T01:31:09Z","2025-12-13T01:33:19Z",130,"deathstar",1
20184669348,57952289711,"lint","completed","success","2025-12-13T01:31:10Z","2025-12-13T01:31:38Z",28,"GitHub Actions 1000001247",1
20184669348,57952376100,"integration","completed","failure","2025-12-13T01:42:59Z","2025-12-13T01:55:45Z",766,"spacelab-ThinkPad-T420",1
20185225002,57953772112,"lint","completed","failure","2025-12-13T02:14:29Z","2025-12-13T02:14:55Z",26,"GitHub Actions 1000001248",1
20185225002,57953772117,"build","completed","success","2025-12-13T02:14:29Z","2025-12-13T02:16:43Z",134,"deathstar",1
20185225002,57953836636,"integration","completed","failure","2025-12-13T02:16:45Z","2025-12-13T02:29:22Z",757,"spacelab-ThinkPad-T420",1
20185290762,57959433965,"lint","completed","success","2025-12-13T02:20:54Z","2025-12-13T02:21:25Z",31,"GitHub Actions 1000001249",2
20185290762,57959433980,"integration","completed","failure","2025-12-13T05:06:59Z","2025-12-13T05:07:46Z",47,"spacelab-ThinkPad-T420",2
20185290762,57959434200,"build","completed","success","2025-12-13T02:20:54Z","2025-12-13T02:23:00Z",126,"deathstar",2
20187786815,57960708155,"build","completed","success","2025-12-13T05:54:07Z","2025-12-13T05:56:17Z",130,"deathstar",1
20187786815,57960708160,"lint","completed","success","2025-12-13T05:54:08Z","2025-12-13T05:54:36Z",28,"GitHub Actions 1000001250",1
20187786815,57960756831,"integration","completed","failure","2025-12-13T05:56:19Z","2025-12-13T05:57:03Z",44,"spacelab-ThinkPad-T420",1
20187953054,57961142213,"lint","completed","success","2025-12-13T06:09:23Z","2025-12-13T06:09:53Z",30,"GitHub Actions 1000001251",1
20187953054,57961142214,"build","completed","success","2025-12-13T06:09:23Z","2025-12-13T06:11:31Z",128,"deathstar",1
20187953054,57961213153,"integration","completed","failure","2025-12-13T06:11:33Z","2025-12-13T06:12:17Z",44,"spacelab-ThinkPad-T420",1
20192719598,57972374679,"lint","completed","success","2025-12-13T13:27:12Z","2025-12-13T13:27:41Z",29,"GitHub Actions 1000001252",1
20192719598,57972374682,"build","completed","success","2025-12-13T13:27:12Z","2025-12-13T13:29:20Z",128,"deathstar",1
20192719598,57972427945,"integration","completed","failure","2025-12-13T13:29:22Z","2025-12-13T13:30:07Z",45,"spacelab-ThinkPad-T420",1
20192756736,57972457472,"build","completed","success","2025-12-13T13:30:28Z","2025-12-13T13:32:34Z",126,"deathstar",1
20192756736,57972457474,"lint","completed","success","2025-12-13T13:30:29Z","2025-12-13T13:30:56Z",27,"GitHub Actions 1000001253",1
20192756736,57972511378,"integration","completed","failure","2025-12-13T13:32:35Z","2025-12-13T13:33:19Z",44,"spacelab-ThinkPad-T420",1
20192851432,57972676769,"build","completed","failure","2025-12-13T13:38:50Z","2025-12-13T13:39:08Z",18,"deathstar",1
20192851432,57972676772,"lint","completed","success","2025-12-13T13:38:51Z","2025-12-13T13:39:19Z",28,"GitHub Actions 1000001254",1
20192851432,57972685880,"integration","completed","skipped","2025-12-13T13:39:09Z","2025-12-13T13:39:08Z",-1,,1
20192855857,57972687067,"build","completed","failure","2025-12-13T13:39:13Z","2025-12-13T13:40:25Z",72,"deathstar",1
20192855857,57972687075,"lint","completed","success","2025-12-13T13:39:14Z","2025-12-13T13:39:42Z",28,"GitHub Actions 1000001255",1
20192855857,57972717999,"integration","completed","skipped","2025-12-13T13:40:25Z","2025-12-13T13:40:25Z",0,,1
20193168459,57973415345,"build","completed","failure","2025-12-13T14:07:36Z","2025-12-13T14:08:56Z",80,"deathstar",1
20193168459,57973415352,"lint","completed","success","2025-12-13T14:07:37Z","2025-12-13T14:08:03Z",26,"GitHub Actions 1000001256",1
20193168459,57973453227,"integration","completed","skipped","2025-12-13T14:08:56Z","2025-12-13T14:08:56Z",0,,1
20193457868,57974074016,"build","completed","failure","2025-12-13T14:31:29Z","2025-12-13T14:32:45Z",76,"deathstar",1
20193457868,57974074019,"lint","completed","success","2025-12-13T14:31:30Z","2025-12-13T14:31:57Z",27,"GitHub Actions 1000001257",1
20193457868,57974109486,"integration","completed","skipped","2025-12-13T14:32:46Z","2025-12-13T14:32:46Z",0,,1
20193561550,57974308746,"build","completed","failure","2025-12-13T14:40:08Z","2025-12-13T14:41:22Z",74,"deathstar",1
20193561550,57974308751,"lint","completed","success","2025-12-13T14:40:08Z","2025-12-13T14:40:35Z",27,"GitHub Actions 1000001258",1
20193561550,57974340775,"integration","completed","skipped","2025-12-13T14:41:22Z","2025-12-13T14:41:22Z",0,,1
20194003610,57975343753,"build","completed","success","2025-12-13T15:19:41Z","2025-12-13T15:21:50Z",129,"deathstar",1
20194003610,57975343766,"lint","completed","success","2025-12-13T15:19:42Z","2025-12-13T15:20:09Z",27,"GitHub Actions 1000001259",1
20194003610,57975401376,"integration","completed","failure","2025-12-13T15:21:52Z","2025-12-13T15:22:39Z",47,"spacelab-ThinkPad-T420",1
20195534429,57978954386,"lint","completed","success","2025-12-13T17:37:31Z","2025-12-13T17:37:57Z",26,"GitHub Actions 1000001260",1
20195534429,57978954393,"build","completed","success","2025-12-13T17:37:30Z","2025-12-13T17:39:32Z",122,"deathstar",1
20195534429,57979007871,"integration","completed","failure","2025-12-13T17:39:34Z","2025-12-13T17:40:18Z",44,"spacelab-ThinkPad-T420",1
20195566802,57979025424,"lint","completed","success","2025-12-13T17:40:14Z","2025-12-13T17:40:41Z",27,"GitHub Actions 1000001261",1
20195566802,57979025428,"build","completed","success","2025-12-13T17:40:14Z","2025-12-13T17:42:17Z",123,"deathstar",1
20195566802,57979080916,"integration","completed","failure","2025-12-13T17:42:19Z","2025-12-13T17:43:03Z",44,"spacelab-ThinkPad-T420",1
20195569434,57979030994,"lint","completed","success","2025-12-13T17:40:25Z","2025-12-13T17:40:52Z",27,"GitHub Actions 1000001262",1
20195569434,57979031003,"build","completed","failure","2025-12-13T17:43:14Z","2025-12-13T17:44:47Z",93,"deathstar",1
20195569434,57979141570,"integration","completed","skipped","2025-12-13T17:44:48Z","2025-12-13T17:44:48Z",0,,1
20195571502,57979036626,"build","completed","failure","2025-12-13T17:45:39Z","2025-12-13T17:47:13Z",94,"deathstar",1
20195571502,57979036628,"lint","completed","success","2025-12-13T17:40:40Z","2025-12-13T17:41:07Z",27,"GitHub Actions 1000001263",1
20195571502,57979200835,"integration","completed","skipped","2025-12-13T17:47:13Z","2025-12-13T17:47:13Z",0,,1
20195734501,57979422894,"lint","completed","success","2025-12-13T17:56:54Z","2025-12-13T17:57:25Z",31,"GitHub Actions 1000001264",1
20195734501,57979422900,"build","completed","failure","2025-12-13T17:56:54Z","2025-12-13T17:58:38Z",104,"deathstar",1
20195734501,57979457207,"integration","completed","skipped","2025-12-13T17:58:38Z","2025-12-13T17:58:38Z",0,,1
20195750462,57979465112,"build","completed","failure","2025-12-13T17:59:02Z","2025-12-13T18:00:54Z",112,"deathstar",1
20195750462,57979465119,"lint","completed","success","2025-12-13T17:59:03Z","2025-12-13T17:59:33Z",30,"GitHub Actions 1000001265",1
20195750462,57979516335,"integration","completed","skipped","2025-12-13T18:00:54Z","2025-12-13T18:00:54Z",0,,1
20195906230,57979855446,"lint","completed","success","2025-12-13T18:12:01Z","2025-12-13T18:12:30Z",29,"GitHub Actions 1000001266",1
20195906230,57979855447,"build","completed","success","2025-12-13T18:12:01Z","2025-12-13T18:14:03Z",122,"deathstar",1
20195906230,57979916545,"integration","completed","failure","2025-12-13T18:14:05Z","2025-12-13T18:14:50Z",45,"spacelab-ThinkPad-T420",1
20196043280,57980174908,"build","completed","success","2025-12-13T18:23:42Z","2025-12-13T18:25:40Z",118,"deathstar",1
20196043280,57980174910,"lint","completed","success","2025-12-13T18:23:43Z","2025-12-13T18:24:14Z",31,"GitHub Actions 1000001267",1
20196043280,57980230945,"integration","completed","failure","2025-12-13T18:25:42Z","2025-12-13T18:26:26Z",44,"spacelab-ThinkPad-T420",1
20196243526,57980636481,"lint","completed","success","2025-12-13T18:40:45Z","2025-12-13T18:41:12Z",27,"GitHub Actions 1000001268",1
20196243526,57980636486,"build","completed","success","2025-12-13T18:40:45Z","2025-12-13T18:42:44Z",119,"deathstar",1
20196243526,57980693084,"integration","completed","failure","2025-12-13T18:42:46Z","2025-12-13T18:43:30Z",44,"spacelab-ThinkPad-T420",1
20197638434,57983912141,"lint","completed","success","2025-12-13T20:45:50Z","2025-12-13T20:46:19Z",29,"GitHub Actions 1000001269",1
20197638434,57983912147,"build","completed","failure","2025-12-13T20:45:50Z","2025-12-13T20:47:41Z",111,"deathstar",1
20197638434,57983961186,"integration","completed","skipped","2025-12-13T20:47:42Z","2025-12-13T20:47:41Z",-1,,1
20197758080,57984200426,"build","completed","success","2025-12-13T20:57:36Z","2025-12-13T20:59:40Z",124,"deathstar",1
20197758080,57984200431,"lint","completed","success","2025-12-13T20:57:36Z","2025-12-13T20:58:05Z",29,"GitHub Actions 1000001270",1
20197758080,57984243336,"integration","completed","failure","2025-12-13T20:59:42Z","2025-12-13T21:00:26Z",44,"spacelab-ThinkPad-T420",1
20197769714,57984229084,"lint","completed","success","2025-12-13T20:59:00Z","2025-12-13T20:59:27Z",27,"GitHub Actions 1000001271",1
20197769714,57984229086,"build","completed","success","2025-12-13T21:00:32Z","2025-12-13T21:02:24Z",112,"deathstar",1
20197769714,57984324065,"integration","completed","failure","2025-12-13T21:02:26Z","2025-12-13T21:03:10Z",44,"spacelab-ThinkPad-T420",1
20197777508,57984249097,"build","completed","success","2025-12-13T21:03:16Z","2025-12-13T21:05:11Z",115,"deathstar",1
20197777508,57984249102,"lint","completed","success","2025-12-13T21:00:02Z","2025-12-13T21:00:32Z",30,"GitHub Actions 1000001272",1
20197777508,57984412499,"integration","completed","failure","2025-12-13T21:05:13Z","2025-12-13T21:05:57Z",44,"spacelab-ThinkPad-T420",1
20197790605,57984279837,"build","completed","success","2025-12-13T21:06:03Z","2025-12-13T21:07:55Z",112,"deathstar",1
20197790605,57984279839,"lint","completed","success","2025-12-13T21:01:01Z","2025-12-13T21:01:29Z",28,"GitHub Actions 1000001273",1
20197790605,57984496458,"integration","completed","failure","2025-12-13T21:07:56Z","2025-12-13T21:08:41Z",45,"spacelab-ThinkPad-T420",1
20197861261,57984456973,"lint","completed","success","2025-12-13T21:06:35Z","2025-12-13T21:07:01Z",26,"GitHub Actions 1000001274",1
20197861261,57984456974,"build","completed","failure","2025-12-13T21:08:47Z","2025-12-13T21:10:39Z",112,"deathstar",1
20197861261,57984572243,"integration","completed","skipped","2025-12-13T21:10:40Z","2025-12-13T21:10:40Z",0,,1
20199928373,57989452313,"lint","completed","success","2025-12-14T00:18:22Z","2025-12-14T00:18:53Z",31,"GitHub Actions 1000001275",1
20199928373,57989452324,"build","completed","success","2025-12-14T00:18:21Z","2025-12-14T00:20:21Z",120,"deathstar",1
20199928373,57989512106,"integration","completed","failure","2025-12-14T00:20:23Z","2025-12-14T00:21:09Z",46,"spacelab-ThinkPad-T420",1
20199951391,57989513989,"build","completed","success","2025-12-14T00:20:27Z","2025-12-14T00:22:20Z",113,"deathstar",1
20199951391,57989514001,"lint","completed","success","2025-12-14T00:20:28Z","2025-12-14T00:20:58Z",30,"GitHub Actions 1000001276",1
20199951391,57989571779,"integration","completed","failure","2025-12-14T00:22:22Z","2025-12-14T00:23:05Z",43,"spacelab-ThinkPad-T420",1
20200512659,57990976189,"lint","completed","success","2025-12-14T01:10:09Z","2025-12-14T01:10:37Z",28,"GitHub Actions 1000001277",1
20200512659,57990976192,"build","completed","success","2025-12-14T01:10:08Z","2025-12-14T01:12:06Z",118,"deathstar",1
20200512659,57991030704,"integration","completed","failure","2025-12-14T01:12:08Z","2025-12-14T01:12:53Z",45,"spacelab-ThinkPad-T420",1
20204084366,58000068890,"build","completed","success","2025-12-14T06:40:37Z","2025-12-14T06:42:40Z",123,"deathstar",1
20204084366,58000068897,"lint","completed","success","2025-12-14T06:40:38Z","2025-12-14T06:41:05Z",27,"GitHub Actions 1000001278",1
20204084366,58000119428,"integration","completed","failure","2025-12-14T06:42:42Z","2025-12-14T06:43:28Z",46,"spacelab-ThinkPad-T420",1
20204143279,58000203502,"build","completed","success","2025-12-14T06:46:17Z","2025-12-14T06:48:16Z",119,"deathstar",1
20204143279,58000203508,"lint","completed","success","2025-12-14T06:46:17Z","2025-12-14T06:46:42Z",25,"GitHub Actions 1000001279",1
20204143279,58000251985,"integration","completed","failure","2025-12-14T06:48:18Z","2025-12-14T06:49:02Z",44,"spacelab-ThinkPad-T420",1
20204171098,58000267784,"build","completed","success","2025-12-14T06:49:03Z","2025-12-14T06:51:00Z",117,"deathstar",1
20204171098,58000267795,"lint","completed","success","2025-12-14T06:49:04Z","2025-12-14T06:49:33Z",29,"GitHub Actions 1000001280",1
20204171098,58000314495,"integration","completed","failure","2025-12-14T06:51:02Z","2025-12-14T06:51:46Z",44,"spacelab-ThinkPad-T420",1
20204193129,58236862756,"integration","completed","failure","2025-12-16T18:58:40Z","2025-12-16T19:11:21Z",761,"NCC-Michael",6
20204193129,58236862822,"build","completed","success","2025-12-14T06:51:15Z","2025-12-14T06:53:11Z",116,"deathstar",6
20204193129,58236874540,"lint","completed","success","2025-12-14T06:51:16Z","2025-12-14T06:51:46Z",30,"GitHub Actions 1000001281",6
20204371824,58000741557,"lint","completed","success","2025-12-14T07:06:54Z","2025-12-14T07:07:18Z",24,"GitHub Actions 1000001282",1
20204371824,58000741561,"build","completed","failure","2025-12-14T07:06:54Z","2025-12-14T07:08:40Z",106,"deathstar",1
20204371824,58000793676,"integration","completed","skipped","2025-12-14T07:08:40Z","2025-12-14T07:08:40Z",0,,1
20204510810,58001066590,"build","completed","failure","2025-12-14T07:18:48Z","2025-12-14T07:20:35Z",107,"deathstar",1
20204510810,58001066595,"lint","completed","success","2025-12-14T07:18:48Z","2025-12-14T07:19:15Z",27,"GitHub Actions 1000001283",1
20204510810,58001109017,"integration","completed","skipped","2025-12-14T07:20:36Z","2025-12-14T07:20:35Z",-1,,1
20211903417,58018973756,"build","completed","success","2025-12-14T17:57:05Z","2025-12-14T17:59:14Z",129,"deathstar",1
20211903417,58018973758,"lint","completed","success","2025-12-14T17:57:05Z","2025-12-14T17:57:36Z",31,"GitHub Actions 1000001284",1
20211903417,58019023809,"integration","completed","failure","2025-12-14T17:59:16Z","2025-12-14T18:00:01Z",45,"spacelab-ThinkPad-T420",1
20212351554,58020066726,"build","completed","success","2025-12-14T18:33:41Z","2025-12-14T18:35:50Z",129,"deathstar",1
20212351554,58020066733,"lint","completed","success","2025-12-14T18:33:42Z","2025-12-14T18:34:11Z",29,"GitHub Actions 1000001285",1
20212351554,58020130437,"integration","completed","failure","2025-12-14T18:35:53Z","2025-12-14T18:36:37Z",44,"spacelab-ThinkPad-T420",1
20212582842,58020652830,"lint","completed","success","2025-12-14T18:52:51Z","2025-12-14T18:53:17Z",26,"GitHub Actions 1000001286",1
20212582842,58020652832,"build","completed","success","2025-12-14T18:52:50Z","2025-12-14T18:54:54Z",124,"deathstar",1
20212582842,58020714163,"integration","completed","failure","2025-12-14T18:54:56Z","2025-12-14T18:55:41Z",45,"spacelab-ThinkPad-T420",1
20212652389,58020822038,"lint","completed","success","2025-12-14T18:59:09Z","2025-12-14T18:59:35Z",26,"GitHub Actions 1000001287",1
20212652389,58020822039,"build","completed","failure","2025-12-14T18:59:09Z","2025-12-14T19:01:00Z",111,"deathstar",1
20212652389,58020875019,"integration","completed","skipped","2025-12-14T19:01:00Z","2025-12-14T19:01:00Z",0,,1
20212939480,58021510263,"lint","completed","success","2025-12-14T19:22:06Z","2025-12-14T19:22:32Z",26,"GitHub Actions 1000001288",1
20212939480,58021510273,"build","completed","failure","2025-12-14T19:22:06Z","2025-12-14T19:24:02Z",116,"deathstar",1
20212939480,58021562910,"integration","completed","skipped","2025-12-14T19:24:02Z","2025-12-14T19:24:02Z",0,,1
20212956858,58021549679,"lint","completed","success","2025-12-14T19:23:34Z","2025-12-14T19:24:03Z",29,"GitHub Actions 1000001289",1
20212956858,58021549682,"build","completed","success","2025-12-14T19:24:54Z","2025-12-14T19:27:05Z",131,"deathstar",1
20212956858,58021646068,"integration","completed","failure","2025-12-14T19:27:07Z","2025-12-14T19:27:51Z",44,"spacelab-ThinkPad-T420",1
20213113442,58021917667,"build","completed","success","2025-12-14T19:36:54Z","2025-12-14T19:38:58Z",124,"deathstar",1
20213113442,58021917669,"lint","completed","success","2025-12-14T19:36:54Z","2025-12-14T19:37:18Z",24,"GitHub Actions 1000001290",1
20213113442,58021974311,"integration","completed","failure","2025-12-14T19:39:00Z","2025-12-14T19:39:45Z",45,"spacelab-ThinkPad-T420",1
20214282976,58025409609,"build","completed","success","2025-12-14T21:17:30Z","2025-12-14T21:19:28Z",118,"deathstar",4
20214282976,58025409617,"integration","completed","failure","2025-12-14T21:39:33Z","2025-12-14T21:40:17Z",44,"spacelab-ThinkPad-T420",4
20214282976,58025409620,"lint","completed","success","2025-12-14T21:17:30Z","2025-12-14T21:18:01Z",31,"GitHub Actions 1000001291",4
20214587092,58025517630,"build","completed","success","2025-12-14T21:43:28Z","2025-12-14T21:45:22Z",114,"deathstar",1
20214587092,58025517633,"lint","completed","success","2025-12-14T21:43:29Z","2025-12-14T21:43:55Z",26,"GitHub Actions 1000001292",1
20214587092,58025563834,"integration","completed","failure","2025-12-14T21:45:24Z","2025-12-14T21:46:08Z",44,"spacelab-ThinkPad-T420",1
20214659347,58025699253,"lint","completed","success","2025-12-14T21:50:38Z","2025-12-14T21:51:07Z",29,"GitHub Actions 1000001293",1
20214659347,58025699256,"build","completed","success","2025-12-14T21:50:38Z","2025-12-14T21:52:34Z",116,"deathstar",1
20214659347,58025751542,"integration","completed","failure","2025-12-14T21:52:36Z","2025-12-14T21:53:42Z",66,"T38Talon",1
20214704558,58026254900,"integration","completed","failure","2025-12-14T22:09:21Z","2025-12-14T22:10:05Z",44,"spacelab-ThinkPad-T420",4
20214704558,58026257710,"lint","completed","success","2025-12-14T21:55:03Z","2025-12-14T21:55:29Z",26,"GitHub Actions 1000001294",4
20214704558,58026259148,"build","completed","success","2025-12-14T21:55:02Z","2025-12-14T21:57:56Z",174,"T38Talon",4
20217316236,58032704143,"lint","completed","success","2025-12-15T01:12:29Z","2025-12-15T01:12:59Z",30,"GitHub Actions 1000001295",3
20217316236,58032704155,"integration","completed","failure","2025-12-15T01:16:54Z","2025-12-15T01:18:10Z",76,"T38Talon",3
20217316236,58032704204,"build","completed","success","2025-12-15T01:12:28Z","2025-12-15T01:14:26Z",118,"deathstar",3
20223140585,58048852368,"lint","completed","success","2025-12-15T06:50:21Z","2025-12-15T06:50:51Z",30,"GitHub Actions 1000001296",1
20223140585,58048852378,"build","completed","success","2025-12-15T06:50:21Z","2025-12-15T06:52:17Z",116,"deathstar",1
20223140585,58048963624,"integration","completed","failure","2025-12-15T06:53:09Z","2025-12-15T06:53:55Z",46,"spacelab-ThinkPad-T420",1
20223377342,58049545957,"lint","completed","success","2025-12-15T07:02:24Z","2025-12-15T07:02:49Z",25,"GitHub Actions 1000001297",1
20223377342,58049545973,"build","completed","success","2025-12-15T07:02:24Z","2025-12-15T07:04:19Z",115,"deathstar",1
20223377342,58049674910,"integration","completed","failure","2025-12-15T07:04:21Z","2025-12-15T07:05:06Z",45,"spacelab-ThinkPad-T420",1
20223664667,58050353759,"lint","completed","success","2025-12-15T07:14:24Z","2025-12-15T07:14:49Z",25,"GitHub Actions 1000001298",1
20223664667,58050353784,"build","completed","success","2025-12-15T07:14:24Z","2025-12-15T07:16:19Z",115,"deathstar",1
20223664667,58050488880,"integration","completed","failure","2025-12-15T07:16:21Z","2025-12-15T07:17:06Z",45,"spacelab-ThinkPad-T420",1
20223790385,58050729532,"lint","completed","success","2025-12-15T07:19:46Z","2025-12-15T07:20:14Z",28,"GitHub Actions 1000001299",1
20223790385,58050729533,"build","completed","success","2025-12-15T07:19:46Z","2025-12-15T07:21:47Z",121,"deathstar",1
20223790385,58050871721,"integration","completed","failure","2025-12-15T07:21:49Z","2025-12-15T07:22:33Z",44,"spacelab-ThinkPad-T420",1
20223939805,58051148101,"lint","completed","success","2025-12-15T07:25:52Z","2025-12-15T07:26:20Z",28,"GitHub Actions 1000001300",1
20223939805,58051148113,"build","completed","success","2025-12-15T07:25:51Z","2025-12-15T07:27:48Z",117,"deathstar",1
20223939805,58051288896,"integration","completed","failure","2025-12-15T07:27:50Z","2025-12-15T07:28:35Z",45,"spacelab-ThinkPad-T420",1
20224002773,58051330061,"lint","completed","success","2025-12-15T07:28:27Z","2025-12-15T07:28:56Z",29,"GitHub Actions 1000001301",1
20224002773,58051330066,"build","completed","success","2025-12-15T07:28:26Z","2025-12-15T07:30:21Z",115,"deathstar",1
20224002773,58051465929,"integration","completed","failure","2025-12-15T07:30:23Z","2025-12-15T07:31:07Z",44,"spacelab-ThinkPad-T420",1
20224523704,58052868024,"build","completed","success","2025-12-15T07:52:47Z","2025-12-15T07:54:44Z",117,"deathstar",1
20224523704,58052868057,"lint","completed","success","2025-12-15T07:52:47Z","2025-12-15T07:53:15Z",28,"GitHub Actions 1000001302",1
20224523704,58052992594,"integration","completed","failure","2025-12-15T07:54:46Z","2025-12-15T07:55:31Z",45,"spacelab-ThinkPad-T420",1
20246531091,58127900115,"build","completed","success","2025-12-15T20:30:58Z","2025-12-15T20:33:15Z",137,"deathstar",1
20246531091,58127900161,"lint","completed","success","2025-12-15T20:31:00Z","2025-12-15T20:31:27Z",27,"GitHub Actions 1000001303",1
20246531091,58128113483,"integration","completed","failure","2025-12-15T20:33:18Z","2025-12-15T20:34:03Z",45,"spacelab-ThinkPad-T420",1
20278710569,58234556066,"lint","completed","success","2025-12-16T18:34:02Z","2025-12-16T18:34:29Z",27,"GitHub Actions 1000001304",1
20278710569,58234556076,"build","completed","success","2025-12-16T18:34:00Z","2025-12-16T18:36:01Z",121,"deathstar",1
20278710569,58234747287,"integration","completed","failure","2025-12-16T18:36:03Z","2025-12-16T18:36:50Z",47,"spacelab-ThinkPad-T420",1
20287031717,58262966247,"lint","completed","success","2025-12-17T00:13:54Z","2025-12-17T00:14:22Z",28,"GitHub Actions 1000001305",1
20287031717,58262966250,"build","completed","success","2025-12-17T00:13:48Z","2025-12-17T00:15:45Z",117,"deathstar",1
20287031717,58263098038,"integration","completed","cancelled","2025-12-17T00:15:45Z","2025-12-18T00:15:45Z",86400,"",1
20287127641,58263277101,"lint","completed","success","2025-12-17T00:18:38Z","2025-12-17T00:19:07Z",29,"GitHub Actions 1000001306",1
20287127641,58263277120,"build","completed","success","2025-12-17T00:18:32Z","2025-12-17T00:20:28Z",116,"deathstar",1
20287127641,58263402457,"integration","completed","cancelled","2025-12-18T00:20:29Z","2025-12-18T00:20:29Z",0,"",1
20288642221,58268043456,"lint","completed","success","2025-12-17T01:37:43Z","2025-12-17T01:38:13Z",30,"GitHub Actions 1000001307",1
20288642221,58268043458,"build","completed","success","2025-12-17T01:37:43Z","2025-12-17T01:39:51Z",128,"deathstar",1
20288642221,58268161635,"integration","completed","cancelled","2025-12-18T00:29:20Z","2025-12-18T00:29:20Z",0,"",1
20289249826,58269864563,"lint","completed","success","2025-12-17T02:12:05Z","2025-12-17T02:12:29Z",24,"GitHub Actions 1000001308",1
20289249826,58269864565,"build","completed","success","2025-12-17T02:12:04Z","2025-12-17T02:14:01Z",117,"deathstar",1
20289249826,58269963802,"integration","completed","cancelled","2025-12-17T02:14:02Z","2025-12-18T00:29:26Z",80124,"",1
20289329006,58270079622,"build","completed","success","2025-12-17T02:16:22Z","2025-12-17T02:18:22Z",120,"deathstar",1
20289329006,58270079633,"lint","completed","success","2025-12-17T02:16:23Z","2025-12-17T02:16:53Z",30,"GitHub Actions 1000001309",1
20289329006,58270177726,"integration","completed","cancelled","2025-12-17T02:18:23Z","2025-12-18T00:29:30Z",79867,"",1
20296097571,58290065650,"lint","completed","success","2025-12-17T08:13:58Z","2025-12-17T08:14:24Z",26,"GitHub Actions 1000001310",1
20296097571,58290065679,"build","completed","failure","2025-12-17T08:13:58Z","2025-12-17T08:14:10Z",12,"deathstar",1
20296097571,58290086214,"integration","completed","skipped","2025-12-17T08:14:11Z","2025-12-17T08:14:11Z",0,,1
20314158317,58353132852,"lint","completed","success","2025-12-17T19:04:06Z","2025-12-17T19:04:33Z",27,"GitHub Actions 1000001311",1
20314158317,58353132855,"build","completed","success","2025-12-17T19:04:00Z","2025-12-17T19:06:02Z",122,"deathstar",1
20314158317,58353326860,"integration","completed","cancelled","2025-12-17T19:06:02Z","2025-12-18T00:29:33Z",19411,"",1
20315854734,58359149320,"lint","completed","success","2025-12-17T20:09:55Z","2025-12-17T20:10:31Z",36,"GitHub Actions 1000001312",1
20315854734,58359149350,"build","completed","success","2025-12-17T20:09:54Z","2025-12-17T20:11:55Z",121,"deathstar",1
20315854734,58359336782,"integration","completed","cancelled","2025-12-18T00:29:36Z","2025-12-18T00:29:36Z",0,"",1
20315862667,58359177289,"build","completed","success","2025-12-17T20:11:57Z","2025-12-17T20:13:55Z",118,"deathstar",1
20315862667,58359177302,"lint","completed","success","2025-12-17T20:10:13Z","2025-12-17T20:11:39Z",86,"GitHub Actions 1000001313",1
20315862667,58359514573,"integration","in_progress","cancelled","2025-12-18T00:29:39Z","2025-12-18T00:29:39Z",0,"",1
20316821351,58362545388,"lint","completed","success","2025-12-17T20:49:11Z","2025-12-17T20:49:38Z",27,"GitHub Actions 1000001314",1
20316821351,58362545422,"build","completed","success","2025-12-17T20:50:01Z","2025-12-17T20:52:04Z",123,"deathstar",1
20316821351,58362810347,"integration","completed","cancelled","2025-12-17T20:52:04Z","2025-12-18T00:29:41Z",13057,"",1
20317984884,58366625906,"lint","completed","success","2025-12-17T21:34:52Z","2025-12-17T21:35:16Z",24,"GitHub Actions 1000001315",1
20317984884,58366625921,"build","completed","success","2025-12-17T21:34:52Z","2025-12-17T21:36:49Z",117,"deathstar",1
20317984884,58366796068,"integration","completed","cancelled","2025-12-18T00:29:43Z","2025-12-18T00:29:43Z",0,"",1
20321459044,58377889495,"build","completed","success","2025-12-18T00:15:38Z","2025-12-18T00:17:34Z",116,"deathstar",1
20321459044,58377889503,"lint","completed","success","2025-12-18T00:15:38Z","2025-12-18T00:16:08Z",30,"GitHub Actions 1000001316",1
20321459044,58378013892,"integration","completed","cancelled","2025-12-18T00:29:45Z","2025-12-18T00:29:45Z",0,"",1
20321611838,58378358959,"lint","completed","failure","2025-12-18T00:23:06Z","2025-12-18T00:23:32Z",26,"GitHub Actions 1000001317",1
20321611838,58378358961,"build","completed","success","2025-12-18T00:23:06Z","2025-12-18T00:25:02Z",116,"deathstar",1
20321611838,58378477456,"integration","completed","cancelled","2025-12-18T00:25:02Z","2025-12-18T00:29:47Z",285,"",1
20321690993,58378602400,"build","completed","success","2025-12-18T00:27:07Z","2025-12-18T00:29:05Z",118,"deathstar",1
20321690993,58378602418,"lint","completed","success","2025-12-18T00:27:08Z","2025-12-18T00:27:33Z",25,"GitHub Actions 1000001318",1
20321690993,58378726349,"integration","completed","cancelled","2025-12-18T00:29:49Z","2025-12-18T00:29:49Z",0,"",1
20322425457,58380831390,"lint","completed","success","2025-12-18T01:06:00Z","2025-12-18T01:06:27Z",27,"GitHub Actions 1000001319",1
20322425457,58380831442,"build","completed","success","2025-12-18T01:06:50Z","2025-12-18T01:08:45Z",115,"deathstar",1
20322425457,58380988654,"integration","completed","cancelled","2025-12-18T01:41:24Z","2025-12-18T01:41:39Z",15,"spacelab-ThinkPad-T420",1
20322970227,58382403674,"lint","completed","success","2025-12-18T01:34:38Z","2025-12-18T01:35:08Z",30,"GitHub Actions 1000001320",1
20322970227,58382403686,"build","completed","success","2025-12-18T01:34:37Z","2025-12-18T01:36:34Z",117,"deathstar",1
20322970227,58382522639,"integration","in_progress","cancelled","2025-12-18T01:41:35Z","2025-12-18T01:41:35Z",0,"",1
20323062924,58382697812,"build","completed","success","2025-12-18T01:39:25Z","2025-12-18T01:41:23Z",118,"deathstar",1
20323062924,58382697824,"lint","completed","success","2025-12-18T01:39:28Z","2025-12-18T01:39:52Z",24,"GitHub Actions 1000001321",1
20323062924,58382816254,"integration","completed","cancelled","2025-12-18T01:41:41Z","2025-12-18T01:41:47Z",6,"spacelab-ThinkPad-T420",1
20323073090,58383020408,"build","completed","success","2025-12-18T01:42:16Z","2025-12-18T01:44:06Z",110,"deathstar",2
20323073090,58383020421,"integration","completed","failure","2025-12-18T01:45:14Z","2025-12-18T01:46:03Z",49,"spacelab-ThinkPad-T420",2
20323073090,58383020451,"lint","completed","success","2025-12-18T01:39:57Z","2025-12-18T01:40:23Z",26,"GitHub Actions 1000001322",2
20323359682,58383574955,"build","completed","success","2025-12-18T01:59:13Z","2025-12-18T02:01:09Z",116,"deathstar",1
20323359682,58383574956,"lint","completed","success","2025-12-18T01:56:22Z","2025-12-18T01:56:51Z",29,"GitHub Actions 1000001324",1
20323359682,58383818163,"integration","completed","failure","2025-12-18T02:04:59Z","2025-12-18T02:05:35Z",36,"spacelab-ThinkPad-T420",1
20323359706,58383574938,"lint","completed","success","2025-12-18T01:56:24Z","2025-12-18T01:56:55Z",31,"GitHub Actions 1000001323",1
20323359706,58383574942,"build","completed","success","2025-12-18T01:56:22Z","2025-12-18T01:58:20Z",118,"deathstar",1
20323359706,58383670618,"integration","completed","cancelled","2025-12-18T01:58:22Z","2025-12-18T02:04:57Z",395,"spacelab-ThinkPad-T420",1
20323457630,58383845983,"lint","completed","success","2025-12-18T02:01:44Z","2025-12-18T02:02:12Z",28,"GitHub Actions 1000001325",1
20323457630,58383845985,"build","completed","success","2025-12-18T02:01:44Z","2025-12-18T02:03:35Z",111,"deathstar",1
20323457630,58383948531,"integration","completed","failure","2025-12-18T02:06:27Z","2025-12-18T02:06:51Z",24,"spacelab-ThinkPad-T420",1
20323598941,58384429301,"integration","completed","failure","2025-12-18T02:12:57Z","2025-12-18T02:13:14Z",17,"spacelab-ThinkPad-T420",2
20323598941,58384429388,"build","completed","success","2025-12-18T02:09:15Z","2025-12-18T02:11:12Z",117,"deathstar",2
20323598941,58384429447,"lint","completed","success","2025-12-18T02:09:16Z","2025-12-18T02:09:44Z",28,"GitHub Actions 1000001326",2
20323620894,58384305210,"lint","completed","success","2025-12-18T02:10:27Z","2025-12-18T02:10:56Z",29,"GitHub Actions 1000001327",1
20323620894,58384305225,"build","completed","success","2025-12-18T02:12:05Z","2025-12-18T02:14:00Z",115,"deathstar",1
20323620894,58384479741,"integration","completed","failure","2025-12-18T02:14:01Z","2025-12-18T02:14:46Z",45,"spacelab-ThinkPad-T420",1
20323683483,58384472852,"build","completed","success","2025-12-18T02:14:52Z","2025-12-18T02:16:46Z",114,"deathstar",1
20323683483,58384472855,"lint","completed","success","2025-12-18T02:13:53Z","2025-12-18T02:14:19Z",26,"GitHub Actions 1000001328",1
20323683483,58384613884,"integration","completed","failure","2025-12-18T02:16:48Z","2025-12-18T02:19:33Z",165,"spacelab-ThinkPad-T420",1
20324136678,58386438312,"integration","completed","failure","2025-12-18T02:51:55Z","2025-12-18T02:52:32Z",37,"spacelab-ThinkPad-T420",2
20324136678,58386438379,"build","completed","success","2025-12-18T02:38:41Z","2025-12-18T02:40:40Z",119,"deathstar",2
20324136678,58386438411,"lint","completed","success","2025-12-18T02:38:40Z","2025-12-18T02:39:09Z",29,"GitHub Actions 1000001329",2
20324414117,58386934793,"integration","completed","failure","2025-12-18T03:01:10Z","2025-12-18T03:04:14Z",184,"spacelab-ThinkPad-T420",2
20324414117,58386934862,"lint","completed","success","2025-12-18T02:53:46Z","2025-12-18T02:54:20Z",34,"GitHub Actions 1000001330",2
20324414117,58386942895,"build","completed","success","2025-12-18T02:53:45Z","2025-12-18T02:55:46Z",121,"deathstar",2
20327942641,58396872758,"lint","completed","success","2025-12-18T06:16:21Z","2025-12-18T06:16:52Z",31,"GitHub Actions 1000001331",1
20327942641,58396872759,"build","completed","success","2025-12-18T06:16:21Z","2025-12-18T06:18:23Z",122,"deathstar",1
20327942641,58396985751,"integration","completed","failure","2025-12-18T06:18:26Z","2025-12-18T06:22:01Z",215,"spacelab-ThinkPad-T420",1
20346686333,58460701074,"lint","completed","success","2025-12-18T18:12:48Z","2025-12-18T18:13:17Z",29,"GitHub Actions 1000001332",1
20346686333,58460701105,"build","completed","success","2025-12-18T18:12:48Z","2025-12-18T18:14:52Z",124,"deathstar",1
20346686333,58460901397,"integration","completed","failure","2025-12-18T18:14:55Z","2025-12-18T18:18:11Z",196,"spacelab-ThinkPad-T420",1
20349179504,58469008176,"build","completed","failure","2025-12-18T19:41:35Z","2025-12-18T19:43:24Z",109,"deathstar",1
20349179504,58469008178,"lint","completed","success","2025-12-18T19:41:36Z","2025-12-18T19:42:02Z",26,"GitHub Actions 1000001333",1
20349179504,58469170528,"integration","completed","skipped","2025-12-18T19:43:25Z","2025-12-18T19:43:25Z",0,,1
20349512613,58470176212,"build","completed","success","2025-12-18T19:55:09Z","2025-12-18T19:57:18Z",129,"deathstar",1
20349512613,58470176217,"lint","completed","success","2025-12-18T19:55:09Z","2025-12-18T19:55:35Z",26,"GitHub Actions 1000001334",1
20349512613,58470361882,"integration","completed","failure","2025-12-18T19:57:20Z","2025-12-18T20:00:27Z",187,"spacelab-ThinkPad-T420",1
20349839323,58471348221,"build","completed","success","2025-12-18T20:08:09Z","2025-12-18T20:10:15Z",126,"deathstar",1
20349839323,58471348262,"lint","completed","success","2025-12-18T20:08:09Z","2025-12-18T20:08:39Z",30,"GitHub Actions 1000001335",1
20349839323,58471549058,"integration","completed","failure","2025-12-18T20:10:17Z","2025-12-18T20:14:15Z",238,"spacelab-ThinkPad-T420",1
20351917045,58478396550,"lint","completed","failure","2025-12-18T21:30:13Z","2025-12-18T21:30:45Z",32,"GitHub Actions 1000001336",1
20351917045,58478396555,"build","completed","failure","2025-12-18T21:30:12Z","2025-12-18T21:30:25Z",13,"deathstar",1
20351917045,58478418342,"integration","completed","skipped","2025-12-18T21:30:25Z","2025-12-18T21:30:25Z",0,,1
20354953396,58488233744,"lint","completed","success","2025-12-18T23:50:28Z","2025-12-18T23:50:54Z",26,"GitHub Actions 1000001337",1
20354953396,58488233749,"build","completed","success","2025-12-18T23:50:28Z","2025-12-18T23:52:41Z",133,"deathstar",1
20354953396,58488352400,"integration","completed","failure","2025-12-18T23:52:44Z","2025-12-18T23:58:02Z",318,"spacelab-ThinkPad-T420",1
20356936128,58494252358,"build","completed","success","2025-12-19T01:37:22Z","2025-12-19T01:39:26Z",124,"deathstar",1
20356936128,58494252366,"lint","completed","success","2025-12-19T01:37:22Z","2025-12-19T01:37:52Z",30,"GitHub Actions 1000001338",1
20356936128,58494368692,"integration","completed","failure","2025-12-19T01:39:28Z","2025-12-19T01:46:08Z",400,"spacelab-ThinkPad-T420",1
20357535113,58495985325,"build","completed","success","2025-12-19T02:12:08Z","2025-12-19T02:14:17Z",129,"deathstar",1
20357535113,58495985327,"lint","completed","success","2025-12-19T02:12:08Z","2025-12-19T02:12:35Z",27,"GitHub Actions 1000001339",1
20357535113,58496089676,"integration","completed","failure","2025-12-19T02:14:19Z","2025-12-19T02:22:16Z",477,"spacelab-ThinkPad-T420",1
20358312429,58498269269,"build","completed","success","2025-12-19T02:57:21Z","2025-12-19T02:59:32Z",131,"deathstar",1
20358312429,58498269301,"lint","completed","success","2025-12-19T02:57:21Z","2025-12-19T02:57:48Z",27,"GitHub Actions 1000001340",1
20358312429,58498375131,"integration","completed","failure","2025-12-19T02:59:34Z","2025-12-19T03:07:26Z",472,"spacelab-ThinkPad-T420",1
20360811054,58505670671,"build","completed","success","2025-12-19T05:27:37Z","2025-12-19T05:29:45Z",128,"deathstar",1
20360811054,58505670681,"lint","completed","success","2025-12-19T05:27:37Z","2025-12-19T05:28:02Z",25,"GitHub Actions 1000001341",1
20360811054,58505773407,"integration","completed","failure","2025-12-19T05:29:47Z","2025-12-19T05:33:56Z",249,"spacelab-ThinkPad-T420",1
20360879312,58505849745,"build","completed","success","2025-12-19T05:31:24Z","2025-12-19T05:33:20Z",116,"deathstar",1
20360879312,58505849748,"lint","completed","success","2025-12-19T05:31:24Z","2025-12-19T05:31:50Z",26,"GitHub Actions 1000001342",1
20360879312,58505943818,"integration","completed","failure","2025-12-19T05:34:48Z","2025-12-19T05:38:32Z",224,"spacelab-ThinkPad-T420",1
20374680182,58549920613,"build","completed","success","2025-12-19T15:34:24Z","2025-12-19T15:36:18Z",114,"deathstar",1
20374680182,58549920642,"lint","completed","success","2025-12-19T15:34:24Z","2025-12-19T15:34:54Z",30,"GitHub Actions 1000001343",1
20374680182,58550098161,"integration","completed","failure","2025-12-19T15:36:21Z","2025-12-19T15:44:35Z",494,"spacelab-ThinkPad-T420",1
20380617185,58569923905,"lint","completed","success","2025-12-19T19:38:08Z","2025-12-19T19:38:33Z",25,"GitHub Actions 1000001344",1
20380617185,58569923913,"build","completed","success","2025-12-19T19:38:08Z","2025-12-19T19:40:11Z",123,"deathstar",1
20380617185,58570079435,"integration","completed","failure","2025-12-19T19:40:13Z","2025-12-19T19:43:46Z",213,"spacelab-ThinkPad-T420",1
20381102563,58571538214,"lint","completed","failure","2025-12-19T20:00:49Z","2025-12-19T20:01:20Z",31,"GitHub Actions 1000001345",1
20381102563,58571538231,"build","completed","failure","2025-12-19T20:00:48Z","2025-12-19T20:02:36Z",108,"deathstar",1
20381102563,58571692076,"integration","completed","skipped","2025-12-19T20:02:37Z","2025-12-19T20:02:36Z",-1,,1
20381353749,58572353735,"lint","completed","failure","2025-12-19T20:10:54Z","2025-12-19T20:11:20Z",26,"GitHub Actions 1000001346",1
20381353749,58572353738,"build","completed","success","2025-12-19T20:10:54Z","2025-12-19T20:12:54Z",120,"deathstar",1
20381353749,58572508420,"integration","completed","failure","2025-12-19T20:12:57Z","2025-12-19T20:18:02Z",305,"spacelab-ThinkPad-T420",1
20381477146,58572756985,"lint","completed","failure","2025-12-19T20:16:23Z","2025-12-19T20:16:49Z",26,"GitHub Actions 1000001347",1
20381477146,58572757004,"build","completed","success","2025-12-19T20:16:23Z","2025-12-19T20:18:31Z",128,"deathstar",1
20381477146,58572916451,"integration","completed","failure","2025-12-19T20:18:33Z","2025-12-19T20:22:25Z",232,"spacelab-ThinkPad-T420",1
20381545029,58572975023,"lint","completed","success","2025-12-19T20:19:21Z","2025-12-19T20:19:49Z",28,"GitHub Actions 1000001348",1
20381545029,58572975072,"build","completed","success","2025-12-19T20:19:21Z","2025-12-19T20:21:25Z",124,"deathstar",1
20381545029,58573127441,"integration","completed","failure","2025-12-19T20:23:16Z","2025-12-19T20:31:10Z",474,"spacelab-ThinkPad-T420",1
20381682531,58573427899,"lint","completed","failure","2025-12-19T20:25:48Z","2025-12-19T20:26:12Z",24,"GitHub Actions 1000001349",1
20381682531,58573427913,"build","completed","success","2025-12-19T20:25:48Z","2025-12-19T20:27:47Z",119,"deathstar",1
20381682531,58573568800,"integration","completed","failure","2025-12-19T20:31:11Z","2025-12-19T20:37:28Z",377,"spacelab-ThinkPad-T420",1
20383296213,58578705469,"build","completed","success","2025-12-19T21:42:21Z","2025-12-19T21:44:33Z",132,"deathstar",1
20383296213,58578705470,"lint","completed","success","2025-12-19T21:42:21Z","2025-12-19T21:42:49Z",28,"GitHub Actions 1000001350",1
20383296213,58578846062,"integration","completed","failure","2025-12-19T21:44:35Z","2025-12-19T21:58:53Z",858,"spacelab-ThinkPad-T420",1
20384689118,58583078499,"build","completed","failure","2025-12-19T22:56:40Z","2025-12-19T22:58:36Z",116,"deathstar",1
20384689118,58583078501,"lint","completed","success","2025-12-19T22:56:41Z","2025-12-19T22:57:12Z",31,"GitHub Actions 1000001351",1
20384689118,58583177835,"integration","completed","skipped","2025-12-19T22:58:36Z","2025-12-19T22:58:36Z",0,,1
20384734719,58583228650,"build","completed","failure","2025-12-19T22:59:42Z","2025-12-19T23:01:35Z",113,"deathstar",1
20384734719,58583228672,"lint","completed","success","2025-12-19T22:59:43Z","2025-12-19T23:00:10Z",27,"GitHub Actions 1000001352",1
20384734719,58583337482,"integration","completed","skipped","2025-12-19T23:01:36Z","2025-12-19T23:01:35Z",-1,,1
20384737021,58583236495,"lint","completed","success","2025-12-19T22:59:52Z","2025-12-19T23:00:18Z",26,"GitHub Actions 1000001353",1
20384737021,58583236496,"build","completed","failure","2025-12-19T23:02:28Z","2025-12-19T23:04:15Z",107,"deathstar",1
20384737021,58583489322,"integration","completed","skipped","2025-12-19T23:04:15Z","2025-12-19T23:04:15Z",0,,1
20385294108,58584857252,"build","completed","success","2025-12-19T23:30:31Z","2025-12-19T23:32:33Z",122,"deathstar",1
20385294108,58584857260,"lint","completed","success","2025-12-19T23:30:31Z","2025-12-19T23:30:56Z",25,"GitHub Actions 1000001354",1
20385294108,58584957825,"integration","completed","failure","2025-12-19T23:32:35Z","2025-12-19T23:39:42Z",427,"spacelab-ThinkPad-T420",1
20387793766,58591845034,"build","completed","failure","2025-12-20T02:33:10Z","2025-12-20T02:35:03Z",113,"deathstar",1
20387793766,58591845036,"lint","completed","success","2025-12-20T02:33:10Z","2025-12-20T02:33:37Z",27,"GitHub Actions 1000001355",1
20387793766,58591918427,"integration","completed","skipped","2025-12-20T02:35:04Z","2025-12-20T02:35:03Z",-1,,1
20387874327,58592097070,"build","completed","failure","2025-12-20T02:39:36Z","2025-12-20T02:41:33Z",117,"deathstar",1
20387874327,58592097072,"lint","completed","success","2025-12-20T02:39:37Z","2025-12-20T02:40:04Z",27,"GitHub Actions 1000001356",1
20387874327,58592167225,"integration","completed","skipped","2025-12-20T02:41:34Z","2025-12-20T02:41:34Z",0,,1
20388160708,58592863071,"build","completed","success","2025-12-20T03:04:04Z","2025-12-20T03:06:12Z",128,"deathstar",1
20388160708,58592863076,"lint","completed","success","2025-12-20T03:04:05Z","2025-12-20T03:04:33Z",28,"GitHub Actions 1000001357",1
20388160708,58592923343,"integration","completed","failure","2025-12-20T03:06:15Z","2025-12-20T03:19:29Z",794,"spacelab-ThinkPad-T420",1
20388243059,58593098563,"build","completed","success","2025-12-20T03:11:10Z","2025-12-20T03:13:17Z",127,"deathstar",1
20388243059,58593098565,"lint","completed","success","2025-12-20T03:11:10Z","2025-12-20T03:11:37Z",27,"GitHub Actions 1000001358",1
20388243059,58593175263,"integration","completed","failure","2025-12-20T03:19:30Z","2025-12-20T03:26:56Z",446,"spacelab-ThinkPad-T420",1
20388269772,58593177816,"lint","completed","success","2025-12-20T03:13:26Z","2025-12-20T03:13:57Z",31,"GitHub Actions 1000001359",1
20388269772,58593177838,"build","completed","success","2025-12-20T03:13:24Z","2025-12-20T03:15:22Z",118,"deathstar",1
20388269772,58593250526,"integration","completed","failure","2025-12-20T03:26:58Z","2025-12-20T03:34:08Z",430,"spacelab-ThinkPad-T420",1
20389028172,58595353588,"lint","completed","success","2025-12-20T04:16:44Z","2025-12-20T04:17:12Z",28,"GitHub Actions 1000001360",1
20389028172,58595353603,"build","completed","success","2025-12-20T04:16:43Z","2025-12-20T04:18:43Z",120,"deathstar",1
20389028172,58595409721,"integration","completed","failure","2025-12-20T04:18:45Z","2025-12-20T04:22:00Z",195,"spacelab-ThinkPad-T420",1
20389331205,58596104580,"build","completed","success","2025-12-20T04:45:16Z","2025-12-20T04:47:21Z",125,"deathstar",1
20389331205,58596104583,"lint","completed","success","2025-12-20T04:45:17Z","2025-12-20T04:45:45Z",28,"GitHub Actions 1000001361",1
20389331205,58596155330,"integration","completed","failure","2025-12-20T04:47:23Z","2025-12-20T04:50:35Z",192,"spacelab-ThinkPad-T420",1
20397810376,58615792654,"lint","completed","success","2025-12-20T17:38:11Z","2025-12-20T17:38:43Z",32,"GitHub Actions 1000001362",1
20397810376,58615792657,"build","completed","success","2025-12-20T17:38:10Z","2025-12-20T17:40:07Z",117,"deathstar",1
20397810376,58615841968,"integration","completed","failure","2025-12-20T17:40:09Z","2025-12-20T17:43:38Z",209,"spacelab-ThinkPad-T420",1
20401231198,58623832965,"build","completed","success","2025-12-20T23:00:53Z","2025-12-20T23:03:09Z",136,"deathstar",1
20401231198,58623832967,"lint","completed","success","2025-12-20T23:00:53Z","2025-12-20T23:01:24Z",31,"GitHub Actions 1000001363",1
20401231198,58623897104,"integration","completed","failure","2025-12-20T23:03:11Z","2025-12-20T23:11:11Z",480,"spacelab-ThinkPad-T420",1
20401429890,58624301694,"build","completed","success","2025-12-20T23:18:38Z","2025-12-20T23:20:38Z",120,"deathstar",1
20401429890,58624301702,"lint","completed","success","2025-12-20T23:18:38Z","2025-12-20T23:19:09Z",31,"GitHub Actions 1000001364",1
20401429890,58624350779,"integration","completed","failure","2025-12-20T23:20:41Z","2025-12-20T23:29:55Z",554,"spacelab-ThinkPad-T420",1
20401671229,58624837221,"lint","completed","success","2025-12-20T23:41:35Z","2025-12-20T23:42:02Z",27,"GitHub Actions 1000001365",1
20401671229,58624837223,"build","completed","success","2025-12-20T23:41:35Z","2025-12-20T23:43:37Z",122,"deathstar",1
20401671229,58624880596,"integration","completed","failure","2025-12-20T23:43:39Z","2025-12-20T23:52:42Z",543,"spacelab-ThinkPad-T420",1
20423012593,58678077142,"lint","completed","success","2025-12-22T05:42:39Z","2025-12-22T05:43:05Z",26,"GitHub Actions 1000001366",1
20423012593,58678077150,"build","completed","success","2025-12-22T05:42:39Z","2025-12-22T05:44:52Z",133,"deathstar",1
20423012593,58678166061,"integration","completed","failure","2025-12-22T05:44:54Z","2025-12-22T05:45:46Z",52,"spacelab-ThinkPad-T420",1
20441813756,58736283355,"build","completed","success","2025-12-22T19:23:23Z","2025-12-22T19:25:28Z",125,"deathstar",1
20441813756,58736283362,"lint","completed","success","2025-12-22T19:23:24Z","2025-12-22T19:23:57Z",33,"GitHub Actions 1000001367",1
20441813756,58736433433,"integration","completed","failure","2025-12-22T19:25:30Z","2025-12-22T19:26:20Z",50,"spacelab-ThinkPad-T420",1
20448010587,58755276907,"lint","completed","success","2025-12-23T00:47:17Z","2025-12-23T00:47:45Z",28,"GitHub Actions 1000001368",1
20448010587,58755276915,"build","completed","success","2025-12-23T00:47:16Z","2025-12-23T00:49:16Z",120,"deathstar",1
20448010587,58755366902,"integration","completed","failure","2025-12-23T00:49:19Z","2025-12-23T00:50:09Z",50,"spacelab-ThinkPad-T420",1
20448130647,58755622200,"lint","completed","success","2025-12-23T00:55:04Z","2025-12-23T00:55:34Z",30,"GitHub Actions 1000001369",1
20448130647,58755622201,"build","completed","success","2025-12-23T00:55:04Z","2025-12-23T00:57:01Z",117,"deathstar",1
20448130647,58755709336,"integration","completed","failure","2025-12-23T00:57:03Z","2025-12-23T00:57:53Z",50,"spacelab-ThinkPad-T420",1
20475175586,58838351894,"build","completed","failure","2025-12-24T00:55:55Z","2025-12-24T00:57:52Z",117,"deathstar",1
20475175586,58838351900,"lint","completed","success","2025-12-24T00:55:55Z","2025-12-24T00:56:24Z",29,"GitHub Actions 1000001370",1
20475175586,58838432313,"integration","completed","skipped","2025-12-24T00:57:53Z","2025-12-24T00:57:53Z",0,,1
20475178396,58838359412,"build","completed","failure","2025-12-24T00:58:45Z","2025-12-24T01:00:32Z",107,"deathstar",1
20475178396,58838359418,"lint","completed","success","2025-12-24T00:56:06Z","2025-12-24T00:56:36Z",30,"GitHub Actions 1000001371",1
20475178396,58838547392,"integration","completed","skipped","2025-12-24T01:00:32Z","2025-12-24T01:00:32Z",0,,1
20475247499,58838565476,"build","completed","success","2025-12-24T01:01:00Z","2025-12-24T01:03:14Z",134,"deathstar",1
20475247499,58838565478,"lint","completed","success","2025-12-24T01:01:01Z","2025-12-24T01:01:30Z",29,"GitHub Actions 1000001372",1
20475247499,58838662630,"integration","completed","failure","2025-12-24T01:03:17Z","2025-12-24T01:04:07Z",50,"spacelab-ThinkPad-T420",1
20476865240,58842949843,"build","completed","success","2025-12-24T02:52:26Z","2025-12-24T02:54:50Z",144,"deathstar",1
20476865240,58842949845,"lint","completed","success","2025-12-24T02:52:26Z","2025-12-24T02:52:52Z",26,"GitHub Actions 1000001373",1
20476865240,58843063037,"integration","completed","failure","2025-12-24T02:54:53Z","2025-12-24T02:55:43Z",50,"spacelab-ThinkPad-T420",1
20476948353,58843212563,"build","completed","success","2025-12-24T02:58:15Z","2025-12-24T03:00:34Z",139,"deathstar",1
20476948353,58843212568,"lint","completed","success","2025-12-24T02:58:16Z","2025-12-24T02:58:46Z",30,"GitHub Actions 1000001374",1
20476948353,58843306984,"integration","completed","failure","2025-12-24T03:00:36Z","2025-12-24T03:01:26Z",50,"spacelab-ThinkPad-T420",1
20477091436,58843589116,"build","completed","success","2025-12-24T03:07:44Z","2025-12-24T03:10:01Z",137,"deathstar",1
20477091436,58843589122,"lint","completed","success","2025-12-24T03:07:44Z","2025-12-24T03:08:17Z",33,"GitHub Actions 1000001375",1
20477091436,58843666338,"integration","completed","failure","2025-12-24T03:10:03Z","2025-12-24T03:22:18Z",735,"spacelab-ThinkPad-T420",1
20477499161,58844727522,"build","completed","failure","2025-12-24T03:36:16Z","2025-12-24T03:38:29Z",133,"deathstar",1
20477499161,58844727528,"lint","completed","success","2025-12-24T03:36:16Z","2025-12-24T03:36:45Z",29,"GitHub Actions 1000001376",1
20477499161,58844824944,"integration","completed","skipped","2025-12-24T03:38:30Z","2025-12-24T03:38:30Z",0,,1
20477556057,58844923354,"build","completed","success","2025-12-24T03:40:34Z","2025-12-24T03:43:02Z",148,"deathstar",1
20477556057,58844923381,"lint","completed","success","2025-12-24T03:40:35Z","2025-12-24T03:41:01Z",26,"GitHub Actions 1000001377",1
20477556057,58845185987,"integration","completed","failure","2025-12-24T03:43:04Z","2025-12-24T03:51:05Z",481,"spacelab-ThinkPad-T420",1
20477850893,58845922919,"build","completed","success","2025-12-24T04:02:12Z","2025-12-24T04:04:34Z",142,"deathstar",1
20477850893,58845922933,"lint","completed","success","2025-12-24T04:02:12Z","2025-12-24T04:02:40Z",28,"GitHub Actions 1000001378",1
20477850893,58846009201,"integration","completed","failure","2025-12-24T04:04:36Z","2025-12-24T04:05:26Z",50,"spacelab-ThinkPad-T420",1
20479059587,58849132261,"lint","completed","success","2025-12-24T05:27:45Z","2025-12-24T05:28:13Z",28,"GitHub Actions 1000001379",1
20479059587,58849132265,"build","completed","success","2025-12-24T05:27:45Z","2025-12-24T05:30:20Z",155,"deathstar",1
20479059587,58849229871,"integration","completed","failure","2025-12-24T05:30:22Z","2025-12-24T05:31:12Z",50,"spacelab-ThinkPad-T420",1
20479075039,58849171660,"lint","completed","success","2025-12-24T05:28:49Z","2025-12-24T05:29:16Z",27,"GitHub Actions 1000001380",1
20479075039,58849171673,"build","completed","success","2025-12-24T05:31:13Z","2025-12-24T05:33:29Z",136,"deathstar",1
20479075039,58849347196,"integration","completed","failure","2025-12-24T05:33:31Z","2025-12-24T05:34:21Z",50,"spacelab-ThinkPad-T420",1
20481259112,58854970606,"build","completed","success","2025-12-24T07:44:39Z","2025-12-24T07:47:06Z",147,"deathstar",1
20481259112,58854970626,"lint","completed","success","2025-12-24T07:44:39Z","2025-12-24T07:45:08Z",29,"GitHub Actions 1000001381",1
20481259112,58855080242,"integration","completed","failure","2025-12-24T07:47:08Z","2025-12-24T07:56:22Z",554,"spacelab-ThinkPad-T420",1
20482984615,58859858829,"lint","completed","success","2025-12-24T09:22:06Z","2025-12-24T09:22:30Z",24,"GitHub Actions 1000001382",1
20482984615,58859858831,"build","completed","success","2025-12-24T09:22:06Z","2025-12-24T09:24:27Z",141,"deathstar",1
20482984615,58859986446,"integration","completed","failure","2025-12-24T09:24:29Z","2025-12-24T09:25:20Z",51,"spacelab-ThinkPad-T420",1
20484446240,58864022196,"lint","completed","success","2025-12-24T10:43:17Z","2025-12-24T10:43:45Z",28,"GitHub Actions 1000001383",1
20484446240,58864022199,"build","completed","success","2025-12-24T10:43:16Z","2025-12-24T10:45:47Z",151,"deathstar",1
20484446240,58864146789,"integration","completed","failure","2025-12-24T10:45:49Z","2025-12-24T10:46:39Z",50,"spacelab-ThinkPad-T420",1
20487509708,58872830169,"build","completed","success","2025-12-24T13:46:59Z","2025-12-24T13:49:16Z",137,"deathstar",1
20487509708,58872830170,"lint","completed","success","2025-12-24T13:47:00Z","2025-12-24T13:47:31Z",31,"GitHub Actions 1000001384",1
20487509708,58872942486,"integration","completed","failure","2025-12-24T13:49:18Z","2025-12-24T13:50:08Z",50,"spacelab-ThinkPad-T420",1
20490924969,58882840359,"lint","completed","success","2025-12-24T17:22:42Z","2025-12-24T17:23:12Z",30,"GitHub Actions 1000001385",1
20490924969,58882840366,"build","completed","success","2025-12-24T17:22:41Z","2025-12-24T17:24:51Z",130,"deathstar",1
20490924969,58882929040,"integration","completed","failure","2025-12-24T17:24:53Z","2025-12-24T17:33:01Z",488,"spacelab-ThinkPad-T420",1
20492889155,58888073160,"build","completed","success","2025-12-24T19:46:25Z","2025-12-24T19:48:38Z",133,"deathstar",1
20492889155,58888073161,"lint","completed","success","2025-12-24T19:46:26Z","2025-12-24T19:46:55Z",29,"GitHub Actions 1000001386",1
20492889155,58888140085,"integration","completed","failure","2025-12-24T19:48:40Z","2025-12-24T19:49:31Z",51,"spacelab-ThinkPad-T420",1
20503531326,58914527786,"build","completed","success","2025-12-25T10:22:07Z","2025-12-25T10:24:22Z",135,"deathstar",1
20503531326,58914527796,"lint","completed","success","2025-12-25T10:22:07Z","2025-12-25T10:22:35Z",28,"GitHub Actions 1000001387",1
20503531326,58914600270,"integration","completed","failure","2025-12-25T10:24:24Z","2025-12-25T10:25:14Z",50,"spacelab-ThinkPad-T420",1
20503685910,58914896928,"lint","completed","success","2025-12-25T10:34:11Z","2025-12-25T10:34:40Z",29,"GitHub Actions 1000001388",1
20503685910,58914896931,"build","completed","success","2025-12-25T10:34:10Z","2025-12-25T10:36:17Z",127,"deathstar",1
20503685910,58914955255,"integration","completed","failure","2025-12-25T10:36:19Z","2025-12-25T10:37:08Z",49,"spacelab-ThinkPad-T420",1
20515727099,58943243863,"lint","completed","success","2025-12-26T04:10:57Z","2025-12-26T04:11:43Z",46,"GitHub Actions 1000001389",1
20515727099,58943243870,"build","completed","success","2025-12-26T04:10:57Z","2025-12-26T04:14:53Z",236,"deathstar",1
20515727099,58943371276,"integration","completed","failure","2025-12-26T04:14:55Z","2025-12-26T04:15:53Z",58,"spacelab-ThinkPad-T420",1
20515974150,58943853058,"lint","completed","success","2025-12-26T04:30:28Z","2025-12-26T04:31:04Z",36,"GitHub Actions 1000001390",1
20515974150,58943853064,"build","completed","success","2025-12-26T04:30:28Z","2025-12-26T04:32:57Z",149,"deathstar",1
20515974150,58943925041,"integration","completed","failure","2025-12-26T04:32:59Z","2025-12-26T04:33:49Z",50,"spacelab-ThinkPad-T420",1
20516106857,58944181015,"build","completed","success","2025-12-26T04:41:50Z","2025-12-26T04:44:03Z",133,"deathstar",1
20516106857,58944181016,"lint","completed","success","2025-12-26T04:41:52Z","2025-12-26T04:42:19Z",27,"GitHub Actions 1000001391",1
20516106857,58944253839,"integration","completed","failure","2025-12-26T04:44:05Z","2025-12-26T04:44:55Z",50,"spacelab-ThinkPad-T420",1
20518699613,58950420396,"lint","completed","success","2025-12-26T07:54:34Z","2025-12-26T07:55:03Z",29,"GitHub Actions 1000001392",1
20518699613,58950420397,"build","completed","success","2025-12-26T07:54:34Z","2025-12-26T07:56:52Z",138,"deathstar",1
20518699613,58950486393,"integration","completed","failure","2025-12-26T07:56:54Z","2025-12-26T07:57:44Z",50,"spacelab-ThinkPad-T420",1
20527428229,58973211892,"unit-test","completed","success","2025-12-26T18:35:48Z","2025-12-26T18:37:17Z",89,"GitHub Actions 1000001393",1
20527428229,58973211900,"lint","completed","success","2025-12-26T18:35:47Z","2025-12-26T18:36:18Z",31,"GitHub Actions 1000001394",1
20527428229,58973211903,"build","completed","success","2025-12-26T18:35:47Z","2025-12-26T18:38:02Z",135,"deathstar",1
20527428229,58973293071,"integration","completed","failure","2025-12-26T18:38:04Z","2025-12-26T18:38:55Z",51,"spacelab-ThinkPad-T420",1
20527962400,58974618296,"lint","completed","success","2025-12-26T19:14:38Z","2025-12-26T19:15:06Z",28,"GitHub Actions 1000001396",1
20527962400,58974618298,"unit-test","completed","success","2025-12-26T19:14:38Z","2025-12-26T19:15:53Z",75,"GitHub Actions 1000001395",1
20527962400,58974618318,"build","completed","success","2025-12-26T19:14:37Z","2025-12-26T19:16:45Z",128,"deathstar",1
20527962400,58974696278,"integration","completed","failure","2025-12-26T19:16:47Z","2025-12-26T19:17:37Z",50,"spacelab-ThinkPad-T420",1
20527991884,58974693313,"build","completed","success","2025-12-26T19:16:47Z","2025-12-26T19:19:05Z",138,"deathstar",1
20527991884,58974693316,"lint","completed","success","2025-12-26T19:16:43Z","2025-12-26T19:17:12Z",29,"GitHub Actions 1000001397",1
20527991884,58974693318,"unit-test","completed","success","2025-12-26T19:16:42Z","2025-12-26T19:17:56Z",74,"GitHub Actions 1000001398",1
20527991884,58974778419,"integration","completed","failure","2025-12-26T19:19:07Z","2025-12-26T19:28:10Z",543,"spacelab-ThinkPad-T420",1
20528035037,58974800581,"unit-test","completed","success","2025-12-26T19:19:44Z","2025-12-26T19:21:10Z",86,"GitHub Actions 1000001400",1
20528035037,58974800584,"lint","completed","success","2025-12-26T19:19:44Z","2025-12-26T19:20:13Z",29,"GitHub Actions 1000001399",1
20528035037,58974800585,"build","completed","success","2025-12-26T19:19:43Z","2025-12-26T19:22:12Z",149,"deathstar",1
20528035037,58974887329,"integration","completed","failure","2025-12-26T19:28:12Z","2025-12-26T19:36:16Z",484,"spacelab-ThinkPad-T420",1
20528214536,58975268477,"build","completed","success","2025-12-26T19:33:15Z","2025-12-26T19:35:30Z",135,"deathstar",1
20528214536,58975268488,"lint","completed","success","2025-12-26T19:33:16Z","2025-12-26T19:33:47Z",31,"GitHub Actions 1000001401",1
20528214536,58975268495,"unit-test","completed","success","2025-12-26T19:33:16Z","2025-12-26T19:34:38Z",82,"GitHub Actions 1000001402",1
20528214536,58975345175,"integration","completed","failure","2025-12-26T19:37:07Z","2025-12-26T19:46:08Z",541,"spacelab-ThinkPad-T420",1
20529025414,58977412030,"lint","completed","success","2025-12-26T20:37:06Z","2025-12-26T20:37:34Z",28,"GitHub Actions 1000001403",1
20529025414,58977412037,"unit-test","completed","success","2025-12-26T20:37:05Z","2025-12-26T20:38:22Z",77,"GitHub Actions 1000001404",1
20529025414,58977412045,"build","completed","success","2025-12-26T20:37:05Z","2025-12-26T20:39:26Z",141,"deathstar",1
20529025414,58977493015,"integration","completed","cancelled","2025-12-26T20:39:41Z","2025-12-26T20:42:08Z",147,"spacelab-ThinkPad-T420",1
20529060415,58977500171,"unit-test","completed","success","2025-12-26T20:39:42Z","2025-12-26T20:41:42Z",120,"GitHub Actions 1000001405",1
20529060415,58977500179,"lint","completed","success","2025-12-26T20:39:41Z","2025-12-26T20:40:06Z",25,"GitHub Actions 1000001406",1
20529060415,58977500181,"build","completed","success","2025-12-26T20:39:41Z","2025-12-26T20:42:02Z",141,"deathstar",1
20529060415,58977576752,"integration","completed","failure","2025-12-26T20:43:00Z","2025-12-26T20:51:59Z",539,"spacelab-ThinkPad-T420",1
20529520580,58978682379,"lint","completed","success","2025-12-26T21:14:24Z","2025-12-26T21:14:49Z",25,"GitHub Actions 1000001408",1
20529520580,58978682380,"build","completed","success","2025-12-26T21:14:23Z","2025-12-26T21:16:41Z",138,"deathstar",1
20529520580,58978682388,"unit-test","completed","success","2025-12-26T21:14:24Z","2025-12-26T21:15:42Z",78,"GitHub Actions 1000001407",1
20529520580,58978762958,"integration","completed","cancelled","2025-12-26T21:16:43Z","2025-12-26T21:25:09Z",506,"spacelab-ThinkPad-T420",1
20529594662,58978859124,"lint","completed","success","2025-12-26T21:19:34Z","2025-12-26T21:20:03Z",29,"GitHub Actions 1000001409",1
20529594662,58978859130,"unit-test","completed","failure","2025-12-26T21:19:35Z","2025-12-26T21:19:41Z",6,"GitHub Actions 1000001410",1
20529594662,58978859131,"build","completed","success","2025-12-26T21:19:34Z","2025-12-26T21:21:47Z",133,"deathstar",1
20529594662,58978933487,"integration","completed","cancelled","2025-12-26T21:21:47Z","2025-12-26T21:25:06Z",199,"",1
20529619286,58981847393,"integration","completed","failure","2025-12-26T23:01:25Z","2025-12-26T23:09:33Z",488,"spacelab-ThinkPad-T420",2
20529619286,58981847449,"lint","completed","success","2025-12-26T21:21:23Z","2025-12-26T21:21:52Z",29,"GitHub Actions 1000001411",2
20529619286,58981847472,"unit-test","completed","success","2025-12-26T21:21:22Z","2025-12-26T21:22:43Z",81,"GitHub Actions 1000001412",2
20529619286,58981851226,"build","completed","success","2025-12-26T21:22:39Z","2025-12-26T21:24:51Z",132,"deathstar",2
20546317900,59017242326,"build","completed","success","2025-12-28T00:24:03Z","2025-12-28T00:26:17Z",134,"deathstar",1
20546317900,59017242331,"unit-test","completed","success","2025-12-28T00:24:03Z","2025-12-28T00:25:27Z",84,"GitHub Actions 1000001413",1
20546317900,59017242335,"lint","completed","success","2025-12-28T00:24:04Z","2025-12-28T00:24:34Z",30,"GitHub Actions 1000001414",1
20546317900,59017304492,"integration","completed","failure","2025-12-28T00:26:19Z","2025-12-28T00:35:30Z",551,"spacelab-ThinkPad-T420",1
20549551048,59025324400,"lint","completed","success","2025-12-28T05:42:01Z","2025-12-28T05:42:31Z",30,"GitHub Actions 1000001415",1
20549551048,59025324401,"unit-test","completed","failure","2025-12-28T05:42:00Z","2025-12-28T05:43:26Z",86,"GitHub Actions 1000001416",1
20549551048,59025324410,"build","completed","success","2025-12-28T05:42:01Z","2025-12-28T05:44:22Z",141,"deathstar",1
20549551048,59025379884,"integration","completed","failure","2025-12-28T05:44:24Z","2025-12-28T05:55:51Z",687,"spacelab-ThinkPad-T420",1
20549806563,59025874399,"unit-test","completed","success","2025-12-28T06:07:00Z","2025-12-28T06:08:19Z",79,"GitHub Actions 1000001417",1
20549806563,59025874401,"build","completed","success","2025-12-28T06:06:58Z","2025-12-28T06:09:20Z",142,"deathstar",1
20549806563,59025874404,"lint","completed","success","2025-12-28T06:07:00Z","2025-12-28T06:07:27Z",27,"GitHub Actions 1000001418",1
20549806563,59025937273,"integration","completed","failure","2025-12-28T06:09:22Z","2025-12-28T06:20:48Z",686,"spacelab-ThinkPad-T420",1
20549876024,59026047093,"unit-test","completed","success","2025-12-28T06:13:26Z","2025-12-28T06:14:53Z",87,"GitHub Actions 1000001419",1
20549876024,59026047098,"build","completed","success","2025-12-28T06:13:26Z","2025-12-28T06:15:28Z",122,"deathstar",1
20549876024,59026047103,"lint","completed","success","2025-12-28T06:13:26Z","2025-12-28T06:13:54Z",28,"GitHub Actions 1000001420",1
20549876024,59026096161,"integration","completed","failure","2025-12-28T06:20:50Z","2025-12-28T06:32:15Z",685,"spacelab-ThinkPad-T420",1
20549945314,59026203932,"build","completed","success","2025-12-28T06:20:23Z","2025-12-28T06:22:46Z",143,"deathstar",1
20549945314,59026203935,"unit-test","completed","success","2025-12-28T06:20:24Z","2025-12-28T06:21:53Z",89,"GitHub Actions 1000001421",1
20549945314,59026203937,"lint","completed","success","2025-12-28T06:20:24Z","2025-12-28T06:20:51Z",27,"GitHub Actions 1000001422",1
20549945314,59026253451,"integration","completed","failure","2025-12-28T06:32:17Z","2025-12-28T06:43:43Z",686,"spacelab-ThinkPad-T420",1
20550020477,59026365224,"unit-test","completed","success","2025-12-28T06:28:01Z","2025-12-28T06:29:25Z",84,"GitHub Actions 1000001423",1
20550020477,59026365229,"build","completed","success","2025-12-28T06:27:59Z","2025-12-28T06:30:25Z",146,"deathstar",1
20550020477,59026365235,"lint","completed","success","2025-12-28T06:28:00Z","2025-12-28T06:28:29Z",29,"GitHub Actions 1000001424",1
20550020477,59026419659,"integration","completed","failure","2025-12-28T06:43:45Z","2025-12-28T06:55:11Z",686,"spacelab-ThinkPad-T420",1
20557825986,59044435198,"lint","completed","success","2025-12-28T18:27:36Z","2025-12-28T18:28:06Z",30,"GitHub Actions 1000001425",1
20557825986,59044435200,"build","completed","success","2025-12-28T18:27:35Z","2025-12-28T18:29:54Z",139,"deathstar",1
20557825986,59044435201,"unit-test","completed","success","2025-12-28T18:27:35Z","2025-12-28T18:28:53Z",78,"GitHub Actions 1000001426",1
20557825986,59044495620,"integration","completed","failure","2025-12-28T18:29:57Z","2025-12-28T18:41:22Z",685,"spacelab-ThinkPad-T420",1
20557964361,59044743230,"unit-test","completed","success","2025-12-28T18:39:58Z","2025-12-28T18:41:22Z",84,"GitHub Actions 1000001427",1
20557964361,59044743231,"build","completed","success","2025-12-28T18:39:58Z","2025-12-28T18:42:18Z",140,"deathstar",1
20557964361,59044743232,"lint","completed","success","2025-12-28T18:39:58Z","2025-12-28T18:40:28Z",30,"GitHub Actions 1000001428",1
20557964361,59044802871,"integration","completed","failure","2025-12-28T18:42:20Z","2025-12-28T18:50:32Z",492,"spacelab-ThinkPad-T420",1
20559669918,59048594925,"build","completed","success","2025-12-28T21:16:52Z","2025-12-28T21:19:12Z",140,"deathstar",1
20559669918,59048594929,"unit-test","completed","success","2025-12-28T21:16:52Z","2025-12-28T21:18:14Z",82,"GitHub Actions 1000001429",1
20559669918,59048594933,"lint","completed","success","2025-12-28T21:16:52Z","2025-12-28T21:17:23Z",31,"GitHub Actions 1000001430",1
20559669918,59048652758,"integration","completed","failure","2025-12-28T21:19:19Z","2025-12-28T21:28:48Z",569,"spacelab-ThinkPad-T420",1
20561601363,59052941463,"build","completed","success","2025-12-29T00:18:19Z","2025-12-29T00:20:38Z",139,"deathstar",1
20561601363,59052941465,"lint","completed","success","2025-12-29T00:18:19Z","2025-12-29T00:18:47Z",28,"GitHub Actions 1000001431",1
20561601363,59052941471,"unit-test","completed","success","2025-12-29T00:18:19Z","2025-12-29T00:19:43Z",84,"GitHub Actions 1000001432",1
20561601363,59053018706,"integration","completed","failure","2025-12-29T00:20:41Z","2025-12-29T00:29:53Z",552,"spacelab-ThinkPad-T420",1
20563571515,59057893645,"lint","completed","success","2025-12-29T02:55:03Z","2025-12-29T02:55:32Z",29,"GitHub Actions 1000001434",1
20563571515,59057893646,"build","completed","success","2025-12-29T02:55:02Z","2025-12-29T02:57:28Z",146,"deathstar",1
20563571515,59057893647,"unit-test","completed","failure","2025-12-29T02:55:03Z","2025-12-29T02:56:59Z",116,"GitHub Actions 1000001433",1
20563571515,59057988863,"integration","completed","failure","2025-12-29T02:57:31Z","2025-12-29T03:06:42Z",551,"spacelab-ThinkPad-T420",1
20563757532,59058417903,"lint","completed","success","2025-12-29T03:09:03Z","2025-12-29T03:09:35Z",32,"GitHub Actions 1000001435",1
20563757532,59058417906,"build","completed","success","2025-12-29T03:09:02Z","2025-12-29T03:11:17Z",135,"deathstar",1
20563757532,59058417911,"unit-test","completed","success","2025-12-29T03:09:03Z","2025-12-29T03:10:43Z",100,"GitHub Actions 1000001436",1
20563757532,59058490321,"integration","completed","failure","2025-12-29T03:11:19Z","2025-12-29T03:19:31Z",492,"spacelab-ThinkPad-T420",1
20584268156,59117803822,"lint","completed","success","2025-12-29T22:39:47Z","2025-12-29T22:40:12Z",25,"GitHub Actions 1000001437",1
20584268156,59117803825,"build","completed","success","2025-12-29T22:39:46Z","2025-12-29T22:41:44Z",118,"deathstar",1
20584268156,59117803828,"unit-test","completed","success","2025-12-29T22:39:47Z","2025-12-29T22:41:13Z",86,"GitHub Actions 1000001438",1
20584268156,59117882727,"integration","completed","failure","2025-12-29T22:41:46Z","2025-12-29T22:49:58Z",492,"spacelab-ThinkPad-T420",1
20585363977,59120686057,"lint","completed","success","2025-12-29T23:56:13Z","2025-12-29T23:56:44Z",31,"GitHub Actions 1000001439",1
20585363977,59120686058,"unit-test","completed","success","2025-12-29T23:56:12Z","2025-12-29T23:57:34Z",82,"GitHub Actions 1000001440",1
20585363977,59120686060,"build","completed","success","2025-12-29T23:56:12Z","2025-12-29T23:58:19Z",127,"deathstar",1
20585363977,59120747600,"integration","completed","failure","2025-12-29T23:58:21Z","2025-12-30T00:06:30Z",489,"spacelab-ThinkPad-T420",1
20592410371,59139926159,"unit-test","completed","failure","2025-12-30T08:33:49Z","2025-12-30T08:34:57Z",68,"GitHub Actions 1000001441",1
20592410371,59139926165,"lint","completed","success","2025-12-30T08:33:49Z","2025-12-30T08:34:21Z",32,"GitHub Actions 1000001442",1
20592410371,59139926167,"build","completed","success","2025-12-30T08:33:49Z","2025-12-30T08:35:58Z",129,"deathstar",1
20592410371,59140032453,"integration","completed","failure","2025-12-30T08:36:00Z","2025-12-30T08:45:24Z",564,"spacelab-ThinkPad-T420",1
20592621001,59140553544,"build","completed","failure","2025-12-30T08:47:00Z","2025-12-30T08:48:47Z",107,"deathstar",1
20592621001,59140553546,"lint","completed","success","2025-12-30T08:47:01Z","2025-12-30T08:47:29Z",28,"GitHub Actions 1000001443",1
20592621001,59140553563,"unit-test","completed","success","2025-12-30T08:47:01Z","2025-12-30T08:48:24Z",83,"GitHub Actions 1000001444",1
20592621001,59140657116,"integration","completed","skipped","2025-12-30T08:48:48Z","2025-12-30T08:48:47Z",-1,,1
20592812298,59141157470,"unit-test","completed","success","2025-12-30T08:58:16Z","2025-12-30T08:59:35Z",79,"GitHub Actions 1000001446",1
20592812298,59141157471,"build","completed","success","2025-12-30T08:58:15Z","2025-12-30T09:00:26Z",131,"deathstar",1
20592812298,59141157478,"lint","completed","success","2025-12-30T08:58:15Z","2025-12-30T08:58:43Z",28,"GitHub Actions 1000001445",1
20592812298,59141279663,"integration","completed","failure","2025-12-30T09:01:18Z","2025-12-30T09:10:32Z",554,"spacelab-ThinkPad-T420",1
20607354752,59185698632,"lint","completed","success","2025-12-30T22:35:14Z","2025-12-30T22:35:40Z",26,"GitHub Actions 1000001448",1
20607354752,59185698638,"build","completed","success","2025-12-30T22:35:14Z","2025-12-30T22:37:24Z",130,"deathstar",1
20607354752,59185698643,"unit-test","completed","failure","2025-12-30T22:35:14Z","2025-12-30T22:36:45Z",91,"GitHub Actions 1000001447",1
20607354752,59185795447,"integration","completed","failure","2025-12-30T22:37:27Z","2025-12-30T22:46:39Z",552,"spacelab-ThinkPad-T420",1
20608529414,59188771399,"build","completed","success","2025-12-30T23:55:42Z","2025-12-30T23:57:51Z",129,"deathstar",1
20608529414,59188771413,"lint","completed","success","2025-12-30T23:55:42Z","2025-12-30T23:56:07Z",25,"GitHub Actions 1000001449",1
20608529414,59188771422,"unit-test","completed","failure","2025-12-30T23:55:42Z","2025-12-30T23:57:09Z",87,"GitHub Actions 1000001450",1
20608529414,59188836630,"integration","completed","failure","2025-12-30T23:57:53Z","2025-12-31T00:07:05Z",552,"spacelab-ThinkPad-T420",1
20608764037,59189445279,"unit-test","completed","success","2025-12-31T00:13:36Z","2025-12-31T00:15:00Z",84,"GitHub Actions 1000001451",1
20608764037,59189445283,"lint","completed","success","2025-12-31T00:13:37Z","2025-12-31T00:14:06Z",29,"GitHub Actions 1000001452",1
20608764037,59189445286,"build","completed","success","2025-12-31T00:13:35Z","2025-12-31T00:15:39Z",124,"deathstar",1
20608764037,59189529572,"integration","completed","failure","2025-12-31T00:15:41Z","2025-12-31T00:24:53Z",552,"spacelab-ThinkPad-T420",1
20608782987,59189497847,"lint","completed","success","2025-12-31T00:14:54Z","2025-12-31T00:15:19Z",25,"GitHub Actions 1000001454",1
20608782987,59189497853,"unit-test","completed","success","2025-12-31T00:14:54Z","2025-12-31T00:16:26Z",92,"GitHub Actions 1000001453",1
20608782987,59189497858,"build","completed","success","2025-12-31T00:16:31Z","2025-12-31T00:18:30Z",119,"deathstar",1
20608782987,59189643578,"integration","completed","failure","2025-12-31T00:33:05Z","2025-12-31T00:41:12Z",487,"spacelab-ThinkPad-T420",1
20608843944,59189665326,"build","completed","success","2025-12-31T00:19:04Z","2025-12-31T00:21:15Z",131,"deathstar",1
20608843944,59189665329,"unit-test","completed","success","2025-12-31T00:19:05Z","2025-12-31T00:20:30Z",85,"GitHub Actions 1000001455",1
20608843944,59189665336,"lint","completed","success","2025-12-31T00:19:16Z","2025-12-31T00:19:43Z",27,"GitHub Actions 1000001456",1
20608843944,59189756924,"integration","completed","failure","2025-12-31T00:24:54Z","2025-12-31T00:33:04Z",490,"spacelab-ThinkPad-T420",1
20609480370,59191398907,"lint","completed","success","2025-12-31T01:06:04Z","2025-12-31T01:06:30Z",26,"GitHub Actions 1000001457",1
20609480370,59191398912,"build","completed","success","2025-12-31T01:06:04Z","2025-12-31T01:07:56Z",112,"deathstar",1
20609480370,59191398922,"unit-test","completed","success","2025-12-31T01:06:04Z","2025-12-31T01:07:18Z",74,"GitHub Actions 1000001458",1
20609480370,59191466325,"integration","completed","failure","2025-12-31T01:07:58Z","2025-12-31T01:16:09Z",491,"spacelab-ThinkPad-T420",1
20609698708,59191947851,"unit-test","completed","success","2025-12-31T01:22:46Z","2025-12-31T01:24:16Z",90,"GitHub Actions 1000001459",1
20609698708,59191947855,"lint","completed","success","2025-12-31T01:22:46Z","2025-12-31T01:23:12Z",26,"GitHub Actions 1000001460",1
20609698708,59191947856,"build","completed","success","2025-12-31T01:22:46Z","2025-12-31T01:24:50Z",124,"deathstar",1
20609698708,59192013635,"integration","completed","failure","2025-12-31T01:24:52Z","2025-12-31T01:33:04Z",492,"spacelab-ThinkPad-T420",1
20612082684,59198464946,"lint","completed","success","2025-12-31T04:30:50Z","2025-12-31T04:31:19Z",29,"GitHub Actions 1000001461",1
20612082684,59198464950,"build","completed","success","2025-12-31T04:30:49Z","2025-12-31T04:32:58Z",129,"deathstar",1
20612082684,59198464951,"unit-test","completed","failure","2025-12-31T04:30:50Z","2025-12-31T04:32:11Z",81,"GitHub Actions 1000001462",1
20612082684,59198535774,"integration","completed","failure","2025-12-31T04:33:00Z","2025-12-31T04:42:13Z",553,"spacelab-ThinkPad-T420",1
20612174036,59198704459,"unit-test","completed","failure","2025-12-31T04:38:59Z","2025-12-31T04:40:22Z",83,"GitHub Actions 1000001464",1
20612174036,59198704461,"lint","completed","success","2025-12-31T04:38:59Z","2025-12-31T04:39:29Z",30,"GitHub Actions 1000001463",1
20612174036,59198704466,"build","completed","success","2025-12-31T04:38:58Z","2025-12-31T04:40:56Z",118,"deathstar",1
20612174036,59198772018,"integration","completed","failure","2025-12-31T04:42:14Z","2025-12-31T04:53:41Z",687,"spacelab-ThinkPad-T420",1
20612347331,59199156641,"lint","completed","success","2025-12-31T04:54:14Z","2025-12-31T04:54:42Z",28,"GitHub Actions 1000001465",1
20612347331,59199156642,"build","completed","success","2025-12-31T04:54:13Z","2025-12-31T04:56:14Z",121,"deathstar",1
20612347331,59199156643,"unit-test","completed","failure","2025-12-31T04:54:14Z","2025-12-31T04:55:33Z",79,"GitHub Actions 1000001466",1
20612347331,59199212954,"integration","completed","failure","2025-12-31T04:56:16Z","2025-12-31T05:07:52Z",696,"spacelab-ThinkPad-T420",1
20613234424,59201362130,"unit-test","completed","success","2025-12-31T06:03:56Z","2025-12-31T06:05:22Z",86,"GitHub Actions 1000001468",1
20613234424,59201362131,"lint","completed","success","2025-12-31T06:03:56Z","2025-12-31T06:04:23Z",27,"GitHub Actions 1000001467",1
20613234424,59201362145,"build","completed","success","2025-12-31T06:03:56Z","2025-12-31T06:05:59Z",123,"deathstar",1
20613234424,59201441051,"integration","completed","failure","2025-12-31T06:06:01Z","2025-12-31T06:14:14Z",493,"spacelab-ThinkPad-T420",1
20613517023,59202105259,"build","completed","success","2025-12-31T06:23:41Z","2025-12-31T06:25:40Z",119,"deathstar",1
20613517023,59202105265,"lint","completed","success","2025-12-31T06:23:41Z","2025-12-31T06:24:11Z",30,"GitHub Actions 1000001469",1
20613517023,59202105268,"unit-test","completed","success","2025-12-31T06:23:41Z","2025-12-31T06:25:16Z",95,"GitHub Actions 1000001470",1
20613517023,59202177563,"integration","completed","failure","2025-12-31T06:25:42Z","2025-12-31T06:37:08Z",686,"spacelab-ThinkPad-T420",1
20620465166,59221268129,"build","completed","success","2025-12-31T13:58:03Z","2025-12-31T14:00:17Z",134,"deathstar",1
20620465166,59221268141,"unit-test","completed","success","2025-12-31T13:58:04Z","2025-12-31T13:59:19Z",75,"GitHub Actions 1000001471",1
20620465166,59221268156,"lint","completed","success","2025-12-31T13:58:04Z","2025-12-31T13:58:29Z",25,"GitHub Actions 1000001472",1
20620465166,59221361142,"integration","completed","failure","2025-12-31T14:00:19Z","2025-12-31T14:11:45Z",686,"spacelab-ThinkPad-T420",1
20620473961,59221291462,"unit-test","completed","success","2025-12-31T13:58:38Z","2025-12-31T13:59:58Z",80,"GitHub Actions 1000001473",1
20620473961,59221291469,"lint","completed","success","2025-12-31T13:58:38Z","2025-12-31T13:59:07Z",29,"GitHub Actions 1000001474",1
20620473961,59221291475,"build","completed","success","2025-12-31T14:01:08Z","2025-12-31T14:03:05Z",117,"deathstar",1
20620473961,59221507482,"integration","completed","failure","2025-12-31T14:11:46Z","2025-12-31T14:23:12Z",686,"spacelab-ThinkPad-T420",1
20624034586,59231341391,"unit-test","completed","success","2025-12-31T17:35:02Z","2025-12-31T17:36:27Z",85,"GitHub Actions 1000001476",1
20624034586,59231341394,"lint","completed","success","2025-12-31T17:35:02Z","2025-12-31T17:35:37Z",35,"GitHub Actions 1000001475",1
20624034586,59231341426,"build","completed","success","2025-12-31T17:35:01Z","2025-12-31T17:37:13Z",132,"deathstar",1
20624034586,59231447960,"integration","completed","failure","2025-12-31T17:37:15Z","2025-12-31T17:48:58Z",703,"spacelab-ThinkPad-T420",1
20624089052,59231497894,"unit-test","completed","success","2025-12-31T17:38:24Z","2025-12-31T17:39:43Z",79,"GitHub Actions 1000001478",1
20624089052,59231497896,"build","completed","failure","2025-12-31T17:38:24Z","2025-12-31T17:40:13Z",109,"deathstar",1
20624089052,59231497906,"lint","completed","success","2025-12-31T17:38:25Z","2025-12-31T17:39:05Z",40,"GitHub Actions 1000001477",1
20624089052,59231573563,"integration","completed","skipped","2025-12-31T17:40:14Z","2025-12-31T17:40:14Z",0,,1
20624543238,59232742970,"unit-test","completed","success","2025-12-31T18:08:20Z","2025-12-31T18:09:39Z",79,"GitHub Actions 1000001479",1
20624543238,59232742971,"lint","completed","success","2025-12-31T18:08:19Z","2025-12-31T18:08:55Z",36,"GitHub Actions 1000001480",1
20624543238,59232743009,"build","completed","success","2025-12-31T18:08:18Z","2025-12-31T18:10:21Z",123,"deathstar",1
20624543238,59232836123,"integration","completed","failure","2025-12-31T18:10:23Z","2025-12-31T18:21:50Z",687,"spacelab-ThinkPad-T420",1
20625518869,59235343590,"lint","completed","success","2025-12-31T19:10:42Z","2025-12-31T19:11:19Z",37,"GitHub Actions 1000001482",1
20625518869,59235343592,"unit-test","completed","success","2025-12-31T19:10:42Z","2025-12-31T19:12:08Z",86,"GitHub Actions 1000001481",1
20625518869,59235343606,"build","completed","success","2025-12-31T19:10:41Z","2025-12-31T19:12:49Z",128,"deathstar",1
20625518869,59235428752,"integration","completed","failure","2025-12-31T19:12:52Z","2025-12-31T19:24:19Z",687,"spacelab-ThinkPad-T420",1
20625854720,59236187543,"unit-test","completed","success","2025-12-31T19:32:51Z","2025-12-31T19:34:23Z",92,"GitHub Actions 1000001483",1
20625854720,59236187544,"build","completed","success","2025-12-31T19:32:50Z","2025-12-31T19:34:50Z",120,"deathstar",1
20625854720,59236187546,"lint","completed","success","2025-12-31T19:32:51Z","2025-12-31T19:33:28Z",37,"GitHub Actions 1000001484",1
20625854720,59236268942,"integration","completed","failure","2025-12-31T19:34:53Z","2025-12-31T19:44:17Z",564,"spacelab-ThinkPad-T420",1
20625897165,59236299636,"unit-test","completed","success","2025-12-31T19:35:43Z","2025-12-31T19:37:08Z",85,"GitHub Actions 1000001485",1
20625897165,59236299637,"build","completed","success","2025-12-31T19:35:41Z","2025-12-31T19:37:39Z",118,"deathstar",1
20625897165,59236299643,"lint","completed","failure","2025-12-31T19:35:44Z","2025-12-31T19:36:23Z",39,"GitHub Actions 1000001486",1
20625897165,59236375668,"integration","completed","failure","2025-12-31T19:44:19Z","2025-12-31T19:52:38Z",499,"spacelab-ThinkPad-T420",1
20625923679,59236367355,"lint","completed","failure","2025-12-31T19:37:26Z","2025-12-31T19:38:05Z",39,"GitHub Actions 1000001487",1
20625923679,59236367358,"build","completed","success","2025-12-31T19:38:32Z","2025-12-31T19:40:35Z",123,"deathstar",1
20625923679,59236367360,"unit-test","completed","success","2025-12-31T19:37:26Z","2025-12-31T19:38:52Z",86,"GitHub Actions 1000001488",1
20625923679,59236482179,"integration","completed","failure","2025-12-31T19:52:39Z","2025-12-31T20:01:01Z",502,"spacelab-ThinkPad-T420",1
20625962570,59236469241,"build","completed","success","2025-12-31T19:40:37Z","2025-12-31T19:42:38Z",121,"deathstar",1
20625962570,59236469250,"lint","completed","failure","2025-12-31T19:40:18Z","2025-12-31T19:40:58Z",40,"GitHub Actions 1000001489",1
20625962570,59236469252,"unit-test","completed","success","2025-12-31T19:40:18Z","2025-12-31T19:41:45Z",87,"GitHub Actions 1000001490",1
20625962570,59236556415,"integration","completed","failure","2025-12-31T20:01:52Z","2025-12-31T20:12:22Z",630,"spacelab-ThinkPad-T420",1
20625980172,59236512609,"lint","completed","success","2025-12-31T19:41:30Z","2025-12-31T19:42:08Z",38,"GitHub Actions 1000001491",1
20625980172,59236512610,"unit-test","completed","success","2025-12-31T19:41:30Z","2025-12-31T19:42:56Z",86,"GitHub Actions 1000001492",1
20625980172,59236512612,"build","completed","success","2025-12-31T19:42:40Z","2025-12-31T19:44:44Z",124,"deathstar",1
20625980172,59236632271,"integration","completed","failure","2025-12-31T20:12:24Z","2025-12-31T20:22:39Z",615,"spacelab-ThinkPad-T420",1
20626009883,59236585452,"unit-test","completed","success","2025-12-31T19:43:22Z","2025-12-31T19:44:48Z",86,"GitHub Actions 1000001493",1
20626009883,59236585454,"build","completed","success","2025-12-31T19:46:48Z","2025-12-31T19:48:48Z",120,"deathstar",1
20626009883,59236585456,"lint","completed","success","2025-12-31T19:43:22Z","2025-12-31T19:44:01Z",39,"GitHub Actions 1000001494",1
20626009883,59236769719,"integration","completed","failure","2025-12-31T20:30:58Z","2025-12-31T20:42:25Z",687,"spacelab-ThinkPad-T420",1
20626016439,59236605469,"unit-test","completed","success","2025-12-31T19:44:01Z","2025-12-31T19:45:31Z",90,"GitHub Actions 1000001495",1
20626016439,59236605470,"build","completed","success","2025-12-31T19:44:46Z","2025-12-31T19:46:46Z",120,"deathstar",1
20626016439,59236605472,"lint","completed","success","2025-12-31T19:44:00Z","2025-12-31T19:44:36Z",36,"GitHub Actions 1000001496",1
20626016439,59236701716,"integration","completed","failure","2025-12-31T20:22:41Z","2025-12-31T20:30:56Z",495,"spacelab-ThinkPad-T420",1
20626169518,59236998569,"unit-test","completed","success","2025-12-31T19:55:34Z","2025-12-31T19:57:02Z",88,"GitHub Actions 1000001497",1
20626169518,59236998579,"build","completed","success","2025-12-31T19:55:34Z","2025-12-31T19:57:35Z",121,"deathstar",1
20626169518,59236998582,"lint","completed","success","2025-12-31T19:55:34Z","2025-12-31T19:56:15Z",41,"GitHub Actions 1000001498",1
20626169518,59237062375,"integration","completed","failure","2025-12-31T20:42:26Z","2025-12-31T20:54:30Z",724,"spacelab-ThinkPad-T420",1
20626281181,59237303342,"lint","completed","success","2025-12-31T20:03:49Z","2025-12-31T20:04:27Z",38,"GitHub Actions 1000001500",1
20626281181,59237303345,"build","completed","success","2025-12-31T20:03:48Z","2025-12-31T20:05:47Z",119,"deathstar",1
20626281181,59237303347,"unit-test","completed","success","2025-12-31T20:03:49Z","2025-12-31T20:05:20Z",91,"GitHub Actions 1000001499",1
20626281181,59237393373,"integration","completed","failure","2025-12-31T20:54:32Z","2025-12-31T21:06:09Z",697,"spacelab-ThinkPad-T420",1
20627818623,59241184310,"build","completed","success","2025-12-31T21:52:20Z","2025-12-31T21:54:33Z",133,"deathstar",1
20627818623,59241184312,"lint","completed","success","2025-12-31T21:52:21Z","2025-12-31T21:53:02Z",41,"GitHub Actions 1000001501",1
20627818623,59241184315,"unit-test","completed","success","2025-12-31T21:52:21Z","2025-12-31T21:53:51Z",90,"GitHub Actions 1000001502",1
20627818623,59241249296,"integration","completed","failure","2025-12-31T21:54:35Z","2025-12-31T22:06:01Z",686,"spacelab-ThinkPad-T420",1
20628668391,59243261230,"unit-test","completed","success","2025-12-31T23:01:10Z","2025-12-31T23:02:32Z",82,"GitHub Actions 1000001503",1
20628668391,59243261236,"lint","completed","success","2025-12-31T23:01:09Z","2025-12-31T23:01:45Z",36,"GitHub Actions 1000001504",1
20628668391,59243261240,"build","completed","success","2025-12-31T23:01:09Z","2025-12-31T23:03:07Z",118,"deathstar",1
20628668391,59243327843,"integration","completed","failure","2025-12-31T23:03:09Z","2025-12-31T23:14:36Z",687,"spacelab-ThinkPad-T420",1
20629338762,59244822919,"unit-test","completed","success","2025-12-31T23:59:13Z","2026-01-01T00:00:38Z",85,"GitHub Actions 1000001505",1
20629338762,59244822924,"build","completed","success","2025-12-31T23:59:12Z","2026-01-01T00:01:10Z",118,"deathstar",1
20629338762,59244822944,"lint","completed","success","2025-12-31T23:59:13Z","2025-12-31T23:59:54Z",41,"GitHub Actions 1000001506",1
20629338762,59244883267,"integration","completed","failure","2026-01-01T00:01:13Z","2026-01-01T00:10:29Z",556,"spacelab-ThinkPad-T420",1
20629363862,59244886422,"lint","completed","success","2026-01-01T00:01:18Z","2026-01-01T00:01:53Z",35,"GitHub Actions 1000001507",1
20629363862,59244886426,"build","completed","success","2026-01-01T00:01:18Z","2026-01-01T00:03:15Z",117,"deathstar",1
20629363862,59244886429,"unit-test","completed","success","2026-01-01T00:01:19Z","2026-01-01T00:02:42Z",83,"GitHub Actions 1000001508",1
20629363862,59244966912,"integration","completed","failure","2026-01-01T00:10:31Z","2026-01-01T00:18:39Z",488,"spacelab-ThinkPad-T420",1
20664305761,59333289314,"unit-test","completed","success","2026-01-02T18:40:49Z","2026-01-02T18:42:11Z",82,"GitHub Actions 1000001509",1
20664305761,59333289322,"lint","completed","success","2026-01-02T18:40:50Z","2026-01-02T18:41:21Z",31,"GitHub Actions 1000001510",1
20664305761,59333289337,"build","completed","success","2026-01-02T18:40:49Z","2026-01-02T18:42:57Z",128,"deathstar",1
20664305761,59333396462,"integration","completed","failure","2026-01-02T18:42:59Z","2026-01-02T18:54:28Z",689,"spacelab-ThinkPad-T420",1
20664724217,59334507887,"build","completed","success","2026-01-02T19:05:05Z","2026-01-02T19:07:18Z",133,"deathstar",1
20664724217,59334507900,"lint","completed","success","2026-01-02T19:05:05Z","2026-01-02T19:05:31Z",26,"GitHub Actions 1000001511",1
20664724217,59334507920,"unit-test","completed","success","2026-01-02T19:05:05Z","2026-01-02T19:06:28Z",83,"GitHub Actions 1000001512",1
20664724217,59334637424,"integration","completed","failure","2026-01-02T19:07:20Z","2026-01-02T19:15:34Z",494,"spacelab-ThinkPad-T420",1
20665164655,59335771484,"lint","completed","success","2026-01-02T19:29:54Z","2026-01-02T19:30:20Z",26,"GitHub Actions 1000001513",1
20665164655,59335771488,"build","completed","success","2026-01-02T19:29:54Z","2026-01-02T19:31:52Z",118,"deathstar",1
20665164655,59335771489,"unit-test","completed","success","2026-01-02T19:29:55Z","2026-01-02T19:31:26Z",91,"GitHub Actions 1000001514",1
20665164655,59335870550,"integration","completed","failure","2026-01-02T19:31:54Z","2026-01-02T19:43:21Z",687,"spacelab-ThinkPad-T420",1
20671651360,59353410312,"unit-test","completed","success","2026-01-03T03:32:16Z","2026-01-03T03:33:43Z",87,"GitHub Actions 1000001515",1
20671651360,59353410328,"build","completed","cancelled","2026-01-03T22:37:49Z","2026-01-03T22:38:47Z",58,"spacelab-ThinkPad-T420",1
20671651360,59353410330,"lint","completed","success","2026-01-03T03:32:16Z","2026-01-03T03:32:42Z",26,"GitHub Actions 1000001516",1
20671651360,59381765307,"integration","completed","cancelled","2026-01-03T22:38:47Z","2026-01-03T22:38:47Z",0,,1
20671864010,59354154467,"unit-test","completed","success","2026-01-03T03:51:58Z","2026-01-03T03:53:17Z",79,"GitHub Actions 1000001518",1
20671864010,59354154469,"lint","completed","success","2026-01-03T03:51:58Z","2026-01-03T03:52:28Z",30,"GitHub Actions 1000001517",1
20671864010,59354154475,"build","completed","cancelled","2026-01-03T22:39:14Z","2026-01-03T22:39:14Z",0,"",1
20671864010,59381775061,"integration","completed","cancelled","2026-01-03T22:39:14Z","2026-01-03T22:39:14Z",0,,1
20672015658,59354517185,"unit-test","completed","success","2026-01-03T04:05:56Z","2026-01-03T04:07:36Z",100,"GitHub Actions 1000001520",1
20672015658,59354517188,"build","completed","cancelled","2026-01-03T22:38:37Z","2026-01-03T22:38:37Z",0,"",1
20672015658,59354517191,"lint","completed","success","2026-01-03T04:05:57Z","2026-01-03T04:06:26Z",29,"GitHub Actions 1000001519",1
20672015658,59381760918,"integration","completed","cancelled","2026-01-03T22:38:37Z","2026-01-03T22:38:37Z",0,,1
20672284285,59355171019,"unit-test","completed","success","2026-01-03T04:30:50Z","2026-01-03T04:32:26Z",96,"GitHub Actions 1000001521",1
20672284285,59355171021,"lint","completed","success","2026-01-03T04:30:51Z","2026-01-03T04:31:19Z",28,"GitHub Actions 1000001522",1
20672284285,59355171024,"build","completed","cancelled","2026-01-03T04:30:48Z","2026-01-03T22:39:06Z",65298,"",1
20672284285,59381772233,"integration","completed","cancelled","2026-01-03T22:39:06Z","2026-01-03T22:39:06Z",0,,1
20672418960,59355492741,"build","completed","cancelled","2026-01-03T22:38:57Z","2026-01-03T22:38:57Z",0,"",1
20672418960,59355492743,"unit-test","completed","success","2026-01-03T04:43:59Z","2026-01-03T04:45:21Z",82,"GitHub Actions 1000001524",1
20672418960,59355492750,"lint","completed","success","2026-01-03T04:43:59Z","2026-01-03T04:44:30Z",31,"GitHub Actions 1000001523",1
20672418960,59381768952,"integration","completed","cancelled","2026-01-03T22:38:57Z","2026-01-03T22:38:57Z",0,,1
20683487904,59380819016,"lint","completed","success","2026-01-03T22:00:19Z","2026-01-03T22:00:47Z",28,"GitHub Actions 1000001525",1
20683487904,59380819018,"unit-test","completed","success","2026-01-03T22:00:18Z","2026-01-03T22:01:36Z",78,"GitHub Actions 1000001526",1
20683487904,59380819023,"build","completed","cancelled","2026-01-03T22:38:49Z","2026-01-03T22:38:49Z",0,"",1
20683487904,59381766136,"integration","completed","cancelled","2026-01-03T22:38:50Z","2026-01-03T22:38:49Z",-1,,1
20683738678,59381782384,"build","completed","success","2026-01-03T22:44:47Z","2026-01-03T22:49:37Z",290,"spacelab-ThinkPad-T420",2
20683738678,59381782427,"unit-test","completed","success","2026-01-03T22:22:46Z","2026-01-03T22:24:15Z",89,"GitHub Actions 1000001527",2
20683738678,59381786084,"lint","completed","success","2026-01-03T22:22:46Z","2026-01-03T22:23:11Z",25,"GitHub Actions 1000001528",2
20683738678,59382012186,"integration","completed","failure","2026-01-03T23:01:58Z","2026-01-03T23:13:24Z",686,"spacelab-ThinkPad-T420",2
20683880549,59381703568,"lint","completed","success","2026-01-03T22:36:17Z","2026-01-03T22:36:45Z",28,"GitHub Actions 1000001529",1
20683880549,59381703572,"build","completed","success","2026-01-03T22:39:16Z","2026-01-03T22:43:55Z",279,"spacelab-ThinkPad-T420",1
20683880549,59381703578,"unit-test","completed","success","2026-01-03T22:36:17Z","2026-01-03T22:37:47Z",90,"GitHub Actions 1000001530",1
20683880549,59381884108,"integration","completed","failure","2026-01-03T22:50:29Z","2026-01-03T23:01:56Z",687,"spacelab-ThinkPad-T420",1
20684018913,59382005821,"build","completed","success","2026-01-03T22:49:25Z","2026-01-03T22:51:45Z",140,"deathstar",1
20684018913,59382005824,"lint","completed","success","2026-01-03T22:49:26Z","2026-01-03T22:49:56Z",30,"GitHub Actions 1000001532",1
20684018913,59382005828,"unit-test","completed","success","2026-01-03T22:49:27Z","2026-01-03T22:50:51Z",84,"GitHub Actions 1000001531",1
20684018913,59382060020,"integration","completed","failure","2026-01-03T23:13:25Z","2026-01-03T23:24:54Z",689,"spacelab-ThinkPad-T420",1
20684022999,59382013893,"build","completed","success","2026-01-03T22:51:47Z","2026-01-03T22:53:55Z",128,"deathstar",1
20684022999,59382013901,"lint","completed","success","2026-01-03T22:49:44Z","2026-01-03T22:50:11Z",27,"GitHub Actions 1000001533",1
20684022999,59382013902,"unit-test","completed","success","2026-01-03T22:49:44Z","2026-01-03T22:51:17Z",93,"GitHub Actions 1000001534",1
20684022999,59382108507,"integration","completed","failure","2026-01-03T23:24:56Z","2026-01-03T23:25:45Z",49,"spacelab-ThinkPad-T420",1
20684029241,59382027575,"build","completed","success","2026-01-03T22:54:47Z","2026-01-03T22:57:06Z",139,"deathstar",1
20684029241,59382027577,"unit-test","completed","success","2026-01-03T22:50:21Z","2026-01-03T22:51:50Z",89,"GitHub Actions 1000001536",1
20684029241,59382027578,"lint","completed","success","2026-01-03T22:50:21Z","2026-01-03T22:50:47Z",26,"GitHub Actions 1000001535",1
20684029241,59382168746,"integration","completed","failure","2026-01-03T23:26:37Z","2026-01-03T23:27:27Z",50,"spacelab-ThinkPad-T420",1
20684086324,59382149652,"build","completed","success","2026-01-03T22:57:08Z","2026-01-03T22:59:12Z",124,"deathstar",1
20684086324,59382149656,"unit-test","completed","success","2026-01-03T22:56:09Z","2026-01-03T22:57:39Z",90,"GitHub Actions 1000001537",1
20684086324,59382149659,"lint","completed","success","2026-01-03T22:56:09Z","2026-01-03T22:56:38Z",29,"GitHub Actions 1000001538",1
20684086324,59382207603,"integration","completed","failure","2026-01-03T23:28:19Z","2026-01-03T23:29:08Z",49,"spacelab-ThinkPad-T420",1
20684086324,59382207604,"integration-slow-flaky","completed","failure","2026-01-03T23:30:00Z","2026-01-03T23:30:09Z",9,"spacelab-ThinkPad-T420",1
20684652741,59383378306,"build","completed","success","2026-01-03T23:49:21Z","2026-01-03T23:51:30Z",129,"deathstar",1
20684652741,59383378310,"lint","completed","success","2026-01-03T23:49:22Z","2026-01-03T23:49:47Z",25,"GitHub Actions 1000001539",1
20684652741,59383378312,"unit-test","completed","success","2026-01-03T23:49:23Z","2026-01-03T23:51:01Z",98,"GitHub Actions 1000001540",1
20684652741,59383424378,"integration","completed","failure","2026-01-03T23:51:32Z","2026-01-03T23:52:22Z",50,"spacelab-ThinkPad-T420",1
20684748177,59383589004,"unit-test","completed","success","2026-01-04T00:00:27Z","2026-01-04T00:01:52Z",85,"GitHub Actions 1000001542",1
20684748177,59383589006,"lint","completed","failure","2026-01-04T00:00:26Z","2026-01-04T00:00:57Z",31,"GitHub Actions 1000001541",1
20684748177,59383589010,"build","completed","success","2026-01-04T00:00:26Z","2026-01-04T00:02:46Z",140,"deathstar",1
20684748177,59383664426,"integration","completed","failure","2026-01-04T00:02:49Z","2026-01-04T00:03:38Z",49,"spacelab-ThinkPad-T420",1
20684957095,59384146015,"unit-test","completed","success","2026-01-04T00:19:31Z","2026-01-04T00:21:00Z",89,"GitHub Actions 1000001543",1
20684957095,59384146021,"build","completed","success","2026-01-04T00:19:31Z","2026-01-04T00:21:53Z",142,"deathstar",1
20684957095,59384146022,"lint","completed","failure","2026-01-04T00:19:32Z","2026-01-04T00:20:06Z",34,"GitHub Actions 1000001544",1
20684957095,59384213848,"integration","completed","failure","2026-01-04T00:21:55Z","2026-01-04T00:22:45Z",50,"spacelab-ThinkPad-T420",1
20685186892,59384743254,"build","completed","success","2026-01-04T00:40:28Z","2026-01-04T00:42:45Z",137,"deathstar",1
20685186892,59384743257,"lint","completed","failure","2026-01-04T00:40:29Z","2026-01-04T00:40:55Z",26,"GitHub Actions 1000001545",1
20685186892,59384743258,"unit-test","completed","success","2026-01-04T00:40:29Z","2026-01-04T00:41:49Z",80,"GitHub Actions 1000001546",1
20685186892,59384811683,"integration","completed","failure","2026-01-04T00:42:47Z","2026-01-04T00:43:37Z",50,"spacelab-ThinkPad-T420",1
20685298531,59385035539,"unit-test","completed","success","2026-01-04T00:50:32Z","2026-01-04T00:52:05Z",93,"GitHub Actions 1000001547",1
20685298531,59385035541,"build","completed","success","2026-01-04T00:50:31Z","2026-01-04T00:52:42Z",131,"deathstar",1
20685298531,59385035542,"lint","completed","failure","2026-01-04T00:50:32Z","2026-01-04T00:51:00Z",28,"GitHub Actions 1000001548",1
20685298531,59385096015,"integration","completed","failure","2026-01-04T00:52:44Z","2026-01-04T00:53:34Z",50,"spacelab-ThinkPad-T420",1
20685427739,59385354515,"unit-test","completed","success","2026-01-04T01:02:49Z","2026-01-04T01:04:15Z",86,"GitHub Actions 1000001550",1
20685427739,59385354517,"lint","completed","success","2026-01-04T01:02:49Z","2026-01-04T01:03:16Z",27,"GitHub Actions 1000001549",1
20685427739,59385354521,"build","completed","success","2026-01-04T01:02:49Z","2026-01-04T01:05:04Z",135,"deathstar",1
20685427739,59385414214,"integration","completed","failure","2026-01-04T01:05:06Z","2026-01-04T01:05:57Z",51,"spacelab-ThinkPad-T420",1
20685996483,59386708106,"unit-test","completed","success","2026-01-04T01:56:24Z","2026-01-04T01:57:46Z",82,"GitHub Actions 1000001551",1
20685996483,59386708107,"lint","completed","failure","2026-01-04T01:56:25Z","2026-01-04T01:56:53Z",28,"GitHub Actions 1000001552",1
20685996483,59386708121,"build","completed","success","2026-01-04T01:56:23Z","2026-01-04T01:58:42Z",139,"deathstar",1
20685996483,59386763898,"integration","completed","failure","2026-01-04T01:58:44Z","2026-01-04T01:59:34Z",50,"spacelab-ThinkPad-T420",1
20686017973,59386758040,"lint","completed","failure","2026-01-04T01:58:32Z","2026-01-04T01:59:01Z",29,"GitHub Actions 1000001553",1
20686017973,59386758043,"build","completed","success","2026-01-04T01:59:34Z","2026-01-04T02:01:47Z",133,"deathstar",1
20686017973,59386758044,"unit-test","completed","success","2026-01-04T01:58:32Z","2026-01-04T01:59:57Z",85,"GitHub Actions 1000001554",1
20686017973,59386847263,"integration","completed","failure","2026-01-04T02:01:49Z","2026-01-04T02:02:38Z",49,"spacelab-ThinkPad-T420",1
20686037462,59386803856,"build","completed","success","2026-01-04T02:01:49Z","2026-01-04T02:04:02Z",133,"deathstar",1
20686037462,59386803859,"unit-test","completed","success","2026-01-04T02:00:20Z","2026-01-04T02:01:42Z",82,"GitHub Actions 1000001555",1
20686037462,59386803861,"lint","completed","success","2026-01-04T02:00:20Z","2026-01-04T02:00:46Z",26,"GitHub Actions 1000001556",1
20686037462,59386914246,"integration","completed","failure","2026-01-04T02:04:04Z","2026-01-04T02:04:54Z",50,"spacelab-ThinkPad-T420",1
20686064206,59386863292,"unit-test","completed","success","2026-01-04T02:02:20Z","2026-01-04T02:03:51Z",91,"GitHub Actions 1000001557",1
20686064206,59386863298,"build","completed","success","2026-01-04T02:04:54Z","2026-01-04T02:07:10Z",136,"deathstar",1
20686064206,59386863304,"lint","completed","success","2026-01-04T02:02:18Z","2026-01-04T02:02:46Z",28,"GitHub Actions 1000001558",1
20686064206,59386999309,"integration","completed","failure","2026-01-04T02:07:12Z","2026-01-04T02:08:01Z",49,"spacelab-ThinkPad-T420",1
20686348016,59387517277,"build","completed","success","2026-01-04T02:29:09Z","2026-01-04T02:31:29Z",140,"deathstar",1
20686348016,59387517280,"unit-test","completed","success","2026-01-04T02:29:10Z","2026-01-04T02:30:38Z",88,"GitHub Actions 1000001560",1
20686348016,59387517283,"lint","completed","success","2026-01-04T02:29:10Z","2026-01-04T02:29:44Z",34,"GitHub Actions 1000001559",1
20686348016,59387575515,"integration","completed","failure","2026-01-04T02:31:31Z","2026-01-04T02:32:22Z",51,"spacelab-ThinkPad-T420",1
20686375791,59387583505,"lint","completed","success","2026-01-04T02:31:52Z","2026-01-04T02:32:21Z",29,"GitHub Actions 1000001562",1
20686375791,59387583510,"build","completed","success","2026-01-04T02:31:51Z","2026-01-04T02:34:07Z",136,"deathstar",1
20686375791,59387583513,"unit-test","completed","success","2026-01-04T02:31:52Z","2026-01-04T02:33:10Z",78,"GitHub Actions 1000001561",1
20686375791,59387636190,"integration","completed","failure","2026-01-04T02:34:09Z","2026-01-04T02:34:59Z",50,"spacelab-ThinkPad-T420",1
20686513912,59387921316,"lint","completed","success","2026-01-04T02:46:35Z","2026-01-04T02:47:05Z",30,"GitHub Actions 1000001563",1
20686513912,59387921317,"build","completed","success","2026-01-04T02:46:35Z","2026-01-04T02:48:57Z",142,"deathstar",1
20686513912,59387921327,"unit-test","completed","success","2026-01-04T02:46:35Z","2026-01-04T02:48:01Z",86,"GitHub Actions 1000001564",1
20686513912,59387998013,"integration","completed","failure","2026-01-04T02:48:59Z","2026-01-04T02:49:50Z",51,"spacelab-ThinkPad-T420",1
20687202247,59389720280,"lint","completed","success","2026-01-04T03:50:48Z","2026-01-04T03:51:16Z",28,"GitHub Actions 1000001565",1
20687202247,59389720281,"build","completed","success","2026-01-04T03:50:46Z","2026-01-04T03:52:48Z",122,"deathstar",1
20687202247,59389720286,"unit-test","completed","success","2026-01-04T03:50:48Z","2026-01-04T03:52:07Z",79,"GitHub Actions 1000001566",1
20687202247,59389787580,"integration","completed","failure","2026-01-04T03:52:50Z","2026-01-04T03:53:42Z",52,"spacelab-ThinkPad-T420",1
20687635699,59391051243,"build","completed","success","2026-01-04T04:30:39Z","2026-01-04T04:32:52Z",133,"deathstar",1
20687635699,59391051244,"unit-test","completed","success","2026-01-04T04:30:39Z","2026-01-04T04:32:11Z",92,"GitHub Actions 1000001567",1
20687635699,59391051246,"lint","completed","success","2026-01-04T04:30:40Z","2026-01-04T04:31:12Z",32,"GitHub Actions 1000001568",1
20687635699,59391114543,"integration","completed","failure","2026-01-04T04:32:54Z","2026-01-04T04:33:46Z",52,"spacelab-ThinkPad-T420",1
20688131741,59392273017,"unit-test","completed","success","2026-01-04T05:19:27Z","2026-01-04T05:20:58Z",91,"GitHub Actions 1000001569",1
20688131741,59392273018,"build","completed","success","2026-01-04T05:19:26Z","2026-01-04T05:21:34Z",128,"deathstar",1
20688131741,59392273019,"lint","completed","success","2026-01-04T05:19:27Z","2026-01-04T05:19:56Z",29,"GitHub Actions 1000001570",1
20688131741,59392323254,"integration","completed","failure","2026-01-04T05:21:36Z","2026-01-04T05:22:26Z",50,"spacelab-ThinkPad-T420",1
20695755716,59410670157,"lint","completed","success","2026-01-04T16:22:00Z","2026-01-04T16:22:27Z",27,"GitHub Actions 1000001571",1
20695755716,59410670165,"unit-test","completed","success","2026-01-04T16:22:00Z","2026-01-04T16:23:29Z",89,"GitHub Actions 1000001572",1
20695755716,59410670170,"build","completed","success","2026-01-04T16:21:59Z","2026-01-04T16:24:00Z",121,"deathstar",1
20695755716,59410731398,"integration","completed","failure","2026-01-04T16:24:02Z","2026-01-04T16:24:53Z",51,"spacelab-ThinkPad-T420",1
20695755716,59410731405,"integration-slow-flaky","completed","failure","2026-01-04T16:25:44Z","2026-01-04T16:25:53Z",9,"spacelab-ThinkPad-T420",1
20696552851,59412689757,"build","completed","success","2026-01-04T17:27:15Z","2026-01-04T17:29:21Z",126,"deathstar",1
20696552851,59412689760,"unit-test","completed","success","2026-01-04T17:27:16Z","2026-01-04T17:28:42Z",86,"GitHub Actions 1000001573",1
20696552851,59412689774,"lint","completed","success","2026-01-04T17:27:17Z","2026-01-04T17:27:44Z",27,"GitHub Actions 1000001574",1
20696656658,59412917642,"build","completed","success","2026-01-04T17:35:42Z","2026-01-04T17:37:52Z",130,"deathstar",1
20696656658,59412917651,"unit-test","completed","success","2026-01-04T17:35:43Z","2026-01-04T17:37:10Z",87,"GitHub Actions 1000001576",1
20696656658,59412917659,"lint","completed","success","2026-01-04T17:35:43Z","2026-01-04T17:36:11Z",28,"GitHub Actions 1000001575",1
20697466165,59414855321,"unit-test","completed","success","2026-01-04T18:45:39Z","2026-01-04T18:47:00Z",81,"GitHub Actions 1000001577",1
20697466165,59414855324,"build","completed","success","2026-01-04T18:45:38Z","2026-01-04T18:47:44Z",126,"deathstar",1
20697466165,59414855329,"lint","completed","success","2026-01-04T18:45:38Z","2026-01-04T18:46:07Z",29,"GitHub Actions 1000001578",1
20697910065,59415927866,"build","completed","success","2026-01-04T19:22:10Z","2026-01-04T19:24:24Z",134,"deathstar",1
20697910065,59415927869,"unit-test","completed","success","2026-01-04T19:22:11Z","2026-01-04T19:23:37Z",86,"GitHub Actions 1000001579",1
20697910065,59415927870,"lint","completed","success","2026-01-04T19:22:11Z","2026-01-04T19:22:39Z",28,"GitHub Actions 1000001580",1
20698347423,59416901605,"unit-test","completed","success","2026-01-04T20:00:10Z","2026-01-04T20:01:38Z",88,"GitHub Actions 1000001582",1
20698347423,59416901610,"lint","completed","success","2026-01-04T20:00:10Z","2026-01-04T20:00:52Z",42,"GitHub Actions 1000001581",1
20698347423,59416901615,"build","completed","success","2026-01-04T20:00:08Z","2026-01-04T20:02:07Z",119,"deathstar",1
20698384594,59416997226,"lint","completed","success","2026-01-04T20:03:04Z","2026-01-04T20:03:33Z",29,"GitHub Actions 1000001584",1
20698384594,59416997229,"build","completed","success","2026-01-04T20:03:03Z","2026-01-04T20:05:08Z",125,"deathstar",1
20698384594,59416997235,"unit-test","completed","success","2026-01-04T20:03:04Z","2026-01-04T20:04:36Z",92,"GitHub Actions 1000001583",1
20698387572,59417004845,"build","completed","success","2026-01-04T20:07:59Z","2026-01-04T20:09:59Z",120,"deathstar",1
20698387572,59417004846,"unit-test","completed","success","2026-01-04T20:03:20Z","2026-01-04T20:04:46Z",86,"GitHub Actions 1000001585",1
20698387572,59417004847,"lint","completed","success","2026-01-04T20:03:20Z","2026-01-04T20:03:45Z",25,"GitHub Actions 1000001586",1
20698401695,59417040675,"build","completed","success","2026-01-04T20:05:09Z","2026-01-04T20:07:07Z",118,"deathstar",1
20698401695,59417040677,"lint","completed","success","2026-01-04T20:04:24Z","2026-01-04T20:04:54Z",30,"GitHub Actions 1000001587",1
20698401695,59417040678,"unit-test","completed","success","2026-01-04T20:04:24Z","2026-01-04T20:05:49Z",85,"GitHub Actions 1000001588",1
20698533560,59417375491,"lint","completed","success","2026-01-04T20:15:27Z","2026-01-04T20:15:56Z",29,"GitHub Actions 1000001589",1
20698533560,59417375495,"unit-test","completed","success","2026-01-04T20:15:28Z","2026-01-04T20:17:12Z",104,"GitHub Actions 1000001590",1
20698533560,59417375497,"build","completed","success","2026-01-04T20:15:26Z","2026-01-04T20:17:28Z",122,"deathstar",1
20699054138,59418601726,"lint","completed","success","2026-01-04T21:01:56Z","2026-01-04T21:02:24Z",28,"GitHub Actions 1000001592",1
20699054138,59418601727,"unit-test","completed","success","2026-01-04T21:01:56Z","2026-01-04T21:03:24Z",88,"GitHub Actions 1000001591",1
20699054138,59418601729,"build","completed","failure","2026-01-04T21:01:55Z","2026-01-04T21:03:21Z",86,"deathstar",1
20699230401,59419025669,"build","completed","success","2026-01-04T21:15:45Z","2026-01-04T21:17:52Z",127,"deathstar",1
20699230401,59419025671,"unit-test","completed","success","2026-01-04T21:15:46Z","2026-01-04T21:17:21Z",95,"GitHub Actions 1000001593",1
20699230401,59419025678,"lint","completed","success","2026-01-04T21:15:46Z","2026-01-04T21:16:11Z",25,"GitHub Actions 1000001594",1
20699261141,59419098310,"build","completed","success","2026-01-04T21:18:20Z","2026-01-04T21:20:22Z",122,"deathstar",1
20699261141,59419098311,"lint","completed","success","2026-01-04T21:18:20Z","2026-01-04T21:18:50Z",30,"GitHub Actions 1000001595",1
20699261141,59419098315,"unit-test","completed","success","2026-01-04T21:18:20Z","2026-01-04T21:20:07Z",107,"GitHub Actions 1000001596",1
20700191837,59421275467,"lint","completed","success","2026-01-04T22:38:48Z","2026-01-04T22:39:13Z",25,"GitHub Actions 1000001597",1
20700191837,59421275471,"unit-test","completed","success","2026-01-04T22:38:48Z","2026-01-04T22:40:20Z",92,"GitHub Actions 1000001598",1
20700191837,59421275478,"build","completed","success","2026-01-04T22:38:47Z","2026-01-04T22:40:51Z",124,"deathstar",1
20700300488,59421538763,"unit-test","completed","success","2026-01-04T22:48:26Z","2026-01-04T22:49:53Z",87,"GitHub Actions 1000001599",1
20700300488,59421538765,"build","completed","success","2026-01-04T22:48:26Z","2026-01-04T22:50:35Z",129,"deathstar",1
20700300488,59421538766,"lint","completed","success","2026-01-04T22:48:27Z","2026-01-04T22:48:57Z",30,"GitHub Actions 1000001600",1
20700351492,59421652034,"unit-test","completed","success","2026-01-04T22:52:47Z","2026-01-04T22:54:20Z",93,"GitHub Actions 1000001601",1
20700351492,59421652038,"build","completed","success","2026-01-04T22:52:46Z","2026-01-04T22:54:45Z",119,"deathstar",1
20700351492,59421652043,"lint","completed","success","2026-01-04T22:52:47Z","2026-01-04T22:53:14Z",27,"GitHub Actions 1000001602",1
20700908440,59422956499,"lint","completed","success","2026-01-04T23:40:09Z","2026-01-04T23:40:39Z",30,"GitHub Actions 1000001604",1
20700908440,59422956502,"unit-test","completed","success","2026-01-04T23:40:09Z","2026-01-04T23:41:32Z",83,"GitHub Actions 1000001603",1
20700908440,59422956503,"build","completed","success","2026-01-04T23:40:09Z","2026-01-04T23:42:08Z",119,"deathstar",1
20700938745,59423026166,"unit-test","completed","success","2026-01-04T23:42:49Z","2026-01-04T23:44:19Z",90,"GitHub Actions 1000001606",1
20700938745,59423026167,"build","completed","success","2026-01-04T23:42:48Z","2026-01-04T23:44:46Z",118,"deathstar",1
20700938745,59423026168,"lint","completed","success","2026-01-04T23:42:49Z","2026-01-04T23:43:16Z",27,"GitHub Actions 1000001605",1
20706227982,59437293312,"unit-test","completed","success","2026-01-05T05:39:10Z","2026-01-05T05:43:08Z",238,"GitHub Actions 1000001607",1
20706227982,59437293314,"lint","completed","failure","2026-01-05T05:39:10Z","2026-01-05T05:39:41Z",31,"GitHub Actions 1000001608",1
20706227982,59437293322,"build","completed","success","2026-01-05T05:39:09Z","2026-01-05T05:41:09Z",120,"deathstar",1
20731029296,59518736234,"unit-test","completed","success","2026-01-05T22:24:22Z","2026-01-05T22:25:44Z",82,"GitHub Actions 1000001609",1
20731029296,59518736248,"build","completed","success","2026-01-05T22:24:21Z","2026-01-05T22:26:40Z",139,"deathstar",1
20731029296,59518736276,"lint","completed","success","2026-01-05T22:24:23Z","2026-01-05T22:24:53Z",30,"GitHub Actions 1000001610",1
20731665601,59520732762,"build","completed","success","2026-01-05T22:53:11Z","2026-01-05T22:55:25Z",134,"deathstar",1
20731665601,59520732780,"unit-test","completed","success","2026-01-05T22:53:12Z","2026-01-05T22:54:46Z",94,"GitHub Actions 1000001612",1
20731665601,59520732802,"lint","completed","success","2026-01-05T22:53:12Z","2026-01-05T22:53:43Z",31,"GitHub Actions 1000001611",1
20731939022,59521595430,"unit-test","completed","success","2026-01-05T23:06:30Z","2026-01-05T23:08:02Z",92,"GitHub Actions 1000001613",1
20731939022,59521595451,"build","completed","success","2026-01-05T23:06:29Z","2026-01-05T23:08:43Z",134,"deathstar",1
20731939022,59521595462,"lint","completed","success","2026-01-05T23:06:31Z","2026-01-05T23:07:04Z",33,"GitHub Actions 1000001614",1
20732145782,59522204703,"lint","completed","success","2026-01-05T23:15:51Z","2026-01-05T23:16:17Z",26,"GitHub Actions 1000001615",1
20732145782,59522204704,"build","completed","success","2026-01-05T23:15:50Z","2026-01-05T23:18:06Z",136,"deathstar",1
20732145782,59522204709,"unit-test","completed","success","2026-01-05T23:15:56Z","2026-01-05T23:17:24Z",88,"GitHub Actions 1000001616",1
20733816350,59527132861,"build","completed","success","2026-01-06T00:39:51Z","2026-01-06T00:42:04Z",133,"deathstar",1
20733816350,59527132866,"unit-test","completed","success","2026-01-06T00:39:52Z","2026-01-06T00:41:21Z",89,"GitHub Actions 1000001617",1
20733816350,59527132870,"lint","completed","success","2026-01-06T00:39:52Z","2026-01-06T00:40:21Z",29,"GitHub Actions 1000001618",1
20733837548,59527195215,"build","completed","failure","2026-01-06T00:42:06Z","2026-01-06T00:44:13Z",127,"deathstar",1
20733837548,59527195222,"unit-test","completed","success","2026-01-06T00:40:54Z","2026-01-06T00:42:18Z",84,"GitHub Actions 1000001620",1
20733837548,59527195235,"lint","completed","success","2026-01-06T00:40:54Z","2026-01-06T00:41:24Z",30,"GitHub Actions 1000001619",1
20734003493,59527678062,"unit-test","completed","success","2026-01-06T00:49:01Z","2026-01-06T00:50:28Z",87,"GitHub Actions 1000001622",1
20734003493,59527678063,"build","completed","success","2026-01-06T00:49:00Z","2026-01-06T00:51:07Z",127,"deathstar",1
20734003493,59527678070,"lint","completed","success","2026-01-06T00:49:01Z","2026-01-06T00:49:30Z",29,"GitHub Actions 1000001621",1
20734049617,59527808199,"lint","completed","success","2026-01-06T00:51:14Z","2026-01-06T00:51:43Z",29,"GitHub Actions 1000001624",1
20734049617,59527808200,"unit-test","completed","success","2026-01-06T00:51:16Z","2026-01-06T00:52:53Z",97,"GitHub Actions 1000001623",1
20734049617,59527808202,"build","completed","success","2026-01-06T00:51:14Z","2026-01-06T00:53:24Z",130,"deathstar",1
20735715061,59532471709,"build","completed","success","2026-01-06T02:17:56Z","2026-01-06T02:20:10Z",134,"deathstar",1
20735715061,59532471712,"lint","completed","success","2026-01-06T02:17:56Z","2026-01-06T02:18:21Z",25,"GitHub Actions 1000001625",1
20735715061,59532471715,"unit-test","completed","success","2026-01-06T02:17:56Z","2026-01-06T02:19:21Z",85,"GitHub Actions 1000001626",1
20736793593,59535514287,"unit-test","completed","success","2026-01-06T03:17:24Z","2026-01-06T03:18:58Z",94,"GitHub Actions 1000001627",1
20736793593,59535514295,"build","completed","success","2026-01-06T03:17:23Z","2026-01-06T03:19:36Z",133,"deathstar",1
20736793593,59535514313,"lint","completed","success","2026-01-06T03:17:24Z","2026-01-06T03:17:52Z",28,"GitHub Actions 1000001628",1
20737394108,59537455752,"build","completed","success","2026-01-06T03:52:22Z","2026-01-06T03:54:40Z",138,"deathstar",1
20737394108,59537455758,"unit-test","completed","success","2026-01-06T03:52:22Z","2026-01-06T03:53:54Z",92,"GitHub Actions 1000001629",1
20737394108,59537455759,"lint","completed","success","2026-01-06T03:52:23Z","2026-01-06T03:52:52Z",29,"GitHub Actions 1000001630",1
20737400648,59537475627,"unit-test","completed","success","2026-01-06T03:52:46Z","2026-01-06T03:54:16Z",90,"GitHub Actions 1000001631",1
20737400648,59537475629,"lint","completed","success","2026-01-06T03:52:46Z","2026-01-06T03:53:17Z",31,"GitHub Actions 1000001632",1
20737400648,59537475630,"build","completed","success","2026-01-06T03:55:31Z","2026-01-06T03:57:47Z",136,"deathstar",1
20755844323,59597583258,"unit-test","completed","success","2026-01-06T17:07:35Z","2026-01-06T17:09:06Z",91,"GitHub Actions 1000001634",1
20755844323,59597583263,"lint","completed","success","2026-01-06T17:07:35Z","2026-01-06T17:08:06Z",31,"GitHub Actions 1000001633",1
20755844323,59597583305,"build","completed","success","2026-01-06T17:07:34Z","2026-01-06T17:09:35Z",121,"deathstar",1
20755883092,59597726469,"unit-test","completed","success","2026-01-06T17:08:58Z","2026-01-06T17:10:25Z",87,"GitHub Actions 1000001635",1
20755883092,59597726490,"lint","completed","success","2026-01-06T17:08:57Z","2026-01-06T17:09:24Z",27,"GitHub Actions 1000001636",1
20755883092,59597726516,"build","completed","success","2026-01-06T17:10:27Z","2026-01-06T17:12:28Z",121,"deathstar",1
20755984739,59598096065,"unit-test","completed","success","2026-01-06T17:12:36Z","2026-01-06T17:13:59Z",83,"GitHub Actions 1000001637",1
20755984739,59598096082,"build","completed","success","2026-01-06T17:12:36Z","2026-01-06T17:14:32Z",116,"deathstar",1
20755984739,59598096118,"lint","completed","success","2026-01-06T17:12:36Z","2026-01-06T17:13:03Z",27,"GitHub Actions 1000001638",1
20756196917,59598856929,"build","completed","success","2026-01-06T17:20:22Z","2026-01-06T17:22:17Z",115,"deathstar",1
20756196917,59598856947,"unit-test","completed","success","2026-01-06T17:20:23Z","2026-01-06T17:21:47Z",84,"GitHub Actions 1000001639",1
20756196917,59598856955,"lint","completed","success","2026-01-06T17:20:22Z","2026-01-06T17:20:54Z",32,"GitHub Actions 1000001640",1
20756254174,59599057882,"build","completed","success","2026-01-06T17:22:23Z","2026-01-06T17:24:22Z",119,"deathstar",1
20756254174,59599057891,"unit-test","completed","success","2026-01-06T17:22:24Z","2026-01-06T17:23:47Z",83,"GitHub Actions 1000001642",1
20756254174,59599057923,"lint","completed","success","2026-01-06T17:22:24Z","2026-01-06T17:22:50Z",26,"GitHub Actions 1000001641",1
20756494436,59599904701,"lint","completed","success","2026-01-06T17:31:11Z","2026-01-06T17:31:45Z",34,"GitHub Actions 1000001643",1
20756494436,59599904709,"build","completed","success","2026-01-06T17:31:10Z","2026-01-06T17:33:11Z",121,"deathstar",1
20756494436,59599904716,"unit-test","completed","success","2026-01-06T17:31:11Z","2026-01-06T17:32:53Z",102,"GitHub Actions 1000001644",1
20756551451,59600107668,"unit-test","completed","success","2026-01-06T17:33:19Z","2026-01-06T17:34:44Z",85,"GitHub Actions 1000001645",1
20756551451,59600107675,"build","completed","success","2026-01-06T17:33:18Z","2026-01-06T17:35:18Z",120,"deathstar",1
20756551451,59600107689,"lint","completed","success","2026-01-06T17:33:19Z","2026-01-06T17:33:48Z",29,"GitHub Actions 1000001646",1
20756811364,59601016995,"unit-test","completed","success","2026-01-06T17:43:12Z","2026-01-06T17:44:32Z",80,"GitHub Actions 1000001648",1
20756811364,59601017003,"lint","completed","success","2026-01-06T17:43:13Z","2026-01-06T17:43:39Z",26,"GitHub Actions 1000001647",1
20756811364,59601017007,"build","completed","success","2026-01-06T17:43:12Z","2026-01-06T17:45:08Z",116,"deathstar",1
20756905767,59601341520,"build","completed","success","2026-01-06T17:46:53Z","2026-01-06T17:48:52Z",119,"deathstar",1
20756905767,59601341531,"unit-test","completed","success","2026-01-06T17:46:53Z","2026-01-06T17:48:24Z",91,"GitHub Actions 1000001649",1
20756905767,59601341539,"lint","completed","success","2026-01-06T17:46:54Z","2026-01-06T17:47:19Z",25,"GitHub Actions 1000001650",1
20762402230,59620474012,"build","completed","success","2026-01-06T21:18:48Z","2026-01-06T21:20:45Z",117,"deathstar",1
20762402230,59620474031,"lint","completed","success","2026-01-06T21:18:49Z","2026-01-06T21:19:16Z",27,"GitHub Actions 1000001651",1
20762402230,59620474038,"unit-test","completed","success","2026-01-06T21:18:49Z","2026-01-06T21:20:16Z",87,"GitHub Actions 1000001652",1
20762493552,59620789439,"build","completed","success","2026-01-06T21:22:29Z","2026-01-06T21:24:27Z",118,"deathstar",1
20762493552,59620789442,"unit-test","completed","success","2026-01-06T21:22:31Z","2026-01-06T21:26:16Z",225,"GitHub Actions 1000001654",1
20762493552,59620789463,"lint","completed","success","2026-01-06T21:22:31Z","2026-01-06T21:23:00Z",29,"GitHub Actions 1000001653",1
20763900704,59625483727,"lint","completed","success","2026-01-06T22:19:46Z","2026-01-06T22:20:13Z",27,"GitHub Actions 1000001655",1
20763900704,59625483731,"build","completed","success","2026-01-06T22:19:45Z","2026-01-06T22:21:47Z",122,"deathstar",1
20763900704,59625483741,"unit-test","completed","success","2026-01-06T22:19:46Z","2026-01-06T22:21:15Z",89,"GitHub Actions 1000001656",1
20764094805,59626114380,"lint","completed","success","2026-01-06T22:28:02Z","2026-01-06T22:28:29Z",27,"GitHub Actions 1000001658",1
20764094805,59626114384,"unit-test","completed","success","2026-01-06T22:28:01Z","2026-01-06T22:29:32Z",91,"GitHub Actions 1000001657",1
20764094805,59626114386,"build","completed","success","2026-01-06T22:28:01Z","2026-01-06T22:29:55Z",114,"deathstar",1
20764516600,59627498892,"unit-test","completed","success","2026-01-06T22:47:46Z","2026-01-06T22:49:12Z",86,"GitHub Actions 1000001660",1
20764516600,59627498896,"lint","completed","success","2026-01-06T22:47:46Z","2026-01-06T22:48:12Z",26,"GitHub Actions 1000001659",1
20764516600,59627498899,"build","completed","success","2026-01-06T22:47:46Z","2026-01-06T22:49:42Z",116,"deathstar",1
20770676700,59646153163,"unit-test","completed","success","2026-01-07T04:31:41Z","2026-01-07T04:33:01Z",80,"GitHub Actions 1000001661",1
20770676700,59646153164,"build","completed","success","2026-01-07T04:31:40Z","2026-01-07T04:33:55Z",135,"deathstar",1
20770676700,59646153170,"lint","completed","success","2026-01-07T04:31:41Z","2026-01-07T04:32:13Z",32,"GitHub Actions 1000001662",1
20770716475,59646266208,"build","completed","success","2026-01-07T04:34:02Z","2026-01-07T04:36:03Z",121,"deathstar",1
20770716475,59646266212,"lint","completed","success","2026-01-07T04:34:04Z","2026-01-07T04:34:30Z",26,"GitHub Actions 1000001663",1
20770716475,59646266230,"unit-test","completed","success","2026-01-07T04:34:03Z","2026-01-07T04:35:24Z",81,"GitHub Actions 1000001664",1
20863357337,59948320048,"lint","completed","success","2026-01-09T19:36:47Z","2026-01-09T19:37:15Z",28,"GitHub Actions 1000001665",1
20863357337,59948320057,"unit-test","completed","success","2026-01-09T19:36:48Z","2026-01-09T19:38:24Z",96,"GitHub Actions 1000001666",1
20863357337,59948320062,"build","completed","failure","2026-01-09T19:36:47Z","2026-01-09T19:38:08Z",81,"deathstar",1
20863379888,59948392905,"lint","completed","success","2026-01-09T19:37:38Z","2026-01-09T19:38:07Z",29,"GitHub Actions 1000001667",1
20863379888,59948392914,"build","completed","failure","2026-01-09T19:38:09Z","2026-01-09T19:39:28Z",79,"deathstar",1
20863379888,59948392922,"unit-test","completed","success","2026-01-09T19:37:38Z","2026-01-09T19:38:59Z",81,"GitHub Actions 1000001668",1
20904992122,60056908625,"unit-test","completed","success","2026-01-12T01:02:42Z","2026-01-12T01:04:56Z",134,"GitHub Actions 1000001669",1
20904992122,60056908634,"build","completed","success","2026-01-12T01:02:41Z","2026-01-12T01:04:51Z",130,"deathstar",1
20904992122,60056908657,"lint","completed","success","2026-01-12T01:02:42Z","2026-01-12T01:03:13Z",31,"GitHub Actions 1000001670",1
21373887108,61525109921,"unit-test","completed","success","2026-01-26T21:03:44Z","2026-01-26T21:05:03Z",79,"GitHub Actions 1000001671",1
21373887108,61525109930,"lint","completed","failure","2026-01-26T21:03:44Z","2026-01-26T21:04:15Z",31,"GitHub Actions 1000001672",1
21373887108,61525109940,"build","completed","failure","2026-01-26T21:03:44Z","2026-01-26T21:05:44Z",120,"deathstar",1
21374103675,61525855974,"build","completed","success","2026-01-26T21:10:48Z","2026-01-26T21:12:57Z",129,"deathstar",1
21374103675,61525855990,"unit-test","completed","success","2026-01-26T21:10:49Z","2026-01-26T21:12:30Z",101,"GitHub Actions 1000001673",1
21374103675,61525856020,"lint","completed","success","2026-01-26T21:10:49Z","2026-01-26T21:11:15Z",26,"GitHub Actions 1000001674",1
21374176419,61526107058,"lint","completed","success","2026-01-26T21:13:12Z","2026-01-26T21:13:42Z",30,"GitHub Actions 1000001675",1
21374176419,61526107100,"build","completed","success","2026-01-26T21:13:11Z","2026-01-26T21:15:20Z",129,"deathstar",1
21374176419,61526107104,"unit-test","completed","success","2026-01-26T21:13:12Z","2026-01-26T21:14:32Z",80,"GitHub Actions 1000001676",1
21374352795,61526713876,"build","completed","failure","2026-01-26T21:19:12Z","2026-01-26T21:21:01Z",109,"deathstar",1
21374352795,61526713878,"lint","completed","success","2026-01-26T21:19:13Z","2026-01-26T21:19:41Z",28,"GitHub Actions 1000001677",1
21374352795,61526713923,"unit-test","completed","success","2026-01-26T21:19:14Z","2026-01-26T21:26:02Z",408,"GitHub Actions 1000001678",1
21374438339,61527007590,"build","completed","failure","2026-01-26T21:22:11Z","2026-01-26T21:23:57Z",106,"deathstar",1
21374438339,61527007599,"unit-test","completed","success","2026-01-26T21:22:13Z","2026-01-26T21:23:47Z",94,"GitHub Actions 1000001679",1
21374438339,61527007635,"lint","completed","success","2026-01-26T21:22:12Z","2026-01-26T21:22:38Z",26,"GitHub Actions 1000001680",1
21374602027,61527563050,"unit-test","completed","success","2026-01-26T21:27:50Z","2026-01-26T21:29:28Z",98,"GitHub Actions 1000001682",1
21374602027,61527563060,"build","completed","success","2026-01-26T21:27:49Z","2026-01-26T21:29:55Z",126,"deathstar",1
21374602027,61527563062,"lint","completed","success","2026-01-26T21:27:50Z","2026-01-26T21:28:18Z",28,"GitHub Actions 1000001681",1
21375124830,61529281737,"lint","completed","success","2026-01-26T21:45:05Z","2026-01-26T21:45:30Z",25,"GitHub Actions 1000001684",1
21375124830,61529281750,"build","completed","success","2026-01-26T21:45:04Z","2026-01-26T21:47:10Z",126,"deathstar",1
21375124830,61529281759,"unit-test","completed","success","2026-01-26T21:45:05Z","2026-01-26T21:46:46Z",101,"GitHub Actions 1000001683",1
21375817766,61531574943,"lint","completed","success","2026-01-26T22:07:46Z","2026-01-26T22:08:13Z",27,"GitHub Actions 1000001685",1
21375817766,61531574982,"unit-test","completed","success","2026-01-26T22:07:46Z","2026-01-26T22:09:23Z",97,"GitHub Actions 1000001686",1
21375817766,61531574986,"build","completed","success","2026-01-26T22:07:45Z","2026-01-26T22:10:08Z",143,"deathstar",1
21375974206,61532082969,"lint","completed","success","2026-01-26T22:12:53Z","2026-01-26T22:13:19Z",26,"GitHub Actions 1000001687",1
21375974206,61532082970,"build","completed","success","2026-01-26T22:12:53Z","2026-01-26T22:14:56Z",123,"deathstar",1
21375974206,61532082998,"unit-test","completed","success","2026-01-26T22:12:53Z","2026-01-26T22:14:22Z",89,"GitHub Actions 1000001688",1
21381295329,61548530327,"unit-test","completed","success","2026-01-27T01:45:43Z","2026-01-27T01:48:54Z",191,"GitHub Actions 1000001689",1
21381295329,61548530332,"lint","completed","failure","2026-01-27T01:45:43Z","2026-01-27T01:46:16Z",33,"GitHub Actions 1000001690",1
21381295329,61548530341,"build","completed","success","2026-01-27T01:45:42Z","2026-01-27T01:47:45Z",123,"deathstar",1
21381638186,61549527319,"build","completed","success","2026-01-27T02:01:53Z","2026-01-27T02:03:53Z",120,"deathstar",1
21381638186,61549527330,"lint","completed","failure","2026-01-27T02:01:54Z","2026-01-27T02:02:24Z",30,"GitHub Actions 1000001691",1
21381638186,61549527338,"unit-test","completed","success","2026-01-27T02:01:54Z","2026-01-27T02:03:26Z",92,"GitHub Actions 1000001692",1
21381796422,61549991396,"build","completed","success","2026-01-27T02:09:34Z","2026-01-27T02:11:35Z",121,"deathstar",1
21381796422,61549991398,"lint","completed","success","2026-01-27T02:09:34Z","2026-01-27T02:10:02Z",28,"GitHub Actions 1000001693",1
21381796422,61549991403,"unit-test","completed","success","2026-01-27T02:09:35Z","2026-01-27T02:11:08Z",93,"GitHub Actions 1000001694",1
21382260327,61551323587,"unit-test","completed","success","2026-01-27T02:32:02Z","2026-01-27T02:33:25Z",83,"GitHub Actions 1000001696",1
21382260327,61551323589,"lint","completed","failure","2026-01-27T02:32:02Z","2026-01-27T02:32:28Z",26,"GitHub Actions 1000001695",1
21382260327,61551323593,"build","completed","success","2026-01-27T02:32:02Z","2026-01-27T02:34:02Z",120,"deathstar",1
21382414648,61551779261,"unit-test","completed","success","2026-01-27T02:40:30Z","2026-01-27T02:41:59Z",89,"GitHub Actions 1000001697",1
21382414648,61551779267,"lint","completed","success","2026-01-27T02:40:30Z","2026-01-27T02:41:00Z",30,"GitHub Actions 1000001698",1
21382414648,61551779279,"build","completed","success","2026-01-27T02:40:30Z","2026-01-27T02:42:27Z",117,"deathstar",1
21382541205,61552171733,"lint","completed","success","2026-01-27T02:46:39Z","2026-01-27T02:47:05Z",26,"GitHub Actions 1000001699",1
21382541205,61552171739,"build","completed","success","2026-01-27T02:46:39Z","2026-01-27T02:48:36Z",117,"deathstar",1
21382541205,61552171741,"unit-test","completed","success","2026-01-27T02:46:40Z","2026-01-27T02:51:07Z",267,"GitHub Actions 1000001700",1
21383317886,61554490818,"lint","completed","success","2026-01-27T03:25:36Z","2026-01-27T03:26:03Z",27,"GitHub Actions 1000001701",1
21383317886,61554490834,"unit-test","completed","success","2026-01-27T03:25:36Z","2026-01-27T03:26:53Z",77,"GitHub Actions 1000001702",1
21383317886,61554490840,"build","completed","success","2026-01-27T03:25:35Z","2026-01-27T03:27:39Z",124,"deathstar",1
21383340653,61554554670,"lint","completed","success","2026-01-27T03:26:52Z","2026-01-27T03:27:16Z",24,"GitHub Actions 1000001703",1
21383340653,61554554671,"unit-test","completed","success","2026-01-27T03:26:52Z","2026-01-27T03:28:25Z",93,"GitHub Actions 1000001704",1
21383340653,61554554677,"build","completed","success","2026-01-27T03:28:31Z","2026-01-27T03:30:40Z",129,"deathstar",1
21383696059,61555631269,"lint","completed","success","2026-01-27T03:44:59Z","2026-01-27T03:45:29Z",30,"GitHub Actions 1000001706",1
21383696059,61555631270,"build","completed","success","2026-01-27T03:44:59Z","2026-01-27T03:46:57Z",118,"deathstar",1
21383696059,61555631277,"unit-test","completed","success","2026-01-27T03:44:59Z","2026-01-27T03:46:18Z",79,"GitHub Actions 1000001705",1
21386487470,61563845293,"unit-test","completed","success","2026-01-27T06:04:29Z","2026-01-27T06:05:58Z",89,"GitHub Actions 1000001707",1
21386487470,61563845299,"build","completed","success","2026-01-27T06:04:29Z","2026-01-27T06:06:30Z",121,"deathstar",1
21386487470,61563845314,"lint","completed","success","2026-01-27T06:04:29Z","2026-01-27T06:04:56Z",27,"GitHub Actions 1000001708",1
21422515436,61684655206,"lint","completed","success","2026-01-28T02:28:17Z","2026-01-28T02:28:43Z",26,"GitHub Actions 1000001709",1
21422515436,61684655223,"build","completed","success","2026-01-28T02:28:17Z","2026-01-28T02:30:21Z",124,"deathstar",1
21422515436,61684655256,"unit-test","completed","success","2026-01-28T02:28:17Z","2026-01-28T02:29:46Z",89,"GitHub Actions 1000001710",1
21451660066,61782549090,"build","completed","success","2026-01-28T19:09:05Z","2026-01-28T19:11:06Z",121,"deathstar",2
21451660066,61782549148,"unit-test","completed","success","2026-01-28T19:09:06Z","2026-01-28T19:10:45Z",99,"GitHub Actions 1000001712",2
21451660066,61782549224,"lint","completed","failure","2026-01-28T19:09:06Z","2026-01-28T19:09:37Z",31,"GitHub Actions 1000001713",2
21452048885,61785224612,"build","completed","success","2026-01-28T19:33:34Z","2026-01-28T19:35:35Z",121,"deathstar",2
21452048885,61785224613,"unit-test","completed","success","2026-01-28T19:33:35Z","2026-01-28T19:34:54Z",79,"GitHub Actions 1000001715",2
21452048885,61785224634,"lint","completed","success","2026-01-28T19:33:35Z","2026-01-28T19:34:03Z",28,"GitHub Actions 1000001716",2
21452939398,61786155543,"unit-test","completed","success","2026-01-28T19:42:16Z","2026-01-28T19:43:41Z",85,"GitHub Actions 1000001717",1
21452939398,61786155577,"build","completed","success","2026-01-28T19:42:15Z","2026-01-28T19:44:24Z",129,"deathstar",1
21452939398,61786155587,"lint","completed","success","2026-01-28T19:42:15Z","2026-01-28T19:42:41Z",26,"GitHub Actions 1000001718",1
21453644760,61788617384,"build","completed","success","2026-01-28T20:05:12Z","2026-01-28T20:07:14Z",122,"deathstar",1
21453644760,61788617402,"unit-test","completed","success","2026-01-28T20:05:12Z","2026-01-28T20:07:18Z",126,"GitHub Actions 1000001720",1
21453644760,61788617426,"lint","completed","success","2026-01-28T20:05:12Z","2026-01-28T20:05:41Z",29,"GitHub Actions 1000001721",1
21453677106,61788735429,"build","completed","success","2026-01-28T20:08:06Z","2026-01-28T20:10:09Z",123,"deathstar",1
21453677106,61788735454,"unit-test","completed","success","2026-01-28T20:06:17Z","2026-01-28T20:07:59Z",102,"GitHub Actions 1000001722",1
21453677106,61788735491,"lint","completed","success","2026-01-28T20:06:17Z","2026-01-28T20:06:46Z",29,"GitHub Actions 1000001723",1
21453794753,61789155388,"lint","completed","success","2026-01-28T20:10:04Z","2026-01-28T20:10:34Z",30,"GitHub Actions 1000001724",1
21453794753,61789155405,"build","completed","success","2026-01-28T20:11:02Z","2026-01-28T20:13:06Z",124,"deathstar",1
21453794753,61789155411,"unit-test","completed","success","2026-01-28T20:10:05Z","2026-01-28T20:11:34Z",89,"GitHub Actions 1000001725",1
21453802344,61789182447,"build","completed","success","2026-01-28T20:13:58Z","2026-01-28T20:15:58Z",120,"deathstar",1
21453802344,61789182472,"unit-test","completed","success","2026-01-28T20:10:18Z","2026-01-28T20:11:38Z",80,"GitHub Actions 1000001726",1
21453802344,61789182537,"lint","completed","success","2026-01-28T20:10:18Z","2026-01-28T20:10:48Z",30,"GitHub Actions 1000001727",1
21454133281,61790593339,"lint","completed","success","2026-01-28T20:23:48Z","2026-01-28T20:24:20Z",32,"GitHub Actions 1000001730",2
21454133281,61790593357,"unit-test","completed","success","2026-01-28T20:23:47Z","2026-01-28T20:25:04Z",77,"GitHub Actions 1000001731",2
21454133281,61790593414,"build","completed","success","2026-01-28T20:23:47Z","2026-01-28T20:25:47Z",120,"deathstar",2
21454596952,61792242848,"lint","completed","success","2026-01-28T20:40:12Z","2026-01-28T20:40:38Z",26,"GitHub Actions 1000001734",2
21454596952,61792242899,"build","completed","success","2026-01-28T20:40:13Z","2026-01-28T20:42:21Z",128,"deathstar",2
21454596952,61792242906,"unit-test","completed","success","2026-01-28T20:40:12Z","2026-01-28T20:41:30Z",78,"GitHub Actions 1000001735",2
21454729302,61792468977,"unit-test","completed","success","2026-01-28T20:42:30Z","2026-01-28T20:43:51Z",81,"GitHub Actions 1000001736",1
21454729302,61792468985,"lint","completed","success","2026-01-28T20:42:30Z","2026-01-28T20:43:08Z",38,"GitHub Actions 1000001737",1
21454729302,61792469091,"build","completed","success","2026-01-28T20:42:29Z","2026-01-28T20:44:31Z",122,"deathstar",1
21456407280,61798207098,"lint","completed","success","2026-01-28T21:37:38Z","2026-01-28T21:38:08Z",30,"GitHub Actions 1000001742",1
21456407280,61798207100,"unit-test","completed","success","2026-01-28T21:37:38Z","2026-01-28T21:38:57Z",79,"GitHub Actions 1000001741",1
21456407280,61798207134,"build","completed","success","2026-01-28T21:37:38Z","2026-01-28T21:39:39Z",121,"deathstar",1
21456576132,61798762483,"lint","completed","success","2026-01-28T21:43:01Z","2026-01-28T21:43:31Z",30,"GitHub Actions 1000001744",1
21456576132,61798762499,"build","completed","success","2026-01-28T21:43:00Z","2026-01-28T21:45:00Z",120,"deathstar",1
21456576132,61798762501,"unit-test","completed","success","2026-01-28T21:43:01Z","2026-01-28T21:44:30Z",89,"GitHub Actions 1000001743",1
21457219254,61911749248,"unit-test","completed","success","2026-01-29T18:46:35Z","2026-01-29T18:48:15Z",100,"GitHub Actions 1000001773",2
21457219254,61911749253,"lint","completed","failure","2026-01-29T18:46:35Z","2026-01-29T18:47:02Z",27,"GitHub Actions 1000001774",2
21457219254,61911749256,"build","completed","success","2026-01-29T18:46:35Z","2026-01-29T18:48:41Z",126,"deathstar",2
21457364396,61801443581,"unit-test","completed","success","2026-01-28T22:09:51Z","2026-01-28T22:11:24Z",93,"GitHub Actions 1000001746",1
21457364396,61801443589,"build","completed","success","2026-01-28T22:09:51Z","2026-01-28T22:11:52Z",121,"deathstar",1
21457364396,61801443614,"lint","completed","success","2026-01-28T22:09:51Z","2026-01-28T22:10:17Z",26,"GitHub Actions 1000001747",1
21458598318,61805718224,"build","completed","failure","2026-01-28T22:57:22Z","2026-01-28T22:59:14Z",112,"deathstar",2
21458598318,61805718226,"unit-test","completed","success","2026-01-28T22:57:22Z","2026-01-28T22:58:48Z",86,"GitHub Actions 1000001751",2
21458598318,61805718248,"lint","completed","success","2026-01-28T22:57:22Z","2026-01-28T22:57:49Z",27,"GitHub Actions 1000001752",2
21458838734,61806614304,"unit-test","completed","success","2026-01-28T23:08:07Z","2026-01-28T23:09:41Z",94,"GitHub Actions 1000001755",2
21458838734,61806614332,"build","completed","success","2026-01-28T23:08:07Z","2026-01-28T23:10:13Z",126,"deathstar",2
21458838734,61806614371,"lint","completed","success","2026-01-28T23:08:08Z","2026-01-28T23:08:35Z",27,"GitHub Actions 1000001756",2
21459649698,61825048832,"build","completed","success","2026-01-29T03:55:03Z","2026-01-29T03:57:03Z",120,"deathstar",2
21459649698,61825048843,"unit-test","completed","success","2026-01-29T03:55:03Z","2026-01-29T03:56:23Z",80,"GitHub Actions 1000001760",2
21459649698,61825048850,"lint","completed","failure","2026-01-29T03:55:03Z","2026-01-29T03:55:30Z",27,"GitHub Actions 1000001761",2
21459653012,61808933914,"unit-test","completed","success","2026-01-28T23:38:24Z","2026-01-28T23:40:08Z",104,"GitHub Actions 1000001758",1
21459653012,61808933916,"lint","completed","success","2026-01-28T23:38:24Z","2026-01-28T23:38:54Z",30,"GitHub Actions 1000001759",1
21459653012,61808933920,"build","completed","success","2026-01-28T23:38:23Z","2026-01-28T23:40:23Z",120,"deathstar",1
21465202092,61825656968,"lint","completed","success","2026-01-29T04:05:09Z","2026-01-29T04:05:37Z",28,"GitHub Actions 1000001762",1
21465202092,61825656970,"build","completed","success","2026-01-29T04:05:08Z","2026-01-29T04:07:08Z",120,"deathstar",1
21465202092,61825656977,"unit-test","completed","success","2026-01-29T04:05:09Z","2026-01-29T04:06:43Z",94,"GitHub Actions 1000001763",1
21465316749,61828281661,"build","completed","success","2026-01-29T04:46:53Z","2026-01-29T04:48:56Z",123,"deathstar",2
21465316749,61828281669,"unit-test","completed","success","2026-01-29T04:46:53Z","2026-01-29T04:48:16Z",83,"GitHub Actions 1000001767",2
21465316749,61828281710,"lint","completed","failure","2026-01-29T04:46:52Z","2026-01-29T04:47:22Z",30,"GitHub Actions 1000001768",2
21466099205,61828491175,"build","completed","success","2026-01-29T04:50:43Z","2026-01-29T04:52:42Z",119,"deathstar",1
21466099205,61828491180,"unit-test","completed","success","2026-01-29T04:50:43Z","2026-01-29T04:52:10Z",87,"GitHub Actions 1000001769",1
21466099205,61828491186,"lint","completed","success","2026-01-29T04:50:43Z","2026-01-29T04:51:10Z",27,"GitHub Actions 1000001770",1
21466382717,61829334445,"build","completed","success","2026-01-29T05:05:41Z","2026-01-29T05:07:45Z",124,"deathstar",1
21466382717,61829334447,"unit-test","completed","success","2026-01-29T05:05:40Z","2026-01-29T05:07:09Z",89,"GitHub Actions 1000001771",1
21466382717,61829334455,"lint","completed","success","2026-01-29T05:05:41Z","2026-01-29T05:06:12Z",31,"GitHub Actions 1000001772",1
21490683981,61912081344,"unit-test","completed","success","2026-01-29T18:49:48Z","2026-01-29T18:51:23Z",95,"GitHub Actions 1000001776",1
21490683981,61912081370,"lint","completed","success","2026-01-29T18:49:48Z","2026-01-29T18:50:14Z",26,"GitHub Actions 1000001775",1
21490683981,61912081526,"build","completed","success","2026-01-29T18:49:50Z","2026-01-29T18:51:49Z",119,"deathstar",1
21491750050,61915804913,"unit-test","completed","success","2026-01-29T19:24:37Z","2026-01-29T19:26:00Z",83,"GitHub Actions 1000001777",1
21491750050,61915804928,"lint","completed","success","2026-01-29T19:24:37Z","2026-01-29T19:25:15Z",38,"GitHub Actions 1000001778",1
21491750050,61915804964,"build","completed","success","2026-01-29T19:24:37Z","2026-01-29T19:26:45Z",128,"deathstar",1
21492431446,61918209442,"lint","completed","success","2026-01-29T19:47:29Z","2026-01-29T19:47:59Z",30,"GitHub Actions 1000001780",1
21492431446,61918209467,"unit-test","completed","success","2026-01-29T19:47:30Z","2026-01-29T19:48:59Z",89,"GitHub Actions 1000001779",1
21492431446,61918209495,"build","completed","success","2026-01-29T19:47:29Z","2026-01-29T19:49:35Z",126,"deathstar",1
21492528744,61923688703,"lint","completed","success","2026-01-29T20:40:10Z","2026-01-29T20:40:34Z",24,"GitHub Actions 1000001784",2
21492528744,61923688724,"unit-test","completed","success","2026-01-29T20:40:10Z","2026-01-29T20:41:30Z",80,"GitHub Actions 1000001785",2
21492528744,61923688758,"build","completed","success","2026-01-29T20:40:09Z","2026-01-29T20:42:14Z",125,"deathstar",2
21497663841,61936501215,"unit-test","completed","success","2026-01-29T22:54:26Z","2026-01-29T22:58:00Z",214,"GitHub Actions 1000001786",1
21497663841,61936501236,"build","completed","success","2026-01-29T22:54:26Z","2026-01-29T22:56:29Z",123,"deathstar",1
21497663841,61936501252,"lint","completed","success","2026-01-29T22:54:26Z","2026-01-29T22:54:52Z",26,"GitHub Actions 1000001787",1
21499827873,61943448107,"lint","completed","success","2026-01-30T00:29:28Z","2026-01-30T00:29:58Z",30,"GitHub Actions 1000001790",1
21499827873,61943448111,"unit-test","completed","success","2026-01-30T00:29:28Z","2026-01-30T00:31:15Z",107,"GitHub Actions 1000001791",1
21499827873,61943448112,"build","completed","success","2026-01-30T00:29:28Z","2026-01-30T00:31:32Z",124,"deathstar",1
21499877761,61943611197,"lint","completed","success","2026-01-30T00:31:46Z","2026-01-30T00:32:14Z",28,"GitHub Actions 1000001792",1
21499877761,61943611207,"build","completed","success","2026-01-30T00:31:45Z","2026-01-30T00:33:51Z",126,"deathstar",1
21499877761,61943611236,"unit-test","completed","success","2026-01-30T00:31:46Z","2026-01-30T00:33:22Z",96,"GitHub Actions 1000001793",1
21535375499,62059860141,"lint","completed","success","2026-01-31T00:27:09Z","2026-01-31T00:27:37Z",28,"GitHub Actions 1000001796",1
21535375499,62059860142,"unit-test","completed","success","2026-01-31T00:27:10Z","2026-01-31T00:28:35Z",85,"GitHub Actions 1000001797",1
21535375499,62059860143,"build","completed","success","2026-01-31T00:27:09Z","2026-01-31T00:29:13Z",124,"deathstar",1
21535867510,62061353264,"unit-test","completed","success","2026-01-31T00:55:15Z","2026-01-31T00:56:34Z",79,"GitHub Actions 1000001798",1
21535867510,62061353266,"lint","completed","success","2026-01-31T00:55:15Z","2026-01-31T00:55:40Z",25,"GitHub Actions 1000001799",1
21535867510,62061353274,"build","completed","success","2026-01-31T00:55:15Z","2026-01-31T00:57:22Z",127,"deathstar",1
21535905699,62061459992,"build","completed","success","2026-01-31T00:57:29Z","2026-01-31T00:59:32Z",123,"deathstar",1
21535905699,62061460000,"lint","completed","success","2026-01-31T00:57:30Z","2026-01-31T00:58:01Z",31,"GitHub Actions 1000001801",1
21535905699,62061460007,"unit-test","completed","success","2026-01-31T00:57:29Z","2026-01-31T00:58:51Z",82,"GitHub Actions 1000001802",1
21535916326,62061491409,"build","completed","success","2026-01-31T01:00:24Z","2026-01-31T01:02:29Z",125,"deathstar",1
21535916326,62061491410,"lint","completed","success","2026-01-31T00:58:10Z","2026-01-31T00:58:39Z",29,"GitHub Actions 1000001804",1
21535916326,62061491420,"unit-test","completed","success","2026-01-31T00:58:10Z","2026-01-31T00:59:56Z",106,"GitHub Actions 1000001805",1
21537795910,62066871665,"unit-test","completed","success","2026-01-31T03:14:24Z","2026-01-31T03:15:45Z",81,"GitHub Actions 1000001806",1
21537795910,62066871668,"build","completed","success","2026-01-31T03:14:24Z","2026-01-31T03:16:25Z",121,"deathstar",1
21537795910,62066871673,"lint","completed","success","2026-01-31T03:14:25Z","2026-01-31T03:14:55Z",30,"GitHub Actions 1000001807",1
21537949861,62067260869,"build","completed","success","2026-01-31T03:26:15Z","2026-01-31T03:28:16Z",121,"deathstar",1
21537949861,62067260871,"unit-test","completed","success","2026-01-31T03:26:16Z","2026-01-31T03:27:56Z",100,"GitHub Actions 1000001809",1
21537949861,62067260873,"lint","completed","success","2026-01-31T03:26:16Z","2026-01-31T03:26:41Z",25,"GitHub Actions 1000001808",1
21537962767,62067290769,"unit-test","completed","success","2026-01-31T03:27:20Z","2026-01-31T03:28:54Z",94,"GitHub Actions 1000001812",1
21537962767,62067290771,"lint","completed","success","2026-01-31T03:27:21Z","2026-01-31T03:27:47Z",26,"GitHub Actions 1000001811",1
21537962767,62067290773,"build","completed","success","2026-01-31T03:28:18Z","2026-01-31T03:30:15Z",117,"deathstar",1
21549361262,62095686669,"unit-test","completed","success","2026-01-31T19:02:21Z","2026-01-31T19:03:42Z",81,"GitHub Actions 1000001814",1
21549361262,62095686676,"build","completed","success","2026-01-31T19:02:21Z","2026-01-31T19:04:18Z",117,"deathstar",1
21549361262,62095686680,"lint","completed","success","2026-01-31T19:02:21Z","2026-01-31T19:02:47Z",26,"GitHub Actions 1000001815",1
21549848669,62096875014,"lint","completed","success","2026-01-31T19:40:26Z","2026-01-31T19:40:57Z",31,"GitHub Actions 1000001816",1
21549848669,62096875016,"build","completed","success","2026-01-31T19:40:26Z","2026-01-31T19:42:30Z",124,"deathstar",1
21549848669,62096875021,"unit-test","completed","success","2026-01-31T19:40:26Z","2026-01-31T19:41:50Z",84,"GitHub Actions 1000001817",1
21549885206,62096963589,"unit-test","completed","success","2026-01-31T19:43:20Z","2026-01-31T19:44:45Z",85,"GitHub Actions 1000001819",1
21549885206,62096963590,"lint","completed","success","2026-01-31T19:43:20Z","2026-01-31T19:43:51Z",31,"GitHub Actions 1000001818",1
21549885206,62096963599,"build","completed","success","2026-01-31T19:43:19Z","2026-01-31T19:45:18Z",119,"deathstar",1
21551954253,62102177560,"lint","completed","success","2026-01-31T22:32:00Z","2026-01-31T22:32:31Z",31,"GitHub Actions 1000001822",2
21551954253,62102177562,"build","completed","failure","2026-01-31T22:31:59Z","2026-01-31T22:33:48Z",109,"deathstar",2
21551954253,62102177564,"unit-test","completed","success","2026-01-31T22:31:59Z","2026-01-31T22:33:28Z",89,"GitHub Actions 1000001823",2
21551993077,62102201168,"unit-test","completed","success","2026-01-31T22:32:46Z","2026-01-31T22:34:08Z",82,"GitHub Actions 1000001825",2
21551993077,62102201176,"lint","completed","failure","2026-01-31T22:32:47Z","2026-01-31T22:33:18Z",31,"GitHub Actions 1000001824",2
21551993077,62102201179,"build","completed","success","2026-01-31T22:34:40Z","2026-01-31T22:36:41Z",121,"deathstar",2
21552575318,62103613881,"unit-test","completed","success","2026-01-31T23:21:34Z","2026-01-31T23:23:08Z",94,"GitHub Actions 1000001829",2
21552575318,62103613883,"build","completed","failure","2026-01-31T23:21:34Z","2026-01-31T23:23:24Z",110,"deathstar",2
21552575318,62103613884,"lint","completed","success","2026-01-31T23:21:34Z","2026-01-31T23:22:00Z",26,"GitHub Actions 1000001828",2
21552718064,62121598822,"build","completed","failure","2026-02-01T08:28:28Z","2026-02-01T08:30:18Z",110,"deathstar",2
21552718064,62121598823,"lint","completed","success","2026-02-01T08:28:29Z","2026-02-01T08:28:59Z",30,"GitHub Actions 1000001844",2
21552718064,62121598824,"unit-test","completed","success","2026-02-01T08:28:29Z","2026-02-01T08:29:59Z",90,"GitHub Actions 1000001845",2
21552733761,62103936383,"lint","completed","failure","2026-01-31T23:33:13Z","2026-01-31T23:33:43Z",30,"GitHub Actions 1000001832",2
21552733761,62103936390,"build","completed","success","2026-01-31T23:33:12Z","2026-01-31T23:35:14Z",122,"deathstar",2
21552733761,62103936395,"unit-test","completed","success","2026-01-31T23:33:12Z","2026-01-31T23:34:37Z",85,"GitHub Actions 1000001833",2
21552764190,62103983501,"unit-test","completed","success","2026-01-31T23:34:59Z","2026-01-31T23:36:20Z",81,"GitHub Actions 1000001834",1
21552764190,62103983505,"lint","completed","success","2026-01-31T23:35:00Z","2026-01-31T23:35:31Z",31,"GitHub Actions 1000001835",1
21552764190,62103983510,"build","completed","success","2026-01-31T23:36:07Z","2026-01-31T23:38:02Z",115,"deathstar",1
21554268232,62107894427,"lint","completed","success","2026-02-01T01:31:02Z","2026-02-01T01:31:35Z",33,"GitHub Actions 1000001841",1
21554268232,62107894428,"unit-test","completed","success","2026-02-01T01:31:02Z","2026-02-01T01:32:33Z",91,"GitHub Actions 1000001842",1
21554268232,62107894439,"build","completed","success","2026-02-01T01:31:02Z","2026-02-01T01:32:58Z",116,"deathstar",1
21554333791,62144348285,"unit-test","completed","success","2026-02-01T19:21:30Z","2026-02-01T19:22:52Z",82,"GitHub Actions 1000001847",2
21554333791,62144348286,"lint","completed","failure","2026-02-01T19:21:30Z","2026-02-01T19:22:02Z",32,"GitHub Actions 1000001846",2
21554333791,62144348288,"build","completed","success","2026-02-01T19:21:29Z","2026-02-01T19:23:27Z",118,"deathstar",2
21568829992,62144843397,"lint","completed","success","2026-02-01T19:35:32Z","2026-02-01T19:35:58Z",26,"GitHub Actions 1000001849",2
21568829992,62144843402,"build","completed","failure","2026-02-01T19:35:32Z","2026-02-01T19:37:18Z",106,"deathstar",2
21568829992,62144843410,"unit-test","completed","success","2026-02-01T19:35:32Z","2026-02-01T19:36:53Z",81,"GitHub Actions 1000001850",2
21568959176,62144869138,"build","completed","success","2026-02-01T19:38:10Z","2026-02-01T19:40:07Z",117,"deathstar",1
21568959176,62144869141,"unit-test","completed","success","2026-02-01T19:36:19Z","2026-02-01T19:37:43Z",84,"GitHub Actions 1000001851",1
21568959176,62144869147,"lint","completed","success","2026-02-01T19:36:19Z","2026-02-01T19:36:46Z",27,"GitHub Actions 1000001852",1
21569106870,62145324745,"build","completed","failure","2026-02-01T19:49:19Z","2026-02-01T19:51:10Z",111,"deathstar",2
21569106870,62145324748,"lint","completed","success","2026-02-01T19:49:19Z","2026-02-01T19:49:46Z",27,"GitHub Actions 1000001854",2
21569106870,62145324751,"unit-test","completed","success","2026-02-01T19:49:19Z","2026-02-01T19:50:43Z",84,"GitHub Actions 1000001855",2
21569479368,62146188465,"lint","completed","success","2026-02-01T20:12:25Z","2026-02-01T20:12:51Z",26,"GitHub Actions 1000001858",1
21569479368,62146188472,"unit-test","completed","success","2026-02-01T20:12:25Z","2026-02-01T20:13:51Z",86,"GitHub Actions 1000001859",1
21569479368,62146188474,"build","completed","success","2026-02-01T20:12:25Z","2026-02-01T20:14:32Z",127,"deathstar",1
21570301013,62148292535,"unit-test","completed","success","2026-02-01T21:10:18Z","2026-02-01T21:11:55Z",97,"GitHub Actions 1000001860",1
21570301013,62148292540,"build","completed","success","2026-02-01T21:10:18Z","2026-02-01T21:12:14Z",116,"deathstar",1
21570301013,62148292542,"lint","completed","success","2026-02-01T21:10:19Z","2026-02-01T21:10:50Z",31,"GitHub Actions 1000001861",1
21570323543,62148352188,"unit-test","completed","success","2026-02-01T21:11:50Z","2026-02-01T21:13:16Z",86,"GitHub Actions 1000001865",1
21570323543,62148352192,"build","completed","success","2026-02-01T21:13:06Z","2026-02-01T21:15:06Z",120,"deathstar",1
21570323543,62148352202,"lint","completed","success","2026-02-01T21:11:50Z","2026-02-01T21:12:17Z",27,"GitHub Actions 1000001864",1
21601646134,62248902015,"unit-test","completed","success","2026-02-02T18:05:56Z","2026-02-02T18:07:52Z",116,"GitHub Actions 1000001866",1
21601646134,62248902028,"build","completed","success","2026-02-02T18:05:56Z","2026-02-02T18:07:55Z",119,"deathstar",1
21601646134,62248902113,"lint","completed","success","2026-02-02T18:05:56Z","2026-02-02T18:06:22Z",26,"GitHub Actions 1000001867",1
21601716801,62249145292,"build","completed","success","2026-02-02T18:08:03Z","2026-02-02T18:10:03Z",120,"deathstar",1
21601716801,62249145329,"unit-test","completed","success","2026-02-02T18:08:03Z","2026-02-02T18:09:45Z",102,"GitHub Actions 1000001869",1
21601716801,62249145343,"lint","completed","success","2026-02-02T18:08:03Z","2026-02-02T18:08:31Z",28,"GitHub Actions 1000001870",1
21601839320,62249578030,"unit-test","completed","success","2026-02-02T18:11:45Z","2026-02-02T18:13:32Z",107,"GitHub Actions 1000001873",1
21601839320,62249578081,"lint","completed","success","2026-02-02T18:11:45Z","2026-02-02T18:12:10Z",25,"GitHub Actions 1000001872",1
21601839320,62249578222,"build","completed","success","2026-02-02T18:11:44Z","2026-02-02T18:13:44Z",120,"deathstar",1
21602181106,62250766069,"unit-test","completed","success","2026-02-02T18:22:10Z","2026-02-02T18:23:39Z",89,"GitHub Actions 1000001875",1
21602181106,62250766075,"build","completed","success","2026-02-02T18:22:09Z","2026-02-02T18:24:16Z",127,"deathstar",1
21602181106,62250766108,"lint","completed","success","2026-02-02T18:22:22Z","2026-02-02T18:22:51Z",29,"GitHub Actions 1000001874",1
21602547901,62255118243,"build","completed","success","2026-02-02T19:01:41Z","2026-02-02T19:03:42Z",121,"deathstar",2
21602547901,62255118248,"lint","completed","success","2026-02-02T19:01:43Z","2026-02-02T19:02:13Z",30,"GitHub Actions 1000001877",2
21602547901,62255118306,"unit-test","completed","success","2026-02-02T19:01:43Z","2026-02-02T19:07:01Z",318,"GitHub Actions 1000001878",2
21603709769,62255911268,"build","completed","success","2026-02-02T19:09:15Z","2026-02-02T19:11:18Z",123,"deathstar",1
21603709769,62255911274,"unit-test","completed","success","2026-02-02T19:09:16Z","2026-02-02T19:10:38Z",82,"GitHub Actions 1000001879",1
21603709769,62255911297,"lint","completed","success","2026-02-02T19:09:17Z","2026-02-02T19:09:47Z",30,"GitHub Actions 1000001880",1
21603752100,62256047736,"unit-test","completed","success","2026-02-02T19:10:33Z","2026-02-02T19:14:46Z",253,"GitHub Actions 1000001885",1
21603752100,62256047788,"lint","completed","success","2026-02-02T19:10:35Z","2026-02-02T19:11:06Z",31,"GitHub Actions 1000001886",1
21603752100,62256047802,"build","completed","success","2026-02-02T19:12:10Z","2026-02-02T19:14:06Z",116,"deathstar",1
21603926388,62256632293,"lint","completed","success","2026-02-02T19:15:59Z","2026-02-02T19:16:31Z",32,"GitHub Actions 1000001890",1
21603926388,62256632295,"build","completed","success","2026-02-02T19:15:55Z","2026-02-02T19:17:47Z",112,"deathstar",1
21603926388,62256632310,"unit-test","completed","success","2026-02-02T19:15:56Z","2026-02-02T19:17:41Z",105,"GitHub Actions 1000001889",1
21605962031,62263058772,"lint","in_progress","cancelled","2026-02-02T20:45:53Z","2026-02-02T20:45:53Z",0,"",1
21605962031,62263058774,"build","completed","success","2026-02-02T20:30:54Z","2026-02-02T20:32:55Z",121,"deathstar",1
21605962031,62263058786,"unit-test","completed","cancelled","2026-02-02T20:45:53Z","2026-02-02T20:45:53Z",0,"",1
21606083394,62263447338,"lint","completed","cancelled","2026-02-02T20:51:03Z","2026-02-02T20:51:03Z",0,"",1
21606083394,62263447356,"build","completed","success","2026-02-02T20:36:04Z","2026-02-02T20:38:05Z",121,"deathstar",1
21606083394,62263447370,"unit-test","completed","cancelled","2026-02-02T20:51:03Z","2026-02-02T20:51:03Z",0,"",1
21606831541,62277942708,"unit-test","completed","success","2026-02-02T23:46:40Z","2026-02-02T23:48:13Z",93,"GitHub Actions 1000001931",2
21606831541,62277942751,"lint","completed","success","2026-02-02T23:46:39Z","2026-02-02T23:47:06Z",27,"GitHub Actions 1000001930",2
21606831541,62277943144,"build","completed","success","2026-02-02T21:07:08Z","2026-02-02T21:09:06Z",118,"deathstar",2
21607444925,62267823894,"unit-test","completed","cancelled","2026-02-02T21:47:48Z","2026-02-02T21:47:48Z",0,"",1
21607444925,62267823905,"lint","completed","cancelled","2026-02-02T21:47:48Z","2026-02-02T21:47:48Z",0,"",1
21607444925,62267823918,"build","completed","success","2026-02-02T21:32:48Z","2026-02-02T21:34:42Z",114,"deathstar",1
21607493194,62267978236,"unit-test","completed","cancelled","2026-02-02T21:34:52Z","2026-02-02T21:49:54Z",902,"",1
21607493194,62267978241,"build","completed","success","2026-02-02T21:34:54Z","2026-02-02T21:36:51Z",117,"deathstar",1
21607493194,62267978242,"lint","completed","cancelled","2026-02-02T21:49:54Z","2026-02-02T21:49:54Z",0,"",1
21607511366,62379251093,"unit-test","completed","success","2026-02-03T17:32:11Z","2026-02-03T17:34:11Z",120,"GitHub Actions 1000001956",2
21607511366,62379251240,"build","completed","success","2026-02-03T17:32:10Z","2026-02-03T17:34:08Z",118,"deathstar",2
21607511366,62379251271,"lint","completed","success","2026-02-03T17:32:11Z","2026-02-03T17:32:38Z",27,"GitHub Actions 1000001957",2
21610558957,62278089139,"lint","completed","success","2026-02-02T23:48:21Z","2026-02-02T23:48:47Z",26,"GitHub Actions 1000001932",1
21610558957,62278089147,"build","completed","success","2026-02-02T23:48:21Z","2026-02-02T23:50:21Z",120,"deathstar",1
21610558957,62278089149,"unit-test","completed","success","2026-02-02T23:48:21Z","2026-02-02T23:49:58Z",97,"GitHub Actions 1000001933",1
21611091279,62279774414,"unit-test","completed","success","2026-02-03T00:08:11Z","2026-02-03T00:09:38Z",87,"GitHub Actions 1000001937",1
21611091279,62279774425,"lint","completed","success","2026-02-03T00:08:11Z","2026-02-03T00:08:37Z",26,"GitHub Actions 1000001936",1
21611091279,62279774427,"build","completed","success","2026-02-03T00:08:11Z","2026-02-03T00:10:16Z",125,"deathstar",1
21611797105,62282001120,"unit-test","completed","success","2026-02-03T00:35:07Z","2026-02-03T00:36:28Z",81,"GitHub Actions 1000001938",1
21611797105,62282001128,"lint","completed","success","2026-02-03T00:35:07Z","2026-02-03T00:35:38Z",31,"GitHub Actions 1000001939",1
21611797105,62282001139,"build","completed","success","2026-02-03T00:35:06Z","2026-02-03T00:37:12Z",126,"deathstar",1
21611889550,62282302054,"build","completed","success","2026-02-03T00:38:39Z","2026-02-03T00:40:43Z",124,"deathstar",1
21611889550,62282302056,"unit-test","completed","success","2026-02-03T00:38:43Z","2026-02-03T00:40:10Z",87,"GitHub Actions 1000001941",1
21611889550,62282302062,"lint","completed","success","2026-02-03T00:38:40Z","2026-02-03T00:39:07Z",27,"GitHub Actions 1000001940",1
21612104521,62282963740,"lint","completed","success","2026-02-03T00:47:04Z","2026-02-03T00:47:34Z",30,"GitHub Actions 1000001942",1
21612104521,62282963742,"build","completed","success","2026-02-03T00:47:03Z","2026-02-03T00:49:09Z",126,"deathstar",1
21612104521,62282963766,"unit-test","completed","success","2026-02-03T00:47:05Z","2026-02-03T00:48:38Z",93,"GitHub Actions 1000001943",1
21612272536,62283481088,"unit-test","completed","success","2026-02-03T00:53:39Z","2026-02-03T00:55:09Z",90,"GitHub Actions 1000001945",1
21612272536,62283481095,"lint","completed","success","2026-02-03T00:53:38Z","2026-02-03T00:54:05Z",27,"GitHub Actions 1000001944",1
21612272536,62283481096,"build","completed","success","2026-02-03T00:53:38Z","2026-02-03T00:55:39Z",121,"deathstar",1
21612363096,62283772230,"unit-test","completed","success","2026-02-03T00:57:23Z","2026-02-03T00:58:46Z",83,"GitHub Actions 1000001946",1
21612363096,62283772241,"lint","completed","success","2026-02-03T00:57:23Z","2026-02-03T00:57:52Z",29,"GitHub Actions 1000001947",1
21612363096,62283772275,"build","completed","success","2026-02-03T00:57:22Z","2026-02-03T00:59:25Z",123,"deathstar",1
21612533746,62284307456,"build","completed","success","2026-02-03T01:04:27Z","2026-02-03T01:06:34Z",127,"deathstar",1
21612533746,62284307457,"lint","completed","success","2026-02-03T01:04:27Z","2026-02-03T01:04:58Z",31,"GitHub Actions 1000001948",1
21612533746,62284307475,"unit-test","completed","success","2026-02-03T01:04:27Z","2026-02-03T01:05:45Z",78,"GitHub Actions 1000001949",1
21612998703,62285731070,"build","completed","success","2026-02-03T01:24:33Z","2026-02-03T01:26:37Z",124,"deathstar",1
21612998703,62285731076,"lint","completed","success","2026-02-03T01:24:34Z","2026-02-03T01:25:13Z",39,"GitHub Actions 1000001950",1
21612998703,62285731081,"unit-test","completed","success","2026-02-03T01:24:33Z","2026-02-03T01:25:59Z",86,"GitHub Actions 1000001951",1
21613058801,62285907734,"build","completed","success","2026-02-03T01:27:08Z","2026-02-03T01:29:05Z",117,"deathstar",1
21613058801,62285907738,"unit-test","completed","success","2026-02-03T01:27:08Z","2026-02-03T01:28:28Z",80,"GitHub Actions 1000001952",1
21613058801,62285907740,"lint","completed","success","2026-02-03T01:27:08Z","2026-02-03T01:27:38Z",30,"GitHub Actions 1000001953",1
21613153547,62286180156,"unit-test","completed","success","2026-02-03T01:31:05Z","2026-02-03T01:32:42Z",97,"GitHub Actions 1000001954",1
21613153547,62286180170,"lint","completed","success","2026-02-03T01:31:05Z","2026-02-03T01:31:34Z",29,"GitHub Actions 1000001955",1
21613153547,62286180182,"build","completed","success","2026-02-03T01:31:04Z","2026-02-03T01:33:03Z",119,"deathstar",1
21642772065,62386741804,"build","completed","success","2026-02-03T18:33:59Z","2026-02-03T18:35:58Z",119,"deathstar",1
21642772065,62386741828,"lint","completed","success","2026-02-03T18:33:58Z","2026-02-03T18:34:25Z",27,"GitHub Actions 1000001958",1
21642772065,62386741844,"unit-test","completed","success","2026-02-03T18:33:59Z","2026-02-03T18:35:30Z",91,"GitHub Actions 1000001959",1
21650792608,62416738772,"integration","completed","cancelled","2026-02-03T23:11:19Z","2026-02-03T23:14:58Z",219,"spacelab-ThinkPad-T420",5
21650792608,62416738801,"unit-test","completed","success","2026-02-03T22:46:07Z","2026-02-03T22:47:40Z",93,"GitHub Actions 1000001961",5
21650792608,62416738840,"build","completed","success","2026-02-03T22:46:07Z","2026-02-03T22:48:07Z",120,"deathstar",5
21650792608,62416738909,"lint","completed","success","2026-02-03T22:46:07Z","2026-02-03T22:46:36Z",29,"GitHub Actions 1000001960",5
21652210911,62419177006,"lint","completed","success","2026-02-03T23:41:52Z","2026-02-03T23:42:19Z",27,"GitHub Actions 1000001962",1
21652210911,62419177019,"build","completed","success","2026-02-03T23:41:52Z","2026-02-03T23:43:54Z",122,"deathstar",1
21652210911,62419177024,"unit-test","completed","success","2026-02-03T23:41:52Z","2026-02-03T23:43:28Z",96,"GitHub Actions 1000001963",1
21652755108,62420881037,"build","completed","success","2026-02-04T00:04:42Z","2026-02-04T00:06:43Z",121,"deathstar",1
21652755108,62420881053,"lint","completed","success","2026-02-04T00:04:42Z","2026-02-04T00:05:08Z",26,"GitHub Actions 1000001965",1
21652755108,62420881057,"unit-test","completed","success","2026-02-04T00:04:42Z","2026-02-04T00:06:13Z",91,"GitHub Actions 1000001964",1
21655992236,62430745645,"lint","completed","success","2026-02-04T02:26:30Z","2026-02-04T02:26:59Z",29,"GitHub Actions 1000001966",1
21655992236,62430745649,"unit-test","completed","success","2026-02-04T02:26:30Z","2026-02-04T02:28:01Z",91,"GitHub Actions 1000001967",1
21655992236,62430745695,"build","completed","success","2026-02-04T02:26:30Z","2026-02-04T02:28:43Z",133,"deathstar",1
21656142460,62431178967,"unit-test","completed","success","2026-02-04T02:33:40Z","2026-02-04T02:35:01Z",81,"GitHub Actions 1000001969",1
21656142460,62431178985,"lint","completed","success","2026-02-04T02:33:40Z","2026-02-04T02:34:09Z",29,"GitHub Actions 1000001968",1
21656142460,62431178993,"build","completed","success","2026-02-04T02:33:40Z","2026-02-04T02:35:41Z",121,"deathstar",1
21688896332,62543291907,"lint","completed","success","2026-02-04T21:23:10Z","2026-02-04T21:23:39Z",29,"GitHub Actions 1000001971",1
21688896332,62543291924,"build","completed","success","2026-02-04T21:23:10Z","2026-02-04T21:25:12Z",122,"deathstar",1
21688896332,62543291949,"unit-test","completed","success","2026-02-04T21:23:11Z","2026-02-04T21:24:35Z",84,"GitHub Actions 1000001970",1
21694640674,62562148687,"unit-test","completed","success","2026-02-05T01:03:43Z","2026-02-05T01:05:15Z",92,"GitHub Actions 1000001972",1
21694640674,62562148689,"build","completed","success","2026-02-05T01:03:43Z","2026-02-05T01:05:36Z",113,"deathstar",1
21694640674,62562148718,"lint","completed","success","2026-02-05T01:03:43Z","2026-02-05T01:04:15Z",32,"GitHub Actions 1000001973",1
21728275987,62675996956,"unit-test","completed","success","2026-02-05T21:00:14Z","2026-02-05T21:01:41Z",87,"GitHub Actions 1000001976",1
21728275987,62675996984,"build","completed","success","2026-02-05T21:00:14Z","2026-02-05T21:02:23Z",129,"deathstar",1
21728275987,62675997018,"lint","completed","success","2026-02-05T21:00:14Z","2026-02-05T21:00:46Z",32,"GitHub Actions 1000001977",1
21763202026,62806205834,"unit-test","completed","success","2026-02-06T21:56:02Z","2026-02-06T21:57:40Z",98,"GitHub Actions 1000001979",2
21763202026,62806205881,"lint","completed","success","2026-02-06T21:56:02Z","2026-02-06T21:56:32Z",30,"GitHub Actions 1000001980",2
21763202026,62806205889,"build","completed","success","2026-02-06T21:56:02Z","2026-02-06T21:57:59Z",117,"deathstar",2
21768170518,62809549576,"build","completed","success","2026-02-06T22:31:29Z","2026-02-06T22:33:35Z",126,"deathstar",2
21768170518,62809549592,"unit-test","completed","success","2026-02-06T22:31:30Z","2026-02-06T22:33:01Z",91,"GitHub Actions 1000001982",2
21768170518,62809549595,"lint","completed","success","2026-02-06T22:31:30Z","2026-02-06T22:31:59Z",29,"GitHub Actions 1000001983",2
21768358296,62809921246,"lint","completed","failure","2026-02-06T22:36:04Z","2026-02-06T22:36:35Z",31,"GitHub Actions 1000001984",1
21768358296,62809921261,"unit-test","completed","success","2026-02-06T22:36:04Z","2026-02-06T22:37:22Z",78,"GitHub Actions 1000001985",1
21768358296,62809921293,"build","completed","success","2026-02-06T22:36:03Z","2026-02-06T22:38:10Z",127,"deathstar",1
21768917476,62811774509,"unit-test","completed","success","2026-02-06T22:59:13Z","2026-02-06T23:00:36Z",83,"GitHub Actions 1000001986",1
21768917476,62811774538,"build","completed","success","2026-02-06T22:59:13Z","2026-02-06T23:01:16Z",123,"deathstar",1
21768917476,62811774547,"lint","completed","success","2026-02-06T22:59:13Z","2026-02-06T22:59:41Z",28,"GitHub Actions 1000001987",1
21770338366,62816252795,"unit-test","completed","success","2026-02-07T00:08:30Z","2026-02-07T00:10:00Z",90,"GitHub Actions 1000001988",1
21770338366,62816252801,"lint","completed","success","2026-02-07T00:08:30Z","2026-02-07T00:09:01Z",31,"GitHub Actions 1000001989",1
21770338366,62816252807,"build","completed","success","2026-02-07T00:14:27Z","2026-02-07T00:16:39Z",132,"deathstar",1
21776478339,62833780733,"build","completed","success","2026-02-07T07:31:34Z","2026-02-07T07:33:32Z",118,"deathstar",1
21776478339,62833780734,"lint","completed","success","2026-02-07T07:31:34Z","2026-02-07T07:32:04Z",30,"GitHub Actions 1000001990",1
21776478339,62833780748,"unit-test","completed","success","2026-02-07T07:31:34Z","2026-02-07T07:32:56Z",82,"GitHub Actions 1000001991",1
21805191414,63014318707,"build","completed","success","2026-02-08T20:54:09Z","2026-02-08T20:56:08Z",119,"deathstar",3
21805191414,63014318759,"integration","completed","failure","2026-02-09T19:40:12Z","2026-02-09T19:41:19Z",67,"spacelab-ThinkPad-T420",3
21805191414,63014318875,"unit-test","completed","success","2026-02-08T20:54:09Z","2026-02-08T20:55:28Z",79,"GitHub Actions 1000001995",3
21805191414,63014328631,"lint","completed","success","2026-02-08T20:54:09Z","2026-02-08T20:54:39Z",30,"GitHub Actions 1000001994",3
21838893916,63017478070,"lint","completed","success","2026-02-09T20:12:09Z","2026-02-09T20:12:36Z",27,"GitHub Actions 1000001996",1
21838893916,63017478084,"build","completed","success","2026-02-09T20:12:09Z","2026-02-09T20:14:11Z",122,"deathstar",1
21838893916,63017478101,"unit-test","completed","success","2026-02-09T20:12:09Z","2026-02-09T20:13:45Z",96,"GitHub Actions 1000001997",1
21838893916,63017720325,"integration","completed","failure","2026-02-09T20:14:14Z","2026-02-09T20:15:04Z",50,"spacelab-ThinkPad-T420",1
21879232418,63164319898,"lint","completed","success","2026-02-10T20:31:00Z","2026-02-10T20:31:29Z",29,"GitHub Actions 1000002000",2
21879232418,63164320190,"unit-test","completed","success","2026-02-10T19:24:48Z","2026-02-10T19:26:31Z",103,"GitHub Actions 1000001999",2
21879232418,63164338932,"build","completed","success","2026-02-10T19:24:48Z","2026-02-10T19:26:50Z",122,"deathstar",2
21881696098,63165693251,"unit-test","completed","success","2026-02-10T20:43:21Z","2026-02-10T20:44:56Z",95,"GitHub Actions 1000002001",1
21881696098,63165693278,"lint","completed","success","2026-02-10T20:43:21Z","2026-02-10T20:43:51Z",30,"GitHub Actions 1000002002",1
21881696098,63165693288,"build","completed","success","2026-02-10T20:43:20Z","2026-02-10T20:45:18Z",118,"deathstar",1
21914497650,63277807175,"unit-test","completed","success","2026-02-11T16:55:40Z","2026-02-11T16:57:04Z",84,"GitHub Actions 1000002005",1
21914497650,63277807225,"build","completed","success","2026-02-11T16:55:40Z","2026-02-11T16:58:09Z",149,"deathstar",1
21914497650,63277807269,"lint","completed","success","2026-02-11T16:55:40Z","2026-02-11T16:56:16Z",36,"GitHub Actions 1000002006",1
21914497650,63278134489,"integration","completed","failure","2026-02-11T16:58:17Z","2026-02-11T16:59:11Z",54,"spacelab-ThinkPad-T420",1
21937586660,63355087117,"unit-test","completed","success","2026-02-12T07:32:59Z","2026-02-12T07:34:17Z",78,"GitHub Actions 1000002008",1
21937586660,63355087124,"lint","completed","success","2026-02-12T07:32:59Z","2026-02-12T07:33:26Z",27,"GitHub Actions 1000002007",1
21937586660,63355087141,"build","completed","success","2026-02-12T07:32:59Z","2026-02-12T07:35:15Z",136,"deathstar",1
21937669589,63355348147,"unit-test","completed","success","2026-02-12T07:36:18Z","2026-02-12T07:37:45Z",87,"GitHub Actions 1000002009",1
21937669589,63355348151,"build","completed","success","2026-02-12T07:36:17Z","2026-02-12T07:38:31Z",134,"deathstar",1
21937669589,63355348167,"lint","completed","success","2026-02-12T07:36:17Z","2026-02-12T07:36:44Z",27,"GitHub Actions 1000002010",1
21937727855,63355532360,"unit-test","completed","success","2026-02-12T07:38:39Z","2026-02-12T07:40:08Z",89,"GitHub Actions 1000002011",1
21937727855,63355532367,"build","completed","success","2026-02-12T07:38:39Z","2026-02-12T07:40:52Z",133,"deathstar",1
21937727855,63355532371,"lint","completed","success","2026-02-12T07:38:40Z","2026-02-12T07:39:10Z",30,"GitHub Actions 1000002012",1
21975327986,63485708430,"build","completed","success","2026-02-13T05:01:33Z","2026-02-13T05:03:50Z",137,"deathstar",1
21975327986,63485708450,"lint","completed","success","2026-02-13T05:01:33Z","2026-02-13T05:02:04Z",31,"GitHub Actions 1000002016",1
21975327986,63485708464,"unit-test","completed","success","2026-02-13T05:01:33Z","2026-02-13T05:02:57Z",84,"GitHub Actions 1000002015",1
21975345515,63485762638,"lint","completed","success","2026-02-13T05:02:26Z","2026-02-13T05:02:56Z",30,"GitHub Actions 1000002018",1
21975345515,63485762642,"unit-test","completed","success","2026-02-13T05:02:26Z","2026-02-13T05:03:57Z",91,"GitHub Actions 1000002017",1
21975345515,63485762649,"build","completed","success","2026-02-13T05:04:42Z","2026-02-13T05:06:44Z",122,"deathstar",1
21975415076,63485974674,"build","completed","success","2026-02-13T05:06:46Z","2026-02-13T05:08:44Z",118,"deathstar",1
21975415076,63485974677,"unit-test","completed","success","2026-02-13T05:05:47Z","2026-02-13T05:07:10Z",83,"GitHub Actions 1000002023",1
21975415076,63485974682,"lint","completed","success","2026-02-13T05:05:47Z","2026-02-13T05:06:16Z",29,"GitHub Actions 1000002022",1
21975530905,63486335176,"lint","completed","success","2026-02-13T05:11:56Z","2026-02-13T05:12:23Z",27,"GitHub Actions 1000002026",1
21975530905,63486335185,"unit-test","completed","success","2026-02-13T05:11:56Z","2026-02-13T05:13:25Z",89,"GitHub Actions 1000002027",1
21975530905,63486335188,"build","completed","success","2026-02-13T05:11:57Z","2026-02-13T05:13:57Z",120,"deathstar",1
21975700703,63808521013,"unit-test","completed","failure","2026-02-17T00:38:55Z","2026-02-17T00:40:00Z",65,"GitHub Actions 1000002052",2
21975700703,63808521188,"integration","completed","failure","2026-02-17T00:38:55Z","2026-02-17T00:43:59Z",304,"spacelab-ThinkPad-T420",2
21975700703,63808521199,"build","completed","success","2026-02-13T05:20:49Z","2026-02-13T05:22:54Z",125,"deathstar",2
21975700703,63808528522,"lint","completed","success","2026-02-13T05:20:49Z","2026-02-13T05:21:14Z",25,"GitHub Actions 1000002031",2
22082215055,63810010310,"build","completed","success","2026-02-17T00:58:03Z","2026-02-17T01:00:23Z",140,"deathstar",3
22082215055,63810010315,"integration","completed","success","2026-02-17T01:05:44Z","2026-02-17T01:10:37Z",293,"spacelab-ThinkPad-T420",3
22082215055,63810015184,"unit-test","completed","success","2026-02-17T00:58:03Z","2026-02-17T00:59:37Z",94,"GitHub Actions 1000002053",3
22082215055,63810016140,"lint","completed","success","2026-02-17T00:58:03Z","2026-02-17T00:58:33Z",30,"GitHub Actions 1000002054",3
22083227844,64367891122,"integration","completed","failure","2026-02-21T02:33:14Z","2026-02-21T02:34:03Z",49,"spacelab-ThinkPad-T420",4
22083227844,64367891244,"build","completed","success","2026-02-17T01:53:43Z","2026-02-17T01:55:57Z",134,"deathstar",4
22083227844,64367894830,"lint","completed","success","2026-02-17T01:53:44Z","2026-02-17T01:54:10Z",26,"GitHub Actions 1000002055",4
22083227844,64367896014,"unit-test","completed","success","2026-02-17T01:53:44Z","2026-02-17T01:55:15Z",91,"GitHub Actions 1000002056",4
22164579322,64088959303,"lint","completed","failure","2026-02-19T01:17:21Z","2026-02-19T01:17:51Z",30,"GitHub Actions 1000002059",1
22164579322,64088959304,"build","completed","failure","2026-02-19T01:17:21Z","2026-02-19T01:19:18Z",117,"deathstar",1
22164579322,64088959310,"unit-test","completed","success","2026-02-19T01:17:21Z","2026-02-19T01:18:51Z",90,"GitHub Actions 1000002060",1
22164579322,64089095630,"integration","completed","skipped","2026-02-19T01:19:18Z","2026-02-19T01:19:18Z",0,,1
22167996251,64099426673,"build","completed","failure","2026-02-19T04:02:37Z","2026-02-19T04:04:38Z",121,"deathstar",1
22167996251,64099426684,"lint","completed","failure","2026-02-19T04:02:37Z","2026-02-19T04:03:04Z",27,"GitHub Actions 1000002061",1
22167996251,64099426704,"unit-test","completed","success","2026-02-19T04:02:37Z","2026-02-19T04:04:09Z",92,"GitHub Actions 1000002062",1
22167996251,64099555140,"integration","completed","skipped","2026-02-19T04:04:38Z","2026-02-19T04:04:38Z",0,,1
22169008207,64102695222,"unit-test","completed","success","2026-02-19T04:51:17Z","2026-02-19T04:52:39Z",82,"GitHub Actions 1000002064",1
22169008207,64102695223,"lint","completed","failure","2026-02-19T04:51:17Z","2026-02-19T04:51:46Z",29,"GitHub Actions 1000002063",1
22169008207,64102695229,"build","completed","success","2026-02-19T04:51:17Z","2026-02-19T04:53:27Z",130,"deathstar",1
22169008207,64102836096,"integration","completed","failure","2026-02-19T04:53:29Z","2026-02-19T04:54:22Z",53,"spacelab-ThinkPad-T420",1
22169515919,64104213948,"build","completed","failure","2026-02-19T05:15:28Z","2026-02-19T05:17:21Z",113,"deathstar",1
22169515919,64104213953,"unit-test","completed","success","2026-02-19T05:15:28Z","2026-02-19T05:16:54Z",86,"GitHub Actions 1000002065",1
22169515919,64104213960,"lint","completed","failure","2026-02-19T05:15:29Z","2026-02-19T05:15:58Z",29,"GitHub Actions 1000002066",1
22169515919,64104331618,"integration","completed","skipped","2026-02-19T05:17:21Z","2026-02-19T05:17:21Z",0,,1
22237682475,64333275537,"lint","completed","failure","2026-02-20T19:15:57Z","2026-02-20T19:16:22Z",25,"GitHub Actions 1000002069",1
22237682475,64333275581,"unit-test","completed","success","2026-02-20T19:15:57Z","2026-02-20T19:17:23Z",86,"GitHub Actions 1000002070",1
22237682475,64333275620,"build","completed","failure","2026-02-20T19:15:57Z","2026-02-20T19:18:06Z",129,"deathstar",1
22237682475,64333521565,"integration","completed","skipped","2026-02-20T19:18:07Z","2026-02-20T19:18:07Z",0,,1
22237807886,64333706499,"lint","completed","success","2026-02-20T19:19:50Z","2026-02-20T19:20:16Z",26,"GitHub Actions 1000002075",1
22237807886,64333706511,"unit-test","completed","success","2026-02-20T19:19:51Z","2026-02-20T19:21:31Z",100,"GitHub Actions 1000002074",1
22237807886,64333706556,"build","completed","failure","2026-02-20T19:19:50Z","2026-02-20T19:21:50Z",120,"deathstar",1
22237807886,64333926021,"integration","completed","skipped","2026-02-20T19:21:51Z","2026-02-20T19:21:50Z",-1,,1
22247316887,64363957577,"lint","completed","success","2026-02-21T01:09:18Z","2026-02-21T01:09:44Z",26,"GitHub Actions 1000002078",1
22247316887,64363957582,"build","completed","success","2026-02-21T01:15:40Z","2026-02-21T01:18:02Z",142,"deathstar",1
22247316887,64363957583,"unit-test","completed","success","2026-02-21T01:09:19Z","2026-02-21T01:10:43Z",84,"GitHub Actions 1000002079",1
22247316887,64364427784,"integration","completed","failure","2026-02-21T01:18:05Z","2026-02-21T01:23:07Z",302,"spacelab-ThinkPad-T420",1
22247402070,64364206492,"lint","completed","success","2026-02-21T01:13:58Z","2026-02-21T01:14:27Z",29,"GitHub Actions 1000002080",1
22247402070,64364206504,"unit-test","completed","success","2026-02-21T01:13:58Z","2026-02-21T01:15:19Z",81,"GitHub Actions 1000002081",1
22247402070,64364206508,"build","completed","success","2026-02-21T01:18:54Z","2026-02-21T01:20:56Z",122,"deathstar",1
22247402070,64364576145,"integration","completed","success","2026-02-21T01:23:59Z","2026-02-21T01:28:53Z",294,"spacelab-ThinkPad-T420",1
22247853731,64365522282,"lint","completed","success","2026-02-21T01:39:50Z","2026-02-21T01:40:19Z",29,"GitHub Actions 1000002086",1
22247853731,64365522283,"build","completed","success","2026-02-21T01:39:49Z","2026-02-21T01:42:18Z",149,"deathstar",1
22247853731,64365522289,"unit-test","completed","success","2026-02-21T01:39:49Z","2026-02-21T01:41:14Z",85,"GitHub Actions 1000002087",1
22247853731,64365642265,"integration","completed","failure","2026-02-21T01:42:20Z","2026-02-21T01:43:10Z",50,"spacelab-ThinkPad-T420",1
22247985205,64365895215,"unit-test","completed","success","2026-02-21T01:47:49Z","2026-02-21T01:49:18Z",89,"GitHub Actions 1000002088",1
22247985205,64365895218,"build","completed","failure","2026-02-21T01:47:48Z","2026-02-21T01:49:10Z",82,"deathstar",1
22247985205,64365895224,"lint","completed","success","2026-02-21T01:47:49Z","2026-02-21T01:48:15Z",26,"GitHub Actions 1000002089",1
22247985205,64365961996,"integration","completed","skipped","2026-02-21T01:49:10Z","2026-02-21T01:49:10Z",0,,1
22248026419,64366007007,"lint","completed","success","2026-02-21T01:50:11Z","2026-02-21T01:50:38Z",27,"GitHub Actions 1000002090",1
22248026419,64366007014,"build","completed","failure","2026-02-21T01:50:10Z","2026-02-21T01:51:32Z",82,"deathstar",1
22248026419,64366007015,"unit-test","completed","success","2026-02-21T01:50:10Z","2026-02-21T01:51:39Z",89,"GitHub Actions 1000002091",1
22248026419,64366070960,"integration","completed","skipped","2026-02-21T01:51:33Z","2026-02-21T01:51:33Z",0,,1
22248087177,64616964465,"unit-test","completed","success","2026-02-22T00:39:36Z","2026-02-22T00:41:08Z",92,"GitHub Actions 1000002097",7
22248087177,64616964485,"integration","completed","success","2026-02-24T01:12:38Z","2026-02-24T01:17:31Z",293,"spacelab-ThinkPad-T420",7
22248087177,64616964529,"build","completed","success","2026-02-22T00:39:36Z","2026-02-22T00:41:37Z",121,"deathstar",7
22248087177,64616972060,"lint","completed","success","2026-02-22T00:39:36Z","2026-02-22T00:40:06Z",30,"GitHub Actions 1000002096",7
22248182933,64366436176,"lint","completed","success","2026-02-21T01:59:54Z","2026-02-21T02:00:19Z",25,"GitHub Actions 1000002094",1
22248182933,64366436183,"unit-test","completed","success","2026-02-21T01:59:54Z","2026-02-21T02:01:36Z",102,"GitHub Actions 1000002095",1
22248182933,64366436187,"build","completed","success","2026-02-21T01:59:53Z","2026-02-21T02:02:00Z",127,"deathstar",1
22248182933,64366542697,"integration","completed","failure","2026-02-21T02:02:03Z","2026-02-21T02:02:53Z",50,"spacelab-ThinkPad-T420",1
22330564257,64611680707,"lint","completed","success","2026-02-24T00:10:39Z","2026-02-24T00:11:09Z",30,"GitHub Actions 1000002098",1
22330564257,64611680719,"unit-test","completed","success","2026-02-24T00:10:39Z","2026-02-24T00:12:46Z",127,"GitHub Actions 1000002099",1
22330564257,64611680746,"build","completed","success","2026-02-24T00:10:38Z","2026-02-24T00:12:44Z",126,"deathstar",1
22330564257,64611878084,"integration","completed","failure","2026-02-24T00:12:47Z","2026-02-24T00:13:39Z",52,"spacelab-ThinkPad-T420",1
22330683197,65807249119,"integration","completed","failure","2026-03-05T01:15:05Z","2026-03-05T01:15:56Z",51,"spacelab-macmini",2
22330683197,65807249135,"lint","completed","success","2026-02-24T00:15:00Z","2026-02-24T00:15:27Z",27,"GitHub Actions 1000002100",2
22330683197,65807249257,"unit-test","completed","success","2026-02-24T00:15:00Z","2026-02-24T00:16:18Z",78,"GitHub Actions 1000002101",2
22330683197,65807256388,"build","completed","success","2026-02-24T00:14:59Z","2026-02-24T00:17:06Z",127,"deathstar",2
22332291722,65086627114,"integration","completed","failure","2026-02-27T02:51:02Z","2026-02-27T02:51:51Z",49,"spacelab-ThinkPad-T420",4
22332291722,65086627128,"unit-test","completed","success","2026-02-24T01:14:37Z","2026-02-24T01:16:21Z",104,"GitHub Actions 1000002103",4
22332291722,65086627178,"lint","completed","success","2026-02-24T01:14:37Z","2026-02-24T01:15:07Z",30,"GitHub Actions 1000002102",4
22332291722,65086627227,"build","completed","success","2026-02-24T01:14:35Z","2026-02-24T01:16:47Z",132,"deathstar",4
22421971614,64921512399,"unit-test","completed","success","2026-02-26T00:15:54Z","2026-02-26T00:17:25Z",91,"GitHub Actions 1000002107",1
22421971614,64921512418,"build","completed","failure","2026-02-26T00:15:53Z","2026-02-26T00:17:31Z",98,"deathstar",1
22421971614,64921512444,"lint","completed","success","2026-02-26T00:15:54Z","2026-02-26T00:16:26Z",32,"GitHub Actions 1000002108",1
22421971614,64921664829,"integration","completed","skipped","2026-02-26T00:17:31Z","2026-02-26T00:17:31Z",0,,1
22422353607,64922775171,"build","completed","failure","2026-02-26T00:30:25Z","2026-02-26T00:32:20Z",115,"deathstar",1
22422353607,64922775180,"lint","completed","success","2026-02-26T00:30:25Z","2026-02-26T00:30:51Z",26,"GitHub Actions 1000002112",1
22422353607,64922775202,"unit-test","completed","success","2026-02-26T00:30:26Z","2026-02-26T00:32:00Z",94,"GitHub Actions 1000002113",1
22422353607,64922941001,"integration","completed","skipped","2026-02-26T00:32:21Z","2026-02-26T00:32:21Z",0,,1
22422496692,64923228564,"lint","completed","success","2026-02-26T00:35:49Z","2026-02-26T00:36:19Z",30,"GitHub Actions 1000002114",1
22422496692,64923228579,"build","completed","failure","2026-02-26T00:35:47Z","2026-02-26T00:37:38Z",111,"deathstar",1
22422496692,64923228588,"unit-test","completed","success","2026-02-26T00:35:48Z","2026-02-26T00:37:22Z",94,"GitHub Actions 1000002115",1
22422496692,64923386739,"integration","completed","skipped","2026-02-26T00:37:38Z","2026-02-26T00:37:38Z",0,,1
22422596661,65085355281,"unit-test","completed","success","2026-02-27T02:31:19Z","2026-02-27T02:32:52Z",93,"GitHub Actions 1000002121",3
22422596661,65085355284,"lint","completed","success","2026-02-27T02:31:19Z","2026-02-27T02:31:45Z",26,"GitHub Actions 1000002120",3
22422596661,65085355286,"build","completed","success","2026-02-27T02:31:18Z","2026-02-27T02:33:35Z",137,"deathstar",3
22422596661,65085503309,"integration","completed","failure","2026-02-27T02:33:37Z","2026-02-27T02:36:05Z",148,"spacelab-ThinkPad-T420",3
22422849901,64924371400,"lint","completed","success","2026-02-26T00:49:41Z","2026-02-26T00:50:14Z",33,"GitHub Actions 1000002118",1
22422849901,64924371431,"unit-test","completed","success","2026-02-26T00:49:41Z","2026-02-26T00:51:07Z",86,"GitHub Actions 1000002119",1
22422849901,64924371438,"build","completed","success","2026-02-26T00:49:41Z","2026-02-26T00:51:54Z",133,"deathstar",1
22422849901,64924567158,"integration","completed","failure","2026-02-26T00:51:56Z","2026-02-26T00:52:45Z",49,"spacelab-ThinkPad-T420",1
22470847655,65087743327,"integration","completed","failure","2026-02-27T03:06:03Z","2026-02-27T03:11:24Z",321,"spacelab-ThinkPad-T420",2
22470847655,65087743335,"unit-test","completed","success","2026-02-27T02:58:52Z","2026-02-27T03:00:24Z",92,"GitHub Actions 1000002122",2
22470847655,65087743448,"build","completed","success","2026-02-27T02:58:51Z","2026-02-27T03:01:06Z",135,"deathstar",2
22470847655,65087751357,"lint","completed","failure","2026-02-27T02:58:52Z","2026-02-27T02:59:21Z",29,"GitHub Actions 1000002123",2
22471091137,65212922176,"integration","completed","success","2026-02-28T00:04:27Z","2026-02-28T00:09:32Z",305,"spacelab-ThinkPad-T420",4
22471091137,65212922277,"lint","completed","success","2026-02-27T03:09:14Z","2026-02-27T03:09:42Z",28,"GitHub Actions 1000002124",4
22471091137,65212922405,"unit-test","completed","success","2026-02-27T03:09:13Z","2026-02-27T03:10:42Z",89,"GitHub Actions 1000002125",4
22471091137,65212931718,"build","completed","success","2026-02-27T03:09:12Z","2026-02-27T03:11:41Z",149,"deathstar",4
22471851617,65090297601,"build","completed","cancelled","2026-02-27T03:45:06Z","2026-02-27T03:46:54Z",108,"deathstar",1
22471851617,65090297967,"lint","completed","success","2026-02-27T03:45:08Z","2026-02-27T03:45:41Z",33,"GitHub Actions 1000002136",1
22471851617,65090298797,"unit-test","completed","cancelled","2026-02-27T03:45:08Z","2026-02-27T03:46:43Z",95,"GitHub Actions 1000002137",1
22471851617,65090418627,"integration","completed","cancelled","2026-02-27T03:46:55Z","2026-02-27T03:46:54Z",-1,,1
22473217070,65222575861,"unit-test","completed","success","2026-02-28T02:56:53Z","2026-02-28T02:58:26Z",93,"GitHub Actions 1000002156",2
22473217070,65222575866,"lint","completed","success","2026-02-28T02:56:54Z","2026-02-28T02:57:25Z",31,"GitHub Actions 1000002157",2
22473217070,65222575870,"build","completed","success","2026-02-28T02:56:53Z","2026-02-28T02:59:17Z",144,"deathstar",2
22473217070,65222688946,"integration","completed","failure","2026-02-28T02:59:19Z","2026-02-28T03:04:55Z",336,"spacelab-ThinkPad-T420",2
22494404603,65213870714,"build","completed","success","2026-02-27T16:24:11Z","2026-02-27T16:26:31Z",140,"deathstar",3
22494404603,65213870772,"integration","completed","success","2026-02-28T00:18:04Z","2026-02-28T00:22:58Z",294,"spacelab-ThinkPad-T420",3
22494404603,65213870792,"unit-test","completed","success","2026-02-27T16:24:12Z","2026-02-27T16:25:51Z",99,"GitHub Actions 1000002141",3
22494404603,65213870864,"lint","completed","success","2026-02-27T16:24:12Z","2026-02-27T16:24:42Z",30,"GitHub Actions 1000002140",3
22503241589,65195887444,"unit-test","completed","success","2026-02-27T20:52:54Z","2026-02-27T20:54:21Z",87,"GitHub Actions 1000002144",2
22503241589,65195887449,"build","completed","success","2026-02-27T20:52:53Z","2026-02-27T20:55:16Z",143,"deathstar",2
22503241589,65195887460,"lint","completed","success","2026-02-27T20:52:53Z","2026-02-27T20:53:19Z",26,"GitHub Actions 1000002145",2
22503241589,65196142150,"integration","completed","failure","2026-02-27T20:55:18Z","2026-02-27T21:00:34Z",316,"spacelab-ThinkPad-T420",2
22503455568,65799095723,"build","completed","success","2026-03-04T02:18:17Z","2026-03-04T02:20:30Z",133,"deathstar",3
22503455568,65799095769,"integration","completed","cancelled","2026-03-04T23:45:19Z","2026-03-04T23:46:04Z",45,"spacelab-macmini",3
22503455568,65799095796,"unit-test","completed","success","2026-03-04T02:18:17Z","2026-03-04T02:19:39Z",82,"GitHub Actions 1000002218",3
22503455568,65799095919,"lint","completed","success","2026-03-04T02:18:18Z","2026-03-04T02:18:48Z",30,"GitHub Actions 1000002219",3
22510030334,65217847751,"integration","completed","success","2026-02-28T01:21:54Z","2026-02-28T01:26:49Z",295,"spacelab-ThinkPad-T420",2
22510030334,65217847759,"unit-test","completed","success","2026-02-28T01:09:27Z","2026-02-28T01:10:55Z",88,"GitHub Actions 1000002147",2
22510030334,65217847840,"build","completed","success","2026-02-28T01:09:26Z","2026-02-28T01:11:34Z",128,"deathstar",2
22510030334,65217847844,"lint","completed","success","2026-02-28T01:09:27Z","2026-02-28T01:09:55Z",28,"GitHub Actions 1000002146",2
22510092544,65219702452,"lint","completed","success","2026-02-28T01:12:42Z","2026-02-28T01:13:09Z",27,"GitHub Actions 1000002150",5
22510092544,65219702476,"integration","completed","failure","2026-02-28T01:56:46Z","2026-02-28T02:02:06Z",320,"spacelab-ThinkPad-T420",5
22510092544,65219702487,"unit-test","completed","success","2026-02-28T01:12:42Z","2026-02-28T01:14:18Z",96,"GitHub Actions 1000002151",5
22510092544,65219702577,"build","completed","success","2026-02-28T01:12:41Z","2026-02-28T01:14:56Z",135,"deathstar",5
22510999833,65485782847,"integration","completed","failure","2026-03-03T00:17:36Z","2026-03-03T00:23:02Z",326,"spacelab-ThinkPad-T420",5
22510999833,65485782942,"unit-test","completed","success","2026-03-02T23:28:38Z","2026-03-02T23:46:37Z",1079,"GitHub Actions 1000002179",5
22510999833,65485794664,"build","completed","success","2026-03-02T23:28:37Z","2026-03-02T23:31:03Z",146,"deathstar",5
22510999833,65485796202,"lint","completed","success","2026-03-02T23:28:38Z","2026-03-02T23:29:06Z",28,"GitHub Actions 1000002178",5
22515709698,65232924406,"lint","completed","success","2026-02-28T06:57:06Z","2026-02-28T06:57:33Z",27,"GitHub Actions 1000002158",1
22515709698,65232924408,"build","completed","success","2026-02-28T06:57:05Z","2026-02-28T06:59:31Z",146,"deathstar",1
22515709698,65232924418,"unit-test","completed","success","2026-02-28T06:57:06Z","2026-02-28T06:58:41Z",95,"GitHub Actions 1000002159",1
22515709698,65233015509,"integration","completed","failure","2026-02-28T06:59:33Z","2026-02-28T07:04:57Z",324,"spacelab-ThinkPad-T420",1
22591150202,65460074261,"build","completed","success","2026-03-02T19:00:38Z","2026-03-02T19:03:00Z",142,"deathstar",3
22591150202,65460074339,"integration","completed","failure","2026-03-02T20:26:06Z","2026-03-02T20:26:56Z",50,"spacelab-ThinkPad-T420",3
22591150202,65460074363,"unit-test","completed","success","2026-03-02T19:00:39Z","2026-03-02T19:02:21Z",102,"GitHub Actions 1000002160",3
22591150202,65460074688,"lint","completed","success","2026-03-02T19:00:39Z","2026-03-02T19:01:05Z",26,"GitHub Actions 1000002161",3
22594208526,65459835822,"lint","completed","success","2026-03-02T20:24:11Z","2026-03-02T20:24:39Z",28,"GitHub Actions 1000002162",1
22594208526,65459835841,"unit-test","completed","success","2026-03-02T20:24:11Z","2026-03-02T20:26:59Z",168,"GitHub Actions 1000002163",1
22594208526,65459835854,"build","completed","success","2026-03-02T20:24:12Z","2026-03-02T20:26:26Z",134,"deathstar",1
22594208526,65460116238,"integration","completed","failure","2026-03-02T20:27:53Z","2026-03-02T20:29:22Z",89,"spacelab-ThinkPad-T420",1
22594232604,65459931573,"build","completed","success","2026-03-02T20:27:18Z","2026-03-02T20:29:38Z",140,"deathstar",1
22594232604,65459931579,"lint","completed","success","2026-03-02T20:24:56Z","2026-03-02T20:25:27Z",31,"GitHub Actions 1000002164",1
22594232604,65459931591,"unit-test","completed","success","2026-03-02T20:24:57Z","2026-03-02T20:42:25Z",1048,"GitHub Actions 1000002165",1
22594232604,65460510346,"integration","completed","failure","2026-03-02T20:29:40Z","2026-03-02T20:30:40Z",60,"spacelab-ThinkPad-T420",1
22595450724,65475658755,"integration","completed","failure","2026-03-02T22:34:03Z","2026-03-02T22:34:54Z",51,"spacelab-ThinkPad-T420",2
22595450724,65475658879,"build","completed","success","2026-03-02T20:59:20Z","2026-03-02T21:01:46Z",146,"deathstar",2
22595450724,65475670754,"lint","completed","success","2026-03-02T20:59:21Z","2026-03-02T20:59:50Z",29,"GitHub Actions 1000002166",2
22595450724,65475675190,"unit-test","completed","success","2026-03-02T20:59:21Z","2026-03-02T21:00:50Z",89,"GitHub Actions 1000002167",2
22595738304,65481676478,"integration","completed","failure","2026-03-02T23:34:10Z","2026-03-02T23:35:01Z",51,"spacelab-ThinkPad-T420",4
22595738304,65481676505,"lint","completed","success","2026-03-02T21:07:30Z","2026-03-02T21:07:57Z",27,"GitHub Actions 1000002169",4
22595738304,65481676613,"unit-test","completed","success","2026-03-02T21:07:30Z","2026-03-02T21:09:26Z",116,"GitHub Actions 1000002168",4
22595738304,65481676658,"build","completed","success","2026-03-02T21:07:30Z","2026-03-02T21:09:45Z",135,"deathstar",4
22598813647,65475560081,"unit-test","completed","success","2026-03-02T22:33:10Z","2026-03-02T22:34:38Z",88,"GitHub Actions 1000002170",1
22598813647,65475560113,"build","completed","success","2026-03-02T22:33:09Z","2026-03-02T22:35:36Z",147,"deathstar",1
22598813647,65475560153,"lint","completed","failure","2026-03-02T22:33:10Z","2026-03-02T22:33:41Z",31,"GitHub Actions 1000002171",1
22598813647,65475832579,"integration","completed","failure","2026-03-02T22:35:38Z","2026-03-02T22:36:28Z",50,"spacelab-ThinkPad-T420",1
22599353630,65477332989,"lint","completed","success","2026-03-02T22:49:36Z","2026-03-02T22:50:04Z",28,"GitHub Actions 1000002172",1
22599353630,65477332998,"build","completed","success","2026-03-02T22:49:36Z","2026-03-02T22:52:01Z",145,"deathstar",1
22599353630,65477333018,"unit-test","completed","success","2026-03-02T22:49:36Z","2026-03-02T22:51:10Z",94,"GitHub Actions 1000002173",1
22599353630,65477601296,"integration","completed","failure","2026-03-02T22:52:04Z","2026-03-02T22:52:54Z",50,"spacelab-ThinkPad-T420",1
22599511220,65479869123,"unit-test","completed","success","2026-03-02T23:01:51Z","2026-03-02T23:03:37Z",106,"GitHub Actions 1000002176",3
22599511220,65479869160,"integration","completed","failure","2026-03-02T23:13:34Z","2026-03-02T23:14:24Z",50,"spacelab-ThinkPad-T420",3
22599511220,65479869321,"build","completed","success","2026-03-02T23:01:51Z","2026-03-02T23:04:17Z",146,"deathstar",3
22599511220,65479869380,"lint","completed","success","2026-03-02T23:01:51Z","2026-03-02T23:02:18Z",27,"GitHub Actions 1000002177",3
22601937197,65485544437,"lint","completed","success","2026-03-03T00:15:03Z","2026-03-03T00:15:32Z",29,"GitHub Actions 1000002181",1
22601937197,65485544454,"unit-test","completed","success","2026-03-03T00:15:02Z","2026-03-03T00:16:34Z",92,"GitHub Actions 1000002182",1
22601937197,65485544456,"build","completed","success","2026-03-03T00:15:02Z","2026-03-03T00:17:34Z",152,"deathstar",1
22601937197,65485782910,"integration","completed","failure","2026-03-03T00:23:04Z","2026-03-03T00:28:30Z",326,"spacelab-ThinkPad-T420",1
22602183079,65486325995,"build","completed","success","2026-03-03T00:23:31Z","2026-03-03T00:25:53Z",142,"deathstar",1
22602183079,65486325996,"unit-test","completed","success","2026-03-03T00:23:32Z","2026-03-03T00:25:26Z",114,"GitHub Actions 1000002184",1
22602183079,65486326003,"lint","completed","success","2026-03-03T00:23:31Z","2026-03-03T00:23:59Z",28,"GitHub Actions 1000002185",1
22602183079,65486542857,"integration","completed","failure","2026-03-03T00:28:32Z","2026-03-03T00:34:09Z",337,"spacelab-ThinkPad-T420",1
22602901933,65651562077,"unit-test","completed","success","2026-03-03T00:48:54Z","2026-03-03T00:50:31Z",97,"GitHub Actions 1000002187",3
22602901933,65651562172,"integration","completed","cancelled","2026-03-04T01:52:00Z","2026-03-04T01:54:01Z",121,"spacelab-macmini",3
22602901933,65651562383,"lint","completed","success","2026-03-03T00:48:54Z","2026-03-03T00:49:22Z",28,"GitHub Actions 1000002186",3
22602901933,65651574578,"build","completed","success","2026-03-03T00:48:53Z","2026-03-03T00:51:04Z",131,"deathstar",3
22603333773,65651674401,"integration","completed","cancelled","2026-03-04T01:54:03Z","2026-03-04T01:54:03Z",0,"",2
22603333773,65651674439,"lint","completed","success","2026-03-03T01:04:27Z","2026-03-03T01:04:55Z",28,"GitHub Actions 1000002189",2
22603333773,65651674512,"build","completed","success","2026-03-03T01:04:27Z","2026-03-03T01:06:35Z",128,"deathstar",2
22603333773,65651674619,"unit-test","completed","success","2026-03-03T01:04:27Z","2026-03-03T01:05:51Z",84,"GitHub Actions 1000002188",2
22603451826,65490317398,"unit-test","completed","success","2026-03-03T01:08:49Z","2026-03-03T01:10:15Z",86,"GitHub Actions 1000002192",1
22603451826,65490317400,"build","completed","success","2026-03-03T01:08:48Z","2026-03-03T01:10:56Z",128,"deathstar",1
22603451826,65490317408,"lint","completed","success","2026-03-03T01:08:49Z","2026-03-03T01:09:21Z",32,"GitHub Actions 1000002191",1
22603451826,65490504277,"integration","completed","failure","2026-03-03T01:13:05Z","2026-03-03T01:18:33Z",328,"spacelab-ThinkPad-T420",1
22603819422,65491446255,"unit-test","completed","cancelled","2026-03-03T01:22:50Z","2026-03-03T01:23:20Z",30,"GitHub Actions 1000002194",1
22603819422,65491446267,"build","completed","cancelled","2026-03-03T01:22:50Z","2026-03-03T01:23:20Z",30,"deathstar",1
22603819422,65491446276,"lint","completed","cancelled","2026-03-03T01:22:50Z","2026-03-03T01:23:15Z",25,"GitHub Actions 1000002195",1
22603819422,65491491971,"integration","completed","cancelled","2026-03-03T01:23:21Z","2026-03-03T01:23:20Z",-1,,1
22603822551,65638517845,"integration","completed","failure","2026-03-03T23:21:09Z","2026-03-03T23:28:55Z",466,"spacelab-macmini",3
22603822551,65638518004,"unit-test","completed","success","2026-03-03T01:22:57Z","2026-03-03T01:24:22Z",85,"GitHub Actions 1000002197",3
22603822551,65638530981,"build","completed","success","2026-03-03T01:24:12Z","2026-03-03T01:26:16Z",124,"deathstar",3
22603822551,65638532935,"lint","completed","success","2026-03-03T01:22:57Z","2026-03-03T01:23:22Z",25,"GitHub Actions 1000002196",3
22649820720,65646428192,"lint","completed","success","2026-03-04T00:48:51Z","2026-03-04T00:49:21Z",30,"GitHub Actions 1000002198",1
22649820720,65646428201,"build","completed","success","2026-03-04T00:48:50Z","2026-03-04T00:51:01Z",131,"deathstar",1
22649820720,65646428222,"unit-test","completed","success","2026-03-04T00:48:51Z","2026-03-04T00:50:13Z",82,"GitHub Actions 1000002199",1
22649820720,65646623244,"integration","completed","failure","2026-03-04T00:51:03Z","2026-03-04T00:55:33Z",270,"spacelab-macmini",1
22650162311,65648447295,"integration","completed","cancelled","2026-03-04T01:12:49Z","2026-03-04T01:16:32Z",223,"spacelab-macmini",3
22650162311,65648447389,"build","completed","success","2026-03-04T01:01:44Z","2026-03-04T01:03:47Z",123,"deathstar",3
22650162311,65648447648,"unit-test","completed","success","2026-03-04T01:01:45Z","2026-03-04T01:03:14Z",89,"GitHub Actions 1000002200",3
22650162311,65648456089,"lint","completed","success","2026-03-04T01:01:45Z","2026-03-04T01:02:13Z",28,"GitHub Actions 1000002201",3
22651009144,65651026993,"integration","completed","success","2026-03-04T01:44:59Z","2026-03-04T01:49:20Z",261,"spacelab-macmini",2
22651009144,65651027148,"lint","completed","success","2026-03-04T01:33:47Z","2026-03-04T01:34:17Z",30,"GitHub Actions 1000002202",2
22651009144,65651034256,"build","completed","success","2026-03-04T01:33:46Z","2026-03-04T01:35:53Z",127,"deathstar",2
22651009144,65651036907,"unit-test","completed","success","2026-03-04T01:33:46Z","2026-03-04T01:35:16Z",90,"GitHub Actions 1000002203",2
22651421915,65651434947,"unit-test","completed","success","2026-03-04T01:50:19Z","2026-03-04T01:55:55Z",336,"GitHub Actions 1000002204",1
22651421915,65651434950,"lint","completed","success","2026-03-04T01:50:19Z","2026-03-04T01:50:49Z",30,"GitHub Actions 1000002205",1
22651421915,65651434955,"build","completed","success","2026-03-04T01:50:19Z","2026-03-04T01:52:24Z",125,"deathstar",1
22651421915,65651597105,"integration","completed","success","2026-03-04T01:54:52Z","2026-03-04T01:59:02Z",250,"spacelab-macmini",1
22651511616,65665096476,"lint","completed","success","2026-03-04T01:53:58Z","2026-03-04T01:54:24Z",26,"GitHub Actions 1000002209",3
22651511616,65665096564,"integration","completed","success","2026-03-04T04:58:29Z","2026-03-04T05:02:40Z",251,"spacelab-macmini",3
22651511616,65665096593,"build","completed","success","2026-03-04T01:53:57Z","2026-03-04T01:56:07Z",130,"deathstar",3
22651511616,65665096632,"unit-test","completed","success","2026-03-04T01:53:58Z","2026-03-04T01:55:46Z",108,"GitHub Actions 1000002208",3
22651519350,65652966016,"integration","completed","success","2026-03-04T02:10:19Z","2026-03-04T02:14:50Z",271,"spacelab-macmini",2
22651519350,65652966047,"unit-test","completed","success","2026-03-04T01:54:17Z","2026-03-04T02:09:00Z",883,"GitHub Actions 1000002210",2
22651519350,65652966142,"build","completed","success","2026-03-04T01:56:08Z","2026-03-04T01:58:17Z",129,"deathstar",2
22651519350,65652976661,"lint","completed","success","2026-03-04T01:54:17Z","2026-03-04T01:54:45Z",28,"GitHub Actions 1000002211",2
22652019277,65653302595,"build","completed","success","2026-03-04T02:14:58Z","2026-03-04T02:17:03Z",125,"deathstar",1
22652019277,65653302598,"lint","completed","success","2026-03-04T02:14:58Z","2026-03-04T02:15:25Z",27,"GitHub Actions 1000002213",1
22652019277,65653302614,"unit-test","completed","success","2026-03-04T02:14:58Z","2026-03-04T02:16:24Z",86,"GitHub Actions 1000002212",1
22652019277,65653458978,"integration","completed","success","2026-03-04T02:17:05Z","2026-03-04T02:21:26Z",261,"spacelab-macmini",1
22655880766,65665440272,"unit-test","completed","success","2026-03-04T05:03:19Z","2026-03-04T05:04:50Z",91,"GitHub Actions 1000002222",1
22655880766,65665440274,"lint","completed","success","2026-03-04T05:03:19Z","2026-03-04T05:03:48Z",29,"GitHub Actions 1000002223",1
22655880766,65665440278,"build","completed","success","2026-03-04T05:03:19Z","2026-03-04T05:05:28Z",129,"deathstar",1
22655880766,65665596245,"integration","completed","success","2026-03-04T05:05:30Z","2026-03-04T05:09:41Z",251,"spacelab-macmini",1
22656026340,65665887072,"build","completed","success","2026-03-04T05:09:47Z","2026-03-04T05:11:52Z",125,"deathstar",1
22656026340,65665887076,"unit-test","completed","success","2026-03-04T05:09:48Z","2026-03-04T05:11:23Z",95,"GitHub Actions 1000002224",1
22656026340,65665887089,"lint","completed","success","2026-03-04T05:09:48Z","2026-03-04T05:10:17Z",29,"GitHub Actions 1000002225",1
22656026340,65666032212,"integration","completed","success","2026-03-04T05:11:54Z","2026-03-04T05:16:16Z",262,"spacelab-macmini",1
22682013651,65754794498,"unit-test","completed","success","2026-03-04T17:51:49Z","2026-03-04T17:53:45Z",116,"GitHub Actions 1000002228",1
22682013651,65754794515,"build","completed","success","2026-03-04T17:51:48Z","2026-03-04T17:54:06Z",138,"deathstar",1
22682013651,65754794547,"lint","completed","success","2026-03-04T17:51:49Z","2026-03-04T17:52:21Z",32,"GitHub Actions 1000002229",1
22682013651,65755099900,"integration","completed","success","2026-03-04T17:54:08Z","2026-03-04T17:58:20Z",252,"spacelab-macmini",1
22682264203,66074971153,"integration","completed","failure","2026-03-06T18:58:07Z","2026-03-06T18:59:00Z",53,"spacelab-macmini",3
22682264203,66074971380,"lint","completed","success","2026-03-04T17:58:35Z","2026-03-04T17:59:02Z",27,"GitHub Actions 1000002231",3
22682264203,66074984755,"unit-test","completed","success","2026-03-04T17:58:35Z","2026-03-04T18:00:25Z",110,"GitHub Actions 1000002230",3
22682264203,66074985678,"build","completed","success","2026-03-04T17:58:29Z","2026-03-04T18:00:39Z",130,"deathstar",3
22695955608,65802247319,"unit-test","completed","success","2026-03-05T00:19:08Z","2026-03-05T00:20:28Z",80,"GitHub Actions 1000002234",1
22695955608,65802247338,"build","completed","success","2026-03-05T00:19:03Z","2026-03-05T00:21:18Z",135,"deathstar",1
22695955608,65802247365,"lint","completed","success","2026-03-05T00:19:03Z","2026-03-05T00:19:32Z",29,"GitHub Actions 1000002235",1
22695955608,65802466699,"integration","completed","success","2026-03-05T00:21:20Z","2026-03-05T00:25:31Z",251,"spacelab-macmini",1
22698760515,65810950544,"unit-test","completed","success","2026-03-05T02:01:51Z","2026-03-05T02:03:24Z",93,"GitHub Actions 1000002237",1
22698760515,65810950545,"lint","completed","success","2026-03-05T02:01:52Z","2026-03-05T02:02:18Z",26,"GitHub Actions 1000002236",1
22698760515,65810950572,"build","completed","success","2026-03-05T02:01:45Z","2026-03-05T02:03:57Z",132,"deathstar",1
22698760515,65811127360,"integration","completed","success","2026-03-05T02:03:59Z","2026-03-05T02:08:22Z",263,"spacelab-macmini",1
22713257000,65856340337,"lint","completed","success","2026-03-05T10:18:56Z","2026-03-05T10:19:22Z",26,"GitHub Actions 1000002239",1
22713257000,65856340348,"unit-test","completed","success","2026-03-05T10:18:56Z","2026-03-05T10:20:25Z",89,"GitHub Actions 1000002238",1
22713257000,65856340383,"build","completed","success","2026-03-05T10:18:55Z","2026-03-05T10:21:24Z",149,"deathstar",1
22713257000,65856675906,"integration","completed","failure","2026-03-05T10:21:26Z","2026-03-05T10:23:06Z",100,"spacelab-macmini",1
22713890667,65858524970,"lint","completed","success","2026-03-05T10:35:52Z","2026-03-05T10:36:22Z",30,"GitHub Actions 1000002241",1
22713890667,65858524977,"build","completed","success","2026-03-05T10:35:51Z","2026-03-05T10:38:00Z",129,"deathstar",1
22713890667,65858525034,"unit-test","completed","success","2026-03-05T10:35:52Z","2026-03-05T10:37:56Z",124,"GitHub Actions 1000002240",1
22713890667,65858815621,"integration","completed","failure","2026-03-05T10:38:03Z","2026-03-05T10:38:53Z",50,"spacelab-macmini",1
22732144086,65952712471,"build","completed","success","2026-03-05T19:02:39Z","2026-03-05T19:04:47Z",128,"deathstar",2
22732144086,65952712490,"integration","completed","failure","2026-03-05T23:06:13Z","2026-03-05T23:07:06Z",53,"spacelab-macmini",2
22732144086,65952712743,"unit-test","completed","success","2026-03-05T19:02:40Z","2026-03-05T19:04:08Z",88,"GitHub Actions 1000002243",2
22732144086,65952712855,"lint","completed","success","2026-03-05T19:02:40Z","2026-03-05T19:03:10Z",30,"GitHub Actions 1000002242",2
22742655553,65959407178,"integration-instructions","completed","success","2026-03-06T00:12:50Z","2026-03-06T00:12:53Z",3,"GitHub Actions 1000002244",1
22742655553,65959407193,"unit-test","completed","success","2026-03-06T00:12:50Z","2026-03-06T00:14:17Z",87,"GitHub Actions 1000002245",1
22742655553,65959407196,"lint","completed","success","2026-03-06T00:12:51Z","2026-03-06T00:13:22Z",31,"GitHub Actions 1000002246",1
22742655553,65959407205,"build","completed","success","2026-03-06T00:12:49Z","2026-03-06T00:15:03Z",134,"deathstar",1
22742655553,65959407373,"integration","completed","skipped","2026-03-06T00:12:47Z","2026-03-06T00:12:47Z",0,,1
22742989566,65960536247,"lint","completed","success","2026-03-06T00:24:39Z","2026-03-06T00:25:09Z",30,"GitHub Actions 1000002247",1
22742989566,65960536279,"build","completed","success","2026-03-06T00:24:38Z","2026-03-06T00:26:41Z",123,"deathstar",1
22742989566,65960536282,"unit-test","completed","success","2026-03-06T00:24:38Z","2026-03-06T00:26:08Z",90,"GitHub Actions 1000002248",1
22742989566,65960536431,"integration-manual","completed","skipped","2026-03-06T00:24:36Z","2026-03-06T00:24:36Z",0,,1
22742989566,65960729719,"integration","completed","failure","2026-03-06T00:26:42Z","2026-03-06T00:27:37Z",55,"spacelab-macmini",1
22743351881,65961691855,"lint","completed","success","2026-03-06T00:37:14Z","2026-03-06T00:37:43Z",29,"GitHub Actions 1000002249",1
22743351881,65961691871,"unit-test","completed","success","2026-03-06T00:37:14Z","2026-03-06T00:45:11Z",477,"GitHub Actions 1000002250",1
22743351881,65961691883,"build","completed","success","2026-03-06T00:37:13Z","2026-03-06T00:39:19Z",126,"deathstar",1
22743351881,65961692332,"integration-manual","completed","skipped","2026-03-06T00:37:12Z","2026-03-06T00:37:11Z",-1,,1
22743351881,65961879636,"integration","completed","failure","2026-03-06T00:39:21Z","2026-03-06T00:40:12Z",51,"spacelab-macmini",1
22744177806,65964247400,"build","completed","success","2026-03-06T01:05:29Z","2026-03-06T01:07:53Z",144,"deathstar",1
22744177806,65964247410,"unit-test","completed","success","2026-03-06T01:05:30Z","2026-03-06T01:11:35Z",365,"GitHub Actions 1000002251",1
22744177806,65964247413,"lint","completed","success","2026-03-06T01:05:29Z","2026-03-06T01:05:55Z",26,"GitHub Actions 1000002252",1
22744177806,65964458764,"integration","completed","failure","2026-03-06T01:07:55Z","2026-03-06T01:08:49Z",54,"spacelab-macmini",1
22877582317,66372867552,"unit-test","completed","success","2026-03-09T22:24:35Z","2026-03-09T22:26:22Z",107,"GitHub Actions 1000002253",1
22877582317,66372867558,"build","completed","success","2026-03-09T22:24:35Z","2026-03-09T22:26:46Z",131,"deathstar",1
22877582317,66372867562,"lint","completed","success","2026-03-09T22:24:36Z","2026-03-09T22:25:09Z",33,"GitHub Actions 1000002254",1
22877582317,66373100779,"integration","completed","failure","2026-03-09T22:26:48Z","2026-03-09T22:27:41Z",53,"spacelab-macmini",1
22877669499,66374299555,"integration","completed","success","2026-03-09T22:38:19Z","2026-03-09T22:42:30Z",251,"spacelab-macmini",2
22877669499,66374299565,"lint","completed","success","2026-03-09T22:27:16Z","2026-03-09T22:27:44Z",28,"GitHub Actions 1000002255",2
22877669499,66374299732,"build","completed","success","2026-03-09T22:27:16Z","2026-03-09T22:29:21Z",125,"deathstar",2
22877669499,66374299811,"unit-test","completed","success","2026-03-09T22:27:17Z","2026-03-09T22:29:05Z",108,"GitHub Actions 1000002256",2
23076370300,67037395216,"build","completed","success","2026-03-14T00:43:13Z","2026-03-14T00:46:06Z",173,"deathstar",1
23076370300,67037395225,"unit-test","completed","success","2026-03-14T00:43:14Z","2026-03-14T00:44:38Z",84,"GitHub Actions 1000002257",1
23076370300,67037395233,"lint","completed","success","2026-03-14T00:43:14Z","2026-03-14T00:43:43Z",29,"GitHub Actions 1000002258",1
23076370300,67037566953,"integration","completed","success","2026-03-14T00:46:08Z","2026-03-14T00:50:23Z",255,"spacelab-macmini",1
23173083641,67329228784,"unit-test","completed","success","2026-03-17T00:49:43Z","2026-03-17T00:51:17Z",94,"GitHub Actions 1000002260",1
23173083641,67329228794,"lint","completed","success","2026-03-17T00:49:43Z","2026-03-17T00:50:15Z",32,"GitHub Actions 1000002259",1
23173083641,67329228800,"build","completed","success","2026-03-17T00:49:42Z","2026-03-17T00:52:33Z",171,"deathstar",1
23173083641,67329475243,"integration","completed","failure","2026-03-17T00:52:34Z","2026-03-17T00:52:55Z",21,"spacelab-macmini",1
23173276218,67329839116,"lint","completed","success","2026-03-17T00:57:09Z","2026-03-17T00:57:38Z",29,"GitHub Actions 1000002262",1
23173276218,67329839119,"unit-test","completed","cancelled","2026-03-17T00:57:08Z","2026-03-17T00:58:22Z",74,"GitHub Actions 1000002261",1
23173276218,67329839125,"build","completed","cancelled","2026-03-17T00:57:07Z","2026-03-17T00:58:27Z",80,"deathstar",1
23173276218,67329949266,"integration","completed","cancelled","2026-03-17T00:58:27Z","2026-03-17T00:58:27Z",0,,1
23173359268,67330650702,"integration","completed","failure","2026-03-17T01:06:50Z","2026-03-17T01:07:56Z",66,"spacelab-macmini",3
23173359268,67330650781,"build","completed","success","2026-03-17T01:00:22Z","2026-03-17T01:03:10Z",168,"deathstar",3
23173359268,67330650827,"unit-test","completed","success","2026-03-17T01:00:23Z","2026-03-17T01:01:55Z",92,"GitHub Actions 1000002264",3
23173359268,67330650898,"lint","completed","success","2026-03-17T01:00:22Z","2026-03-17T01:00:49Z",27,"GitHub Actions 1000002263",3
23173578811,67331675006,"integration","completed","failure","2026-03-17T01:20:03Z","2026-03-17T01:29:16Z",553,"spacelab-macmini",6
23173578811,67331675009,"lint","completed","success","2026-03-17T01:08:32Z","2026-03-17T01:09:02Z",30,"GitHub Actions 1000002265",6
23173578811,67331675116,"unit-test","completed","success","2026-03-17T01:08:31Z","2026-03-17T01:09:55Z",84,"GitHub Actions 1000002266",6
23173578811,67331689213,"build","completed","success","2026-03-17T01:08:31Z","2026-03-17T01:11:20Z",169,"deathstar",6
23274387547,67674123849,"unit-test","completed","success","2026-03-19T00:50:13Z","2026-03-19T01:01:34Z",681,"GitHub Actions 1000002267",1
23274387547,67674123850,"lint","completed","success","2026-03-19T00:50:12Z","2026-03-19T00:50:40Z",28,"GitHub Actions 1000002268",1
23274387547,67674123852,"build","completed","success","2026-03-19T00:50:12Z","2026-03-19T00:52:49Z",157,"deathstar",1
23274387547,67674341789,"integration","completed","failure","2026-03-19T00:52:51Z","2026-03-19T00:53:41Z",50,"spacelab-macmini",1
23274894033,67676801789,"integration","completed","failure","2026-03-19T01:24:02Z","2026-03-19T01:37:03Z",781,"spacelab-macmini",3
23274894033,67676801853,"build","completed","success","2026-03-19T01:09:34Z","2026-03-19T01:12:12Z",158,"deathstar",3
23274894033,67676801854,"unit-test","completed","success","2026-03-19T01:09:34Z","2026-03-19T01:11:11Z",97,"GitHub Actions 1000002269",3
23274894033,67676801880,"lint","completed","success","2026-03-19T01:09:34Z","2026-03-19T01:10:02Z",28,"GitHub Actions 1000002270",3
23275478432,67698359524,"lint","completed","success","2026-03-19T01:32:47Z","2026-03-19T01:33:13Z",26,"GitHub Actions 1000002272",2
23275478432,67698359595,"integration","completed","failure","2026-03-19T06:12:53Z","2026-03-19T06:13:43Z",50,"spacelab-macmini",2
23275478432,67698359696,"unit-test","completed","success","2026-03-19T01:32:47Z","2026-03-19T01:37:59Z",312,"GitHub Actions 1000002271",2
23275478432,67698359723,"build","completed","success","2026-03-19T01:32:47Z","2026-03-19T01:35:07Z",140,"deathstar",2
23278930637,67687833101,"unit-test","completed","success","2026-03-19T03:50:13Z","2026-03-19T03:51:41Z",88,"GitHub Actions 1000002273",1
23278930637,67687833106,"lint","completed","success","2026-03-19T03:50:13Z","2026-03-19T03:50:45Z",32,"GitHub Actions 1000002274",1
23278930637,67687833116,"build","completed","success","2026-03-19T03:50:12Z","2026-03-19T03:52:52Z",160,"deathstar",1
23278930637,67688042305,"integration","completed","failure","2026-03-19T03:52:55Z","2026-03-19T03:53:42Z",47,"spacelab-macmini",1
23279097425,67688339458,"build","completed","success","2026-03-19T03:56:41Z","2026-03-19T03:59:17Z",156,"deathstar",1
23279097425,67688339461,"unit-test","completed","success","2026-03-19T03:56:42Z","2026-03-19T03:58:06Z",84,"GitHub Actions 1000002275",1
23279097425,67688339462,"lint","completed","success","2026-03-19T03:56:42Z","2026-03-19T03:57:09Z",27,"GitHub Actions 1000002276",1
23279097425,67688523971,"integration","completed","success","2026-03-19T03:59:19Z","2026-03-19T04:03:21Z",242,"spacelab-macmini",1
23322016457,67835160759,"unit-test","completed","success","2026-03-19T23:33:57Z","2026-03-19T23:35:23Z",86,"GitHub Actions 1000002277",1
23322016457,67835160776,"lint","completed","success","2026-03-19T23:33:57Z","2026-03-19T23:34:23Z",26,"GitHub Actions 1000002278",1
23322016457,67835160793,"build","completed","success","2026-03-19T23:33:57Z","2026-03-19T23:36:37Z",160,"deathstar",1
23322016457,67835401102,"integration","completed","failure","2026-03-19T23:36:40Z","2026-03-19T23:41:39Z",299,"spacelab-macmini",1
23322294137,67835982147,"build","completed","success","2026-03-19T23:43:26Z","2026-03-19T23:46:07Z",161,"deathstar",1
23322294137,67835982164,"unit-test","completed","success","2026-03-19T23:43:26Z","2026-03-19T23:44:52Z",86,"GitHub Actions 1000002280",1
23322294137,67835982175,"lint","completed","success","2026-03-19T23:43:26Z","2026-03-19T23:43:52Z",26,"GitHub Actions 1000002279",1
23322294137,67836216991,"integration","completed","success","2026-03-19T23:46:09Z","2026-03-19T23:50:18Z",249,"spacelab-macmini",1
23323349307,67839202505,"build","completed","success","2026-03-20T00:20:34Z","2026-03-20T00:23:10Z",156,"deathstar",1
23323349307,67839202529,"unit-test","completed","success","2026-03-20T00:20:35Z","2026-03-20T00:22:08Z",93,"GitHub Actions 1000002281",1
23323349307,67839202533,"lint","completed","success","2026-03-20T00:20:35Z","2026-03-20T00:21:03Z",28,"GitHub Actions 1000002282",1
23323349307,67839425786,"integration","completed","success","2026-03-20T00:23:12Z","2026-03-20T00:27:21Z",249,"spacelab-macmini",1
23323510948,67839708536,"build","completed","success","2026-03-20T00:26:33Z","2026-03-20T00:29:06Z",153,"deathstar",1
23323510948,67839708544,"lint","completed","success","2026-03-20T00:26:33Z","2026-03-20T00:27:04Z",31,"GitHub Actions 1000002283",1
23323510948,67839708546,"unit-test","completed","success","2026-03-20T00:26:33Z","2026-03-20T00:28:13Z",100,"GitHub Actions 1000002284",1
23323510948,67839934414,"integration","completed","success","2026-03-20T00:29:08Z","2026-03-20T00:33:17Z",249,"spacelab-macmini",1
23324049277,67841373092,"unit-test","completed","success","2026-03-20T00:46:01Z","2026-03-20T00:47:31Z",90,"GitHub Actions 1000002285",1
23324049277,67841373105,"build","completed","success","2026-03-20T00:46:01Z","2026-03-20T00:48:40Z",159,"deathstar",1
23324049277,67841373114,"lint","completed","success","2026-03-20T00:46:02Z","2026-03-20T00:46:30Z",28,"GitHub Actions 1000002286",1
23324049277,67841596324,"integration","completed","success","2026-03-20T00:48:43Z","2026-03-20T00:52:51Z",248,"spacelab-macmini",1
23325093837,67991664150,"lint","completed","success","2026-03-20T01:26:35Z","2026-03-20T01:27:03Z",28,"GitHub Actions 1000002290",2
23325093837,67991664222,"integration","completed","success","2026-03-21T02:22:34Z","2026-03-21T02:26:44Z",250,"spacelab-macmini",2
23325093837,67991664248,"build","completed","success","2026-03-20T01:26:34Z","2026-03-20T01:29:14Z",160,"deathstar",2
23325093837,67991668002,"unit-test","completed","success","2026-03-20T01:26:35Z","2026-03-20T01:28:08Z",93,"GitHub Actions 1000002289",2
23370622869,68000803989,"unit-test","completed","success","2026-03-21T03:01:16Z","2026-03-21T03:02:52Z",96,"GitHub Actions 1000002291",2
23370622869,68000804003,"integration","completed","success","2026-03-21T05:44:54Z","2026-03-21T05:49:03Z",249,"spacelab-macmini",2
23370622869,68000804087,"build","completed","success","2026-03-21T03:01:16Z","2026-03-21T03:03:53Z",157,"deathstar",2
23370622869,68000809960,"lint","completed","success","2026-03-21T03:01:16Z","2026-03-21T03:01:45Z",29,"GitHub Actions 1000002292",2
23372882535,67999923717,"lint","completed","success","2026-03-21T05:24:21Z","2026-03-21T05:24:46Z",25,"GitHub Actions 1000002293",1
23372882535,67999923719,"unit-test","completed","success","2026-03-21T05:24:22Z","2026-03-21T05:25:51Z",89,"GitHub Actions 1000002294",1
23372882535,67999923721,"build","completed","success","2026-03-21T05:24:22Z","2026-03-21T05:27:03Z",161,"deathstar",1
23372882535,68000044438,"integration","completed","failure","2026-03-21T05:27:05Z","2026-03-21T05:31:57Z",292,"spacelab-macmini",1
23373034977,68000344459,"lint","completed","success","2026-03-21T05:33:30Z","2026-03-21T05:33:59Z",29,"GitHub Actions 1000002295",1
23373034977,68000344465,"build","completed","success","2026-03-21T05:33:30Z","2026-03-21T05:36:09Z",159,"deathstar",1
23373034977,68000344473,"unit-test","completed","success","2026-03-21T05:33:30Z","2026-03-21T05:34:55Z",85,"GitHub Actions 1000002296",1
23373034977,68000456656,"integration","completed","success","2026-03-21T05:36:11Z","2026-03-21T05:40:20Z",249,"spacelab-macmini",1
23569783528,68629573647,"unit-test","completed","success","2026-03-25T23:40:09Z","2026-03-25T23:41:42Z",93,"GitHub Actions 1000002298",1
23569783528,68629573661,"lint","completed","failure","2026-03-25T23:40:09Z","2026-03-25T23:40:37Z",28,"GitHub Actions 1000002297",1
23569783528,68629573662,"build","completed","success","2026-03-25T23:40:09Z","2026-03-25T23:42:53Z",164,"deathstar",1
23569783528,68629838061,"integration","completed","success","2026-03-25T23:42:56Z","2026-03-25T23:47:07Z",251,"spacelab-macmini",1
23573386255,68640642986,"unit-test","completed","success","2026-03-26T01:46:08Z","2026-03-26T01:47:44Z",96,"GitHub Actions 1000002299",1
23573386255,68640642988,"build","completed","success","2026-03-26T01:46:08Z","2026-03-26T01:48:50Z",162,"deathstar",1
23573386255,68640643000,"lint","completed","failure","2026-03-26T01:46:08Z","2026-03-26T01:46:40Z",32,"GitHub Actions 1000002300",1
23573386255,68640860966,"integration","completed","success","2026-03-26T01:48:53Z","2026-03-26T01:53:01Z",248,"spacelab-macmini",1
23577537082,68653111049,"unit-test","completed","success","2026-03-26T04:28:44Z","2026-03-26T04:30:10Z",86,"GitHub Actions 1000002301",1
23577537082,68653111058,"build","completed","failure","2026-03-26T04:28:44Z","2026-03-26T04:31:56Z",192,"deathstar",1
23577537082,68653111063,"lint","completed","success","2026-03-26T04:28:44Z","2026-03-26T04:29:13Z",29,"GitHub Actions 1000002302",1
23577537082,68653366292,"integration","completed","skipped","2026-03-26T04:31:56Z","2026-03-26T04:31:56Z",0,,1
23577964918,68654614510,"unit-test","completed","success","2026-03-26T04:46:00Z","2026-03-26T04:47:36Z",96,"GitHub Actions 1000002303",1
23577964918,68654614531,"build","completed","failure","2026-03-26T04:46:00Z","2026-03-26T04:48:56Z",176,"deathstar",1
23577964918,68654614542,"lint","completed","success","2026-03-26T04:46:00Z","2026-03-26T04:46:27Z",27,"GitHub Actions 1000002304",1
23577964918,68654840409,"integration","completed","skipped","2026-03-26T04:48:57Z","2026-03-26T04:48:57Z",0,,1
23622715679,68812095560,"integration","completed","success","2026-03-27T00:30:49Z","2026-03-27T00:34:59Z",250,"spacelab-macmini",3
23622715679,68812095691,"unit-test","completed","success","2026-03-26T23:15:08Z","2026-03-26T23:16:43Z",95,"GitHub Actions 1000002305",3
23622715679,68812104865,"lint","completed","success","2026-03-26T23:15:08Z","2026-03-26T23:15:35Z",27,"GitHub Actions 1000002306",3
23622715679,68812109430,"build","completed","success","2026-03-26T23:15:08Z","2026-03-26T23:17:50Z",162,"deathstar",3
23666161789,68948569338,"unit-test","completed","success","2026-03-27T20:29:48Z","2026-03-27T20:31:07Z",79,"GitHub Actions 1000002307",1
23666161789,68948569348,"build","completed","success","2026-03-27T20:29:48Z","2026-03-27T20:32:35Z",167,"deathstar",1
23666161789,68948569353,"lint","completed","success","2026-03-27T20:29:48Z","2026-03-27T20:30:14Z",26,"GitHub Actions 1000002308",1
23666161789,68948929602,"integration","completed","success","2026-03-27T20:32:38Z","2026-03-27T20:36:48Z",250,"spacelab-macmini",1
23666594590,68950006667,"build","completed","success","2026-03-27T20:41:14Z","2026-03-27T20:43:50Z",156,"deathstar",1
23666594590,68950006674,"unit-test","completed","success","2026-03-27T20:41:14Z","2026-03-27T20:42:45Z",91,"GitHub Actions 1000002309",1
23666594590,68950006749,"lint","completed","success","2026-03-27T20:41:14Z","2026-03-27T20:41:41Z",27,"GitHub Actions 1000002310",1
23666594590,68950334611,"integration","completed","success","2026-03-27T20:43:53Z","2026-03-27T20:48:13Z",260,"spacelab-macmini",1
23666863571,68963960640,"lint","completed","success","2026-03-27T20:48:25Z","2026-03-27T20:48:52Z",27,"GitHub Actions 1000002311",2
23666863571,68963960757,"integration","completed","success","2026-03-27T22:54:04Z","2026-03-27T22:58:14Z",250,"spacelab-macmini",2
23666863571,68963960770,"build","completed","success","2026-03-27T20:48:25Z","2026-03-27T20:51:16Z",171,"deathstar",2
23666863571,68963974946,"unit-test","completed","success","2026-03-27T20:48:27Z","2026-03-27T20:50:00Z",93,"GitHub Actions 1000002312",2
23671847518,68966825246,"unit-test","completed","success","2026-03-27T23:29:58Z","2026-03-27T23:31:25Z",87,"GitHub Actions 1000002313",1
23671847518,68966825254,"lint","completed","success","2026-03-27T23:30:00Z","2026-03-27T23:30:31Z",31,"GitHub Actions 1000002314",1
23671847518,68966825258,"build","completed","success","2026-03-27T23:29:58Z","2026-03-27T23:32:42Z",164,"deathstar",1
23671847518,68967030844,"integration","completed","success","2026-03-27T23:32:44Z","2026-03-27T23:36:54Z",250,"spacelab-macmini",1
23672261656,68968016141,"build","completed","success","2026-03-27T23:46:28Z","2026-03-27T23:49:09Z",161,"deathstar",1
23672261656,68968016142,"unit-test","completed","success","2026-03-27T23:46:28Z","2026-03-27T23:47:51Z",83,"GitHub Actions 1000002316",1
23672261656,68968016153,"lint","completed","success","2026-03-27T23:46:28Z","2026-03-27T23:46:52Z",24,"GitHub Actions 1000002315",1
23672261656,68968198246,"integration","completed","success","2026-03-27T23:49:11Z","2026-03-27T23:53:20Z",249,"spacelab-macmini",1
23673701783,68972506171,"lint","completed","success","2026-03-28T00:52:12Z","2026-03-28T00:52:41Z",29,"GitHub Actions 1000002317",1
23673701783,68972506193,"unit-test","completed","success","2026-03-28T00:52:11Z","2026-03-28T00:53:36Z",85,"GitHub Actions 1000002318",1
23673701783,68972506208,"build","completed","success","2026-03-28T00:52:11Z","2026-03-28T00:55:09Z",178,"deathstar",1
23673701783,68972687996,"integration","completed","failure","2026-03-28T00:55:12Z","2026-03-28T00:59:20Z",248,"spacelab-macmini",1
23673900277,68973080091,"build","completed","success","2026-03-28T01:02:04Z","2026-03-28T01:04:43Z",159,"deathstar",1
23673900277,68973080096,"unit-test","completed","success","2026-03-28T01:02:04Z","2026-03-28T01:03:24Z",80,"GitHub Actions 1000002319",1
23673900277,68973080097,"lint","completed","success","2026-03-28T01:02:04Z","2026-03-28T01:02:35Z",31,"GitHub Actions 1000002320",1
23673900277,68973239258,"integration","completed","failure","2026-03-28T01:04:45Z","2026-03-28T01:08:53Z",248,"spacelab-macmini",1
23674072093,68973578173,"unit-test","completed","success","2026-03-28T01:10:51Z","2026-03-28T01:12:15Z",84,"GitHub Actions 1000002322",1
23674072093,68973578183,"lint","completed","success","2026-03-28T01:10:51Z","2026-03-28T01:11:17Z",26,"GitHub Actions 1000002321",1
23674072093,68973578184,"build","completed","success","2026-03-28T01:10:51Z","2026-03-28T01:13:30Z",159,"deathstar",1
23674072093,68973717289,"integration","completed","failure","2026-03-28T01:13:33Z","2026-03-28T01:18:30Z",297,"spacelab-macmini",1
23675673257,68978105890,"build","completed","success","2026-03-28T02:40:18Z","2026-03-28T02:42:53Z",155,"deathstar",1
23675673257,68978105900,"unit-test","completed","success","2026-03-28T02:40:18Z","2026-03-28T02:41:37Z",79,"GitHub Actions 1000002323",1
23675673257,68978105906,"lint","completed","success","2026-03-28T02:40:19Z","2026-03-28T02:40:47Z",28,"GitHub Actions 1000002324",1
23675673257,68978224882,"integration","completed","success","2026-03-28T02:42:56Z","2026-03-28T02:47:04Z",248,"spacelab-macmini",1
23773032108,69268619425,"unit-test","completed","success","2026-03-30T23:38:27Z","2026-03-30T23:39:45Z",78,"GitHub Actions 1000002325",1
23773032108,69268619436,"build","completed","success","2026-03-30T23:38:27Z","2026-03-30T23:41:09Z",162,"deathstar",1
23773032108,69268619446,"lint","completed","success","2026-03-30T23:38:27Z","2026-03-30T23:38:52Z",25,"GitHub Actions 1000002326",1
23773032108,69268875822,"integration","completed","success","2026-03-30T23:41:11Z","2026-03-30T23:45:22Z",251,"spacelab-macmini",1
23773401376,69269747118,"build","completed","success","2026-03-30T23:50:58Z","2026-03-30T23:53:33Z",155,"deathstar",1
23773401376,69269747120,"lint","completed","success","2026-03-30T23:51:00Z","2026-03-30T23:51:29Z",29,"GitHub Actions 1000002327",1
23773401376,69269747136,"unit-test","completed","success","2026-03-30T23:50:59Z","2026-03-30T23:52:19Z",80,"GitHub Actions 1000002328",1
23773401376,69269987979,"integration","completed","success","2026-03-30T23:53:36Z","2026-03-30T23:57:55Z",259,"spacelab-macmini",1
23774069853,69271842805,"unit-test","completed","success","2026-03-31T00:14:01Z","2026-03-31T00:15:28Z",87,"GitHub Actions 1000002329",1
23774069853,69271842813,"build","completed","success","2026-03-31T00:14:01Z","2026-03-31T00:16:37Z",156,"deathstar",1
23774069853,69271842823,"lint","completed","success","2026-03-31T00:14:01Z","2026-03-31T00:14:27Z",26,"GitHub Actions 1000002330",1
23774069853,69272080076,"integration","completed","success","2026-03-31T00:16:39Z","2026-03-31T00:20:48Z",249,"spacelab-macmini",1
23774263648,69445136293,"unit-test","completed","success","2026-03-31T00:20:57Z","2026-03-31T00:22:24Z",87,"GitHub Actions 1000002331",2
23774263648,69445136340,"integration","completed","success","2026-03-31T23:48:48Z","2026-03-31T23:53:08Z",260,"spacelab-macmini",2
23774263648,69445136440,"build","completed","success","2026-03-31T00:20:56Z","2026-03-31T00:23:30Z",154,"deathstar",2
23774263648,69445144334,"lint","completed","success","2026-03-31T00:20:56Z","2026-03-31T00:21:22Z",26,"GitHub Actions 1000002332",2
23774290556,69272551911,"lint","completed","success","2026-03-31T00:21:52Z","2026-03-31T00:22:18Z",26,"GitHub Actions 1000002335",1
23774290556,69272551917,"build","completed","success","2026-03-31T00:24:22Z","2026-03-31T00:27:06Z",164,"deathstar",1
23774290556,69272551920,"unit-test","completed","success","2026-03-31T00:21:52Z","2026-03-31T00:23:10Z",78,"GitHub Actions 1000002336",1
23774290556,69273009340,"integration","completed","success","2026-03-31T00:28:32Z","2026-03-31T00:32:42Z",250,"spacelab-macmini",1
23774546208,69273368591,"build","completed","success","2026-03-31T00:31:13Z","2026-03-31T00:33:55Z",162,"deathstar",1
23774546208,69273368600,"lint","completed","failure","2026-03-31T00:31:13Z","2026-03-31T00:31:39Z",26,"GitHub Actions 1000002337",1
23774546208,69273368605,"unit-test","completed","success","2026-03-31T00:31:13Z","2026-03-31T00:32:31Z",78,"GitHub Actions 1000002338",1
23774546208,69273605369,"integration","completed","success","2026-03-31T00:33:57Z","2026-03-31T00:38:28Z",271,"spacelab-macmini",1
23775073232,69445511167,"integration","completed","failure","2026-03-31T23:54:00Z","2026-03-31T23:58:41Z",281,"spacelab-macmini",4
23775073232,69445511300,"lint","completed","success","2026-03-31T00:50:16Z","2026-03-31T00:50:42Z",26,"GitHub Actions 1000002339",4
23775073232,69445523135,"unit-test","completed","success","2026-03-31T00:50:16Z","2026-03-31T00:51:42Z",86,"GitHub Actions 1000002340",4
23775073232,69445525151,"build","completed","success","2026-03-31T00:50:16Z","2026-03-31T00:54:34Z",258,"deathstar",4
23775255265,69277168156,"integration","completed","success","2026-03-31T01:16:33Z","2026-03-31T01:20:42Z",249,"spacelab-macmini",2
23775255265,69277168278,"unit-test","completed","success","2026-03-31T00:57:17Z","2026-03-31T00:58:43Z",86,"GitHub Actions 1000002342",2
23775255265,69277175401,"lint","completed","success","2026-03-31T00:57:17Z","2026-03-31T00:57:52Z",35,"GitHub Actions 1000002341",2
23775255265,69277179829,"build","completed","success","2026-03-31T00:57:17Z","2026-03-31T01:00:04Z",167,"deathstar",2
23826958429,69452032238,"unit-test","completed","success","2026-04-01T01:08:42Z","2026-04-01T01:12:00Z",198,"GitHub Actions 1000002343",1
23826958429,69452032239,"build","completed","success","2026-04-01T01:08:41Z","2026-04-01T01:12:08Z",207,"deathstar",1
23826958429,69452032250,"lint","completed","success","2026-04-01T01:08:41Z","2026-04-01T01:09:08Z",27,"GitHub Actions 1000002344",1
23826958429,69452311559,"integration","completed","failure","2026-04-01T01:12:10Z","2026-04-01T01:16:47Z",277,"spacelab-macmini",1
23831460874,69465762092,"unit-test","completed","success","2026-04-01T04:08:40Z","2026-04-01T04:10:12Z",92,"GitHub Actions 1000002345",1
23831460874,69465762103,"build","completed","success","2026-04-01T04:08:39Z","2026-04-01T04:11:33Z",174,"deathstar",1
23831460874,69465762116,"lint","completed","success","2026-04-01T04:08:39Z","2026-04-01T04:09:05Z",26,"GitHub Actions 1000002346",1
23831460874,69465988867,"integration","completed","success","2026-04-01T04:11:35Z","2026-04-01T04:15:46Z",251,"spacelab-macmini",1
23833936112,69622315706,"integration","completed","success","2026-04-02T00:10:42Z","2026-04-02T00:14:53Z",251,"spacelab-macmini",2
23833936112,69622315729,"unit-test","completed","success","2026-04-01T05:44:23Z","2026-04-01T05:45:45Z",82,"GitHub Actions 1000002348",2
23833936112,69622328000,"build","completed","success","2026-04-01T05:44:23Z","2026-04-01T05:47:13Z",170,"deathstar",2
23833936112,69622329726,"lint","completed","success","2026-04-01T05:44:25Z","2026-04-01T05:44:54Z",29,"GitHub Actions 1000002347",2
23872415341,69607477782,"build","completed","success","2026-04-01T21:46:08Z","2026-04-01T21:48:57Z",169,"deathstar",1
23872415341,69607477788,"unit-test","completed","success","2026-04-01T21:46:10Z","2026-04-01T21:47:45Z",95,"GitHub Actions 1000002351",1
23872415341,69607477817,"lint","completed","failure","2026-04-01T21:46:09Z","2026-04-01T21:46:38Z",29,"GitHub Actions 1000002352",1
23872415341,69607840228,"integration","completed","success","2026-04-01T21:49:00Z","2026-04-01T21:53:13Z",253,"spacelab-macmini",1
23876338120,69619966148,"build","completed","success","2026-04-01T23:44:21Z","2026-04-01T23:47:19Z",178,"deathstar",1
23876338120,69619966153,"unit-test","completed","success","2026-04-01T23:44:21Z","2026-04-01T23:45:41Z",80,"GitHub Actions 1000002354",1
23876338120,69619966156,"lint","completed","success","2026-04-01T23:44:21Z","2026-04-01T23:44:45Z",24,"GitHub Actions 1000002353",1
23876338120,69620245552,"integration","completed","failure","2026-04-01T23:47:22Z","2026-04-01T23:51:51Z",269,"spacelab-macmini",1
23881151761,69634425677,"unit-test","completed","success","2026-04-02T02:43:41Z","2026-04-02T02:45:10Z",89,"GitHub Actions 1000002355",1
23881151761,69634425687,"build","completed","success","2026-04-02T02:44:09Z","2026-04-02T02:47:03Z",174,"deathstar",1
23881151761,69634425692,"lint","completed","success","2026-04-02T02:43:40Z","2026-04-02T02:44:06Z",26,"GitHub Actions 1000002356",1
23881151761,69634686308,"integration","completed","success","2026-04-02T02:47:05Z","2026-04-02T02:51:16Z",251,"spacelab-macmini",1
23881886845,69636607511,"build","completed","success","2026-04-02T03:11:52Z","2026-04-02T03:14:30Z",158,"deathstar",1
23881886845,69636607523,"unit-test","completed","success","2026-04-02T03:11:53Z","2026-04-02T03:13:17Z",84,"GitHub Actions 1000002357",1
23881886845,69636607524,"lint","completed","success","2026-04-02T03:11:53Z","2026-04-02T03:12:22Z",29,"GitHub Actions 1000002358",1
23881886845,69636819492,"integration","completed","success","2026-04-02T03:14:32Z","2026-04-02T03:18:40Z",248,"spacelab-macmini",1
23882075019,69650914451,"integration","completed","success","2026-04-02T06:09:47Z","2026-04-02T06:13:56Z",249,"spacelab-macmini",2
23882075019,69650914599,"lint","completed","success","2026-04-02T03:19:03Z","2026-04-02T03:19:29Z",26,"GitHub Actions 1000002359",2
23882075019,69650914801,"unit-test","completed","success","2026-04-02T03:19:22Z","2026-04-02T03:20:53Z",91,"GitHub Actions 1000002360",2
23882075019,69650926574,"build","completed","success","2026-04-02T03:19:02Z","2026-04-02T03:21:37Z",155,"deathstar",2
23888766405,69657136019,"lint","completed","failure","2026-04-02T07:14:02Z","2026-04-02T07:14:26Z",24,"GitHub Actions 1000002362",1
23888766405,69657136025,"unit-test","completed","success","2026-04-02T07:14:04Z","2026-04-02T07:15:36Z",92,"GitHub Actions 1000002361",1
23888766405,69657136034,"build","completed","success","2026-04-02T07:14:02Z","2026-04-02T07:16:39Z",157,"deathstar",1
23888766405,69657410920,"integration","completed","success","2026-04-02T07:16:42Z","2026-04-02T07:20:52Z",250,"spacelab-macmini",1
23925268440,69780593853,"lint","completed","success","2026-04-02T22:38:25Z","2026-04-02T22:38:52Z",27,"GitHub Actions 1000002364",1
23925268440,69780593854,"build","completed","success","2026-04-02T22:38:25Z","2026-04-02T22:40:59Z",154,"deathstar",1
23925268440,69780593856,"unit-test","completed","success","2026-04-02T22:38:25Z","2026-04-02T22:39:48Z",83,"GitHub Actions 1000002363",1
23925268440,69780837604,"integration","completed","failure","2026-04-02T22:41:01Z","2026-04-02T22:45:33Z",272,"spacelab-macmini",1
23925630467,69781698525,"unit-test","completed","success","2026-04-02T22:50:20Z","2026-04-02T22:51:45Z",85,"GitHub Actions 1000002366",1
23925630467,69781698544,"lint","completed","success","2026-04-02T22:50:19Z","2026-04-02T22:50:45Z",26,"GitHub Actions 1000002365",1
23925630467,69781698555,"build","completed","success","2026-04-02T22:50:19Z","2026-04-02T22:52:52Z",153,"deathstar",1
23925630467,69781937101,"integration","completed","success","2026-04-02T22:52:54Z","2026-04-02T22:57:37Z",283,"spacelab-macmini",1
23926848417,69785402633,"build","completed","success","2026-04-02T23:32:44Z","2026-04-02T23:35:21Z",157,"deathstar",1
23926848417,69785402637,"lint","completed","success","2026-04-02T23:32:45Z","2026-04-02T23:33:12Z",27,"GitHub Actions 1000002367",1
23926848417,69785402655,"unit-test","completed","success","2026-04-02T23:32:44Z","2026-04-02T23:34:20Z",96,"GitHub Actions 1000002368",1
23926848417,69785619916,"integration","completed","success","2026-04-02T23:35:23Z","2026-04-02T23:40:04Z",281,"spacelab-macmini",1
23966051540,69906090197,"build","completed","success","2026-04-03T23:30:36Z","2026-04-03T23:33:20Z",164,"deathstar",1
23966051540,69906090199,"unit-test","completed","success","2026-04-03T23:30:36Z","2026-04-03T23:32:01Z",85,"GitHub Actions 1000002373",1
23966051540,69906090254,"lint","completed","success","2026-04-03T23:30:36Z","2026-04-03T23:31:04Z",28,"GitHub Actions 1000002374",1
23966051540,69906265592,"integration","completed","success","2026-04-03T23:33:23Z","2026-04-03T23:37:34Z",251,"spacelab-macmini",1
23966311742,69906807642,"unit-test","completed","success","2026-04-03T23:42:17Z","2026-04-03T23:43:39Z",82,"GitHub Actions 1000002376",1
23966311742,69906807648,"lint","completed","success","2026-04-03T23:42:17Z","2026-04-03T23:42:45Z",28,"GitHub Actions 1000002375",1
23966311742,69906807677,"build","completed","success","2026-04-03T23:42:18Z","2026-04-03T23:44:54Z",156,"deathstar",1
23966311742,69906972187,"integration","completed","success","2026-04-03T23:44:56Z","2026-04-03T23:49:07Z",251,"spacelab-macmini",1
23966463058,69907228846,"build","completed","success","2026-04-03T23:49:17Z","2026-04-03T23:51:52Z",155,"deathstar",1
23966463058,69907228857,"unit-test","completed","success","2026-04-03T23:49:18Z","2026-04-03T23:50:48Z",90,"GitHub Actions 1000002377",1
23966463058,69907228876,"lint","completed","success","2026-04-03T23:49:17Z","2026-04-03T23:49:43Z",26,"GitHub Actions 1000002378",1
23966463058,69907385874,"integration","completed","success","2026-04-03T23:51:55Z","2026-04-03T23:56:04Z",249,"spacelab-macmini",1
24053550974,70154601364,"lint","completed","success","2026-04-06T22:05:50Z","2026-04-06T22:06:23Z",33,"GitHub Actions 1000002382",1
24053550974,70154601376,"build","completed","success","2026-04-06T22:05:50Z","2026-04-06T22:08:35Z",165,"deathstar",1
24053550974,70154601384,"unit-test","completed","success","2026-04-06T22:05:50Z","2026-04-06T22:07:09Z",79,"GitHub Actions 1000002381",1
24053550974,70154921531,"integration","completed","success","2026-04-06T22:08:38Z","2026-04-06T22:13:22Z",284,"spacelab-macmini",1
24066419081,70193372638,"unit-test","completed","success","2026-04-07T05:45:32Z","2026-04-07T05:47:06Z",94,"GitHub Actions 1000002383",1
24066419081,70193372656,"lint","completed","success","2026-04-07T05:45:31Z","2026-04-07T05:45:57Z",26,"GitHub Actions 1000002384",1
24066419081,70193372690,"build","completed","success","2026-04-07T05:45:31Z","2026-04-07T05:48:14Z",163,"deathstar",1
24066419081,70193612768,"integration","completed","success","2026-04-07T05:48:16Z","2026-04-07T05:52:26Z",250,"spacelab-macmini",1
24068381600,70199344804,"lint","completed","failure","2026-04-07T06:49:07Z","2026-04-07T06:49:36Z",29,"GitHub Actions 1000002385",1
24068381600,70199344810,"unit-test","completed","success","2026-04-07T06:49:07Z","2026-04-07T06:50:33Z",86,"GitHub Actions 1000002386",1
24068381600,70199344811,"build","completed","failure","2026-04-07T06:49:07Z","2026-04-07T06:51:34Z",147,"deathstar",1
24068381600,70199599429,"integration","completed","skipped","2026-04-07T06:51:35Z","2026-04-07T06:51:34Z",-1,,1
24069409548,70202571397,"lint","completed","success","2026-04-07T07:19:14Z","2026-04-07T07:19:40Z",26,"GitHub Actions 1000002387",1
24069409548,70202571415,"unit-test","completed","success","2026-04-07T07:19:16Z","2026-04-07T07:20:45Z",89,"GitHub Actions 1000002388",1
24069409548,70202571488,"build","completed","failure","2026-04-07T07:19:15Z","2026-04-07T07:21:42Z",147,"deathstar",1
24069409548,70202852601,"integration","completed","skipped","2026-04-07T07:21:42Z","2026-04-07T07:21:42Z",0,,1
24069594132,70203160244,"lint","completed","success","2026-04-07T07:24:31Z","2026-04-07T07:24:56Z",25,"GitHub Actions 1000002389",1
24069594132,70203160253,"build","completed","success","2026-04-07T07:24:31Z","2026-04-07T07:27:13Z",162,"deathstar",1
24069594132,70203160254,"unit-test","completed","success","2026-04-07T07:24:31Z","2026-04-07T07:25:49Z",78,"GitHub Actions 1000002390",1
24069594132,70203463156,"integration","completed","success","2026-04-07T07:27:15Z","2026-04-07T07:31:40Z",265,"spacelab-macmini",1
24070044145,70204608374,"unit-test","completed","success","2026-04-07T07:36:58Z","2026-04-07T07:38:20Z",82,"GitHub Actions 1000002392",1
24070044145,70204608375,"lint","completed","success","2026-04-07T07:36:59Z","2026-04-07T07:37:25Z",26,"GitHub Actions 1000002391",1
24070044145,70204608386,"build","completed","success","2026-04-07T07:36:57Z","2026-04-07T07:39:31Z",154,"deathstar",1
24070044145,70204914481,"integration","completed","success","2026-04-07T07:39:33Z","2026-04-07T07:43:57Z",264,"spacelab-macmini",1
24073505045,70216065629,"unit-test","completed","success","2026-04-07T09:07:03Z","2026-04-07T09:08:35Z",92,"GitHub Actions 1000002394",1
24073505045,70216065652,"lint","completed","success","2026-04-07T09:07:03Z","2026-04-07T09:07:35Z",32,"GitHub Actions 1000002393",1
24073505045,70216065668,"build","completed","success","2026-04-07T09:07:02Z","2026-04-07T09:09:40Z",158,"deathstar",1
24073505045,70216428191,"integration","completed","success","2026-04-07T09:09:43Z","2026-04-07T09:14:07Z",264,"spacelab-macmini",1
24104782435,70325144413,"lint","completed","success","2026-04-07T21:15:21Z","2026-04-07T21:15:45Z",24,"GitHub Actions 1000002396",1
24104782435,70325144449,"unit-test","completed","success","2026-04-07T21:15:21Z","2026-04-07T21:16:56Z",95,"GitHub Actions 1000002395",1
24104782435,70325144499,"build","completed","failure","2026-04-07T21:15:20Z","2026-04-07T21:17:27Z",127,"deathstar",1
24104782435,70325448574,"integration","completed","skipped","2026-04-07T21:17:27Z","2026-04-07T21:17:27Z",0,,1
24122425633,70379209262,"build","completed","success","2026-04-08T07:01:06Z","2026-04-08T07:03:43Z",157,"deathstar",1
24122425633,70379209263,"unit-test","completed","success","2026-04-08T07:01:06Z","2026-04-08T07:02:34Z",88,"GitHub Actions 1000002398",1
24122425633,70379209276,"lint","completed","success","2026-04-08T07:01:06Z","2026-04-08T07:01:36Z",30,"GitHub Actions 1000002397",1
24122425633,70379501994,"integration","completed","success","2026-04-08T07:03:46Z","2026-04-08T07:07:56Z",250,"spacelab-macmini",1
24123203128,70381647525,"build","completed","success","2026-04-08T07:22:58Z","2026-04-08T07:25:36Z",158,"deathstar",1
24123203128,70381647535,"unit-test","completed","success","2026-04-08T07:22:58Z","2026-04-08T07:24:21Z",83,"GitHub Actions 1000002400",1
24123203128,70381647544,"lint","completed","success","2026-04-08T07:22:58Z","2026-04-08T07:23:28Z",30,"GitHub Actions 1000002399",1
24123203128,70381945521,"integration","completed","failure","2026-04-08T07:25:39Z","2026-04-08T07:30:31Z",292,"spacelab-macmini",1
24163520336,70520057885,"unit-test","completed","success","2026-04-08T23:13:40Z","2026-04-08T23:15:14Z",94,"GitHub Actions 1000002401",1
24163520336,70520057892,"build","completed","success","2026-04-08T23:13:40Z","2026-04-08T23:16:21Z",161,"deathstar",1
24163520336,70520057955,"lint","completed","failure","2026-04-08T23:13:41Z","2026-04-08T23:14:10Z",29,"GitHub Actions 1000002402",1
24163520336,70520344004,"integration","completed","success","2026-04-08T23:16:24Z","2026-04-08T23:20:33Z",249,"spacelab-macmini",1
24163769558,70520844578,"build","completed","success","2026-04-08T23:21:22Z","2026-04-08T23:24:09Z",167,"deathstar",1
24163769558,70520844580,"lint","completed","success","2026-04-08T23:21:22Z","2026-04-08T23:21:48Z",26,"GitHub Actions 1000002403",1
24163769558,70520844589,"unit-test","completed","success","2026-04-08T23:21:22Z","2026-04-08T23:22:50Z",88,"GitHub Actions 1000002404",1
24163769558,70521123500,"integration","completed","success","2026-04-08T23:24:11Z","2026-04-08T23:28:21Z",250,"spacelab-macmini",1
24165658714,70526570920,"build","completed","success","2026-04-09T00:20:47Z","2026-04-09T00:25:10Z",263,"deathstar",1
24165658714,70526570921,"lint","completed","success","2026-04-09T00:20:47Z","2026-04-09T00:21:14Z",27,"GitHub Actions 1000002405",1
24165658714,70526571037,"unit-test","completed","success","2026-04-09T00:20:47Z","2026-04-09T00:22:14Z",87,"GitHub Actions 1000002406",1
24165658714,70526989097,"integration","completed","failure","2026-04-09T00:25:13Z","2026-04-09T00:35:07Z",594,"spacelab-macmini",1
24165671569,70526610763,"lint","completed","success","2026-04-09T00:21:13Z","2026-04-09T00:21:38Z",25,"GitHub Actions 1000002407",1
24165671569,70526610773,"unit-test","completed","success","2026-04-09T00:21:15Z","2026-04-09T00:22:38Z",83,"GitHub Actions 1000002408",1
24165671569,70526610774,"build","completed","success","2026-04-09T00:25:13Z","2026-04-09T00:28:13Z",180,"deathstar",1
24165671569,70527262642,"integration","completed","failure","2026-04-09T00:35:58Z","2026-04-09T00:40:26Z",268,"spacelab-macmini",1
24167318499,70531559789,"build","completed","success","2026-04-09T01:17:40Z","2026-04-09T01:20:28Z",168,"deathstar",1
24167318499,70531559790,"lint","completed","success","2026-04-09T01:17:40Z","2026-04-09T01:18:06Z",26,"GitHub Actions 1000002409",1
24167318499,70531559816,"unit-test","completed","success","2026-04-09T01:17:41Z","2026-04-09T01:19:11Z",90,"GitHub Actions 1000002410",1
24167318499,70531782605,"integration","completed","success","2026-04-09T01:20:30Z","2026-04-09T01:24:52Z",262,"spacelab-macmini",1
24171239280,70543204384,"unit-test","completed","success","2026-04-09T03:45:35Z","2026-04-09T03:47:06Z",91,"GitHub Actions 1000002415",1
24171239280,70543204387,"build","completed","success","2026-04-09T03:45:34Z","2026-04-09T03:48:11Z",157,"deathstar",1
24171239280,70543204411,"lint","completed","success","2026-04-09T03:45:34Z","2026-04-09T03:46:02Z",28,"GitHub Actions 1000002416",1
24171239280,70543402578,"integration","completed","success","2026-04-09T03:48:13Z","2026-04-09T03:52:23Z",250,"spacelab-macmini",1
24174963889,70554311732,"unit-test","completed","success","2026-04-09T05:57:02Z","2026-04-09T05:58:34Z",92,"GitHub Actions 1000002421",1
24174963889,70554311737,"lint","completed","success","2026-04-09T05:57:02Z","2026-04-09T05:57:30Z",28,"GitHub Actions 1000002422",1
24174963889,70554311740,"build","completed","success","2026-04-09T05:57:02Z","2026-04-09T05:59:59Z",177,"deathstar",1
24174963889,70554580364,"integration","completed","failure","2026-04-09T06:00:01Z","2026-04-09T06:04:43Z",282,"spacelab-macmini",1
24175114896,70554758423,"unit-test","completed","success","2026-04-09T06:01:49Z","2026-04-09T06:03:25Z",96,"GitHub Actions 1000002423",1
24175114896,70554758438,"build","completed","success","2026-04-09T06:01:49Z","2026-04-09T06:04:36Z",167,"deathstar",1
24175114896,70554758460,"lint","completed","success","2026-04-09T06:01:49Z","2026-04-09T06:02:21Z",32,"GitHub Actions 1000002424",1
24175114896,70555027305,"integration","completed","failure","2026-04-09T06:04:45Z","2026-04-09T06:09:13Z",268,"spacelab-macmini",1
24178026174,70563852857,"build","completed","success","2026-04-09T07:26:36Z","2026-04-09T07:29:30Z",174,"deathstar",1
24178026174,70563852878,"lint","completed","success","2026-04-09T07:26:36Z","2026-04-09T07:27:04Z",28,"GitHub Actions 1000002425",1
24178026174,70563852927,"unit-test","completed","failure","2026-04-09T07:26:36Z","2026-04-09T07:28:06Z",90,"GitHub Actions 1000002426",1
24178026174,70564205547,"integration","completed","failure","2026-04-09T07:29:32Z","2026-04-09T07:34:01Z",269,"spacelab-macmini",1
24217121892,70700212449,"lint","completed","success","2026-04-09T22:49:20Z","2026-04-09T22:49:47Z",27,"GitHub Actions 1000002427",1
24217121892,70700212462,"build","completed","success","2026-04-09T22:49:20Z","2026-04-09T22:52:04Z",164,"deathstar",1
24217121892,70700212463,"unit-test","completed","success","2026-04-09T22:49:21Z","2026-04-09T22:50:44Z",83,"GitHub Actions 1000002428",1
24217121892,70700507028,"integration","completed","success","2026-04-09T22:52:07Z","2026-04-09T22:56:36Z",269,"spacelab-macmini",1
24221675825,70714307350,"unit-test","completed","success","2026-04-10T01:24:47Z","2026-04-10T01:26:12Z",85,"GitHub Actions 1000002429",1
24221675825,70714307362,"build","completed","success","2026-04-10T01:24:45Z","2026-04-10T01:27:24Z",159,"deathstar",1
24221675825,70714307363,"lint","completed","success","2026-04-10T01:24:46Z","2026-04-10T01:25:15Z",29,"GitHub Actions 1000002430",1
24221675825,70714514772,"integration","completed","success","2026-04-10T01:27:26Z","2026-04-10T01:31:35Z",249,"spacelab-macmini",1
24221854908,70714845255,"unit-test","completed","success","2026-04-10T01:31:45Z","2026-04-10T01:33:04Z",79,"GitHub Actions 1000002431",1
24221854908,70714845258,"lint","completed","success","2026-04-10T01:31:45Z","2026-04-10T01:32:14Z",29,"GitHub Actions 1000002432",1
24221854908,70714845266,"build","completed","success","2026-04-10T01:31:45Z","2026-04-10T01:34:25Z",160,"deathstar",1
24221854908,70715074360,"integration","completed","success","2026-04-10T01:34:27Z","2026-04-10T01:38:37Z",250,"spacelab-macmini",1
24229333182,70737295529,"unit-test","completed","failure","2026-04-10T06:14:46Z","2026-04-10T06:16:13Z",87,"GitHub Actions 1000002435",1
24229333182,70737295535,"build","completed","success","2026-04-10T06:14:45Z","2026-04-10T06:17:46Z",181,"deathstar",1
24229333182,70737295536,"lint","completed","success","2026-04-10T06:14:45Z","2026-04-10T06:15:12Z",27,"GitHub Actions 1000002436",1
24229333182,70737577954,"integration","completed","failure","2026-04-10T06:17:48Z","2026-04-10T06:27:29Z",581,"spacelab-macmini",1
24229393498,70737474900,"unit-test","completed","failure","2026-04-10T06:16:42Z","2026-04-10T06:18:07Z",85,"GitHub Actions 1000002437",1
24229393498,70737474910,"lint","completed","success","2026-04-10T06:16:42Z","2026-04-10T06:17:07Z",25,"GitHub Actions 1000002438",1
24229393498,70737474911,"build","completed","success","2026-04-10T06:18:38Z","2026-04-10T06:21:27Z",169,"deathstar",1
24229393498,70737934142,"integration","completed","failure","2026-04-10T06:27:31Z","2026-04-10T06:32:25Z",294,"spacelab-macmini",1
24229560069,70737993632,"unit-test","completed","failure","2026-04-10T06:22:07Z","2026-04-10T06:23:32Z",85,"GitHub Actions 1000002439",1
24229560069,70737993639,"build","completed","success","2026-04-10T06:22:07Z","2026-04-10T06:25:07Z",180,"deathstar",1
24229560069,70737993662,"lint","completed","success","2026-04-10T06:22:08Z","2026-04-10T06:22:36Z",28,"GitHub Actions 1000002440",1
24229560069,70738270689,"integration","completed","failure","2026-04-10T06:33:17Z","2026-04-10T06:37:49Z",272,"spacelab-macmini",1
24229571798,70738027438,"build","completed","success","2026-04-10T06:26:00Z","2026-04-10T06:28:46Z",166,"deathstar",1
24229571798,70738027441,"unit-test","completed","failure","2026-04-10T06:22:29Z","2026-04-10T06:23:50Z",81,"GitHub Actions 1000002442",1
24229571798,70738027443,"lint","completed","success","2026-04-10T06:22:29Z","2026-04-10T06:22:54Z",25,"GitHub Actions 1000002441",1
24229571798,70738613272,"integration","completed","success","2026-04-10T06:38:41Z","2026-04-10T06:42:53Z",252,"spacelab-macmini",1
24229673629,70738332127,"lint","completed","success","2026-04-10T06:25:50Z","2026-04-10T06:26:17Z",27,"GitHub Actions 1000002443",1
24229673629,70738332131,"unit-test","completed","failure","2026-04-10T06:25:52Z","2026-04-10T06:27:24Z",92,"GitHub Actions 1000002444",1
24229673629,70738332446,"build","completed","success","2026-04-10T06:28:49Z","2026-04-10T06:31:45Z",176,"deathstar",1
24229673629,70738906102,"integration","completed","failure","2026-04-10T06:43:44Z","2026-04-10T06:48:20Z",276,"spacelab-macmini",1
24229685559,70738368189,"build","completed","success","2026-04-10T06:34:42Z","2026-04-10T06:37:18Z",156,"deathstar",1
24229685559,70738368195,"lint","completed","success","2026-04-10T06:26:14Z","2026-04-10T06:26:43Z",29,"GitHub Actions 1000002445",1
24229685559,70738368203,"unit-test","completed","failure","2026-04-10T06:26:14Z","2026-04-10T06:27:44Z",90,"GitHub Actions 1000002446",1
24229685559,70739458353,"integration","completed","success","2026-04-10T06:58:11Z","2026-04-10T07:02:24Z",253,"spacelab-macmini",1
24229738943,70738527544,"unit-test","completed","failure","2026-04-10T06:27:55Z","2026-04-10T06:29:23Z",88,"GitHub Actions 1000002447",1
24229738943,70738527556,"lint","completed","success","2026-04-10T06:27:55Z","2026-04-10T06:28:24Z",29,"GitHub Actions 1000002448",1
24229738943,70738527560,"build","completed","success","2026-04-10T06:31:48Z","2026-04-10T06:34:39Z",171,"deathstar",1
24229738943,70739194686,"integration","completed","failure","2026-04-10T06:49:11Z","2026-04-10T06:53:39Z",268,"spacelab-macmini",1
24229771560,70738624603,"lint","completed","success","2026-04-10T06:28:57Z","2026-04-10T06:29:22Z",25,"GitHub Actions 1000002449",1
24229771560,70738624607,"unit-test","completed","failure","2026-04-10T06:28:57Z","2026-04-10T06:30:23Z",86,"GitHub Actions 1000002450",1
24229771560,70738624613,"build","completed","success","2026-04-10T06:38:11Z","2026-04-10T06:40:48Z",157,"deathstar",1
24229771560,70739821892,"integration","completed","success","2026-04-10T07:03:16Z","2026-04-10T07:07:25Z",249,"spacelab-macmini",1
24230362571,70740448288,"build","completed","success","2026-04-10T06:46:53Z","2026-04-10T06:49:54Z",181,"deathstar",1
24230362571,70740448290,"unit-test","completed","failure","2026-04-10T06:46:53Z","2026-04-10T06:48:19Z",86,"GitHub Actions 1000002452",1
24230362571,70740448297,"lint","completed","success","2026-04-10T06:46:53Z","2026-04-10T06:47:19Z",26,"GitHub Actions 1000002451",1
24230362571,70740762825,"integration","completed","failure","2026-04-10T06:53:41Z","2026-04-10T06:58:10Z",269,"spacelab-macmini",1
24230382170,70740507763,"lint","completed","success","2026-04-10T06:47:29Z","2026-04-10T06:47:55Z",26,"GitHub Actions 1000002453",1
24230382170,70740507779,"unit-test","completed","failure","2026-04-10T06:47:30Z","2026-04-10T06:49:04Z",94,"GitHub Actions 1000002454",1
24230382170,70740507788,"build","completed","success","2026-04-10T06:49:56Z","2026-04-10T06:52:37Z",161,"deathstar",1
24230382170,70741051434,"integration","completed","success","2026-04-10T07:07:26Z","2026-04-10T07:11:35Z",249,"spacelab-macmini",1
24271544254,70877389086,"lint","completed","success","2026-04-11T01:30:06Z","2026-04-11T01:30:35Z",29,"GitHub Actions 1000002455",1
24271544254,70877389096,"unit-test","completed","success","2026-04-11T01:30:06Z","2026-04-11T01:31:34Z",88,"GitHub Actions 1000002456",1
24271544254,70877389100,"build","completed","success","2026-04-11T01:30:06Z","2026-04-11T01:33:21Z",195,"deathstar",1
24271544254,70877576963,"integration","completed","success","2026-04-11T01:33:23Z","2026-04-11T01:37:35Z",252,"spacelab-macmini",1
24271690134,70877815525,"lint","completed","success","2026-04-11T01:37:43Z","2026-04-11T01:38:09Z",26,"GitHub Actions 1000002458",1
24271690134,70877815526,"build","completed","success","2026-04-11T01:37:44Z","2026-04-11T01:40:59Z",195,"deathstar",1
24271690134,70877815527,"unit-test","completed","success","2026-04-11T01:37:45Z","2026-04-11T01:39:15Z",90,"GitHub Actions 1000002457",1
24271690134,70877993009,"integration","completed","success","2026-04-11T01:41:01Z","2026-04-11T01:45:11Z",250,"spacelab-macmini",1
24293730811,70935146622,"unit-test","completed","success","2026-04-11T23:12:40Z","2026-04-11T23:14:11Z",91,"GitHub Actions 1000002462",2
24293730811,70935146623,"lint","completed","failure","2026-04-11T23:12:40Z","2026-04-11T23:13:10Z",30,"GitHub Actions 1000002461",2
24293730811,70935146624,"build","completed","success","2026-04-11T23:12:40Z","2026-04-11T23:15:50Z",190,"deathstar",2
24293730811,70935284902,"integration","completed","success","2026-04-11T23:15:53Z","2026-04-11T23:20:03Z",250,"spacelab-macmini",2
24293736237,70935152999,"build","completed","success","2026-04-11T23:16:42Z","2026-04-11T23:19:55Z",193,"deathstar",1
24293736237,70935153004,"lint","completed","failure","2026-04-11T23:12:48Z","2026-04-11T23:13:15Z",27,"GitHub Actions 1000002464",1
24293736237,70935153007,"unit-test","completed","success","2026-04-11T23:12:49Z","2026-04-11T23:14:16Z",87,"GitHub Actions 1000002463",1
24293736237,70935439412,"integration","completed","success","2026-04-11T23:20:55Z","2026-04-11T23:25:04Z",249,"spacelab-macmini",1
24313809718,70987927778,"lint","completed","success","2026-04-12T18:48:40Z","2026-04-12T18:49:06Z",26,"GitHub Actions 1000002465",1
24313809718,70987927781,"unit-test","completed","success","2026-04-12T18:48:40Z","2026-04-12T18:50:06Z",86,"GitHub Actions 1000002466",1
24313809718,70987927786,"build","completed","success","2026-04-12T18:48:40Z","2026-04-12T18:51:47Z",187,"deathstar",1
24313809718,70988095756,"integration","completed","success","2026-04-12T18:51:49Z","2026-04-12T18:56:00Z",251,"spacelab-macmini",1
24314293736,70989204942,"lint","completed","success","2026-04-12T19:13:54Z","2026-04-12T19:14:23Z",29,"GitHub Actions 1000002467",1
24314293736,70989204943,"build","completed","success","2026-04-12T19:13:53Z","2026-04-12T19:16:24Z",151,"deathstar",1
24314293736,70989204944,"unit-test","completed","success","2026-04-12T19:13:53Z","2026-04-12T19:15:17Z",84,"GitHub Actions 1000002468",1
24314293736,70989333051,"integration","completed","success","2026-04-12T19:16:26Z","2026-04-12T19:20:38Z",252,"spacelab-macmini",1
24315127300,70991400125,"lint","completed","success","2026-04-12T19:58:05Z","2026-04-12T19:58:32Z",27,"GitHub Actions 1000002470",1
24315127300,70991400127,"unit-test","completed","success","2026-04-12T19:58:05Z","2026-04-12T19:59:32Z",87,"GitHub Actions 1000002469",1
24315127300,70991400133,"build","completed","success","2026-04-12T19:58:05Z","2026-04-12T20:00:40Z",155,"deathstar",1
24315127300,70991537400,"integration","completed","success","2026-04-12T20:00:42Z","2026-04-12T20:04:52Z",250,"spacelab-macmini",1
24315357478,70992022390,"unit-test","completed","success","2026-04-12T20:10:03Z","2026-04-12T20:11:37Z",94,"GitHub Actions 1000002473",1
24315357478,70992022391,"build","completed","success","2026-04-12T20:10:02Z","2026-04-12T20:12:44Z",162,"deathstar",1
24315357478,70992022398,"lint","completed","success","2026-04-12T20:10:03Z","2026-04-12T20:10:33Z",30,"GitHub Actions 1000002474",1
24315357478,70992172597,"integration","completed","success","2026-04-12T20:12:47Z","2026-04-12T20:16:58Z",251,"spacelab-macmini",1
24315418084,70992194949,"lint","completed","success","2026-04-12T20:13:14Z","2026-04-12T20:13:43Z",29,"GitHub Actions 1000002475",1
24315418084,70992194953,"unit-test","completed","success","2026-04-12T20:13:13Z","2026-04-12T20:14:35Z",82,"GitHub Actions 1000002476",1
24315418084,70992194969,"build","completed","success","2026-04-12T20:13:13Z","2026-04-12T20:15:47Z",154,"deathstar",1
24315418084,70992336024,"integration","completed","success","2026-04-12T20:16:59Z","2026-04-12T20:21:08Z",249,"spacelab-macmini",1
24315430604,70992231511,"unit-test","completed","success","2026-04-12T20:13:57Z","2026-04-12T20:15:15Z",78,"GitHub Actions 1000002477",1
24315430604,70992231516,"build","completed","success","2026-04-12T20:16:40Z","2026-04-12T20:19:18Z",158,"deathstar",1
24315430604,70992231525,"lint","completed","success","2026-04-12T20:13:57Z","2026-04-12T20:14:22Z",25,"GitHub Actions 1000002478",1
24315430604,70992509552,"integration","completed","success","2026-04-12T20:21:10Z","2026-04-12T20:25:18Z",248,"spacelab-macmini",1
24331185450,71037200947,"lint","completed","success","2026-04-13T07:29:51Z","2026-04-13T07:30:17Z",26,"GitHub Actions 1000002479",1
24331185450,71037200949,"build","completed","success","2026-04-13T07:29:50Z","2026-04-13T07:32:34Z",164,"deathstar",1
24331185450,71037200960,"unit-test","completed","success","2026-04-13T07:29:51Z","2026-04-13T07:31:13Z",82,"GitHub Actions 1000002480",1
24331185450,71037551511,"integration","completed","success","2026-04-13T07:32:36Z","2026-04-13T07:37:02Z",266,"spacelab-macmini",1
24331505995,71038239099,"build","completed","success","2026-04-13T07:38:11Z","2026-04-13T07:40:44Z",153,"deathstar",1
24331505995,71038239102,"unit-test","completed","success","2026-04-13T07:38:12Z","2026-04-13T07:39:40Z",88,"GitHub Actions 1000002481",1
24331505995,71038239103,"lint","completed","success","2026-04-13T07:38:11Z","2026-04-13T07:38:37Z",26,"GitHub Actions 1000002482",1
24331505995,71038568071,"integration","completed","success","2026-04-13T07:40:47Z","2026-04-13T07:44:58Z",251,"spacelab-macmini",1
24331779444,71039115802,"unit-test","completed","success","2026-04-13T07:45:15Z","2026-04-13T07:46:47Z",92,"GitHub Actions 1000002483",1
24331779444,71039115818,"lint","completed","success","2026-04-13T07:45:14Z","2026-04-13T07:45:41Z",27,"GitHub Actions 1000002484",1
24331779444,71039115820,"build","completed","success","2026-04-13T07:45:14Z","2026-04-13T07:47:48Z",154,"deathstar",1
24331779444,71039427916,"integration","completed","success","2026-04-13T07:47:50Z","2026-04-13T07:52:54Z",304,"spacelab-macmini",1
24331984484,71039765664,"build","completed","success","2026-04-13T07:50:32Z","2026-04-13T07:53:07Z",155,"deathstar",1
24331984484,71039765674,"unit-test","completed","success","2026-04-13T07:50:33Z","2026-04-13T07:52:06Z",93,"GitHub Actions 1000002485",1
24331984484,71039765687,"lint","completed","success","2026-04-13T07:50:33Z","2026-04-13T07:51:00Z",27,"GitHub Actions 1000002486",1
24331984484,71040091604,"integration","completed","success","2026-04-13T07:53:09Z","2026-04-13T07:57:44Z",275,"spacelab-macmini",1
24370648568,71173297386,"build","completed","failure","2026-04-13T22:42:13Z","2026-04-13T22:44:17Z",124,"deathstar",1
24370648568,71173297402,"lint","completed","success","2026-04-13T22:42:14Z","2026-04-13T22:42:41Z",27,"GitHub Actions 1000002487",1
24370648568,71173297408,"unit-test","completed","success","2026-04-13T22:42:13Z","2026-04-13T22:43:41Z",88,"GitHub Actions 1000002488",1
24370648568,71173534028,"integration","completed","skipped","2026-04-13T22:44:18Z","2026-04-13T22:44:18Z",0,,1
24371293998,71175312113,"build","completed","success","2026-04-13T23:00:55Z","2026-04-13T23:03:34Z",159,"deathstar",1
24371293998,71175312121,"lint","completed","success","2026-04-13T23:00:55Z","2026-04-13T23:01:21Z",26,"GitHub Actions 1000002490",1
24371293998,71175312139,"unit-test","completed","success","2026-04-13T23:00:55Z","2026-04-13T23:02:17Z",82,"GitHub Actions 1000002489",1
24371293998,71175598057,"integration","completed","success","2026-04-13T23:24:49Z","2026-04-13T23:29:57Z",308,"spacelab-ubuntu-macmini",1
24371383475,71175591324,"lint","completed","success","2026-04-13T23:03:35Z","2026-04-13T23:04:03Z",28,"GitHub Actions 1000002491",1
24371383475,71175591332,"unit-test","completed","success","2026-04-13T23:03:34Z","2026-04-13T23:05:04Z",90,"GitHub Actions 1000002492",1
24371383475,71175591339,"build","completed","failure","2026-04-13T23:03:36Z","2026-04-13T23:05:59Z",143,"deathstar",1
24371383475,71175847086,"integration","completed","skipped","2026-04-13T23:05:59Z","2026-04-13T23:05:59Z",0,,1
24371663023,71177751322,"integration","completed","success","2026-04-13T23:29:59Z","2026-04-13T23:34:08Z",249,"spacelab-ubuntu-macmini",2
24371663023,71177751554,"build","completed","success","2026-04-13T23:11:53Z","2026-04-13T23:14:30Z",157,"deathstar",2
24371663023,71177762256,"unit-test","completed","success","2026-04-13T23:11:54Z","2026-04-13T23:13:25Z",91,"GitHub Actions 1000002493",2
24371663023,71177762367,"lint","completed","success","2026-04-13T23:11:53Z","2026-04-13T23:12:20Z",27,"GitHub Actions 1000002494",2
24372404589,71178723032,"build","completed","success","2026-04-13T23:34:17Z","2026-04-13T23:36:50Z",153,"deathstar",1
24372404589,71178723045,"lint","completed","success","2026-04-13T23:34:17Z","2026-04-13T23:34:43Z",26,"GitHub Actions 1000002497",1
24372404589,71178723047,"unit-test","completed","success","2026-04-13T23:34:17Z","2026-04-13T23:35:36Z",79,"GitHub Actions 1000002496",1
24372404589,71178988372,"integration","completed","success","2026-04-13T23:36:52Z","2026-04-13T23:41:01Z",249,"spacelab-ubuntu-macmini",1
24372455812,71178874211,"build","completed","success","2026-04-13T23:36:53Z","2026-04-13T23:39:33Z",160,"deathstar",1
24372455812,71178874226,"lint","completed","success","2026-04-13T23:35:46Z","2026-04-13T23:36:12Z",26,"GitHub Actions 1000002500",1
24372455812,71178874235,"unit-test","completed","success","2026-04-13T23:35:45Z","2026-04-13T23:37:08Z",83,"GitHub Actions 1000002499",1
24372455812,71179259650,"integration","completed","success","2026-04-13T23:41:53Z","2026-04-13T23:46:15Z",262,"spacelab-ubuntu-macmini",1
24372753450,71179746362,"unit-test","completed","success","2026-04-13T23:44:23Z","2026-04-13T23:45:54Z",91,"GitHub Actions 1000002501",1
24372753450,71179746366,"build","completed","success","2026-04-13T23:44:22Z","2026-04-13T23:46:58Z",156,"deathstar",1
24372753450,71179746369,"lint","completed","success","2026-04-13T23:44:22Z","2026-04-13T23:44:49Z",27,"GitHub Actions 1000002502",1
24372753450,71180010417,"integration","completed","success","2026-04-13T23:47:00Z","2026-04-13T23:51:25Z",265,"spacelab-ubuntu-macmini",1
24372762493,71179772867,"unit-test","completed","success","2026-04-13T23:44:40Z","2026-04-13T23:46:01Z",81,"GitHub Actions 1000002503",1
24372762493,71179772869,"build","completed","success","2026-04-13T23:47:00Z","2026-04-13T23:49:37Z",157,"deathstar",1
24372762493,71179772876,"lint","completed","success","2026-04-13T23:44:40Z","2026-04-13T23:45:06Z",26,"GitHub Actions 1000002504",1
24372762493,71180278966,"integration","completed","success","2026-04-13T23:52:17Z","2026-04-13T23:56:41Z",264,"spacelab-ubuntu-macmini",1
24373179681,71180990384,"lint","completed","success","2026-04-13T23:56:50Z","2026-04-13T23:57:15Z",25,"GitHub Actions 1000002506",1
24373179681,71180990390,"unit-test","completed","success","2026-04-13T23:56:50Z","2026-04-13T23:58:12Z",82,"GitHub Actions 1000002507",1
24373179681,71180990391,"build","completed","success","2026-04-13T23:56:50Z","2026-04-13T23:59:27Z",157,"deathstar",1
24373179681,71181251780,"integration","completed","success","2026-04-13T23:59:29Z","2026-04-14T00:03:53Z",264,"spacelab-ubuntu-macmini",1
24377322274,71193426512,"lint","completed","success","2026-04-14T02:15:13Z","2026-04-14T02:15:41Z",28,"GitHub Actions 1000002510",1
24377322274,71193426527,"unit-test","completed","success","2026-04-14T02:15:14Z","2026-04-14T02:16:45Z",91,"GitHub Actions 1000002511",1
24377322274,71193426536,"build","completed","success","2026-04-14T02:15:12Z","2026-04-14T02:17:55Z",163,"deathstar",1
24377322274,71193661900,"integration","completed","success","2026-04-14T02:17:58Z","2026-04-14T02:22:24Z",266,"spacelab-ubuntu-macmini",1
24377533085,71367500297,"build","completed","success","2026-04-14T23:39:48Z","2026-04-14T23:43:35Z",227,"spacelab-macmini",3
24377533085,71367500464,"unit-test","completed","success","2026-04-14T02:22:33Z","2026-04-14T02:23:58Z",85,"GitHub Actions 1000002514",3
24377533085,71367500687,"lint","completed","success","2026-04-14T02:22:33Z","2026-04-14T02:22:58Z",25,"GitHub Actions 1000002513",3
24377533085,71367853616,"integration","completed","success","2026-04-14T23:43:37Z","2026-04-14T23:48:01Z",264,"spacelab-ubuntu-macmini",3
24379583667,71200081260,"lint","completed","success","2026-04-14T03:34:47Z","2026-04-14T03:35:19Z",32,"GitHub Actions 1000002517",1
24379583667,71200081265,"build","completed","success","2026-04-14T03:34:46Z","2026-04-14T03:37:22Z",156,"deathstar",1
24379583667,71200081280,"unit-test","completed","success","2026-04-14T03:34:48Z","2026-04-14T03:36:12Z",84,"GitHub Actions 1000002518",1
24379583667,71200283516,"integration","completed","success","2026-04-14T03:37:25Z","2026-04-14T03:41:51Z",266,"spacelab-ubuntu-macmini",1
24385348373,71217808018,"build","completed","failure","2026-04-14T06:54:33Z","2026-04-14T06:56:42Z",129,"deathstar",1
24385348373,71217808042,"lint","completed","success","2026-04-14T06:54:33Z","2026-04-14T06:55:00Z",27,"GitHub Actions 1000002519",1
24385348373,71217808043,"unit-test","completed","success","2026-04-14T06:54:33Z","2026-04-14T06:55:59Z",86,"GitHub Actions 1000002520",1
24385348373,71218053871,"integration","completed","skipped","2026-04-14T06:56:42Z","2026-04-14T06:56:42Z",0,,1
24480063842,71542199622,"build","completed","failure","2026-04-15T21:46:40Z","2026-04-15T21:48:13Z",93,"deathstar",1
24480063842,71542199629,"unit-test","completed","success","2026-04-15T21:46:40Z","2026-04-15T21:48:10Z",90,"GitHub Actions 1000002522",1
24480063842,71542199638,"lint","completed","success","2026-04-15T21:46:40Z","2026-04-15T21:47:05Z",25,"GitHub Actions 1000002521",1
24480063842,71542411075,"integration","completed","skipped","2026-04-15T21:48:14Z","2026-04-15T21:48:14Z",0,,1
24482493092,71550038836,"lint","completed","success","2026-04-15T22:52:33Z","2026-04-15T22:52:57Z",24,"GitHub Actions 1000002523",1
24482493092,71550038838,"unit-test","completed","success","2026-04-15T22:52:33Z","2026-04-15T22:54:08Z",95,"GitHub Actions 1000002524",1
24482493092,71550038880,"build","completed","failure","2026-04-15T22:52:33Z","2026-04-15T22:54:46Z",133,"deathstar",1
24482493092,71550269392,"integration","completed","skipped","2026-04-15T22:54:46Z","2026-04-15T22:54:46Z",0,,1
24482814586,71551039956,"lint","completed","success","2026-04-15T23:02:21Z","2026-04-15T23:02:50Z",29,"GitHub Actions 1000002525",1
24482814586,71551039959,"unit-test","completed","success","2026-04-15T23:02:21Z","2026-04-15T23:03:42Z",81,"GitHub Actions 1000002526",1
24482814586,71551039965,"build","completed","success","2026-04-15T23:02:21Z","2026-04-15T23:06:17Z",236,"deathstar",1
24482814586,71551434652,"integration","completed","failure","2026-04-15T23:06:19Z","2026-04-15T23:11:23Z",304,"spacelab-ubuntu-macmini",1
24482935768,71551398943,"build","completed","failure","2026-04-15T23:05:57Z","2026-04-15T23:08:19Z",142,"spacelab-macmini",1
24482935768,71551398952,"unit-test","completed","success","2026-04-15T23:05:58Z","2026-04-15T23:07:26Z",88,"GitHub Actions 1000002527",1
24482935768,71551398964,"lint","completed","success","2026-04-15T23:05:59Z","2026-04-15T23:06:29Z",30,"GitHub Actions 1000002528",1
24482935768,71551640291,"integration","completed","skipped","2026-04-15T23:08:19Z","2026-04-15T23:08:19Z",0,,1
24483349629,71552680366,"unit-test","completed","failure","2026-04-15T23:18:49Z","2026-04-15T23:20:19Z",90,"GitHub Actions 1000002529",1
24483349629,71552680373,"build","completed","success","2026-04-15T23:18:49Z","2026-04-15T23:21:53Z",184,"deathstar",1
24483349629,71552680376,"lint","completed","success","2026-04-15T23:18:49Z","2026-04-15T23:19:19Z",30,"GitHub Actions 1000002530",1
24483349629,71553001695,"integration","completed","success","2026-04-15T23:21:56Z","2026-04-15T23:26:22Z",266,"spacelab-ubuntu-macmini",1
24496903060,71593877400,"build","completed","success","2026-04-16T07:05:09Z","2026-04-16T07:08:07Z",178,"deathstar",1
24496903060,71593877405,"lint","completed","success","2026-04-16T07:05:12Z","2026-04-16T07:05:42Z",30,"GitHub Actions 1000002532",1
24496903060,71593877412,"unit-test","completed","success","2026-04-16T07:05:12Z","2026-04-16T07:06:44Z",92,"GitHub Actions 1000002533",1
24496903060,71594233803,"integration","completed","success","2026-04-16T07:08:09Z","2026-04-16T07:12:34Z",265,"spacelab-ubuntu-macmini",1
24497473582,72444805131,"integration","completed","failure","2026-04-22T05:01:33Z","2026-04-22T05:07:11Z",338,"spacelab-ubuntu-macmini",2
24497473582,72444805284,"unit-test","completed","success","2026-04-16T07:20:32Z","2026-04-16T07:21:55Z",83,"GitHub Actions 1000002535",2
24497473582,72444805395,"build","completed","success","2026-04-16T07:20:31Z","2026-04-16T07:23:06Z",155,"deathstar",2
24497473582,72444805475,"yamcs-build","completed","skipped","2026-04-22T05:01:30Z","2026-04-16T07:23:06Z",-509904,,2
24497473582,72444817238,"lint","completed","success","2026-04-16T07:20:30Z","2026-04-16T07:20:58Z",28,"GitHub Actions 1000002534",2
24574584679,71856443715,"unit-test","completed","failure","2026-04-17T16:03:10Z","2026-04-17T16:04:36Z",86,"GitHub Actions 1000002536",1
24574584679,71856443723,"lint","completed","failure","2026-04-17T16:03:10Z","2026-04-17T16:03:42Z",32,"GitHub Actions 1000002537",1
24574584679,71856443733,"build","completed","success","2026-04-17T16:03:10Z","2026-04-17T16:05:58Z",168,"deathstar",1
24574584679,71856875625,"integration","completed","success","2026-04-17T16:06:00Z","2026-04-17T16:10:28Z",268,"spacelab-ubuntu-macmini",1
24575844807,71860810665,"lint","completed","failure","2026-04-17T16:32:33Z","2026-04-17T16:33:01Z",28,"GitHub Actions 1000002538",1
24575844807,71860810675,"unit-test","completed","failure","2026-04-17T16:32:33Z","2026-04-17T16:34:07Z",94,"GitHub Actions 1000002539",1
24575844807,71860810677,"build","completed","success","2026-04-17T16:32:33Z","2026-04-17T16:36:18Z",225,"spacelab-macmini",1
24575844807,71861354438,"integration","completed","success","2026-04-17T16:36:20Z","2026-04-17T16:40:47Z",267,"spacelab-ubuntu-macmini",1
24589087523,71905745788,"build","completed","success","2026-04-17T22:17:15Z","2026-04-17T22:20:54Z",219,"spacelab-macmini",1
24589087523,71905745789,"lint","completed","failure","2026-04-17T22:17:15Z","2026-04-17T22:17:39Z",24,"GitHub Actions 1000002540",1
24589087523,71905745799,"unit-test","completed","failure","2026-04-17T22:17:16Z","2026-04-17T22:18:47Z",91,"GitHub Actions 1000002541",1
24589087523,71906108572,"integration","completed","success","2026-04-17T22:20:57Z","2026-04-17T22:25:22Z",265,"spacelab-ubuntu-macmini",1
24589251254,71906263389,"lint","completed","success","2026-04-17T22:22:37Z","2026-04-17T22:23:06Z",29,"GitHub Actions 1000002542",1
24589251254,71906263393,"unit-test","completed","success","2026-04-17T22:22:36Z","2026-04-17T22:23:59Z",83,"GitHub Actions 1000002543",1
24589251254,71906263404,"build","completed","success","2026-04-17T22:22:36Z","2026-04-17T22:26:13Z",217,"spacelab-macmini",1
24589251254,71906609906,"integration","completed","success","2026-04-17T22:26:16Z","2026-04-17T22:30:41Z",265,"spacelab-ubuntu-macmini",1
24589993203,71908512780,"unit-test","completed","success","2026-04-17T22:46:49Z","2026-04-17T22:48:15Z",86,"GitHub Actions 1000002548",1
24589993203,71908512782,"lint","completed","success","2026-04-17T22:46:49Z","2026-04-17T22:47:18Z",29,"GitHub Actions 1000002549",1
24589993203,71908512787,"build","completed","success","2026-04-17T22:46:49Z","2026-04-17T22:50:27Z",218,"spacelab-macmini",1
24589993203,71908840459,"integration","completed","success","2026-04-17T22:50:29Z","2026-04-17T22:54:55Z",266,"spacelab-ubuntu-macmini",1
24607721629,73011703463,"lint","completed","success","2026-04-18T15:21:42Z","2026-04-18T15:22:13Z",31,"GitHub Actions 1000002551",4
24607721629,73011703479,"integration","completed","success","2026-04-25T13:40:11Z","2026-04-25T13:44:37Z",266,"spacelab-ubuntu-macmini",4
24607721629,73011703499,"build","completed","success","2026-04-18T15:21:42Z","2026-04-18T15:24:36Z",174,"deathstar",4
24607721629,73011703526,"unit-test","completed","success","2026-04-18T15:21:42Z","2026-04-18T15:23:15Z",93,"GitHub Actions 1000002550",4
24610319731,71963453968,"unit-test","completed","success","2026-04-18T17:45:51Z","2026-04-18T17:47:13Z",82,"GitHub Actions 1000002554",1
24610319731,71963453971,"lint","completed","success","2026-04-18T17:45:51Z","2026-04-18T17:46:16Z",25,"GitHub Actions 1000002555",1
24610319731,71963453983,"build","completed","failure","2026-04-18T17:45:51Z","2026-04-18T17:48:24Z",153,"spacelab-macmini",1
24610319731,71963579208,"integration","completed","skipped","2026-04-18T17:48:24Z","2026-04-18T17:48:24Z",0,,1
24761120461,72444858269,"unit-test","completed","success","2026-04-22T05:02:09Z","2026-04-22T05:03:37Z",88,"GitHub Actions 1000002556",1
24761120461,72444858270,"lint","completed","success","2026-04-22T05:02:09Z","2026-04-22T05:02:39Z",30,"GitHub Actions 1000002557",1
24761120461,72444858287,"build","completed","success","2026-04-22T05:02:08Z","2026-04-22T05:05:54Z",226,"spacelab-macmini",1
24761120461,72445204683,"integration","completed","failure","2026-04-22T05:07:12Z","2026-04-22T05:12:42Z",330,"spacelab-ubuntu-macmini",1
24761120461,72445204902,"yamcs-build","completed","skipped","2026-04-22T05:05:54Z","2026-04-22T05:05:54Z",0,,1
24761715373,72798918945,"integration","completed","failure","2026-04-24T00:00:32Z","2026-04-24T00:00:57Z",25,"spacelab-ubuntu-macmini",4
24761715373,72798919315,"yamcs-build","completed","skipped","2026-04-24T00:00:31Z","2026-04-22T05:25:29Z",-153302,,4
24761715373,72798931893,"build","completed","success","2026-04-22T05:22:45Z","2026-04-22T05:25:29Z",164,"deathstar",4
24761715373,72798932331,"unit-test","completed","success","2026-04-22T05:22:45Z","2026-04-22T05:24:08Z",83,"GitHub Actions 1000002559",4
24761715373,72798933324,"lint","completed","success","2026-04-22T05:22:45Z","2026-04-22T05:23:17Z",32,"GitHub Actions 1000002558",4
24865126444,72799345043,"build","completed","cancelled","2026-04-24T00:05:10Z","2026-04-24T00:05:44Z",34,"spacelab-macmini",1
24865126444,72799345053,"unit-test","completed","cancelled","2026-04-24T00:05:10Z","2026-04-24T00:05:54Z",44,"GitHub Actions 1000002561",1
24865126444,72799345054,"lint","completed","cancelled","2026-04-24T00:05:10Z","2026-04-24T00:05:47Z",37,"GitHub Actions 1000002560",1
24865126444,72799403129,"yamcs-build","completed","cancelled","2026-04-24T00:05:45Z","2026-04-24T00:05:44Z",-1,,1
24865126444,72799403131,"integration","completed","cancelled","2026-04-24T00:05:45Z","2026-04-24T00:05:44Z",-1,,1
24865195633,72827036413,"integration","completed","failure","2026-04-24T05:39:29Z","2026-04-24T05:45:01Z",332,"spacelab-ubuntu-macmini",2
24865195633,72827036494,"lint","completed","success","2026-04-24T00:07:26Z","2026-04-24T00:07:53Z",27,"GitHub Actions 1000002563",2
24865195633,72827036670,"build","completed","success","2026-04-24T00:07:25Z","2026-04-24T00:11:11Z",226,"spacelab-macmini",2
24865195633,72827036804,"yamcs-build","completed","skipped","2026-04-24T05:39:28Z","2026-04-24T00:11:11Z",-19697,,2
24865195633,72827046420,"unit-test","completed","success","2026-04-24T00:07:25Z","2026-04-24T00:08:50Z",85,"GitHub Actions 1000002562",2
24940247360,73032665178,"lint","completed","success","2026-04-25T20:43:38Z","2026-04-25T20:44:04Z",26,"GitHub Actions 1000002564",1
24940247360,73032665183,"build","completed","success","2026-04-25T20:43:38Z","2026-04-25T20:46:19Z",161,"deathstar",1
24940247360,73032665190,"unit-test","completed","success","2026-04-25T20:43:38Z","2026-04-25T20:45:01Z",83,"GitHub Actions 1000002565",1
24940247360,73032803530,"integration","completed","failure","2026-04-25T20:46:21Z","2026-04-25T20:46:35Z",14,"spacelab-ubuntu-macmini",1
24940393190,73033048863,"build","completed","success","2026-04-25T20:51:26Z","2026-04-25T20:55:02Z",216,"spacelab-macmini",1
24940393190,73033048867,"unit-test","completed","success","2026-04-25T20:51:26Z","2026-04-25T20:52:49Z",83,"GitHub Actions 1000002566",1
24940393190,73033048871,"lint","completed","success","2026-04-25T20:51:26Z","2026-04-25T20:51:53Z",27,"GitHub Actions 1000002567",1
24940393190,73033220950,"integration","completed","failure","2026-04-25T20:55:04Z","2026-04-25T20:55:17Z",13,"spacelab-ubuntu-macmini",1
24940488064,75260854683,"build","completed","success","2026-04-25T20:56:25Z","2026-04-25T20:59:58Z",213,"spacelab-macmini",2
24940488064,75260854710,"integration","completed","failure","2026-05-10T21:56:22Z","2026-05-10T22:00:57Z",275,"spacelab-ubuntu-macmini",2
24940488064,75260854744,"lint","completed","success","2026-04-25T20:56:27Z","2026-04-25T20:56:58Z",31,"GitHub Actions 1000002568",2
24940488064,75260858964,"unit-test","completed","success","2026-04-25T20:56:25Z","2026-04-25T20:57:46Z",81,"GitHub Actions 1000002569",2
24942220927,73037725732,"lint","completed","success","2026-04-25T22:30:50Z","2026-04-25T22:31:15Z",25,"GitHub Actions 1000002572",1
24942220927,73037725736,"build","completed","success","2026-04-25T22:30:50Z","2026-04-25T22:33:34Z",164,"deathstar",1
24942220927,73037725739,"unit-test","completed","success","2026-04-25T22:30:50Z","2026-04-25T22:32:17Z",87,"GitHub Actions 1000002573",1
24942220927,73037852022,"integration","completed","failure","2026-04-25T22:48:46Z","2026-04-25T22:49:24Z",38,"spacelab-ubuntu-macmini",1
24942273398,75194643002,"lint","completed","success","2026-04-25T22:33:45Z","2026-04-25T22:34:11Z",26,"GitHub Actions 1000002574",11
24942273398,75194643048,"integration","completed","success","2026-05-10T01:06:52Z","2026-05-10T01:11:29Z",277,"spacelab-ubuntu-macmini",11
24942273398,75194647520,"build","completed","success","2026-04-25T22:33:45Z","2026-04-25T22:36:23Z",158,"deathstar",11
24942273398,75194650654,"unit-test","completed","success","2026-04-25T22:33:45Z","2026-04-25T22:35:06Z",81,"GitHub Actions 1000002575",11
24943337040,73040486979,"unit-test","completed","success","2026-04-25T23:36:09Z","2026-04-25T23:37:31Z",82,"GitHub Actions 1000002578",1
24943337040,73040486981,"lint","completed","success","2026-04-25T23:36:10Z","2026-04-25T23:36:39Z",29,"GitHub Actions 1000002579",1
24943337040,73040486987,"build","completed","success","2026-04-25T23:36:09Z","2026-04-25T23:39:46Z",217,"spacelab-macmini",1
24943337040,73040630007,"integration","completed","failure","2026-04-26T02:05:11Z","2026-04-26T02:06:48Z",97,"spacelab-ubuntu-macmini",1
24943512143,73040897012,"lint","completed","failure","2026-04-25T23:45:56Z","2026-04-25T23:46:26Z",30,"GitHub Actions 1000002580",1
24943512143,73040897013,"unit-test","completed","success","2026-04-25T23:45:55Z","2026-04-25T23:47:18Z",83,"GitHub Actions 1000002581",1
24943512143,73040897014,"build","completed","success","2026-04-25T23:45:55Z","2026-04-25T23:48:43Z",168,"deathstar",1
24943512143,73041020805,"integration","completed","failure","2026-04-26T02:07:39Z","2026-04-26T02:09:11Z",92,"spacelab-ubuntu-macmini",1
24943628824,73041165056,"lint","completed","success","2026-04-25T23:52:09Z","2026-04-25T23:52:39Z",30,"GitHub Actions 1000002582",1
24943628824,73041165060,"build","completed","success","2026-04-25T23:52:08Z","2026-04-25T23:54:55Z",167,"deathstar",1
24943628824,73041165067,"unit-test","completed","success","2026-04-25T23:52:09Z","2026-04-25T23:53:37Z",88,"GitHub Actions 1000002583",1
24943628824,73041275035,"integration","completed","cancelled","2026-04-25T23:54:55Z","2026-04-26T00:00:26Z",331,"",1
24945949031,73049276539,"unit-test","completed","success","2026-04-26T02:08:29Z","2026-04-26T02:10:01Z",92,"GitHub Actions 1000002584",6
24945949031,73049276564,"integration","completed","success","2026-04-26T02:53:48Z","2026-04-26T03:07:42Z",834,"spacelab-ubuntu-macmini",6
24945949031,73049276566,"build","completed","success","2026-04-26T02:08:28Z","2026-04-26T02:11:07Z",159,"deathstar",6
24945949031,73049276644,"lint","completed","success","2026-04-26T02:08:29Z","2026-04-26T02:08:57Z",28,"GitHub Actions 1000002585",6
24946992752,73081555878,"lint","completed","success","2026-04-26T03:11:35Z","2026-04-26T03:12:05Z",30,"GitHub Actions 1000002586",2
24946992752,73081555917,"integration","completed","failure","2026-04-26T14:15:58Z","2026-04-26T14:29:36Z",818,"spacelab-ubuntu-macmini",2
24946992752,73081555976,"unit-test","completed","success","2026-04-26T03:11:36Z","2026-04-26T03:13:13Z",97,"GitHub Actions 1000002587",2
24946992752,73081555997,"build","completed","success","2026-04-26T03:11:35Z","2026-04-26T03:14:13Z",158,"deathstar",2
24959310637,73092020201,"integration","completed","failure","2026-04-26T17:29:47Z","2026-04-26T17:41:51Z",724,"spacelab-ubuntu-macmini",5
24959310637,73092020322,"lint","completed","success","2026-04-26T14:43:48Z","2026-04-26T14:44:12Z",24,"GitHub Actions 1000002589",5
24959310637,73092025531,"unit-test","completed","success","2026-04-26T14:43:48Z","2026-04-26T14:45:12Z",84,"GitHub Actions 1000002588",5
24959310637,73092026076,"build","completed","success","2026-04-26T14:43:48Z","2026-04-26T14:46:21Z",153,"deathstar",5
24963082963,75194999979,"integration","completed","failure","2026-05-10T01:14:29Z","2026-05-10T01:16:03Z",94,"spacelab-ubuntu-macmini",8
24963082963,75195000035,"unit-test","completed","success","2026-04-26T17:48:35Z","2026-04-26T17:49:58Z",83,"GitHub Actions 1000002590",8
24963082963,75195000083,"lint","completed","success","2026-04-26T17:48:35Z","2026-04-26T17:49:03Z",28,"GitHub Actions 1000002591",8
24963082963,75195000101,"build","completed","success","2026-04-26T17:48:35Z","2026-04-26T17:51:13Z",158,"deathstar",8
24967850450,73105639904,"lint","completed","success","2026-04-26T21:47:03Z","2026-04-26T21:47:27Z",24,"GitHub Actions 1000002592",1
24967850450,73105639908,"unit-test","completed","success","2026-04-26T21:47:04Z","2026-04-26T21:48:35Z",91,"GitHub Actions 1000002593",1
24967850450,73105639911,"build","completed","failure","2026-04-26T21:47:02Z","2026-04-26T21:49:18Z",136,"spacelab-macmini",1
24967850450,73105751166,"integration","completed","skipped","2026-04-26T21:49:18Z","2026-04-26T21:49:18Z",0,,1
25234111360,73996317655,"lint","completed","success","2026-05-01T21:33:03Z","2026-05-01T21:33:27Z",24,"GitHub Actions 1000002594",1
25234111360,73996317666,"unit-test","completed","failure","2026-05-01T21:33:09Z","2026-05-01T21:34:22Z",73,"GitHub Actions 1000002595",1
25234111360,73996317679,"build","completed","success","2026-05-01T21:33:03Z","2026-05-01T21:35:55Z",172,"deathstar",1
25234111360,73996632228,"integration","completed","failure","2026-05-01T23:09:40Z","2026-05-01T23:09:57Z",17,"spacelab-ubuntu-macmini",1
25234304471,74002169113,"unit-test","completed","failure","2026-05-01T22:31:26Z","2026-05-01T22:32:41Z",75,"GitHub Actions 1000002598",2
25234304471,74002169231,"lint","completed","success","2026-05-01T21:38:51Z","2026-05-01T21:39:19Z",28,"GitHub Actions 1000002596",2
25234304471,74002169469,"integration","completed","cancelled","2026-05-01T22:31:18Z","2026-05-01T22:31:09Z",-9,,2
25234304471,74002180181,"build","completed","success","2026-05-01T21:38:45Z","2026-05-01T21:41:27Z",162,"deathstar",2
25236201737,74002834652,"unit-test","completed","failure","2026-05-01T22:38:50Z","2026-05-01T22:40:31Z",101,"GitHub Actions 1000002599",1
25236201737,74002834655,"build","completed","success","2026-05-01T22:38:50Z","2026-05-01T22:42:34Z",224,"spacelab-macmini",1
25236201737,74002834664,"lint","completed","success","2026-05-01T22:38:51Z","2026-05-01T22:39:20Z",29,"GitHub Actions 1000002600",1
25236201737,74003161269,"integration","completed","failure","2026-05-01T23:10:48Z","2026-05-01T23:11:02Z",14,"spacelab-ubuntu-macmini",1
25236508137,74003762037,"unit-test","completed","failure","2026-05-01T22:49:26Z","2026-05-01T22:51:17Z",111,"GitHub Actions 1000002601",1
25236508137,74003762043,"lint","completed","success","2026-05-01T22:49:26Z","2026-05-01T22:49:56Z",30,"GitHub Actions 1000002602",1
25236508137,74003762069,"build","completed","success","2026-05-01T22:49:27Z","2026-05-01T22:52:03Z",156,"deathstar",1
25236508137,74003990764,"integration","completed","failure","2026-05-01T23:11:04Z","2026-05-01T23:11:16Z",12,"spacelab-ubuntu-macmini",1
25236893116,74004906524,"build","completed","success","2026-05-01T23:03:10Z","2026-05-01T23:06:45Z",215,"spacelab-macmini",1
25236893116,74004906532,"lint","completed","success","2026-05-01T23:03:16Z","2026-05-01T23:03:42Z",26,"GitHub Actions 1000002604",1
25236893116,74004906540,"unit-test","completed","failure","2026-05-01T23:03:17Z","2026-05-01T23:05:10Z",113,"GitHub Actions 1000002603",1
25236893116,74005197234,"integration","completed","failure","2026-05-01T23:11:18Z","2026-05-01T23:11:30Z",12,"spacelab-ubuntu-macmini",1
25237530117,74006784780,"lint","completed","success","2026-05-01T23:26:39Z","2026-05-01T23:27:05Z",26,"GitHub Actions 1000002605",1
25237530117,74006784784,"unit-test","completed","success","2026-05-01T23:26:33Z","2026-05-01T23:28:10Z",97,"GitHub Actions 1000002606",1
25237530117,74006784788,"build","completed","success","2026-05-01T23:26:32Z","2026-05-01T23:29:18Z",166,"deathstar",1
25237530117,74006991199,"integration","completed","failure","2026-05-01T23:29:20Z","2026-05-01T23:29:32Z",12,"spacelab-ubuntu-macmini",1
25237660964,74167232656,"integration","completed","failure","2026-05-04T04:18:27Z","2026-05-04T04:18:41Z",14,"spacelab-ubuntu-macmini",2
25237660964,74167232663,"lint","completed","success","2026-05-01T23:31:27Z","2026-05-01T23:31:54Z",27,"GitHub Actions 1000002608",2
25237660964,74167232709,"build","completed","success","2026-05-01T23:31:27Z","2026-05-01T23:34:02Z",155,"deathstar",2
25237660964,74167244041,"unit-test","completed","success","2026-05-01T23:31:27Z","2026-05-01T23:32:59Z",92,"GitHub Actions 1000002607",2
25240550750,74015513517,"unit-test","completed","failure","2026-05-02T01:37:49Z","2026-05-02T01:39:29Z",100,"GitHub Actions 1000002609",1
25240550750,74015513520,"lint","completed","success","2026-05-02T01:37:48Z","2026-05-02T01:38:13Z",25,"GitHub Actions 1000002610",1
25240550750,74015513522,"build","completed","success","2026-05-02T01:37:48Z","2026-05-02T01:40:30Z",162,"deathstar",1
25240550750,74015679800,"integration","completed","failure","2026-05-02T01:40:32Z","2026-05-02T01:40:45Z",13,"spacelab-ubuntu-macmini",1
25240603572,74015662690,"unit-test","completed","success","2026-05-02T01:40:16Z","2026-05-02T01:42:04Z",108,"GitHub Actions 1000002612",1
25240603572,74015662692,"lint","completed","success","2026-05-02T01:40:16Z","2026-05-02T01:40:45Z",29,"GitHub Actions 1000002611",1
25240603572,74015662694,"build","completed","success","2026-05-02T01:40:15Z","2026-05-02T01:43:51Z",216,"spacelab-macmini",1
25240603572,74015869769,"integration","completed","failure","2026-05-02T01:43:53Z","2026-05-02T01:44:05Z",12,"spacelab-ubuntu-macmini",1
25302553084,74171960304,"lint","completed","success","2026-05-04T05:24:19Z","2026-05-04T05:24:49Z",30,"GitHub Actions 1000002615",1
25302553084,74171960312,"build","completed","success","2026-05-04T05:24:13Z","2026-05-04T05:27:52Z",219,"spacelab-macmini",1
25302553084,74171960328,"unit-test","completed","success","2026-05-04T05:24:14Z","2026-05-04T05:25:46Z",92,"GitHub Actions 1000002616",1
25302553084,74172238613,"integration","completed","cancelled","2026-05-04T05:27:54Z","2026-05-04T05:28:07Z",13,"spacelab-ubuntu-macmini",1
25352369786,74334570597,"unit-test","completed","success","2026-05-05T01:07:23Z","2026-05-05T01:08:54Z",91,"GitHub Actions 1000002617",1
25352369786,74334570605,"build","completed","success","2026-05-05T01:07:23Z","2026-05-05T01:11:00Z",217,"spacelab-macmini",1
25352369786,74334570606,"lint","completed","success","2026-05-05T01:07:23Z","2026-05-05T01:07:53Z",30,"GitHub Actions 1000002618",1
25352369786,74334892017,"integration","completed","failure","2026-05-05T01:11:03Z","2026-05-05T01:11:15Z",12,"spacelab-ubuntu-macmini",1
25352667347,74335463977,"unit-test","completed","success","2026-05-05T01:17:54Z","2026-05-05T01:19:21Z",87,"GitHub Actions 1000002619",1
25352667347,74335463996,"build","completed","success","2026-05-05T01:17:54Z","2026-05-05T01:20:43Z",169,"deathstar",1
25352667347,74335464017,"lint","completed","success","2026-05-05T01:18:00Z","2026-05-05T01:18:27Z",27,"GitHub Actions 1000002620",1
25352667347,74335696662,"integration","completed","failure","2026-05-05T01:20:45Z","2026-05-05T01:20:58Z",13,"spacelab-ubuntu-macmini",1
25352757289,74335722175,"unit-test","completed","success","2026-05-05T01:21:07Z","2026-05-05T01:22:35Z",88,"GitHub Actions 1000002621",1
25352757289,74335722184,"build","completed","success","2026-05-05T01:21:06Z","2026-05-05T01:23:44Z",158,"deathstar",1
25352757289,74335722187,"lint","completed","success","2026-05-05T01:21:06Z","2026-05-05T01:21:33Z",27,"GitHub Actions 1000002622",1
25352757289,74335941757,"integration","completed","failure","2026-05-05T01:23:46Z","2026-05-05T01:24:00Z",14,"spacelab-ubuntu-macmini",1
25353770558,74338707336,"build","completed","success","2026-05-05T01:57:11Z","2026-05-05T02:00:48Z",217,"spacelab-macmini",1
25353770558,74338707342,"lint","completed","success","2026-05-05T01:57:12Z","2026-05-05T01:57:38Z",26,"GitHub Actions 1000002623",1
25353770558,74338707344,"unit-test","completed","success","2026-05-05T01:57:18Z","2026-05-05T01:58:39Z",81,"GitHub Actions 1000002624",1
25353770558,74339004973,"integration","completed","failure","2026-05-05T02:00:50Z","2026-05-05T02:01:03Z",13,"spacelab-ubuntu-macmini",1
25410183953,74529978867,"unit-test","completed","success","2026-05-06T00:38:51Z","2026-05-06T00:40:26Z",95,"GitHub Actions 1000002625",1
25410183953,74529978870,"build","completed","success","2026-05-06T00:38:43Z","2026-05-06T00:42:22Z",219,"spacelab-macmini",1
25410183953,74529979218,"lint","completed","success","2026-05-06T00:38:51Z","2026-05-06T00:39:20Z",29,"GitHub Actions 1000002626",1
25410183953,74530319090,"integration","completed","failure","2026-05-06T00:42:24Z","2026-05-06T00:42:45Z",21,"spacelab-ubuntu-macmini",1
25410501971,74530964874,"build","completed","success","2026-05-06T00:49:39Z","2026-05-06T00:53:16Z",217,"spacelab-macmini",1
25410501971,74530964877,"lint","completed","success","2026-05-06T00:49:40Z","2026-05-06T00:50:10Z",30,"GitHub Actions 1000002627",1
25410501971,74530964885,"unit-test","completed","success","2026-05-06T00:49:46Z","2026-05-06T00:51:25Z",99,"GitHub Actions 1000002628",1
25410501971,74531290978,"integration","completed","failure","2026-05-06T00:53:18Z","2026-05-06T00:53:39Z",21,"spacelab-ubuntu-macmini",1
25410671108,74531491961,"build","completed","success","2026-05-06T00:55:31Z","2026-05-06T00:58:09Z",158,"deathstar",1
25410671108,74531492077,"lint","completed","success","2026-05-06T00:55:32Z","2026-05-06T00:56:01Z",29,"GitHub Actions 1000002629",1
25410671108,74531492295,"unit-test","completed","success","2026-05-06T00:55:32Z","2026-05-06T00:56:58Z",86,"GitHub Actions 1000002630",1
25410671108,74531723706,"integration","completed","failure","2026-05-06T00:58:11Z","2026-05-06T00:58:32Z",21,"spacelab-ubuntu-macmini",1
25410864228,74550247257,"integration","completed","failure","2026-05-06T04:44:45Z","2026-05-06T04:46:35Z",110,"spacelab-ubuntu-macmini",2
25410864228,74550247300,"build","completed","success","2026-05-06T01:02:16Z","2026-05-06T01:05:54Z",218,"spacelab-macmini",2
25410864228,74550247411,"lint","completed","success","2026-05-06T01:02:17Z","2026-05-06T01:02:47Z",30,"GitHub Actions 1000002632",2
25410864228,74550247435,"unit-test","completed","success","2026-05-06T01:02:23Z","2026-05-06T01:03:51Z",88,"GitHub Actions 1000002631",2
25468701145,74727600138,"build","completed","success","2026-05-07T00:22:28Z","2026-05-07T00:25:46Z",198,"deathstar",1
25468701145,74727600150,"unit-test","completed","success","2026-05-07T00:22:28Z","2026-05-07T00:23:53Z",85,"GitHub Actions 1000002633",1
25468701145,74727600199,"lint","completed","success","2026-05-07T00:22:34Z","2026-05-07T00:23:01Z",27,"GitHub Actions 1000002634",1
25468701145,74727943884,"integration","completed","failure","2026-05-07T00:25:49Z","2026-05-07T00:26:16Z",27,"spacelab-ubuntu-macmini",1
25475339717,74747502115,"lint","completed","success","2026-05-07T04:00:29Z","2026-05-07T04:01:00Z",31,"GitHub Actions 1000002635",1
25475339717,74747502120,"build","completed","success","2026-05-07T04:00:29Z","2026-05-07T04:03:19Z",170,"deathstar",1
25475339717,74747502141,"unit-test","completed","success","2026-05-07T04:00:29Z","2026-05-07T04:02:15Z",106,"GitHub Actions 1000002636",1
25475339717,74747749842,"integration","completed","failure","2026-05-07T04:03:21Z","2026-05-07T04:04:56Z",95,"spacelab-ubuntu-macmini",1
25475988911,74749481037,"lint","completed","success","2026-05-07T04:24:20Z","2026-05-07T04:24:45Z",25,"GitHub Actions 1000002637",1
25475988911,74749481046,"unit-test","completed","success","2026-05-07T04:24:21Z","2026-05-07T04:26:15Z",114,"GitHub Actions 1000002638",1
25475988911,74749481070,"build","completed","success","2026-05-07T04:24:20Z","2026-05-07T04:27:09Z",169,"deathstar",1
25475988911,74749726827,"integration","completed","failure","2026-05-07T04:27:12Z","2026-05-07T04:28:44Z",92,"spacelab-ubuntu-macmini",1
25476340815,74750547773,"unit-test","completed","success","2026-05-07T04:37:26Z","2026-05-07T04:39:13Z",107,"GitHub Actions 1000002639",1
25476340815,74750547782,"build","completed","success","2026-05-07T04:37:27Z","2026-05-07T04:40:10Z",163,"deathstar",1
25476340815,74750547800,"lint","completed","success","2026-05-07T04:37:27Z","2026-05-07T04:38:00Z",33,"GitHub Actions 1000002640",1
25476340815,74750755974,"integration","completed","failure","2026-05-07T04:40:13Z","2026-05-07T04:41:44Z",91,"spacelab-ubuntu-macmini",1
25477679922,74754622400,"unit-test","completed","success","2026-05-07T05:26:39Z","2026-05-07T05:28:35Z",116,"GitHub Actions 1000002641",1
25477679922,74754622402,"lint","completed","success","2026-05-07T05:26:33Z","2026-05-07T05:27:03Z",30,"GitHub Actions 1000002642",1
25477679922,74754622421,"build","completed","success","2026-05-07T05:26:32Z","2026-05-07T05:30:14Z",222,"spacelab-macmini",1
25477679922,74754968256,"integration","completed","failure","2026-05-07T05:30:16Z","2026-05-07T05:31:49Z",93,"spacelab-ubuntu-macmini",1
25478187315,74756304551,"lint","completed","success","2026-05-07T05:44:41Z","2026-05-07T05:45:08Z",27,"GitHub Actions 1000002643",1
25478187315,74756304557,"build","completed","success","2026-05-07T05:44:33Z","2026-05-07T05:48:09Z",216,"spacelab-macmini",1
25478187315,74756304559,"unit-test","completed","success","2026-05-07T05:44:35Z","2026-05-07T05:46:19Z",104,"GitHub Actions 1000002644",1
25478187315,74756618526,"integration","completed","failure","2026-05-07T05:48:12Z","2026-05-07T05:48:34Z",22,"spacelab-ubuntu-macmini",1
25481817776,75196956429,"unit-test","completed","success","2026-05-07T07:18:37Z","2026-05-07T07:20:01Z",84,"GitHub Actions 1000002646",3
25481817776,75196956445,"integration","completed","success","2026-05-10T01:56:32Z","2026-05-10T02:00:58Z",266,"spacelab-ubuntu-macmini",3
25481817776,75196956504,"build","completed","success","2026-05-07T07:18:38Z","2026-05-07T07:21:22Z",164,"deathstar",3
25481817776,75196956530,"lint","completed","success","2026-05-07T07:18:45Z","2026-05-07T07:19:16Z",31,"GitHub Actions 1000002645",3
25529908593,74933732019,"lint","completed","success","2026-05-08T00:37:38Z","2026-05-08T00:38:07Z",29,"GitHub Actions 1000002647",1
25529908593,74933732020,"build","completed","success","2026-05-08T00:37:31Z","2026-05-08T00:40:50Z",199,"deathstar",1
25529908593,74933732022,"unit-test","completed","success","2026-05-08T00:37:37Z","2026-05-08T00:38:59Z",82,"GitHub Actions 1000002648",1
25529908593,74934042777,"integration","completed","failure","2026-05-08T00:40:52Z","2026-05-08T00:42:38Z",106,"spacelab-ubuntu-macmini",1
25530127984,75120750299,"integration","completed","success","2026-05-09T01:44:43Z","2026-05-09T01:50:00Z",317,"spacelab-ubuntu-macmini",12
25530127984,75120750468,"build","completed","success","2026-05-08T00:44:54Z","2026-05-08T00:49:22Z",268,"spacelab-macmini",12
25530127984,75120756526,"unit-test","completed","success","2026-05-08T00:44:56Z","2026-05-08T00:46:27Z",91,"GitHub Actions 1000002650",12
25530127984,75120758478,"lint","completed","success","2026-05-08T00:45:03Z","2026-05-08T00:45:33Z",30,"GitHub Actions 1000002649",12
25612687912,75185433673,"lint","completed","success","2026-05-09T21:50:47Z","2026-05-09T21:51:14Z",27,"GitHub Actions 1000002651",1
25612687912,75185433675,"unit-test","completed","failure","2026-05-09T21:50:40Z","2026-05-09T21:52:29Z",109,"GitHub Actions 1000002652",1
25612687912,75185433687,"build","completed","success","2026-05-09T21:50:40Z","2026-05-09T21:53:37Z",177,"deathstar",1
25612687912,75185582220,"integration","completed","failure","2026-05-09T21:53:40Z","2026-05-09T21:54:46Z",66,"spacelab-ubuntu-macmini",1
25612974238,75186155425,"build","completed","success","2026-05-09T22:05:32Z","2026-05-09T22:08:13Z",161,"deathstar",1
25612974238,75186155426,"lint","completed","success","2026-05-09T22:05:33Z","2026-05-09T22:06:02Z",29,"GitHub Actions 1000002653",1
25612974238,75186155437,"unit-test","completed","failure","2026-05-09T22:05:32Z","2026-05-09T22:07:12Z",100,"GitHub Actions 1000002654",1
25612974238,75186285600,"integration","completed","failure","2026-05-09T22:08:15Z","2026-05-09T22:09:17Z",62,"spacelab-ubuntu-macmini",1
25616827767,75197767956,"lint","completed","success","2026-05-10T01:42:39Z","2026-05-10T01:43:10Z",31,"GitHub Actions 1000002655",4
25616827767,75197767964,"integration","completed","success","2026-05-10T02:13:21Z","2026-05-10T02:17:47Z",266,"spacelab-ubuntu-macmini",4
25616827767,75197768010,"build","completed","success","2026-05-10T01:42:38Z","2026-05-10T01:45:28Z",170,"deathstar",4
25616827767,75197773969,"unit-test","completed","success","2026-05-10T01:42:38Z","2026-05-10T01:44:10Z",92,"GitHub Actions 1000002656",4
25617213272,75197343189,"lint","completed","success","2026-05-10T02:04:45Z","2026-05-10T02:05:16Z",31,"GitHub Actions 1000002657",1
25617213272,75197343190,"build","completed","success","2026-05-10T02:04:44Z","2026-05-10T02:08:24Z",220,"spacelab-macmini",1
25617213272,75197343191,"unit-test","completed","success","2026-05-10T02:04:45Z","2026-05-10T02:06:11Z",86,"GitHub Actions 1000002658",1
25617213272,75197528416,"integration","completed","success","2026-05-10T02:08:27Z","2026-05-10T02:12:54Z",267,"spacelab-ubuntu-macmini",1
25617488435,75198021058,"lint","completed","success","2026-05-10T02:18:41Z","2026-05-10T02:19:11Z",30,"GitHub Actions 1000002661",1
25617488435,75198021061,"unit-test","completed","success","2026-05-10T02:18:40Z","2026-05-10T02:20:10Z",90,"GitHub Actions 1000002662",1
25617488435,75198021065,"build","completed","success","2026-05-10T02:18:40Z","2026-05-10T02:22:18Z",218,"spacelab-macmini",1
25617488435,75198186242,"integration","completed","success","2026-05-10T02:22:20Z","2026-05-10T02:26:46Z",266,"spacelab-ubuntu-macmini",1
25617511927,75198076137,"lint","completed","success","2026-05-10T02:19:57Z","2026-05-10T02:20:26Z",29,"GitHub Actions 1000002666",1
25617511927,75198076138,"unit-test","completed","success","2026-05-10T02:19:56Z","2026-05-10T02:21:33Z",97,"GitHub Actions 1000002665",1
25617511927,75198076139,"build","completed","success","2026-05-10T02:19:55Z","2026-05-10T02:22:33Z",158,"deathstar",1
25617511927,75198197884,"integration","completed","success","2026-05-10T02:26:47Z","2026-05-10T02:31:53Z",306,"spacelab-ubuntu-macmini",1
25617536315,75198136936,"lint","completed","success","2026-05-10T02:21:14Z","2026-05-10T02:21:39Z",25,"GitHub Actions 1000002670",1
25617536315,75198136937,"unit-test","completed","success","2026-05-10T02:21:14Z","2026-05-10T02:22:41Z",87,"GitHub Actions 1000002669",1
25617536315,75198136941,"build","completed","success","2026-05-10T02:23:10Z","2026-05-10T02:26:47Z",217,"spacelab-macmini",1
25617536315,75198391392,"integration","completed","success","2026-05-10T02:31:55Z","2026-05-10T02:36:20Z",265,"spacelab-ubuntu-macmini",1
25618083215,75199546706,"build","completed","success","2026-05-10T02:52:00Z","2026-05-10T02:55:37Z",217,"spacelab-macmini",1
25618083215,75199546711,"lint","completed","success","2026-05-10T02:52:02Z","2026-05-10T02:52:31Z",29,"GitHub Actions 1000002672",1
25618083215,75199546712,"unit-test","completed","success","2026-05-10T02:52:02Z","2026-05-10T02:53:30Z",88,"GitHub Actions 1000002671",1
25618083215,75199699634,"integration","completed","success","2026-05-10T02:55:39Z","2026-05-10T03:00:08Z",269,"spacelab-ubuntu-macmini",1
25618218035,75199911042,"build","completed","success","2026-05-10T03:00:15Z","2026-05-10T03:03:52Z",217,"spacelab-macmini",1
25618218035,75199911044,"unit-test","completed","success","2026-05-10T03:00:16Z","2026-05-10T03:01:47Z",91,"GitHub Actions 1000002674",1
25618218035,75199911046,"lint","completed","success","2026-05-10T03:00:15Z","2026-05-10T03:00:43Z",28,"GitHub Actions 1000002673",1
25618218035,75200111377,"integration","completed","success","2026-05-10T03:03:54Z","2026-05-10T03:08:20Z",266,"spacelab-ubuntu-macmini",1
25621295888,75258511268,"build","completed","success","2026-05-10T21:13:49Z","2026-05-10T21:16:30Z",161,"deathstar",2
25621295888,75258511270,"lint","completed","success","2026-05-10T21:13:49Z","2026-05-10T21:14:14Z",25,"GitHub Actions 1000002689",2
25621295888,75258511271,"unit-test","completed","success","2026-05-10T21:13:50Z","2026-05-10T21:15:24Z",94,"GitHub Actions 1000002688",2
25621295888,75258674607,"integration","completed","failure","2026-05-10T21:16:32Z","2026-05-10T21:21:08Z",276,"spacelab-ubuntu-macmini",2
25621344985,75208483746,"lint","completed","success","2026-05-10T06:00:56Z","2026-05-10T06:01:27Z",31,"GitHub Actions 1000002679",1
25621344985,75208483747,"build","completed","success","2026-05-10T06:00:56Z","2026-05-10T06:03:37Z",161,"deathstar",1
25621344985,75208483754,"unit-test","completed","success","2026-05-10T06:01:02Z","2026-05-10T06:02:31Z",89,"GitHub Actions 1000002680",1
25621344985,75208624116,"integration","completed","failure","2026-05-10T06:07:13Z","2026-05-10T06:12:43Z",330,"spacelab-ubuntu-macmini",1
25621344985,75208624246,"yamcs-build","completed","skipped","2026-05-10T06:03:38Z","2026-05-10T06:03:38Z",0,,1
25621823155,75210080333,"integration","completed","cancelled","2026-05-10T06:33:51Z","2026-05-10T06:36:02Z",131,"spacelab-ubuntu-macmini",2
25621823155,75210080456,"yamcs-build","completed","skipped","2026-05-10T06:33:50Z","2026-05-10T06:30:32Z",-198,,2
25621823155,75210080460,"lint","completed","success","2026-05-10T06:27:54Z","2026-05-10T06:28:30Z",36,"GitHub Actions 1000002682",2
25621823155,75210080499,"build","completed","success","2026-05-10T06:27:55Z","2026-05-10T06:30:32Z",157,"deathstar",2
25621823155,75210085360,"unit-test","completed","success","2026-05-10T06:27:55Z","2026-05-10T06:29:31Z",96,"GitHub Actions 1000002683",2
25621846939,75278158816,"build","completed","success","2026-05-11T02:29:40Z","2026-05-11T02:33:16Z",216,"spacelab-macmini",2
25621846939,75278158818,"unit-test","completed","success","2026-05-11T02:29:41Z","2026-05-11T02:31:21Z",100,"GitHub Actions 1000002709",2
25621846939,75278158822,"lint","completed","success","2026-05-11T02:29:41Z","2026-05-11T02:30:09Z",28,"GitHub Actions 1000002708",2
25621846939,75278433778,"integration","completed","success","2026-05-11T02:33:18Z","2026-05-11T02:37:41Z",263,"spacelab-ubuntu-macmini",2
25622022064,75210320324,"unit-test","completed","success","2026-05-10T06:39:17Z","2026-05-10T06:40:44Z",87,"GitHub Actions 1000002685",1
25622022064,75210320328,"lint","completed","success","2026-05-10T06:39:17Z","2026-05-10T06:39:45Z",28,"GitHub Actions 1000002684",1
25622022064,75210320331,"build","completed","success","2026-05-10T06:39:16Z","2026-05-10T06:41:52Z",156,"deathstar",1
25622022064,75210443280,"integration","completed","failure","2026-05-10T06:41:54Z","2026-05-10T06:46:32Z",278,"spacelab-ubuntu-macmini",1
25622022064,75210443350,"yamcs-build","completed","skipped","2026-05-10T06:41:52Z","2026-05-10T06:41:52Z",0,,1
25623019930,75213007739,"unit-test","completed","success","2026-05-10T07:33:53Z","2026-05-10T07:35:26Z",93,"GitHub Actions 1000002687",1
25623019930,75213007745,"lint","completed","success","2026-05-10T07:33:53Z","2026-05-10T07:34:25Z",32,"GitHub Actions 1000002686",1
25623019930,75213007750,"build","completed","success","2026-05-10T07:33:53Z","2026-05-10T07:36:34Z",161,"deathstar",1
25623019930,75213138546,"integration","completed","failure","2026-05-10T07:36:36Z","2026-05-10T07:42:01Z",325,"spacelab-ubuntu-macmini",1
25623019930,75213138678,"yamcs-build","completed","skipped","2026-05-10T07:36:34Z","2026-05-10T07:36:34Z",0,,1
25642101055,75264187123,"unit-test","completed","success","2026-05-10T22:57:23Z","2026-05-10T22:58:48Z",85,"GitHub Actions 1000002690",1
25642101055,75264187138,"lint","completed","success","2026-05-10T22:57:17Z","2026-05-10T22:57:45Z",28,"GitHub Actions 1000002691",1
25642101055,75264187139,"build","completed","success","2026-05-10T22:57:16Z","2026-05-10T23:00:58Z",222,"spacelab-macmini",1
25642101055,75264388930,"integration","completed","failure","2026-05-10T23:01:00Z","2026-05-10T23:08:23Z",443,"spacelab-ubuntu-macmini",1
25642101055,75264389058,"yamcs-build","completed","skipped","2026-05-10T23:00:59Z","2026-05-10T23:00:58Z",-1,,1
25642656768,75265652567,"unit-test","completed","success","2026-05-10T23:24:32Z","2026-05-10T23:25:58Z",86,"GitHub Actions 1000002692",1
25642656768,75265652568,"build","completed","success","2026-05-10T23:24:33Z","2026-05-10T23:27:10Z",157,"deathstar",1
25642656768,75265652576,"lint","completed","success","2026-05-10T23:24:33Z","2026-05-10T23:25:09Z",36,"GitHub Actions 1000002693",1
25642656768,75265798544,"integration","completed","failure","2026-05-10T23:27:13Z","2026-05-10T23:32:47Z",334,"spacelab-ubuntu-macmini",1
25642656768,75265798645,"yamcs-build","completed","skipped","2026-05-10T23:27:11Z","2026-05-10T23:27:11Z",0,,1
25642914863,75266331026,"lint","completed","success","2026-05-10T23:37:03Z","2026-05-10T23:37:33Z",30,"GitHub Actions 1000002694",1
25642914863,75266331029,"unit-test","completed","success","2026-05-10T23:37:02Z","2026-05-10T23:38:33Z",91,"GitHub Actions 1000002695",1
25642914863,75266331035,"build","completed","success","2026-05-10T23:37:02Z","2026-05-10T23:39:39Z",157,"deathstar",1
25642914863,75266468095,"integration","completed","failure","2026-05-10T23:39:41Z","2026-05-10T23:44:52Z",311,"spacelab-ubuntu-macmini",1
25642914863,75266468324,"yamcs-build","completed","skipped","2026-05-10T23:39:39Z","2026-05-10T23:39:39Z",0,,1
25643583779,75268107835,"build","completed","success","2026-05-11T00:09:05Z","2026-05-11T00:12:44Z",219,"spacelab-macmini",1
25643583779,75268107846,"unit-test","completed","success","2026-05-11T00:09:06Z","2026-05-11T00:10:30Z",84,"GitHub Actions 1000002696",1
25643583779,75268107862,"lint","completed","success","2026-05-11T00:09:06Z","2026-05-11T00:09:37Z",31,"GitHub Actions 1000002697",1
25643583779,75268329421,"integration","completed","failure","2026-05-11T00:12:46Z","2026-05-11T00:18:13Z",327,"spacelab-ubuntu-macmini",1
25643583779,75268329664,"yamcs-build","completed","skipped","2026-05-11T00:12:44Z","2026-05-11T00:12:44Z",0,,1
25643899791,75268977800,"build","completed","success","2026-05-11T00:22:32Z","2026-05-11T00:26:10Z",218,"spacelab-macmini",1
25643899791,75268977806,"unit-test","completed","success","2026-05-11T00:22:33Z","2026-05-11T00:24:04Z",91,"GitHub Actions 1000002698",1
25643899791,75268977816,"lint","completed","success","2026-05-11T00:22:33Z","2026-05-11T00:23:04Z",31,"GitHub Actions 1000002699",1
25643899791,75269244616,"integration","completed","failure","2026-05-11T00:26:12Z","2026-05-11T00:31:41Z",329,"spacelab-ubuntu-macmini",1
25643899791,75269244793,"yamcs-build","completed","skipped","2026-05-11T00:26:11Z","2026-05-11T00:26:10Z",-1,,1
25644935082,75271941986,"unit-test","completed","success","2026-05-11T01:03:35Z","2026-05-11T01:05:11Z",96,"GitHub Actions 1000002700",1
25644935082,75271941990,"build","completed","success","2026-05-11T01:03:35Z","2026-05-11T01:06:16Z",161,"deathstar",1
25644935082,75271941994,"lint","completed","success","2026-05-11T01:03:35Z","2026-05-11T01:04:03Z",28,"GitHub Actions 1000002701",1
25644935082,75272142708,"integration","completed","failure","2026-05-11T01:06:18Z","2026-05-11T01:11:46Z",328,"spacelab-ubuntu-macmini",1
25644935082,75272142840,"yamcs-build","completed","skipped","2026-05-11T01:06:17Z","2026-05-11T01:06:16Z",-1,,1
25645902074,75274642552,"unit-test","completed","success","2026-05-11T01:40:58Z","2026-05-11T01:42:31Z",93,"GitHub Actions 1000002702",1
25645902074,75274642558,"lint","completed","success","2026-05-11T01:40:58Z","2026-05-11T01:41:28Z",30,"GitHub Actions 1000002703",1
25645902074,75274642559,"build","completed","success","2026-05-11T01:40:58Z","2026-05-11T01:43:33Z",155,"deathstar",1
25645902074,75274840869,"integration","completed","failure","2026-05-11T01:43:35Z","2026-05-11T01:49:09Z",334,"spacelab-ubuntu-macmini",1
25645902074,75274841238,"yamcs-build","completed","skipped","2026-05-11T01:43:34Z","2026-05-11T01:43:33Z",-1,,1
25646201582,75275483674,"unit-test","completed","success","2026-05-11T01:52:31Z","2026-05-11T01:54:05Z",94,"GitHub Actions 1000002704",1
25646201582,75275483678,"lint","completed","success","2026-05-11T01:52:35Z","2026-05-11T01:53:03Z",28,"GitHub Actions 1000002705",1
25646201582,75275483684,"build","completed","success","2026-05-11T01:52:29Z","2026-05-11T01:56:09Z",220,"spacelab-macmini",1
25646201582,75275744823,"integration","completed","failure","2026-05-11T01:56:11Z","2026-05-11T02:01:27Z",316,"spacelab-ubuntu-macmini",1
25646201582,75275745023,"yamcs-build","completed","skipped","2026-05-11T01:56:09Z","2026-05-11T01:56:09Z",0,,1
25646880533,75277375389,"lint","completed","success","2026-05-11T02:18:42Z","2026-05-11T02:19:14Z",32,"GitHub Actions 1000002706",1
25646880533,75277375406,"unit-test","completed","success","2026-05-11T02:18:42Z","2026-05-11T02:20:06Z",84,"GitHub Actions 1000002707",1
25646880533,75277375410,"build","completed","success","2026-05-11T02:18:42Z","2026-05-11T02:22:20Z",218,"spacelab-macmini",1
25646880533,75277632912,"integration","completed","failure","2026-05-11T02:22:22Z","2026-05-11T02:28:40Z",378,"spacelab-ubuntu-macmini",1
25646880533,75277633066,"yamcs-build","completed","skipped","2026-05-11T02:22:20Z","2026-05-11T02:22:20Z",0,,1
25647220438,75278295782,"lint","completed","success","2026-05-11T02:31:26Z","2026-05-11T02:31:52Z",26,"GitHub Actions 1000002711",1
25647220438,75278295792,"unit-test","completed","success","2026-05-11T02:31:32Z","2026-05-11T02:33:00Z",88,"GitHub Actions 1000002710",1
25647220438,75278295814,"build","completed","success","2026-05-11T02:31:26Z","2026-05-11T02:34:06Z",160,"deathstar",1
25647220438,75278495373,"integration","completed","success","2026-05-11T02:37:43Z","2026-05-11T02:42:10Z",267,"spacelab-ubuntu-macmini",1
25647338265,75278617038,"unit-test","completed","success","2026-05-11T02:35:50Z","2026-05-11T02:37:25Z",95,"GitHub Actions 1000002713",1
25647338265,75278617039,"build","completed","success","2026-05-11T02:35:49Z","2026-05-11T02:38:22Z",153,"deathstar",1
25647338265,75278617046,"lint","completed","success","2026-05-11T02:35:50Z","2026-05-11T02:36:15Z",25,"GitHub Actions 1000002712",1
25647338265,75278804860,"integration","completed","failure","2026-05-11T02:43:02Z","2026-05-11T02:50:49Z",467,"spacelab-ubuntu-macmini",1
25647338265,75278805198,"yamcs-build","completed","skipped","2026-05-11T02:38:22Z","2026-05-11T02:38:22Z",0,,1
25647392615,75278762338,"unit-test","completed","success","2026-05-11T02:37:50Z","2026-05-11T02:39:22Z",92,"GitHub Actions 1000002714",1
25647392615,75278762344,"build","completed","success","2026-05-11T02:37:49Z","2026-05-11T02:41:24Z",215,"spacelab-macmini",1
25647392615,75278762351,"lint","completed","success","2026-05-11T02:37:50Z","2026-05-11T02:38:18Z",28,"GitHub Actions 1000002715",1
25647392615,75279032360,"integration","completed","success","2026-05-11T02:50:50Z","2026-05-11T02:55:54Z",304,"spacelab-ubuntu-macmini",1
25647469590,75278974419,"build","completed","success","2026-05-11T02:40:39Z","2026-05-11T02:43:15Z",156,"deathstar",1
25647469590,75278974434,"lint","completed","success","2026-05-11T02:40:39Z","2026-05-11T02:41:04Z",25,"GitHub Actions 1000002718",1
25647469590,75278974444,"unit-test","completed","success","2026-05-11T02:40:40Z","2026-05-11T02:42:06Z",86,"GitHub Actions 1000002719",1
25647469590,75279163275,"integration","completed","success","2026-05-11T02:55:56Z","2026-05-11T03:00:23Z",267,"spacelab-ubuntu-macmini",1
25647915142,75280199181,"lint","completed","success","2026-05-11T02:57:36Z","2026-05-11T02:58:01Z",25,"GitHub Actions 1000002721",1
25647915142,75280199184,"unit-test","completed","success","2026-05-11T02:57:35Z","2026-05-11T02:59:05Z",90,"GitHub Actions 1000002720",1
25647915142,75280199192,"build","completed","success","2026-05-11T02:57:35Z","2026-05-11T03:01:16Z",221,"spacelab-macmini",1
25647915142,75280487219,"integration","completed","success","2026-05-11T03:01:18Z","2026-05-11T03:06:08Z",290,"spacelab-ubuntu-macmini",1
25647915142,75280487310,"yamcs-build","completed","skipped","2026-05-11T03:01:16Z","2026-05-11T03:01:16Z",0,,1
25648573470,75282164235,"lint","completed","success","2026-05-11T03:22:35Z","2026-05-11T03:22:59Z",24,"GitHub Actions 1000002722",1
25648573470,75282164244,"build","completed","success","2026-05-11T03:22:34Z","2026-05-11T03:26:14Z",220,"spacelab-macmini",1
25648573470,75282164249,"unit-test","completed","success","2026-05-11T03:22:35Z","2026-05-11T03:24:06Z",91,"GitHub Actions 1000002723",1
25648573470,75282464880,"integration","completed","success","2026-05-11T03:26:17Z","2026-05-11T03:31:07Z",290,"spacelab-ubuntu-macmini",1
25648573470,75282464948,"yamcs-build","completed","skipped","2026-05-11T03:26:15Z","2026-05-11T03:26:15Z",0,,1
25650173524,75286731303,"unit-test","completed","success","2026-05-11T04:23:46Z","2026-05-11T04:25:16Z",90,"GitHub Actions 1000002724",1
25650173524,75286731313,"build","completed","success","2026-05-11T04:23:46Z","2026-05-11T04:26:26Z",160,"deathstar",1
25650173524,75286731315,"lint","completed","success","2026-05-11T04:23:46Z","2026-05-11T04:24:19Z",33,"GitHub Actions 1000002725",1
25650173524,75286952224,"integration","completed","success","2026-05-11T04:26:28Z","2026-05-11T04:30:56Z",268,"spacelab-ubuntu-macmini",1
25650376740,75287336003,"lint","completed","success","2026-05-11T04:31:10Z","2026-05-11T04:31:38Z",28,"GitHub Actions 1000002726",1
25650376740,75287336010,"unit-test","completed","success","2026-05-11T04:31:04Z","2026-05-11T04:32:38Z",94,"GitHub Actions 1000002727",1
25650376740,75287336016,"build","completed","success","2026-05-11T04:31:04Z","2026-05-11T04:34:41Z",217,"spacelab-macmini",1
25650376740,75287643866,"integration","completed","success","2026-05-11T04:34:44Z","2026-05-11T04:39:10Z",266,"spacelab-ubuntu-macmini",1
25656880194,75307368260,"unit-test","completed","success","2026-05-11T07:38:54Z","2026-05-11T07:40:19Z",85,"GitHub Actions 1000002730",1
25656880194,75307368274,"lint","completed","success","2026-05-11T07:38:59Z","2026-05-11T07:39:25Z",26,"GitHub Actions 1000002731",1
25656880194,75307368307,"build","completed","success","2026-05-11T07:38:54Z","2026-05-11T07:41:31Z",157,"deathstar",1
25656880194,75307740165,"integration","completed","success","2026-05-11T07:41:34Z","2026-05-11T07:46:02Z",268,"spacelab-ubuntu-macmini",1
25706475523,75477576425,"lint","completed","success","2026-05-12T00:55:10Z","2026-05-12T00:55:39Z",29,"GitHub Actions 1000002732",1
25706475523,75477576445,"unit-test","completed","success","2026-05-12T00:55:09Z","2026-05-12T00:56:31Z",82,"GitHub Actions 1000002733",1
25706475523,75477576456,"build","completed","success","2026-05-12T00:55:03Z","2026-05-12T00:57:58Z",175,"deathstar",1
25706475523,75477885961,"integration","completed","failure","2026-05-12T00:58:00Z","2026-05-12T01:02:56Z",296,"spacelab-ubuntu-macmini",1
25708796222,75484488102,"lint","completed","success","2026-05-12T02:04:09Z","2026-05-12T02:04:36Z",27,"GitHub Actions 1000002734",1
25708796222,75484488104,"build","completed","success","2026-05-12T02:04:03Z","2026-05-12T02:06:50Z",167,"deathstar",1
25708796222,75484488117,"unit-test","completed","success","2026-05-12T02:04:09Z","2026-05-12T02:05:38Z",89,"GitHub Actions 1000002735",1
25708796222,75484755774,"integration","completed","failure","2026-05-12T02:06:52Z","2026-05-12T02:11:47Z",295,"spacelab-ubuntu-macmini",1
25709242175,75485810268,"build","completed","success","2026-05-12T02:17:48Z","2026-05-12T02:21:29Z",221,"spacelab-macmini",1
25709242175,75485810278,"lint","completed","success","2026-05-12T02:17:49Z","2026-05-12T02:18:22Z",33,"GitHub Actions 1000002736",1
25709242175,75485810280,"unit-test","completed","success","2026-05-12T02:17:49Z","2026-05-12T02:19:24Z",95,"GitHub Actions 1000002737",1
25709242175,75486154307,"integration","completed","failure","2026-05-12T02:21:31Z","2026-05-12T02:28:03Z",392,"spacelab-ubuntu-macmini",1
25709693399,75487134759,"lint","completed","success","2026-05-12T02:31:48Z","2026-05-12T02:32:15Z",27,"GitHub Actions 1000002738",1
25709693399,75487134777,"unit-test","completed","success","2026-05-12T02:31:48Z","2026-05-12T02:33:10Z",82,"GitHub Actions 1000002739",1
25709693399,75487134789,"build","completed","failure","2026-05-12T02:31:48Z","2026-05-12T02:33:11Z",83,"deathstar",1
25709693399,75487269359,"integration","completed","skipped","2026-05-12T02:33:11Z","2026-05-12T02:33:11Z",0,,1
25709962089,75487922848,"build","completed","failure","2026-05-12T02:40:09Z","2026-05-12T02:41:57Z",108,"spacelab-macmini",1
25709962089,75487922855,"lint","completed","success","2026-05-12T02:40:16Z","2026-05-12T02:40:41Z",25,"GitHub Actions 1000002740",1
25709962089,75487922866,"unit-test","completed","success","2026-05-12T02:40:10Z","2026-05-12T02:41:32Z",82,"GitHub Actions 1000002741",1
25709962089,75488108179,"integration","completed","skipped","2026-05-12T02:41:57Z","2026-05-12T02:41:57Z",0,,1
25710148680,75488477145,"build","completed","success","2026-05-12T02:45:57Z","2026-05-12T02:48:42Z",165,"deathstar",1
25710148680,75488477146,"lint","completed","success","2026-05-12T02:45:56Z","2026-05-12T02:46:26Z",30,"GitHub Actions 1000002742",1
25710148680,75488477149,"unit-test","completed","success","2026-05-12T02:45:57Z","2026-05-12T02:47:31Z",94,"GitHub Actions 1000002743",1
25710148680,75488740960,"integration","completed","failure","2026-05-12T02:48:44Z","2026-05-12T02:50:47Z",123,"spacelab-ubuntu-macmini",1
25710362791,75489094791,"lint","completed","success","2026-05-12T02:52:40Z","2026-05-12T02:53:06Z",26,"GitHub Actions 1000002744",1
25710362791,75489094806,"unit-test","completed","success","2026-05-12T02:52:34Z","2026-05-12T02:54:02Z",88,"GitHub Actions 1000002745",1
25710362791,75489094830,"build","completed","success","2026-05-12T02:52:34Z","2026-05-12T02:55:18Z",164,"deathstar",1
25710362791,75489343407,"integration","completed","failure","2026-05-12T02:55:21Z","2026-05-12T02:57:23Z",122,"spacelab-ubuntu-macmini",1
25710660658,75489960496,"lint","completed","success","2026-05-12T03:01:39Z","2026-05-12T03:02:09Z",30,"GitHub Actions 1000002746",1
25710660658,75489960505,"unit-test","completed","success","2026-05-12T03:01:39Z","2026-05-12T03:03:08Z",89,"GitHub Actions 1000002747",1
25710660658,75489960513,"build","completed","success","2026-05-12T03:01:38Z","2026-05-12T03:04:17Z",159,"deathstar",1
25710660658,75490241827,"integration","completed","failure","2026-05-12T03:04:19Z","2026-05-12T03:06:22Z",123,"spacelab-ubuntu-macmini",1
25710910014,75490744592,"unit-test","completed","success","2026-05-12T03:09:44Z","2026-05-12T03:11:10Z",86,"GitHub Actions 1000002749",1
25710910014,75490744601,"build","completed","success","2026-05-12T03:09:36Z","2026-05-12T03:12:19Z",163,"deathstar",1
25710910014,75490744604,"lint","completed","success","2026-05-12T03:09:36Z","2026-05-12T03:10:03Z",27,"GitHub Actions 1000002748",1
25710910014,75491020959,"integration","completed","failure","2026-05-12T03:12:22Z","2026-05-12T03:14:29Z",127,"spacelab-ubuntu-macmini",1
25711123459,75491403044,"build","completed","success","2026-05-12T03:16:18Z","2026-05-12T03:19:55Z",217,"spacelab-macmini",1
25711123459,75491403051,"lint","completed","success","2026-05-12T03:16:25Z","2026-05-12T03:16:51Z",26,"GitHub Actions 1000002750",1
25711123459,75491403129,"unit-test","completed","success","2026-05-12T03:16:25Z","2026-05-12T03:17:53Z",88,"GitHub Actions 1000002751",1
25711123459,75491757825,"integration","completed","failure","2026-05-12T03:19:57Z","2026-05-12T03:22:06Z",129,"spacelab-ubuntu-macmini",1
25711522365,75492608008,"unit-test","completed","success","2026-05-12T03:28:49Z","2026-05-12T03:30:18Z",89,"GitHub Actions 1000002752",1
25711522365,75492608009,"lint","completed","success","2026-05-12T03:28:47Z","2026-05-12T03:29:14Z",27,"GitHub Actions 1000002753",1
25711522365,75492608015,"build","completed","success","2026-05-12T03:28:47Z","2026-05-12T03:31:30Z",163,"deathstar",1
25711522365,75492883665,"integration","completed","failure","2026-05-12T03:31:32Z","2026-05-12T03:33:40Z",128,"spacelab-ubuntu-macmini",1
25711803215,75494528890,"integration","completed","failure","2026-05-12T03:49:25Z","2026-05-12T03:51:34Z",129,"spacelab-ubuntu-macmini",2
25711803215,75494528912,"lint","completed","success","2026-05-12T03:37:38Z","2026-05-12T03:38:10Z",32,"GitHub Actions 1000002755",2
25711803215,75494529012,"unit-test","completed","success","2026-05-12T03:37:44Z","2026-05-12T03:39:13Z",89,"GitHub Actions 1000002754",2
25711803215,75494541427,"build","completed","success","2026-05-12T03:37:37Z","2026-05-12T03:40:15Z",158,"deathstar",2
25712424329,75495286531,"build","completed","success","2026-05-12T03:57:51Z","2026-05-12T04:01:30Z",219,"spacelab-macmini",1
25712424329,75495286532,"unit-test","completed","success","2026-05-12T03:57:58Z","2026-05-12T03:59:20Z",82,"GitHub Actions 1000002757",1
25712424329,75495286533,"lint","completed","success","2026-05-12T03:57:52Z","2026-05-12T03:58:19Z",27,"GitHub Actions 1000002756",1
25712424329,75495621929,"integration","completed","failure","2026-05-12T04:01:32Z","2026-05-12T04:03:41Z",129,"spacelab-ubuntu-macmini",1
25712971936,75496890029,"unit-test","completed","success","2026-05-12T04:15:44Z","2026-05-12T04:17:13Z",89,"GitHub Actions 1000002759",1
25712971936,75496890039,"build","completed","success","2026-05-12T04:15:36Z","2026-05-12T04:18:29Z",173,"deathstar",1
25712971936,75496890041,"lint","completed","success","2026-05-12T04:15:36Z","2026-05-12T04:16:07Z",31,"GitHub Actions 1000002758",1
25712971936,75497169593,"integration","completed","failure","2026-05-12T04:18:32Z","2026-05-12T04:20:42Z",130,"spacelab-ubuntu-macmini",1
25713217504,75497645287,"build","completed","success","2026-05-12T04:23:28Z","2026-05-12T04:26:16Z",168,"deathstar",1
25713217504,75497645292,"unit-test","completed","success","2026-05-12T04:23:29Z","2026-05-12T04:25:03Z",94,"GitHub Actions 1000002760",1
25713217504,75497645297,"lint","completed","success","2026-05-12T04:23:30Z","2026-05-12T04:24:00Z",30,"GitHub Actions 1000002761",1
25713217504,75497922290,"integration","completed","failure","2026-05-12T04:26:18Z","2026-05-12T04:28:26Z",128,"spacelab-ubuntu-macmini",1
25713438576,75498313301,"build","completed","success","2026-05-12T04:30:15Z","2026-05-12T04:32:56Z",161,"deathstar",1
25713438576,75498313305,"lint","completed","success","2026-05-12T04:30:16Z","2026-05-12T04:30:47Z",31,"GitHub Actions 1000002762",1
25713438576,75498313412,"unit-test","completed","success","2026-05-12T04:30:16Z","2026-05-12T04:31:46Z",90,"GitHub Actions 1000002763",1
25713438576,75498576111,"integration","completed","failure","2026-05-12T04:32:59Z","2026-05-12T04:37:33Z",274,"spacelab-ubuntu-macmini",1
25713936239,75499745742,"unit-test","completed","success","2026-05-12T04:45:30Z","2026-05-12T04:46:56Z",86,"GitHub Actions 1000002764",1
25713936239,75499745754,"build","completed","success","2026-05-12T04:45:29Z","2026-05-12T04:49:08Z",219,"spacelab-macmini",1
25713936239,75499745757,"lint","completed","success","2026-05-12T04:45:29Z","2026-05-12T04:46:00Z",31,"GitHub Actions 1000002765",1
25713936239,75500080399,"integration","completed","failure","2026-05-12T04:49:10Z","2026-05-12T04:53:41Z",271,"spacelab-ubuntu-macmini",1
25714106389,75500235966,"lint","completed","success","2026-05-12T04:50:50Z","2026-05-12T04:51:16Z",26,"GitHub Actions 1000002766",1
25714106389,75500235979,"unit-test","completed","success","2026-05-12T04:50:50Z","2026-05-12T04:52:16Z",86,"GitHub Actions 1000002767",1
25714106389,75500235989,"build","completed","success","2026-05-12T04:50:50Z","2026-05-12T04:53:43Z",173,"deathstar",1
25714106389,75500508665,"integration","completed","failure","2026-05-12T04:53:46Z","2026-05-12T04:59:01Z",315,"spacelab-ubuntu-macmini",1
25714605888,75502300179,"unit-test","completed","success","2026-05-12T05:06:13Z","2026-05-12T05:07:39Z",86,"GitHub Actions 1000002768",2
25714605888,75502300378,"integration","completed","failure","2026-05-12T05:12:35Z","2026-05-12T05:17:13Z",278,"spacelab-ubuntu-macmini",2
25714605888,75502300405,"build","completed","success","2026-05-12T05:06:06Z","2026-05-12T05:08:53Z",167,"deathstar",2
25714605888,75502314944,"lint","completed","success","2026-05-12T05:06:07Z","2026-05-12T05:06:33Z",26,"GitHub Actions 1000002769",2
25714984040,75510677377,"lint","completed","success","2026-05-12T05:17:41Z","2026-05-12T05:18:09Z",28,"GitHub Actions 1000002771",2
25714984040,75510677451,"integration","completed","success","2026-05-12T06:27:32Z","2026-05-12T06:31:08Z",216,"spacelab-ubuntu-macmini",2
25714984040,75510677805,"build","completed","success","2026-05-12T05:17:40Z","2026-05-12T05:20:22Z",162,"deathstar",2
25714984040,75510692902,"unit-test","completed","success","2026-05-12T05:17:40Z","2026-05-12T05:19:06Z",86,"GitHub Actions 1000002770",2
25715312572,75503803580,"unit-test","completed","success","2026-05-12T05:27:30Z","2026-05-12T05:28:51Z",81,"GitHub Actions 1000002772",1
25715312572,75503803581,"lint","completed","success","2026-05-12T05:27:29Z","2026-05-12T05:27:56Z",27,"GitHub Actions 1000002773",1
25715312572,75503803584,"build","completed","success","2026-05-12T05:27:23Z","2026-05-12T05:31:00Z",217,"spacelab-macmini",1
25715312572,75504200716,"integration","completed","failure","2026-05-12T05:31:02Z","2026-05-12T05:34:54Z",232,"spacelab-ubuntu-macmini",1
25715681808,75507394186,"integration","completed","failure","2026-05-12T05:59:54Z","2026-05-12T06:03:55Z",241,"spacelab-ubuntu-macmini",2
25715681808,75507394209,"unit-test","completed","success","2026-05-12T05:37:54Z","2026-05-12T05:39:27Z",93,"GitHub Actions 1000002775",2
25715681808,75507394446,"build","completed","success","2026-05-12T05:37:48Z","2026-05-12T05:41:25Z",217,"spacelab-macmini",2
25715681808,75507394488,"lint","completed","success","2026-05-12T05:37:49Z","2026-05-12T05:38:14Z",25,"GitHub Actions 1000002774",2
25716777862,75508390740,"unit-test","completed","success","2026-05-12T06:08:14Z","2026-05-12T06:09:38Z",84,"GitHub Actions 1000002777",1
25716777862,75508390777,"build","completed","success","2026-05-12T06:08:13Z","2026-05-12T06:10:55Z",162,"deathstar",1
25716777862,75508390799,"lint","completed","success","2026-05-12T06:08:13Z","2026-05-12T06:08:40Z",27,"GitHub Actions 1000002776",1
25716777862,75508708227,"integration","completed","failure","2026-05-12T06:10:57Z","2026-05-12T06:15:53Z",296,"spacelab-ubuntu-macmini",1
25717146496,75510245102,"integration","completed","failure","2026-05-12T06:23:52Z","2026-05-12T06:25:56Z",124,"spacelab-ubuntu-macmini",2
25717146496,75510245349,"build","completed","success","2026-05-12T06:18:08Z","2026-05-12T06:20:47Z",159,"deathstar",2
25717146496,75510245430,"lint","completed","success","2026-05-12T06:18:14Z","2026-05-12T06:18:45Z",31,"GitHub Actions 1000002779",2
25717146496,75510260576,"unit-test","completed","success","2026-05-12T06:18:08Z","2026-05-12T06:19:39Z",91,"GitHub Actions 1000002778",2
25717836999,75511698081,"unit-test","completed","success","2026-05-12T06:35:51Z","2026-05-12T06:37:28Z",97,"GitHub Actions 1000002781",1
25717836999,75511698085,"build","completed","success","2026-05-12T06:35:49Z","2026-05-12T06:39:29Z",220,"spacelab-macmini",1
25717836999,75511698092,"lint","completed","success","2026-05-12T06:35:57Z","2026-05-12T06:36:30Z",33,"GitHub Actions 1000002780",1
25717836999,75512141578,"integration","completed","failure","2026-05-12T06:39:32Z","2026-05-12T06:41:36Z",124,"spacelab-ubuntu-macmini",1
25718484997,75513714078,"unit-test","completed","success","2026-05-12T06:52:01Z","2026-05-12T06:53:32Z",91,"GitHub Actions 1000002783",1
25718484997,75513714083,"build","completed","success","2026-05-12T06:51:54Z","2026-05-12T06:55:28Z",214,"deathstar",1
25718484997,75513714106,"lint","completed","success","2026-05-12T06:51:55Z","2026-05-12T06:52:27Z",32,"GitHub Actions 1000002782",1
25718484997,75514191719,"integration","completed","failure","2026-05-12T06:55:31Z","2026-05-12T07:10:35Z",904,"spacelab-ubuntu-macmini",1
25719465443,75520351037,"integration","completed","failure","2026-05-12T07:39:07Z","2026-05-12T07:53:00Z",833,"spacelab-ubuntu-macmini",2
25719465443,75520351118,"build","completed","success","2026-05-12T07:14:55Z","2026-05-12T07:17:39Z",164,"deathstar",2
25719465443,75520370540,"unit-test","completed","success","2026-05-12T07:15:01Z","2026-05-12T07:16:27Z",86,"GitHub Actions 1000002784",2
25719465443,75520375366,"lint","completed","success","2026-05-12T07:14:55Z","2026-05-12T07:15:32Z",37,"GitHub Actions 1000002785",2
25767265457,75682497232,"lint","completed","success","2026-05-12T23:00:51Z","2026-05-12T23:01:19Z",28,"GitHub Actions 1000002786",1
25767265457,75682497235,"build","completed","success","2026-05-12T23:00:50Z","2026-05-12T23:04:31Z",221,"spacelab-macmini",1
25767265457,75682497256,"unit-test","completed","success","2026-05-12T23:00:51Z","2026-05-12T23:02:22Z",91,"GitHub Actions 1000002787",1
25767265457,75682941455,"integration","completed","success","2026-05-12T23:04:32Z","2026-05-12T23:08:59Z",267,"spacelab-ubuntu-macmini",1
25767776395,75684085774,"unit-test","completed","success","2026-05-12T23:14:28Z","2026-05-12T23:16:01Z",93,"GitHub Actions 1000002788",1
25767776395,75684085780,"lint","completed","success","2026-05-12T23:14:27Z","2026-05-12T23:14:54Z",27,"GitHub Actions 1000002789",1
25767776395,75684085796,"build","completed","success","2026-05-12T23:14:27Z","2026-05-12T23:17:26Z",179,"deathstar",1
25767776395,75684417647,"integration","completed","success","2026-05-12T23:17:28Z","2026-05-12T23:22:39Z",311,"spacelab-ubuntu-macmini",1
25770388742,75692034623,"unit-test","completed","failure","2026-05-13T00:27:33Z","2026-05-13T00:28:45Z",72,"GitHub Actions 1000002790",1
25770388742,75692034632,"lint","completed","success","2026-05-13T00:27:34Z","2026-05-13T00:28:00Z",26,"GitHub Actions 1000002791",1
25770388742,75692034639,"build","completed","failure","2026-05-13T00:27:34Z","2026-05-13T00:27:48Z",14,"deathstar",1
25770388742,75692063661,"integration","completed","skipped","2026-05-13T00:27:48Z","2026-05-13T00:27:48Z",0,,1
25770631642,75692790445,"unit-test","completed","failure","2026-05-13T00:34:31Z","2026-05-13T00:35:47Z",76,"GitHub Actions 1000002792",1
25770631642,75692790454,"lint","completed","success","2026-05-13T00:34:37Z","2026-05-13T00:35:03Z",26,"GitHub Actions 1000002793",1
25770631642,75692790461,"build","completed","failure","2026-05-13T00:34:31Z","2026-05-13T00:34:42Z",11,"deathstar",1
25770631642,75692816811,"integration","completed","skipped","2026-05-13T00:34:43Z","2026-05-13T00:34:43Z",0,,1
25770852678,75693462008,"build","completed","cancelled","2026-05-13T00:40:56Z","2026-05-13T00:42:54Z",118,"spacelab-macmini",1
25770852678,75693462024,"lint","completed","success","2026-05-13T00:40:59Z","2026-05-13T00:41:29Z",30,"GitHub Actions 1000002794",1
25770852678,75693462025,"unit-test","completed","success","2026-05-13T00:41:03Z","2026-05-13T00:42:28Z",85,"GitHub Actions 1000002795",1
25770852678,75693673289,"integration","completed","cancelled","2026-05-13T00:42:55Z","2026-05-13T00:42:55Z",0,,1
25770901395,75693607797,"unit-test","completed","failure","2026-05-13T00:42:20Z","2026-05-13T00:43:37Z",77,"GitHub Actions 1000002796",1
25770901395,75693607799,"build","completed","failure","2026-05-13T00:42:20Z","2026-05-13T00:42:31Z",11,"deathstar",1
25770901395,75693607821,"lint","completed","success","2026-05-13T00:42:20Z","2026-05-13T00:42:49Z",29,"GitHub Actions 1000002797",1
25770901395,75693634852,"integration","completed","skipped","2026-05-13T00:42:32Z","2026-05-13T00:42:32Z",0,,1
25770971485,75699988401,"integration","completed","success","2026-05-13T01:45:02Z","2026-05-13T01:50:25Z",323,"spacelab-ubuntu-macmini",3
25770971485,75699988594,"build","completed","success","2026-05-13T00:44:19Z","2026-05-13T00:47:55Z",216,"spacelab-macmini",3
25770971485,75699988672,"unit-test","completed","success","2026-05-13T00:44:20Z","2026-05-13T00:45:49Z",89,"GitHub Actions 1000002798",3
25770971485,75700004749,"lint","completed","success","2026-05-13T00:44:26Z","2026-05-13T00:44:54Z",28,"GitHub Actions 1000002799",3
25773674807,75703314025,"unit-test","completed","success","2026-05-13T02:03:09Z","2026-05-13T02:04:43Z",94,"GitHub Actions 1000002800",2
25773674807,75703314174,"lint","completed","success","2026-05-13T02:03:11Z","2026-05-13T02:03:41Z",30,"GitHub Actions 1000002801",2
25773674807,75703314242,"integration","completed","success","2026-05-13T02:18:40Z","2026-05-13T02:23:52Z",312,"spacelab-ubuntu-macmini",2
25773674807,75703314303,"build","completed","success","2026-05-13T02:03:09Z","2026-05-13T02:06:07Z",178,"deathstar",2
25775626007,75707475553,"unit-test","completed","success","2026-05-13T03:02:19Z","2026-05-13T03:03:49Z",90,"GitHub Actions 1000002802",1
25775626007,75707475560,"build","completed","success","2026-05-13T03:02:20Z","2026-05-13T03:04:55Z",155,"deathstar",1
25775626007,75707475561,"lint","completed","success","2026-05-13T03:02:19Z","2026-05-13T03:02:45Z",26,"GitHub Actions 1000002803",1
25775626007,75707736296,"integration","completed","failure","2026-05-13T03:04:57Z","2026-05-13T03:06:59Z",122,"spacelab-ubuntu-macmini",1
25775773182,75707924424,"unit-test","completed","success","2026-05-13T03:07:02Z","2026-05-13T03:08:30Z",88,"GitHub Actions 1000002804",1
25775773182,75707924439,"build","completed","success","2026-05-13T03:06:55Z","2026-05-13T03:09:31Z",156,"deathstar",1
25775773182,75707924441,"lint","completed","success","2026-05-13T03:06:55Z","2026-05-13T03:07:20Z",25,"GitHub Actions 1000002805",1
25775773182,75708180484,"integration","completed","failure","2026-05-13T03:09:33Z","2026-05-13T03:11:34Z",121,"spacelab-ubuntu-macmini",1
25782040014,76104749907,"lint","completed","success","2026-05-13T06:17:52Z","2026-05-13T06:18:23Z",31,"GitHub Actions 1000002806",6
25782040014,76104749937,"integration","completed","success","2026-05-15T01:05:10Z","2026-05-15T01:10:16Z",306,"spacelab-ubuntu-macmini",6
25782040014,76104749981,"build","completed","success","2026-05-13T06:17:52Z","2026-05-13T06:20:34Z",162,"deathstar",6
25782040014,76104750206,"unit-test","completed","success","2026-05-13T06:17:52Z","2026-05-13T06:19:29Z",97,"GitHub Actions 1000002807",6
25896728786,76115997983,"build","completed","success","2026-05-15T03:07:34Z","2026-05-15T03:10:20Z",166,"deathstar",3
25896728786,76115998031,"integration","completed","failure","2026-05-15T03:17:23Z","2026-05-15T03:22:25Z",302,"spacelab-ubuntu-macmini",3
25896728786,76115998090,"lint","completed","success","2026-05-15T03:07:35Z","2026-05-15T03:08:03Z",28,"GitHub Actions 1000002811",3
25896728786,76115998156,"unit-test","completed","success","2026-05-15T03:07:34Z","2026-05-15T03:09:07Z",93,"GitHub Actions 1000002812",3
25951679239,76290769165,"unit-test","completed","success","2026-05-16T03:32:51Z","2026-05-16T03:34:19Z",88,"GitHub Actions 1000002814",2
25951679239,76290769168,"build","completed","success","2026-05-16T03:32:50Z","2026-05-16T03:36:33Z",223,"spacelab-macmini",2
25951679239,76290769169,"lint","completed","success","2026-05-16T03:32:50Z","2026-05-16T03:33:19Z",29,"GitHub Actions 1000002815",2
25951679239,76290960634,"integration","completed","failure","2026-05-16T03:36:35Z","2026-05-16T03:42:20Z",345,"spacelab-ubuntu-macmini",2
25951805747,76291171386,"lint","completed","success","2026-05-16T03:40:39Z","2026-05-16T03:41:04Z",25,"GitHub Actions 1000002819",2
25951805747,76291171390,"build","completed","success","2026-05-16T03:40:39Z","2026-05-16T03:43:21Z",162,"deathstar",2
25951805747,76291171401,"unit-test","completed","success","2026-05-16T03:40:39Z","2026-05-16T03:42:13Z",94,"GitHub Actions 1000002820",2
25951805747,76291305249,"integration","completed","failure","2026-05-16T03:43:23Z","2026-05-16T04:07:13Z",1430,"spacelab-ubuntu-macmini",2
25951821983,76291295484,"unit-test","completed","success","2026-05-16T03:43:12Z","2026-05-16T03:44:43Z",91,"GitHub Actions 1000002821",2
25951821983,76291295489,"build","completed","success","2026-05-16T03:43:11Z","2026-05-16T03:46:48Z",217,"spacelab-macmini",2
25951821983,76291295512,"lint","completed","success","2026-05-16T03:43:14Z","2026-05-16T03:43:44Z",30,"GitHub Actions 1000002822",2
25951821983,76291477585,"yamcs-build","completed","failure","2026-05-16T03:46:50Z","2026-05-16T03:46:57Z",7,"GitHub Actions 1000002823",2
25951821983,76291477589,"integration","completed","success","2026-05-16T04:07:15Z","2026-05-16T04:13:08Z",353,"spacelab-ubuntu-macmini",2
25952306607,76292398890,"build","completed","success","2026-05-16T04:05:20Z","2026-05-16T04:08:57Z",217,"spacelab-macmini",1
25952306607,76292398891,"lint","completed","success","2026-05-16T04:05:21Z","2026-05-16T04:05:47Z",26,"GitHub Actions 1000002825",1
25952306607,76292398900,"unit-test","completed","success","2026-05-16T04:05:21Z","2026-05-16T04:06:49Z",88,"GitHub Actions 1000002824",1
25952306607,76292577259,"integration","completed","failure","2026-05-16T04:13:10Z","2026-05-16T04:18:31Z",321,"spacelab-ubuntu-macmini",1
25955088011,76303586634,"build","completed","success","2026-05-16T07:38:19Z","2026-05-16T07:41:58Z",219,"spacelab-macmini",2
25955088011,76303586635,"unit-test","completed","success","2026-05-16T07:38:20Z","2026-05-16T07:39:56Z",96,"GitHub Actions 1000002829",2
25955088011,76303586652,"lint","completed","success","2026-05-16T07:38:21Z","2026-05-16T07:38:50Z",29,"GitHub Actions 1000002830",2
25955088011,76303795113,"integration","completed","failure","2026-05-16T07:42:00Z","2026-05-16T07:47:46Z",346,"spacelab-ubuntu-macmini",2
25955088011,76303795115,"yamcs-build","completed","failure","2026-05-16T07:42:01Z","2026-05-16T07:45:12Z",191,"GitHub Actions 1000002831",2
25955840630,76302245513,"build","completed","success","2026-05-16T07:11:54Z","2026-05-16T07:14:33Z",159,"deathstar",1
25955840630,76302245514,"unit-test","completed","success","2026-05-16T07:11:54Z","2026-05-16T07:13:49Z",115,"GitHub Actions 1000002827",1
25955840630,76302245517,"lint","completed","success","2026-05-16T07:11:54Z","2026-05-16T07:12:22Z",28,"GitHub Actions 1000002828",1
25955840630,76302379064,"integration","completed","failure","2026-05-16T07:14:35Z","2026-05-16T07:20:15Z",340,"spacelab-ubuntu-macmini",1
25956919439,76331853355,"unit-test","completed","success","2026-05-16T16:22:03Z","2026-05-16T16:23:48Z",105,"GitHub Actions 1000002833",2
25956919439,76331853361,"lint","completed","success","2026-05-16T16:22:03Z","2026-05-16T16:22:34Z",31,"GitHub Actions 1000002834",2
25956919439,76331853365,"build","completed","success","2026-05-16T16:22:02Z","2026-05-16T16:24:37Z",155,"deathstar",2
25956919439,76332008372,"integration","completed","success","2026-05-16T16:24:39Z","2026-05-16T16:30:34Z",355,"spacelab-ubuntu-macmini",2
25956919439,76332008373,"yamcs-build","completed","failure","2026-05-16T16:24:41Z","2026-05-16T16:27:58Z",197,"GitHub Actions 1000002835",2
25969326165,76339373115,"lint","completed","success","2026-05-16T18:34:55Z","2026-05-16T18:35:22Z",27,"GitHub Actions 1000002837",2
25969326165,76339373117,"build","completed","success","2026-05-16T18:34:55Z","2026-05-16T18:37:34Z",159,"deathstar",2
25969326165,76339373118,"unit-test","completed","success","2026-05-16T18:34:55Z","2026-05-16T18:36:36Z",101,"GitHub Actions 1000002838",2
25969326165,76339524565,"integration","completed","failure","2026-05-16T18:37:35Z","2026-05-16T18:46:08Z",513,"spacelab-ubuntu-macmini",2
25969326165,76339524574,"yamcs-build","completed","success","2026-05-16T18:37:37Z","2026-05-16T18:37:57Z",20,"GitHub Actions 1000002839",2
25971007065,77109411699,"integration","completed","success","2026-05-21T05:23:08Z","2026-05-21T05:29:02Z",354,"spacelab-ubuntu-macmini",4
25971007065,77109411738,"lint","completed","success","2026-05-16T19:50:15Z","2026-05-16T19:50:45Z",30,"GitHub Actions 1000002842",4
25971007065,77109411883,"yamcs-build","completed","success","2026-05-16T19:53:00Z","2026-05-16T19:53:18Z",18,"GitHub Actions 1000002843",4
25971007065,77109420496,"unit-test","completed","success","2026-05-16T19:50:14Z","2026-05-16T19:51:38Z",84,"GitHub Actions 1000002841",4
25971007065,77109424295,"build","completed","success","2026-05-16T19:50:14Z","2026-05-16T19:52:57Z",163,"deathstar",4
25971819508,76345055072,"unit-test","completed","success","2026-05-16T20:15:02Z","2026-05-16T20:16:28Z",86,"GitHub Actions 1000002844",1
25971819508,76345055075,"build","completed","success","2026-05-16T20:15:02Z","2026-05-16T20:17:49Z",167,"deathstar",1
25971819508,76345055076,"lint","completed","success","2026-05-16T20:15:02Z","2026-05-16T20:15:29Z",27,"GitHub Actions 1000002845",1
25971819508,76345230487,"integration","completed","success","2026-05-16T20:17:51Z","2026-05-16T20:23:01Z",310,"spacelab-ubuntu-macmini",1
25973716963,76350114400,"lint","completed","success","2026-05-16T21:43:43Z","2026-05-16T21:44:12Z",29,"GitHub Actions 1000002846",1
25973716963,76350114403,"build","completed","success","2026-05-16T21:43:41Z","2026-05-16T21:47:19Z",218,"spacelab-macmini",1
25973716963,76350114425,"unit-test","completed","success","2026-05-16T21:43:42Z","2026-05-16T21:45:23Z",101,"GitHub Actions 1000002847",1
25973716963,76350311707,"integration","completed","failure","2026-05-16T21:47:21Z","2026-05-16T21:53:37Z",376,"spacelab-ubuntu-macmini",1
25975037871,76353609070,"unit-test","completed","success","2026-05-16T22:48:59Z","2026-05-16T22:50:24Z",85,"GitHub Actions 1000002848",1
25975037871,76353609071,"build","completed","cancelled","2026-05-16T22:48:58Z","2026-05-16T22:52:32Z",214,"spacelab-macmini",1
25975037871,76353609075,"lint","completed","success","2026-05-16T22:48:59Z","2026-05-16T22:49:25Z",26,"GitHub Actions 1000002849",1
25975037871,76353791757,"integration","completed","cancelled","2026-05-16T22:52:33Z","2026-05-16T22:52:32Z",-1,,1
25975098552,76353768628,"build","completed","success","2026-05-16T22:52:07Z","2026-05-16T22:54:51Z",164,"deathstar",1
25975098552,76353768631,"lint","completed","success","2026-05-16T22:52:07Z","2026-05-16T22:52:37Z",30,"GitHub Actions 1000002850",1
25975098552,76353768637,"unit-test","completed","success","2026-05-16T22:52:07Z","2026-05-16T22:53:48Z",101,"GitHub Actions 1000002851",1
25975098552,76353902575,"integration","completed","success","2026-05-16T22:54:53Z","2026-05-16T23:01:12Z",379,"spacelab-ubuntu-macmini",1
25975216375,76354073546,"lint","completed","success","2026-05-16T22:58:31Z","2026-05-16T22:58:57Z",26,"GitHub Actions 1000002852",1
25975216375,76354073548,"build","completed","success","2026-05-16T22:58:31Z","2026-05-16T23:02:07Z",216,"spacelab-macmini",1
25975216375,76354073554,"unit-test","completed","success","2026-05-16T22:58:31Z","2026-05-16T22:59:56Z",85,"GitHub Actions 1000002853",1
25975216375,76354262236,"integration","completed","success","2026-05-16T23:02:09Z","2026-05-16T23:08:37Z",388,"spacelab-ubuntu-macmini",1
25975426226,76355498094,"integration","completed","success","2026-05-16T23:27:29Z","2026-05-16T23:33:47Z",378,"spacelab-ubuntu-macmini",2
25975426226,76355498103,"lint","completed","success","2026-05-16T23:09:41Z","2026-05-16T23:10:09Z",28,"GitHub Actions 1000002854",2
25975426226,76355504780,"unit-test","completed","success","2026-05-16T23:09:39Z","2026-05-16T23:11:07Z",88,"GitHub Actions 1000002855",2
25975426226,76355505191,"build","completed","success","2026-05-16T23:09:39Z","2026-05-16T23:12:20Z",161,"deathstar",2
25985889209,76422582148,"integration","completed","failure","2026-05-17T19:27:10Z","2026-05-17T19:33:50Z",400,"spacelab-ubuntu-macmini",3
25985889209,76422582259,"lint","completed","success","2026-05-17T19:09:57Z","2026-05-17T19:10:28Z",31,"GitHub Actions 1000002858",3
25985889209,76422587504,"unit-test","completed","success","2026-05-17T19:09:57Z","2026-05-17T19:11:33Z",96,"GitHub Actions 1000002859",3
25985889209,76422589751,"build","completed","success","2026-05-17T19:09:56Z","2026-05-17T19:13:36Z",220,"spacelab-macmini",3
26000670975,76423198651,"unit-test","completed","success","2026-05-17T19:36:52Z","2026-05-17T19:38:18Z",86,"GitHub Actions 1000002861",2
26000670975,76423198652,"build","completed","success","2026-05-17T19:36:52Z","2026-05-17T19:39:32Z",160,"deathstar",2
26000670975,76423198664,"lint","completed","success","2026-05-17T19:36:53Z","2026-05-17T19:37:22Z",29,"GitHub Actions 1000002862",2
26000670975,76423359436,"integration","completed","cancelled","2026-05-17T19:39:34Z","2026-05-17T20:04:08Z",1474,"spacelab-ubuntu-macmini",2
26001363910,76426287885,"build","completed","success","2026-05-17T20:26:44Z","2026-05-17T20:29:20Z",156,"deathstar",2
26001363910,76426287888,"lint","completed","success","2026-05-17T20:26:44Z","2026-05-17T20:27:08Z",24,"GitHub Actions 1000002864",2
26001363910,76426287892,"unit-test","completed","success","2026-05-17T20:26:44Z","2026-05-17T20:28:09Z",85,"GitHub Actions 1000002865",2
26001363910,76426448165,"integration","completed","failure","2026-05-17T20:29:22Z","2026-05-17T20:38:29Z",547,"spacelab-ubuntu-macmini",2
26003333398,76449066033,"build","completed","success","2026-05-17T22:59:49Z","2026-05-17T23:02:22Z",153,"deathstar",5
26003333398,76449066074,"lint","completed","success","2026-05-17T22:59:50Z","2026-05-17T23:00:17Z",27,"GitHub Actions 1000002867",5
26003333398,76449066096,"integration","completed","failure","2026-05-18T02:23:13Z","2026-05-18T02:31:07Z",474,"spacelab-ubuntu-macmini",5
26003333398,76449066178,"unit-test","completed","success","2026-05-17T22:59:50Z","2026-05-17T23:01:20Z",90,"GitHub Actions 1000002868",5
26007519162,76441640399,"lint","completed","success","2026-05-18T00:41:51Z","2026-05-18T00:42:23Z",32,"GitHub Actions 1000002870",1
26007519162,76441640400,"unit-test","completed","success","2026-05-18T00:41:51Z","2026-05-18T00:43:16Z",85,"GitHub Actions 1000002871",1
26007519162,76441640401,"build","completed","failure","2026-05-18T00:41:51Z","2026-05-18T00:42:05Z",14,"deathstar",1
26007519162,76441663027,"integration","completed","skipped","2026-05-18T00:42:06Z","2026-05-18T00:42:05Z",-1,,1
26007604198,76441881037,"unit-test","completed","success","2026-05-18T00:45:14Z","2026-05-18T00:46:55Z",101,"GitHub Actions 1000002872",1
26007604198,76441881042,"build","completed","failure","2026-05-18T00:45:14Z","2026-05-18T00:45:26Z",12,"deathstar",1
26007604198,76441881049,"lint","completed","success","2026-05-18T00:45:15Z","2026-05-18T00:45:41Z",26,"GitHub Actions 1000002873",1
26007604198,76441899918,"integration","completed","skipped","2026-05-18T00:45:26Z","2026-05-18T00:45:26Z",0,,1
26008244172,76443729819,"build","completed","failure","2026-05-18T01:10:42Z","2026-05-18T01:11:06Z",24,"spacelab-macmini",1
26008244172,76443729855,"lint","completed","success","2026-05-18T01:10:43Z","2026-05-18T01:11:09Z",26,"GitHub Actions 1000002875",1
26008244172,76443729878,"unit-test","completed","failure","2026-05-18T01:10:43Z","2026-05-18T01:12:02Z",79,"GitHub Actions 1000002876",1
26008244172,76443760762,"integration","completed","skipped","2026-05-18T01:11:07Z","2026-05-18T01:11:07Z",0,,1
26067788652,76642328151,"lint","completed","success","2026-05-19T00:05:30Z","2026-05-19T00:05:57Z",27,"GitHub Actions 1000002877",1
26067788652,76642328203,"unit-test","completed","success","2026-05-19T00:05:30Z","2026-05-19T00:07:03Z",93,"GitHub Actions 1000002878",1
26067788652,76642328214,"build","completed","success","2026-05-19T00:05:29Z","2026-05-19T00:09:04Z",215,"spacelab-macmini",1
26067788652,76642709316,"integration","completed","failure","2026-05-19T00:09:07Z","2026-05-19T00:15:49Z",402,"spacelab-ubuntu-macmini",1
26067913997,76642714109,"unit-test","completed","success","2026-05-19T00:09:11Z","2026-05-19T00:10:44Z",93,"GitHub Actions 1000002879",1
26067913997,76642714113,"build","completed","success","2026-05-19T00:09:10Z","2026-05-19T00:11:48Z",158,"deathstar",1
26067913997,76642714124,"lint","completed","success","2026-05-19T00:09:10Z","2026-05-19T00:09:41Z",31,"GitHub Actions 1000002880",1
26067913997,76643001743,"integration","completed","failure","2026-05-19T00:15:51Z","2026-05-19T00:21:13Z",322,"spacelab-ubuntu-macmini",1
26069153561,76646529101,"build","completed","cancelled","2026-05-19T00:45:25Z","2026-05-19T00:46:56Z",91,"spacelab-macmini",1
26069153561,76646529102,"lint","completed","failure","2026-05-19T00:45:25Z","2026-05-19T00:45:51Z",26,"GitHub Actions 1000002881",1
26069153561,76646529105,"unit-test","completed","cancelled","2026-05-19T00:45:25Z","2026-05-19T00:46:52Z",87,"GitHub Actions 1000002882",1
26069153561,76646689194,"integration-uart","completed","cancelled","2026-05-19T00:46:57Z","2026-05-19T00:46:57Z",0,,1
26069153561,76646689515,"integration-radio","completed","cancelled","2026-05-19T00:46:57Z","2026-05-19T00:46:57Z",0,,1
26069271243,76646894311,"lint","completed","failure","2026-05-19T00:48:59Z","2026-05-19T00:49:32Z",33,"GitHub Actions 1000002884",1
26069271243,76646894313,"build","completed","success","2026-05-19T00:48:58Z","2026-05-19T00:52:31Z",213,"spacelab-macmini",1
26069271243,76646894316,"unit-test","completed","success","2026-05-19T00:48:59Z","2026-05-19T00:50:43Z",104,"GitHub Actions 1000002883",1
26069271243,76647267218,"integration-uart","completed","failure","2026-05-19T00:52:33Z","2026-05-19T00:53:41Z",68,"spacelab-ubuntu-macmini",1
26069271243,76647385054,"integration-radio","completed","skipped","2026-05-19T00:53:42Z","2026-05-19T00:53:41Z",-1,,1
26069343941,76647122572,"lint","completed","success","2026-05-19T00:51:09Z","2026-05-19T00:51:37Z",28,"GitHub Actions 1000002885",1
26069343941,76647122576,"build","completed","failure","2026-05-19T00:52:33Z","2026-05-19T01:02:33Z",600,"deathstar",1
26069343941,76647122577,"unit-test","completed","success","2026-05-19T00:51:10Z","2026-05-19T00:52:47Z",97,"GitHub Actions 1000002886",1
26069343941,76648288402,"integration-uart","completed","skipped","2026-05-19T01:02:34Z","2026-05-19T01:02:33Z",-1,,1
26069343941,76648288768,"integration-radio","completed","skipped","2026-05-19T01:02:34Z","2026-05-19T01:02:34Z",0,,1
26070002090,76649192631,"lint","completed","success","2026-05-19T01:11:30Z","2026-05-19T01:11:56Z",26,"GitHub Actions 1000002887",1
26070002090,76649192633,"unit-test","completed","success","2026-05-19T01:11:31Z","2026-05-19T01:13:01Z",90,"GitHub Actions 1000002888",1
26070002090,76649192643,"build","completed","success","2026-05-19T01:11:30Z","2026-05-19T01:15:08Z",218,"spacelab-macmini",1
26070002090,76649555101,"integration-uart","completed","success","2026-05-19T01:15:11Z","2026-05-19T01:20:29Z",318,"spacelab-ubuntu-macmini",1
26070002090,76650084600,"integration-radio","completed","failure","2026-05-19T01:21:21Z","2026-05-19T01:23:39Z",138,"spacelab-ubuntu-macmini",1
26074263170,76661902882,"unit-test","completed","success","2026-05-19T03:25:07Z","2026-05-19T03:26:35Z",88,"GitHub Actions 1000002890",1
26074263170,76661902895,"lint","completed","success","2026-05-19T03:25:07Z","2026-05-19T03:25:34Z",27,"GitHub Actions 1000002889",1
26074263170,76661902900,"build","completed","success","2026-05-19T03:25:07Z","2026-05-19T03:27:43Z",156,"deathstar",1
26074263170,76662163281,"integration-uart","completed","failure","2026-05-19T03:27:46Z","2026-05-19T03:28:55Z",69,"spacelab-ubuntu-macmini",1
26074263170,76662275443,"integration-radio","completed","skipped","2026-05-19T03:28:55Z","2026-05-19T03:28:55Z",0,,1
26074691679,76663204963,"build","completed","success","2026-05-19T03:38:50Z","2026-05-19T03:41:29Z",159,"deathstar",1
26074691679,76663204965,"unit-test","completed","success","2026-05-19T03:38:51Z","2026-05-19T03:40:30Z",99,"GitHub Actions 1000002891",1
26074691679,76663204970,"lint","completed","success","2026-05-19T03:38:50Z","2026-05-19T03:39:18Z",28,"GitHub Actions 1000002892",1
26074691679,76663444093,"integration-uart","completed","success","2026-05-19T03:41:31Z","2026-05-19T03:46:30Z",299,"spacelab-ubuntu-macmini",1
26074691679,76663893804,"integration-radio","completed","failure","2026-05-19T03:47:22Z","2026-05-19T03:49:41Z",139,"spacelab-ubuntu-macmini",1
26075282919,76664923001,"unit-test","completed","success","2026-05-19T03:58:07Z","2026-05-19T03:59:50Z",103,"GitHub Actions 1000002893",1
26075282919,76664923008,"build","completed","success","2026-05-19T03:58:06Z","2026-05-19T04:01:43Z",217,"spacelab-macmini",1
26075282919,76664923021,"lint","completed","success","2026-05-19T03:58:07Z","2026-05-19T03:58:35Z",28,"GitHub Actions 1000002894",1
26075282919,76665258923,"integration-uart","completed","failure","2026-05-19T04:01:46Z","2026-05-19T04:03:20Z",94,"spacelab-ubuntu-macmini",1
26075282919,76665405232,"integration-radio","completed","skipped","2026-05-19T04:03:20Z","2026-05-19T04:03:20Z",0,,1
26076207837,76667656705,"lint","completed","success","2026-05-19T04:28:22Z","2026-05-19T04:28:48Z",26,"GitHub Actions 1000002895",1
26076207837,76667656722,"build","completed","success","2026-05-19T04:28:21Z","2026-05-19T04:31:57Z",216,"spacelab-macmini",1
26076207837,76667656734,"unit-test","completed","success","2026-05-19T04:28:22Z","2026-05-19T04:29:53Z",91,"GitHub Actions 1000002896",1
26076207837,76668025901,"integration-uart","completed","success","2026-05-19T04:31:59Z","2026-05-19T04:36:58Z",299,"spacelab-ubuntu-macmini",1
26076207837,76668496032,"integration-radio","completed","failure","2026-05-19T04:37:00Z","2026-05-19T04:39:29Z",149,"spacelab-ubuntu-macmini",1
26077775933,76672256612,"lint","completed","success","2026-05-19T05:16:30Z","2026-05-19T05:16:57Z",27,"GitHub Actions 1000002897",1
26077775933,76672256645,"build","completed","success","2026-05-19T05:16:30Z","2026-05-19T05:20:07Z",217,"spacelab-macmini",1
26077775933,76672256671,"unit-test","completed","success","2026-05-19T05:16:32Z","2026-05-19T05:18:09Z",97,"GitHub Actions 1000002898",1
26077775933,76672617011,"integration-uart","completed","failure","2026-05-19T05:20:09Z","2026-05-19T05:21:12Z",63,"spacelab-ubuntu-macmini",1
26077775933,76672735427,"integration-radio","completed","skipped","2026-05-19T05:21:13Z","2026-05-19T05:21:12Z",-1,,1
26078365963,76674055091,"build","completed","success","2026-05-19T05:33:41Z","2026-05-19T05:37:17Z",216,"spacelab-macmini",1
26078365963,76674055093,"lint","completed","success","2026-05-19T05:33:41Z","2026-05-19T05:34:10Z",29,"GitHub Actions 1000002899",1
26078365963,76674055097,"unit-test","completed","success","2026-05-19T05:33:42Z","2026-05-19T05:35:12Z",90,"GitHub Actions 1000002900",1
26078365963,76674432269,"integration-uart","completed","success","2026-05-19T05:37:19Z","2026-05-19T05:42:25Z",306,"spacelab-ubuntu-macmini",1
26078365963,76674968404,"integration-radio","completed","failure","2026-05-19T05:42:27Z","2026-05-19T05:44:45Z",138,"spacelab-ubuntu-macmini",1
26079082399,76676218485,"build","completed","success","2026-05-19T05:54:19Z","2026-05-19T05:56:52Z",153,"deathstar",1
26079082399,76676218495,"lint","completed","success","2026-05-19T05:54:19Z","2026-05-19T05:54:46Z",27,"GitHub Actions 1000002901",1
26079082399,76676218502,"unit-test","completed","success","2026-05-19T05:54:20Z","2026-05-19T05:55:58Z",98,"GitHub Actions 1000002902",1
26079082399,76676504626,"integration-uart","completed","success","2026-05-19T05:56:54Z","2026-05-19T06:01:54Z",300,"spacelab-ubuntu-macmini",1
26079082399,76677103594,"integration-radio","completed","failure","2026-05-19T06:02:45Z","2026-05-19T06:05:03Z",138,"spacelab-ubuntu-macmini",1
26079809553,76678574508,"build","completed","success","2026-05-19T06:14:16Z","2026-05-19T06:17:52Z",216,"spacelab-macmini",1
26079809553,76678574510,"lint","completed","failure","2026-05-19T06:14:17Z","2026-05-19T06:14:24Z",7,"GitHub Actions 1000002903",1
26079809553,76678574518,"unit-test","completed","success","2026-05-19T06:14:17Z","2026-05-19T06:15:45Z",88,"GitHub Actions 1000002904",1
26079809553,76679005647,"integration-radio","completed","failure","2026-05-19T06:17:55Z","2026-05-19T06:20:14Z",139,"spacelab-ubuntu-macmini",1
26084280728,76693289510,"lint","completed","success","2026-05-19T08:00:02Z","2026-05-19T08:00:32Z",30,"GitHub Actions 1000002905",1
26084280728,76693289514,"build","completed","success","2026-05-19T08:00:00Z","2026-05-19T08:02:44Z",164,"deathstar",1
26084280728,76693289591,"unit-test","completed","success","2026-05-19T08:00:00Z","2026-05-19T08:01:34Z",94,"GitHub Actions 1000002906",1
26084280728,76693729898,"integration-uart","completed","failure","2026-05-19T08:02:46Z","2026-05-19T08:03:26Z",40,"spacelab-ubuntu-macmini",1
26084280728,76693729903,"integration-radio","completed","failure","2026-05-19T08:04:18Z","2026-05-19T08:04:58Z",40,"spacelab-ubuntu-macmini",1
26205403680,77110457099,"lint","completed","success","2026-05-21T04:27:17Z","2026-05-21T04:27:46Z",29,"GitHub Actions 1000002907",2
26205403680,77110457213,"integration-uart","completed","success","2026-05-21T05:35:22Z","2026-05-21T05:40:20Z",298,"spacelab-ubuntu-macmini",2
26205403680,77110457217,"integration-radio","completed","failure","2026-05-21T05:32:58Z","2026-05-21T05:35:20Z",142,"spacelab-ubuntu-macmini",2
26205403680,77110457224,"unit-test","completed","success","2026-05-21T04:27:16Z","2026-05-21T04:28:52Z",96,"GitHub Actions 1000002908",2
26205403680,77110457356,"build","completed","success","2026-05-21T04:27:16Z","2026-05-21T04:29:53Z",157,"deathstar",2
26207420125,77560879106,"integration","completed","success","2026-05-24T00:56:03Z","2026-05-24T01:01:17Z",314,"spacelab-ubuntu-macmini",3
26207420125,77560879191,"build","completed","success","2026-05-21T05:30:35Z","2026-05-21T05:33:12Z",157,"deathstar",3
26207420125,77560883768,"lint","completed","success","2026-05-21T05:30:36Z","2026-05-21T05:31:03Z",27,"GitHub Actions 1000002909",3
26207420125,77560886491,"unit-test","completed","success","2026-05-21T05:30:36Z","2026-05-21T05:32:20Z",104,"GitHub Actions 1000002910",3
26208429233,77113310661,"build","completed","success","2026-05-21T06:00:17Z","2026-05-21T06:03:58Z",221,"spacelab-macmini",1
26208429233,77113310699,"lint","completed","success","2026-05-21T06:00:18Z","2026-05-21T06:00:49Z",31,"GitHub Actions 1000002911",1
26208429233,77113310803,"unit-test","completed","success","2026-05-21T06:00:18Z","2026-05-21T06:01:53Z",95,"GitHub Actions 1000002912",1
26208429233,77113751412,"integration-uart","completed","cancelled","2026-05-21T06:03:58Z","2026-05-21T06:22:12Z",1094,"",1
26208429233,77113751415,"integration-radio","completed","cancelled","2026-05-21T06:04:00Z","2026-05-21T06:22:45Z",1125,"spacelab-ubuntu-macmini",1
26209363075,77116358574,"build","completed","success","2026-05-21T06:25:58Z","2026-05-21T06:28:35Z",157,"deathstar",1
26209363075,77116358575,"lint","completed","success","2026-05-21T06:25:58Z","2026-05-21T06:26:25Z",27,"GitHub Actions 1000002914",1
26209363075,77116358583,"unit-test","completed","success","2026-05-21T06:25:58Z","2026-05-21T06:27:40Z",102,"GitHub Actions 1000002913",1
26209363075,77116677673,"integration-uart","completed","cancelled","2026-05-21T06:31:50Z","2026-05-21T06:33:31Z",101,"spacelab-ubuntu-macmini",1
26209363075,77116677675,"integration-radio","completed","failure","2026-05-21T06:28:37Z","2026-05-21T06:30:58Z",141,"spacelab-ubuntu-macmini",1
26210147131,77118854274,"build","completed","success","2026-05-21T06:45:49Z","2026-05-21T06:49:25Z",216,"spacelab-macmini",1
26210147131,77118854288,"unit-test","completed","success","2026-05-21T06:45:50Z","2026-05-21T06:47:28Z",98,"GitHub Actions 1000002916",1
26210147131,77118854290,"lint","completed","success","2026-05-21T06:45:50Z","2026-05-21T06:46:16Z",26,"GitHub Actions 1000002915",1
26210147131,77119318008,"integration-radio","completed","failure","2026-05-21T06:49:27Z","2026-05-21T06:51:42Z",135,"spacelab-ubuntu-macmini",1
26210147131,77119318033,"integration-uart","completed","cancelled","2026-05-21T06:52:34Z","2026-05-21T06:52:38Z",4,"spacelab-ubuntu-macmini",1
26210489346,77537860652,"build","completed","success","2026-05-21T06:54:18Z","2026-05-21T06:56:54Z",156,"deathstar",4
26210489346,77537860653,"integration-radio","completed","failure","2026-05-23T17:31:46Z","2026-05-23T17:49:24Z",1058,"spacelab-ubuntu-macmini",4
26210489346,77537860820,"lint","completed","success","2026-05-21T06:54:18Z","2026-05-21T06:54:47Z",29,"GitHub Actions 1000002917",4
26210489346,77537860831,"unit-test","completed","success","2026-05-21T06:54:18Z","2026-05-21T06:55:37Z",79,"GitHub Actions 1000002918",4
26210489346,77537860881,"integration-uart","completed","success","2026-05-23T17:26:31Z","2026-05-23T17:31:31Z",300,"spacelab-ubuntu-macmini",4
26340730880,77542194495,"lint","completed","success","2026-05-23T18:49:58Z","2026-05-23T18:50:25Z",27,"GitHub Actions 1000002919",1
26340730880,77542194508,"unit-test","completed","success","2026-05-23T18:49:59Z","2026-05-23T18:51:38Z",99,"GitHub Actions 1000002920",1
26340730880,77542194510,"build","completed","success","2026-05-23T18:49:59Z","2026-05-23T18:52:38Z",159,"deathstar",1
26340730880,77542349168,"integration-uart","completed","failure","2026-05-23T18:52:40Z","2026-05-23T18:57:58Z",318,"spacelab-ubuntu-macmini",1
26340730880,77542349177,"integration-radio","completed","failure","2026-05-23T18:57:59Z","2026-05-23T19:00:35Z",156,"spacelab-ubuntu-macmini",1
26341302125,77543728512,"unit-test","completed","success","2026-05-23T19:18:01Z","2026-05-23T19:19:28Z",87,"GitHub Actions 1000002921",1
26341302125,77543728518,"lint","completed","success","2026-05-23T19:18:01Z","2026-05-23T19:18:30Z",29,"GitHub Actions 1000002922",1
26341302125,77543728524,"build","completed","success","2026-05-23T19:18:01Z","2026-05-23T19:20:36Z",155,"deathstar",1
26341302125,77543875233,"integration-radio","completed","failure","2026-05-23T19:20:38Z","2026-05-23T19:37:09Z",991,"spacelab-ubuntu-macmini",1
26341302125,77543875252,"integration-uart","completed","failure","2026-05-23T19:37:11Z","2026-05-23T19:42:23Z",312,"spacelab-ubuntu-macmini",1
26342435727,77547346931,"build","completed","success","2026-05-23T20:13:01Z","2026-05-23T20:16:40Z",219,"spacelab-macmini",2
26342435727,77547346953,"lint","completed","success","2026-05-23T20:13:01Z","2026-05-23T20:13:30Z",29,"GitHub Actions 1000002924",2
26342435727,77547346971,"integration-radio","completed","cancelled","2026-05-23T20:24:53Z","2026-05-23T20:37:14Z",741,"spacelab-ubuntu-macmini",2
26342435727,77547346974,"integration-uart","completed","cancelled","2026-05-23T20:24:52Z","2026-05-23T20:36:35Z",703,"",2
26342435727,77547347034,"unit-test","completed","success","2026-05-23T20:13:01Z","2026-05-23T20:14:42Z",101,"GitHub Actions 1000002923",2
26343919963,77550574563,"build","completed","success","2026-05-23T21:24:01Z","2026-05-23T21:26:36Z",155,"deathstar",1
26343919963,77550574565,"unit-test","completed","success","2026-05-23T21:24:01Z","2026-05-23T21:25:42Z",101,"GitHub Actions 1000002926",1
26343919963,77550574569,"lint","completed","success","2026-05-23T21:24:01Z","2026-05-23T21:24:24Z",23,"GitHub Actions 1000002925",1
26343919963,77550715400,"integration-radio","completed","failure","2026-05-23T21:26:38Z","2026-05-23T21:39:07Z",749,"spacelab-ubuntu-macmini",1
26343919963,77550715403,"integration-uart","completed","failure","2026-05-23T21:39:08Z","2026-05-23T21:44:12Z",304,"spacelab-ubuntu-macmini",1
26344499828,77554827964,"build","completed","success","2026-05-23T22:46:53Z","2026-05-23T22:50:32Z",219,"spacelab-macmini",5
26344499828,77554827965,"unit-test","completed","success","2026-05-23T22:46:54Z","2026-05-23T22:48:30Z",96,"GitHub Actions 1000002929",5
26344499828,77554827967,"lint","completed","success","2026-05-23T22:46:54Z","2026-05-23T22:47:24Z",30,"GitHub Actions 1000002930",5
26344499828,77555012050,"integration-radio","completed","failure","2026-05-23T22:50:34Z","2026-05-23T22:58:00Z",446,"spacelab-ubuntu-macmini",5
26344499828,77555012055,"integration-uart","completed","success","2026-05-23T22:58:02Z","2026-05-23T23:02:54Z",292,"spacelab-ubuntu-macmini",5
26345888432,77555605824,"build","completed","success","2026-05-23T23:02:56Z","2026-05-23T23:06:32Z",216,"spacelab-macmini",1
26345888432,77555605826,"lint","completed","success","2026-05-23T23:02:57Z","2026-05-23T23:03:24Z",27,"GitHub Actions 1000002932",1
26345888432,77555605829,"unit-test","completed","success","2026-05-23T23:02:57Z","2026-05-23T23:04:23Z",86,"GitHub Actions 1000002931",1
26345888432,77555782904,"integration-radio","completed","failure","2026-05-23T23:06:35Z","2026-05-23T23:14:46Z",491,"spacelab-ubuntu-macmini",1
26345888432,77555782911,"integration-uart","completed","failure","2026-05-23T23:14:48Z","2026-05-23T23:20:10Z",322,"spacelab-ubuntu-macmini",1
26347137984,77558777250,"build","completed","success","2026-05-24T00:10:23Z","2026-05-24T00:14:00Z",217,"spacelab-macmini",1
26347137984,77558777258,"lint","completed","success","2026-05-24T00:10:23Z","2026-05-24T00:10:48Z",25,"GitHub Actions 1000002933",1
26347137984,77558777280,"unit-test","completed","success","2026-05-24T00:10:23Z","2026-05-24T00:11:59Z",96,"GitHub Actions 1000002934",1
26347137984,77558944605,"integration-uart","completed","failure","2026-05-24T00:17:30Z","2026-05-24T00:22:48Z",318,"spacelab-ubuntu-macmini",1
26347137984,77558944607,"integration-radio","completed","failure","2026-05-24T00:14:02Z","2026-05-24T00:16:38Z",156,"spacelab-ubuntu-macmini",1
26347670725,77562388743,"unit-test","completed","success","2026-05-24T00:40:03Z","2026-05-24T00:41:40Z",97,"GitHub Actions 1000002935",4
26347670725,77562388789,"integration-radio","completed","failure","2026-05-24T01:22:50Z","2026-05-24T01:37:33Z",883,"spacelab-ubuntu-macmini",4
26347670725,77562388856,"build","completed","success","2026-05-24T00:40:03Z","2026-05-24T00:42:43Z",160,"deathstar",4
26347670725,77562388863,"integration-uart","completed","success","2026-05-24T01:01:56Z","2026-05-24T01:06:47Z",291,"spacelab-ubuntu-macmini",4
26347670725,77562394717,"lint","completed","success","2026-05-24T00:40:03Z","2026-05-24T00:40:29Z",26,"GitHub Actions 1000002936",4
26349322162,77568166227,"build","completed","success","2026-05-24T03:19:48Z","2026-05-24T03:22:25Z",157,"deathstar",4
26349322162,77568166231,"unit-test","completed","success","2026-05-24T03:19:49Z","2026-05-24T03:21:18Z",89,"GitHub Actions 1000002941",4
26349322162,77568166232,"lint","completed","success","2026-05-24T03:19:49Z","2026-05-24T03:20:19Z",30,"GitHub Actions 1000002940",4
26349322162,77568307743,"integration-uart","completed","success","2026-05-24T03:22:27Z","2026-05-24T03:27:18Z",291,"spacelab-ubuntu-macmini",4
26349322162,77568558811,"integration-radio","completed","failure","2026-05-24T03:27:20Z","2026-05-24T03:41:25Z",845,"spacelab-ubuntu-macmini",4
26352132643,77572137880,"build","completed","success","2026-05-24T04:42:59Z","2026-05-24T04:45:33Z",154,"deathstar",1
26352132643,77572137881,"lint","completed","success","2026-05-24T04:42:59Z","2026-05-24T04:43:24Z",25,"GitHub Actions 1000002942",1
26352132643,77572137886,"unit-test","completed","success","2026-05-24T04:42:59Z","2026-05-24T04:44:33Z",94,"GitHub Actions 1000002943",1
26352132643,77572265275,"integration","completed","success","2026-05-24T04:45:35Z","2026-05-24T04:51:30Z",355,"spacelab-ubuntu-macmini",1
26352132643,77572265281,"yamcs-build","completed","success","2026-05-24T04:45:36Z","2026-05-24T04:45:50Z",14,"GitHub Actions 1000002948",1
26352138609,77572155385,"unit-test","completed","success","2026-05-24T04:43:19Z","2026-05-24T04:44:46Z",87,"GitHub Actions 1000002946",1
26352138609,77572155386,"lint","completed","success","2026-05-24T04:43:19Z","2026-05-24T04:43:45Z",26,"GitHub Actions 1000002947",1
26352138609,77572155390,"build","completed","success","2026-05-24T04:43:19Z","2026-05-24T04:46:57Z",218,"spacelab-macmini",1
26352138609,77572330191,"yamcs-build","completed","success","2026-05-24T04:46:59Z","2026-05-24T04:47:16Z",17,"GitHub Actions 1000002949",1
26352138609,77572330194,"integration","completed","success","2026-05-24T04:51:31Z","2026-05-24T04:57:18Z",347,"spacelab-ubuntu-macmini",1
26352390767,77577183007,"integration","completed","success","2026-05-24T06:25:30Z","2026-05-24T06:31:18Z",348,"spacelab-ubuntu-macmini",2
26352390767,77577183056,"unit-test","completed","success","2026-05-24T04:57:26Z","2026-05-24T04:59:06Z",100,"GitHub Actions 1000002952",2
26352390767,77577183167,"yamcs-build","completed","success","2026-05-24T05:00:06Z","2026-05-24T05:00:22Z",16,"GitHub Actions 1000002954",2
26352390767,77577187098,"build","completed","success","2026-05-24T04:57:26Z","2026-05-24T05:00:03Z",157,"deathstar",2
26352390767,77577190586,"lint","completed","success","2026-05-24T04:57:26Z","2026-05-24T04:57:54Z",28,"GitHub Actions 1000002951",2
26353712459,77577109278,"unit-test","completed","success","2026-05-24T06:24:05Z","2026-05-24T06:25:37Z",92,"GitHub Actions 1000002956",2
26353712459,77577109281,"lint","completed","success","2026-05-24T06:24:05Z","2026-05-24T06:24:39Z",34,"GitHub Actions 1000002957",2
26353712459,77577109307,"build","completed","success","2026-05-24T06:24:04Z","2026-05-24T06:27:42Z",218,"spacelab-macmini",2
26353712459,77577292327,"yamcs-build","completed","success","2026-05-24T06:27:45Z","2026-05-24T06:28:03Z",18,"GitHub Actions 1000002958",2
26353712459,77577292330,"integration-uart","completed","success","2026-05-24T06:31:20Z","2026-05-24T06:36:46Z",326,"spacelab-ubuntu-macmini",2
26353712459,77577736761,"integration-radio","completed","failure","2026-05-24T06:36:48Z","2026-05-24T06:45:29Z",521,"spacelab-ubuntu-macmini",2
26366274114,77610556353,"unit-test","completed","success","2026-05-24T16:14:11Z","2026-05-24T16:15:40Z",89,"GitHub Actions 1000002960",2
26366274114,77610556356,"lint","completed","success","2026-05-24T16:14:11Z","2026-05-24T16:14:43Z",32,"GitHub Actions 1000002961",2
26366274114,77610556362,"build","completed","success","2026-05-24T16:14:10Z","2026-05-24T16:17:51Z",221,"spacelab-macmini",2
26366274114,77610767499,"integration-uart","completed","success","2026-05-24T16:17:53Z","2026-05-24T16:23:09Z",316,"spacelab-ubuntu-macmini",2
26366274114,77610767508,"yamcs-build","completed","success","2026-05-24T16:17:54Z","2026-05-24T16:18:11Z",17,"GitHub Actions 1000002962",2
26366274114,77611083785,"integration-radio","completed","failure","2026-05-24T16:23:11Z","2026-05-24T16:33:07Z",596,"spacelab-ubuntu-macmini",2
26372921012,77629275597,"lint","completed","success","2026-05-24T21:33:13Z","2026-05-24T21:33:39Z",26,"GitHub Actions 1000002965",2
26372921012,77629275598,"unit-test","completed","success","2026-05-24T21:33:12Z","2026-05-24T21:34:38Z",86,"GitHub Actions 1000002964",2
26372921012,77629275607,"build","completed","success","2026-05-24T21:33:13Z","2026-05-24T21:35:53Z",160,"deathstar",2
26372921012,77629430528,"yamcs-build","completed","success","2026-05-24T21:35:56Z","2026-05-24T21:36:14Z",18,"GitHub Actions 1000002966",2
26372921012,77629430538,"integration-uart","completed","success","2026-05-24T21:35:55Z","2026-05-24T21:41:33Z",338,"spacelab-ubuntu-macmini",2
26372921012,77629737226,"integration-radio","completed","failure","2026-05-24T21:41:34Z","2026-05-24T21:50:22Z",528,"spacelab-ubuntu-macmini",2
26373805117,77631624389,"build","completed","success","2026-05-24T21:55:31Z","2026-05-24T21:59:09Z",218,"spacelab-macmini",3
26373805117,77631624475,"unit-test","completed","success","2026-05-24T21:55:32Z","2026-05-24T21:57:09Z",97,"GitHub Actions 1000002969",3
26373805117,77631624577,"yamcs-build","completed","success","2026-05-24T21:59:12Z","2026-05-24T21:59:35Z",23,"GitHub Actions 1000002970",3
26373805117,77631624607,"integration-radio","completed","failure","2026-05-24T22:16:04Z","2026-05-24T22:25:09Z",545,"spacelab-ubuntu-macmini",3
26373805117,77631624611,"integration-uart","completed","success","2026-05-24T21:59:11Z","2026-05-24T22:05:01Z",350,"spacelab-ubuntu-macmini",3
26373805117,77631632180,"lint","completed","success","2026-05-24T21:55:31Z","2026-05-24T21:55:56Z",25,"GitHub Actions 1000002968",3
26374560020,77632496249,"build","completed","success","2026-05-24T22:31:10Z","2026-05-24T22:34:48Z",218,"spacelab-macmini",2
26374560020,77632496251,"lint","completed","failure","2026-05-24T22:31:10Z","2026-05-24T22:31:39Z",29,"GitHub Actions 1000002972",2
26374560020,77632496253,"unit-test","completed","success","2026-05-24T22:31:11Z","2026-05-24T22:32:47Z",96,"GitHub Actions 1000002973",2
26374560020,77632697357,"yamcs-build","completed","success","2026-05-24T22:34:50Z","2026-05-24T22:35:06Z",16,"GitHub Actions 1000002974",2
26374560020,77632697361,"integration-uart","completed","success","2026-05-24T22:34:50Z","2026-05-24T22:40:18Z",328,"spacelab-ubuntu-macmini",2
26374560020,77632997221,"integration-radio","completed","success","2026-05-24T22:40:20Z","2026-05-24T22:48:11Z",471,"spacelab-ubuntu-macmini",2
26375190322,77634141330,"unit-test","completed","success","2026-05-24T23:01:32Z","2026-05-24T23:03:10Z",98,"GitHub Actions 1000002976",2
26375190322,77634141344,"lint","completed","success","2026-05-24T23:01:32Z","2026-05-24T23:01:58Z",26,"GitHub Actions 1000002977",2
26375190322,77634141358,"build","completed","success","2026-05-24T23:01:32Z","2026-05-24T23:04:12Z",160,"deathstar",2
26375190322,77634286528,"integration-uart","completed","success","2026-05-24T23:04:14Z","2026-05-24T23:09:41Z",327,"spacelab-ubuntu-macmini",2
26375190322,77634286533,"yamcs-build","completed","success","2026-05-24T23:04:14Z","2026-05-24T23:04:34Z",20,"GitHub Actions 1000002980",2
26375190322,77634591596,"integration-radio","completed","success","2026-05-24T23:15:10Z","2026-05-24T23:22:58Z",468,"spacelab-ubuntu-macmini",2
26375202887,77636763402,"lint","completed","success","2026-05-24T23:02:07Z","2026-05-24T23:02:32Z",25,"GitHub Actions 1000002979",3
26375202887,77636763463,"build","completed","success","2026-05-24T23:02:06Z","2026-05-24T23:05:44Z",218,"spacelab-macmini",3
26375202887,77636763514,"unit-test","completed","success","2026-05-24T23:02:07Z","2026-05-24T23:03:32Z",85,"GitHub Actions 1000002978",3
26375202887,77636763634,"yamcs-build","completed","success","2026-05-24T23:05:47Z","2026-05-24T23:06:02Z",15,"GitHub Actions 1000002981",3
26375202887,77636763664,"integration-radio","completed","success","2026-05-24T23:49:15Z","2026-05-24T23:57:08Z",473,"spacelab-ubuntu-macmini",3
26375202887,77636763720,"integration-uart","completed","success","2026-05-24T23:09:43Z","2026-05-24T23:15:09Z",326,"spacelab-ubuntu-macmini",3
26375202887,77637198485,"integration","completed","success","2026-05-24T23:57:10Z","2026-05-24T23:57:12Z",2,"GitHub Actions 1000002983",3
26411620545,77747111040,"build","completed","success","2026-05-25T17:07:00Z","2026-05-25T17:10:43Z",223,"spacelab-macmini",1
26411620545,77747111050,"unit-test","completed","success","2026-05-25T17:07:01Z","2026-05-25T17:08:30Z",89,"GitHub Actions 1000002985",1
26411620545,77747111052,"lint","completed","success","2026-05-25T17:07:01Z","2026-05-25T17:07:28Z",27,"GitHub Actions 1000002986",1
26411620545,77747507964,"integration-uart","completed","success","2026-05-25T17:10:45Z","2026-05-25T17:16:06Z",321,"spacelab-ubuntu-macmini",1
26411620545,77747508009,"yamcs-build","completed","success","2026-05-25T17:10:46Z","2026-05-25T17:11:05Z",19,"GitHub Actions 1000002987",1
26411620545,77748077505,"integration-radio","completed","failure","2026-05-25T17:16:08Z","2026-05-25T17:29:47Z",819,"spacelab-ubuntu-macmini",1
26411620545,77749541489,"integration","completed","failure","2026-05-25T17:29:50Z","2026-05-25T17:29:54Z",4,"GitHub Actions 1000002988",1
26413039175,77751465779,"lint","completed","success","2026-05-25T17:47:33Z","2026-05-25T17:48:02Z",29,"GitHub Actions 1000002989",1
26413039175,77751465780,"build","completed","success","2026-05-25T17:47:32Z","2026-05-25T17:51:28Z",236,"spacelab-macmini",1
26413039175,77751465786,"unit-test","completed","success","2026-05-25T17:47:33Z","2026-05-25T17:48:57Z",84,"GitHub Actions 1000002990",1
26413039175,77751882763,"yamcs-build","completed","success","2026-05-25T17:51:30Z","2026-05-25T17:51:45Z",15,"GitHub Actions 1000002991",1
26413039175,77751882767,"integration-uart","completed","success","2026-05-25T17:51:30Z","2026-05-25T17:56:49Z",319,"spacelab-ubuntu-macmini",1
26413039175,77752442778,"integration-radio","completed","failure","2026-05-25T17:56:51Z","2026-05-25T18:09:25Z",754,"spacelab-ubuntu-macmini",1
26413039175,77753773983,"integration","completed","failure","2026-05-25T18:09:28Z","2026-05-25T18:09:30Z",2,"GitHub Actions 1000002995",1
26413549605,77752999605,"unit-test","completed","success","2026-05-25T18:02:08Z","2026-05-25T18:03:33Z",85,"GitHub Actions 1000002992",1
26413549605,77752999610,"build","completed","success","2026-05-25T18:02:07Z","2026-05-25T18:05:54Z",227,"spacelab-macmini",1
26413549605,77752999691,"lint","completed","success","2026-05-25T18:02:08Z","2026-05-25T18:02:34Z",26,"GitHub Actions 1000002993",1
26413549605,77753408531,"yamcs-build","completed","success","2026-05-25T18:05:58Z","2026-05-25T18:06:17Z",19,"GitHub Actions 1000002994",1
26413549605,77753408538,"integration-uart","completed","success","2026-05-25T18:09:27Z","2026-05-25T18:14:56Z",329,"spacelab-ubuntu-macmini",1
26413549605,77754370402,"integration-radio","completed","failure","2026-05-25T18:14:58Z","2026-05-25T18:29:53Z",895,"spacelab-ubuntu-macmini",1
26413549605,77755938476,"integration","completed","failure","2026-05-25T18:29:55Z","2026-05-25T18:29:58Z",3,"GitHub Actions 1000002999",1
26414083074,77765095991,"build","completed","success","2026-05-25T18:17:30Z","2026-05-25T18:20:11Z",161,"deathstar",5
26414083074,77765096119,"unit-test","completed","success","2026-05-25T18:17:30Z","2026-05-25T18:19:00Z",90,"GitHub Actions 1000002997",5
26414083074,77765096158,"integration-radio","completed","failure","2026-05-25T19:58:03Z","2026-05-25T20:11:30Z",807,"spacelab-ubuntu-macmini",5
26414083074,77765096191,"integration-uart","completed","success","2026-05-25T19:26:05Z","2026-05-25T19:31:33Z",328,"spacelab-ubuntu-macmini",5
26414083074,77765096324,"yamcs-build","completed","success","2026-05-25T18:20:14Z","2026-05-25T18:20:29Z",15,"GitHub Actions 1000002998",5
26414083074,77765106669,"lint","completed","success","2026-05-25T18:17:30Z","2026-05-25T18:17:55Z",25,"GitHub Actions 1000002996",5
26414083074,77766425541,"integration","completed","failure","2026-05-25T20:11:34Z","2026-05-25T20:11:37Z",3,"GitHub Actions 1000003004",5
26418606056,77768337340,"lint","completed","success","2026-05-25T20:30:43Z","2026-05-25T20:31:10Z",27,"GitHub Actions 1000003005",1
26418606056,77768337345,"build","completed","success","2026-05-25T20:30:43Z","2026-05-25T20:34:37Z",234,"spacelab-macmini",1
26418606056,77768337365,"unit-test","completed","success","2026-05-25T20:30:44Z","2026-05-25T20:32:13Z",89,"GitHub Actions 1000003006",1
26418606056,77768755258,"yamcs-build","completed","success","2026-05-25T20:34:40Z","2026-05-25T20:34:56Z",16,"GitHub Actions 1000003007",1
26418606056,77768755273,"integration-uart","completed","success","2026-05-25T20:34:39Z","2026-05-25T20:40:08Z",329,"spacelab-ubuntu-macmini",1
26418606056,77769324983,"integration-radio","completed","failure","2026-05-25T20:40:10Z","2026-05-25T20:49:49Z",579,"spacelab-ubuntu-macmini",1
26418606056,77770304475,"integration","completed","failure","2026-05-25T20:49:52Z","2026-05-25T20:49:55Z",3,"GitHub Actions 1000003011",1
26418919296,77770623991,"integration","completed","failure","2026-05-25T20:53:04Z","2026-05-25T20:55:22Z",138,"spacelab-ubuntu-macmini",2
26418919296,77770624115,"unit-test","completed","success","2026-05-25T20:40:00Z","2026-05-25T20:41:25Z",85,"GitHub Actions 1000003008",2
26418919296,77770624363,"yamcs-build","completed","success","2026-05-25T20:43:55Z","2026-05-25T20:44:09Z",14,"GitHub Actions 1000003010",2
26418919296,77770634889,"lint","completed","success","2026-05-25T20:40:00Z","2026-05-25T20:40:26Z",26,"GitHub Actions 1000003009",2
26418919296,77770638171,"build","completed","success","2026-05-25T20:40:00Z","2026-05-25T20:43:52Z",232,"spacelab-macmini",2
26419429308,77770827073,"unit-test","completed","success","2026-05-25T20:55:08Z","2026-05-25T20:56:32Z",84,"GitHub Actions 1000003012",1
26419429308,77770827080,"build","completed","success","2026-05-25T20:55:08Z","2026-05-25T20:57:48Z",160,"deathstar",1
26419429308,77770827093,"lint","completed","success","2026-05-25T20:55:10Z","2026-05-25T20:55:39Z",29,"GitHub Actions 1000003013",1
26419429308,77771116954,"yamcs-build","completed","success","2026-05-25T20:57:50Z","2026-05-25T20:58:13Z",23,"GitHub Actions 1000003014",1
26419429308,77771116957,"integration","completed","success","2026-05-25T20:57:50Z","2026-05-25T21:03:35Z",345,"spacelab-ubuntu-macmini",1
26419709529,77771715281,"build","completed","success","2026-05-25T21:03:43Z","2026-05-25T21:06:22Z",159,"deathstar",1
26419709529,77771715288,"lint","completed","success","2026-05-25T21:03:44Z","2026-05-25T21:04:10Z",26,"GitHub Actions 1000003016",1
26419709529,77771715295,"unit-test","completed","success","2026-05-25T21:03:44Z","2026-05-25T21:05:05Z",81,"GitHub Actions 1000003017",1
26419709529,77771971719,"yamcs-build","completed","success","2026-05-25T21:06:25Z","2026-05-25T21:06:43Z",18,"GitHub Actions 1000003019",1
26419709529,77771971756,"integration","completed","success","2026-05-25T21:06:24Z","2026-05-25T21:12:10Z",346,"spacelab-ubuntu-macmini",1
26419880270,77772243279,"lint","completed","success","2026-05-25T21:09:24Z","2026-05-25T21:09:49Z",25,"GitHub Actions 1000003021",1
26419880270,77772243290,"unit-test","completed","success","2026-05-25T21:09:24Z","2026-05-25T21:10:49Z",85,"GitHub Actions 1000003020",1
26419880270,77772243316,"build","completed","success","2026-05-25T21:09:24Z","2026-05-25T21:12:27Z",183,"deathstar",1
26419880270,77772531738,"yamcs-build","completed","success","2026-05-25T21:12:30Z","2026-05-25T21:12:57Z",27,"GitHub Actions 1000003022",1
26419880270,77772531740,"integration","completed","success","2026-05-25T21:12:29Z","2026-05-25T21:18:16Z",347,"spacelab-ubuntu-macmini",1
26420013547,77772640310,"lint","completed","success","2026-05-25T21:13:38Z","2026-05-25T21:14:09Z",31,"GitHub Actions 1000003023",1
26420013547,77772640322,"unit-test","completed","success","2026-05-25T21:13:38Z","2026-05-25T21:15:04Z",86,"GitHub Actions 1000003024",1
26420013547,77772640324,"build","completed","success","2026-05-25T21:13:38Z","2026-05-25T21:18:17Z",279,"spacelab-macmini",1
26420013547,77773075564,"yamcs-build","completed","success","2026-05-25T21:18:20Z","2026-05-25T21:18:40Z",20,"GitHub Actions 1000003025",1
26420013547,77773075593,"integration","completed","failure","2026-05-25T21:18:19Z","2026-05-25T21:23:39Z",320,"spacelab-ubuntu-macmini",1
26420451329,77773946224,"lint","completed","success","2026-05-25T21:27:49Z","2026-05-25T21:28:15Z",26,"GitHub Actions 1000003026",1
26420451329,77773946236,"build","completed","success","2026-05-25T21:27:48Z","2026-05-25T21:30:26Z",158,"deathstar",1
26420451329,77773946237,"unit-test","completed","success","2026-05-25T21:27:48Z","2026-05-25T21:29:22Z",94,"GitHub Actions 1000003027",1
26420451329,77774210131,"yamcs-build","completed","success","2026-05-25T21:30:29Z","2026-05-25T21:30:50Z",21,"GitHub Actions 1000003028",1
26420451329,77774210135,"integration","completed","failure","2026-05-25T21:30:28Z","2026-05-25T21:37:07Z",399,"spacelab-ubuntu-macmini",1
26420792766,77774947177,"unit-test","completed","success","2026-05-25T21:38:36Z","2026-05-25T21:40:01Z",85,"GitHub Actions 1000003029",1
26420792766,77774947183,"lint","completed","success","2026-05-25T21:38:36Z","2026-05-25T21:39:01Z",25,"GitHub Actions 1000003030",1
26420792766,77774947185,"build","completed","success","2026-05-25T21:38:36Z","2026-05-25T21:58:19Z",1183,"northland-mac-mini",1
26420792766,77776661704,"yamcs-build","completed","success","2026-05-25T21:58:22Z","2026-05-25T21:58:42Z",20,"GitHub Actions 1000003034",1
26420792766,77776661756,"integration-uart","completed","success","2026-05-25T21:58:21Z","2026-05-25T22:03:48Z",327,"spacelab-ubuntu-macmini",1
26420792766,77777133416,"integration-radio","completed","cancelled","2026-05-25T22:03:50Z","2026-05-25T22:04:44Z",54,"spacelab-ubuntu-macmini",1
26420792766,77777214365,"integration","completed","success","2026-05-25T22:04:46Z","2026-05-25T22:04:49Z",3,"GitHub Actions 1000003035",1
26420798511,77781267191,"integration","completed","failure","2026-05-25T22:56:34Z","2026-05-25T23:02:21Z",347,"spacelab-ubuntu-macmini",3
26420798511,77781267384,"build","completed","success","2026-05-25T21:38:48Z","2026-05-25T21:42:09Z",201,"deathstar",3
26420798511,77781267551,"yamcs-build","completed","success","2026-05-25T21:42:13Z","2026-05-25T21:42:32Z",19,"GitHub Actions 1000003033",3
26420798511,77781274786,"unit-test","completed","success","2026-05-25T21:38:48Z","2026-05-25T21:40:14Z",86,"GitHub Actions 1000003032",3
26420798511,77781275955,"lint","completed","success","2026-05-25T21:38:49Z","2026-05-25T21:39:17Z",28,"GitHub Actions 1000003031",3
26421683373,77777503871,"unit-test","completed","success","2026-05-25T22:08:22Z","2026-05-25T22:09:46Z",84,"GitHub Actions 1000003037",1
26421683373,77777503873,"lint","completed","success","2026-05-25T22:08:21Z","2026-05-25T22:08:48Z",27,"GitHub Actions 1000003036",1
26421683373,77777503876,"build","completed","success","2026-05-25T22:08:21Z","2026-05-25T22:12:15Z",234,"spacelab-macmini",1
26421683373,77777822649,"integration","completed","success","2026-05-25T22:12:17Z","2026-05-25T22:17:55Z",338,"spacelab-ubuntu-macmini",1
26421683373,77777822659,"yamcs-build","completed","success","2026-05-25T22:12:18Z","2026-05-25T22:12:33Z",15,"GitHub Actions 1000003038",1
26422018502,77778467596,"lint","completed","success","2026-05-25T22:20:19Z","2026-05-25T22:20:47Z",28,"GitHub Actions 1000003039",1
26422018502,77778467597,"unit-test","completed","success","2026-05-25T22:20:17Z","2026-05-25T22:21:40Z",83,"GitHub Actions 1000003040",1
26422018502,77778467606,"build","completed","success","2026-05-25T22:20:17Z","2026-05-25T22:24:16Z",239,"spacelab-macmini",1
26422018502,77778791461,"integration-uart","completed","cancelled","2026-05-25T22:24:18Z","2026-05-25T22:26:14Z",116,"spacelab-ubuntu-macmini",1
26422018502,77778791466,"yamcs-build","completed","success","2026-05-25T22:24:20Z","2026-05-25T22:24:40Z",20,"GitHub Actions 1000003041",1
26422018502,77778955810,"integration","completed","failure","2026-05-25T22:26:17Z","2026-05-25T22:26:19Z",2,"GitHub Actions 1000003044",1
26422018502,77778955903,"integration-radio","completed","cancelled","2026-05-25T22:26:15Z","2026-05-25T22:26:14Z",-1,,1
26422176569,77780444907,"lint","completed","success","2026-05-25T22:25:52Z","2026-05-25T22:26:21Z",29,"GitHub Actions 1000003043",2
26422176569,77780444961,"yamcs-build","completed","success","2026-05-25T22:29:17Z","2026-05-25T22:29:36Z",19,"GitHub Actions 1000003045",2
26422176569,77780444965,"integration-radio","completed","success","2026-05-25T22:45:20Z","2026-05-25T22:53:37Z",497,"spacelab-ubuntu-macmini",2
26422176569,77780444979,"integration-uart","completed","success","2026-05-25T22:29:16Z","2026-05-25T22:34:37Z",321,"spacelab-ubuntu-macmini",2
26422176569,77780453934,"unit-test","completed","success","2026-05-25T22:25:51Z","2026-05-25T22:27:17Z",86,"GitHub Actions 1000003042",2
26422176569,77780455039,"build","completed","success","2026-05-25T22:25:51Z","2026-05-25T22:29:14Z",203,"northland-mac-mini",2
26422176569,77781057364,"integration","completed","success","2026-05-25T22:53:40Z","2026-05-25T22:53:42Z",2,"GitHub Actions 1000003047",2
26423030554,77781279569,"lint","completed","success","2026-05-25T22:56:47Z","2026-05-25T22:57:20Z",33,"GitHub Actions 1000003049",1
26423030554,77781279570,"unit-test","completed","success","2026-05-25T22:56:47Z","2026-05-25T22:58:11Z",84,"GitHub Actions 1000003048",1
26423030554,77781279571,"build","completed","success","2026-05-25T22:56:47Z","2026-05-25T22:59:31Z",164,"deathstar",1
26423030554,77781476195,"integration-uart","completed","success","2026-05-25T23:02:22Z","2026-05-25T23:07:45Z",323,"spacelab-ubuntu-macmini",1
26423030554,77781476201,"yamcs-build","completed","success","2026-05-25T22:59:34Z","2026-05-25T22:59:48Z",14,"GitHub Actions 1000003050",1
26423030554,77782088100,"integration-radio","completed","success","2026-05-25T23:07:47Z","2026-05-25T23:16:03Z",496,"spacelab-ubuntu-macmini",1
26423030554,77782686226,"integration","completed","success","2026-05-25T23:16:06Z","2026-05-25T23:16:10Z",4,"GitHub Actions 1000003051",1
26423924403,77783777235,"build","completed","success","2026-05-25T23:30:46Z","2026-05-25T23:33:21Z",155,"deathstar",1
26423924403,77783777239,"unit-test","completed","success","2026-05-25T23:30:47Z","2026-05-25T23:32:25Z",98,"GitHub Actions 1000003053",1
26423924403,77783777244,"lint","completed","success","2026-05-25T23:30:47Z","2026-05-25T23:31:16Z",29,"GitHub Actions 1000003052",1
26423924403,77783973247,"integration-uart","completed","success","2026-05-25T23:33:23Z","2026-05-25T23:38:43Z",320,"spacelab-ubuntu-macmini",1
26423924403,77783973254,"yamcs-build","completed","success","2026-05-25T23:33:24Z","2026-05-25T23:33:38Z",14,"GitHub Actions 1000003060",1
26423924403,77784363950,"integration-radio","completed","success","2026-05-25T23:50:50Z","2026-05-25T23:59:16Z",506,"spacelab-ubuntu-macmini",1
26423924403,77785864444,"integration","completed","success","2026-05-25T23:59:18Z","2026-05-25T23:59:21Z",3,"GitHub Actions 1000003063",1
26423948692,77783844605,"unit-test","completed","success","2026-05-25T23:31:40Z","2026-05-25T23:33:16Z",96,"GitHub Actions 1000003054",1
26423948692,77783844611,"lint","completed","success","2026-05-25T23:31:39Z","2026-05-25T23:32:04Z",25,"GitHub Actions 1000003055",1
26423948692,77783844628,"build","completed","success","2026-05-25T23:31:39Z","2026-05-25T23:35:44Z",245,"northland-mac-mini",1
26423948692,77784151157,"yamcs-build","completed","success","2026-05-25T23:35:47Z","2026-05-25T23:36:06Z",19,"GitHub Actions 1000003061",1
26423948692,77784151164,"integration","completed","success","2026-05-25T23:38:44Z","2026-05-25T23:44:33Z",349,"spacelab-ubuntu-macmini",1
26423972776,77783912428,"build","completed","success","2026-05-25T23:32:34Z","2026-05-25T23:36:26Z",232,"spacelab-macmini",1
26423972776,77783912432,"unit-test","completed","success","2026-05-25T23:32:34Z","2026-05-25T23:34:27Z",113,"GitHub Actions 1000003058",1
26423972776,77783912441,"lint","completed","success","2026-05-25T23:32:35Z","2026-05-25T23:33:04Z",29,"GitHub Actions 1000003059",1
26423972776,77784202109,"integration-uart","completed","success","2026-05-25T23:45:25Z","2026-05-25T23:50:48Z",323,"spacelab-ubuntu-macmini",1
26423972776,77784202135,"yamcs-build","completed","success","2026-05-25T23:36:29Z","2026-05-25T23:36:46Z",17,"GitHub Actions 1000003062",1
26423972776,77785263226,"integration-radio","completed","success","2026-05-25T23:59:17Z","2026-05-26T00:07:28Z",491,"spacelab-ubuntu-macmini",1
26423972776,77786476151,"integration","completed","success","2026-05-26T00:07:30Z","2026-05-26T00:07:33Z",3,"GitHub Actions 1000003064",1
26430207427,78623613228,"unit-test","completed","success","2026-05-30T04:26:43Z","2026-05-30T04:28:16Z",93,"GitHub Actions 1000003110",5
26430207427,78623613232,"lint","completed","success","2026-05-30T04:26:43Z","2026-05-30T04:27:08Z",25,"GitHub Actions 1000003111",5
26430207427,78623613234,"build","completed","success","2026-05-30T04:26:43Z","2026-05-30T04:29:22Z",159,"deathstar",5
26430207427,78623759846,"yamcs-build","completed","success","2026-05-30T04:29:25Z","2026-05-30T04:29:42Z",17,"GitHub Actions 1000003112",5
26430207427,78623759850,"integration-uart","completed","success","2026-05-30T04:29:24Z","2026-05-30T04:34:59Z",335,"spacelab-ubuntu-macmini",5
26430207427,78624060742,"integration-radio","completed","failure","2026-05-30T04:35:01Z","2026-05-30T04:37:38Z",157,"spacelab-ubuntu-macmini",5
26430207427,78624201182,"integration","completed","failure","2026-05-30T04:37:42Z","2026-05-30T04:37:45Z",3,"GitHub Actions 1000003113",5
26431274231,79333422856,"build","completed","success","2026-05-26T03:53:58Z","2026-05-26T03:59:24Z",326,"northland-mac-mini",11
26431274231,79333422919,"integration-uart","completed","success","2026-06-03T15:37:14Z","2026-06-03T15:42:38Z",324,"spacelab-ubuntu-macmini",11
26431274231,79333423427,"lint","completed","success","2026-05-26T03:53:59Z","2026-05-26T03:54:26Z",27,"GitHub Actions 1000003070",11
26431274231,79333423916,"yamcs-build","completed","success","2026-05-26T03:59:27Z","2026-05-26T03:59:44Z",17,"GitHub Actions 1000003073",11
26431274231,79333448240,"unit-test","completed","success","2026-05-26T03:53:59Z","2026-05-26T03:55:22Z",83,"GitHub Actions 1000003069",11
26431274231,79334578647,"integration-radio","completed","success","2026-06-03T15:42:41Z","2026-06-03T15:50:54Z",493,"spacelab-ubuntu-macmini",11
26431274231,79336327583,"integration","completed","success","2026-06-03T15:50:57Z","2026-06-03T15:51:00Z",3,"GitHub Actions 1000003126",11
26553863178,78222289519,"lint","completed","success","2026-05-28T04:00:38Z","2026-05-28T04:01:09Z",31,"GitHub Actions 1000003076",2
26553863178,78222289570,"integration-uart","completed","failure","2026-05-28T04:09:47Z","2026-05-28T04:15:01Z",314,"spacelab-ubuntu-macmini",2
26553863178,78222289823,"unit-test","completed","success","2026-05-28T04:00:38Z","2026-05-28T04:02:11Z",93,"GitHub Actions 1000003075",2
26553863178,78222289868,"build","completed","success","2026-05-28T04:00:37Z","2026-05-28T04:03:54Z",197,"deathstar",2
26553863178,78222290164,"yamcs-build","completed","success","2026-05-28T04:03:58Z","2026-05-28T04:04:13Z",15,"GitHub Actions 1000003077",2
26553863178,78222754335,"integration","completed","failure","2026-05-28T04:15:04Z","2026-05-28T04:15:06Z",2,"GitHub Actions 1000003079",2
26553863178,78222754399,"integration-radio","completed","skipped","2026-05-28T04:15:02Z","2026-05-28T04:15:01Z",-1,,2
26612675133,78421735702,"unit-test","completed","success","2026-05-29T01:34:43Z","2026-05-29T01:36:18Z",95,"GitHub Actions 1000003087",1
26612675133,78421735708,"build","completed","success","2026-05-29T01:34:42Z","2026-05-29T01:37:22Z",160,"deathstar",1
26612675133,78421735710,"lint","completed","success","2026-05-29T01:34:43Z","2026-05-29T01:35:13Z",30,"GitHub Actions 1000003086",1
26612675133,78421988191,"yamcs-build","completed","success","2026-05-29T01:37:24Z","2026-05-29T01:37:38Z",14,"GitHub Actions 1000003088",1
26612675133,78421988192,"integration-uart","completed","failure","2026-05-29T01:37:24Z","2026-05-29T01:42:38Z",314,"spacelab-ubuntu-macmini",1
26612675133,78422484918,"integration-radio","completed","skipped","2026-05-29T01:42:38Z","2026-05-29T01:42:38Z",0,,1
26612675133,78422484939,"integration","completed","failure","2026-05-29T01:42:41Z","2026-05-29T01:42:44Z",3,"GitHub Actions 1000003089",1
26613239978,78439325820,"integration-uart","completed","failure","2026-05-29T04:46:35Z","2026-05-29T04:51:49Z",314,"spacelab-ubuntu-macmini",4
26613239978,78439325823,"lint","completed","success","2026-05-29T01:52:48Z","2026-05-29T01:53:19Z",31,"GitHub Actions 1000003090",4
26613239978,78439326236,"yamcs-build","completed","success","2026-05-29T01:55:38Z","2026-05-29T01:55:55Z",17,"GitHub Actions 1000003092",4
26613239978,78439335126,"build","completed","success","2026-05-29T01:52:48Z","2026-05-29T01:55:35Z",167,"deathstar",4
26613239978,78439336385,"unit-test","completed","success","2026-05-29T01:52:48Z","2026-05-29T01:54:27Z",99,"GitHub Actions 1000003091",4
26613239978,78439819154,"integration","completed","failure","2026-05-29T04:51:52Z","2026-05-29T04:51:54Z",2,"GitHub Actions 1000003096",4
26613239978,78439819220,"integration-radio","completed","skipped","2026-05-29T04:51:50Z","2026-05-29T04:51:49Z",-1,,4
26672209627,78617443045,"build","completed","success","2026-05-30T02:38:39Z","2026-05-30T02:41:19Z",160,"deathstar",2
26672209627,78617443046,"unit-test","completed","success","2026-05-30T02:38:39Z","2026-05-30T02:40:14Z",95,"GitHub Actions 1000003098",2
26672209627,78617443048,"lint","completed","success","2026-05-30T02:38:39Z","2026-05-30T02:39:11Z",32,"GitHub Actions 1000003099",2
26672209627,78617597692,"yamcs-build","completed","success","2026-05-30T02:41:21Z","2026-05-30T02:41:38Z",17,"GitHub Actions 1000003100",2
26672209627,78617597708,"integration-uart","completed","failure","2026-05-30T02:41:21Z","2026-05-30T02:47:15Z",354,"spacelab-ubuntu-macmini",2
26672209627,78617925550,"integration","completed","failure","2026-05-30T02:47:18Z","2026-05-30T02:47:20Z",2,"GitHub Actions 1000003101",2
26672209627,78617925556,"integration-radio","completed","skipped","2026-05-30T02:47:16Z","2026-05-30T02:47:16Z",0,,2
26672753401,78622512332,"unit-test","completed","success","2026-05-30T03:36:10Z","2026-05-30T03:37:50Z",100,"GitHub Actions 1000003104",3
26672753401,78622512350,"integration-radio","completed","failure","2026-05-30T04:05:59Z","2026-05-30T04:08:38Z",159,"spacelab-ubuntu-macmini",3
26672753401,78622512377,"build","completed","success","2026-05-30T03:36:10Z","2026-05-30T03:38:45Z",155,"deathstar",3
26672753401,78622512427,"lint","completed","success","2026-05-30T03:36:10Z","2026-05-30T03:36:44Z",34,"GitHub Actions 1000003105",3
26672753401,78622512481,"integration-uart","completed","success","2026-05-30T03:38:47Z","2026-05-30T03:44:06Z",319,"spacelab-ubuntu-macmini",3
26672753401,78622512564,"yamcs-build","completed","success","2026-05-30T03:38:47Z","2026-05-30T03:39:05Z",18,"GitHub Actions 1000003107",3
26672753401,78622651874,"integration","completed","failure","2026-05-30T04:08:40Z","2026-05-30T04:08:42Z",2,"GitHub Actions 1000003109",3
26895788532,79341965319,"integration-radio","completed","success","2026-06-03T16:18:37Z","2026-06-03T16:28:07Z",570,"spacelab-ubuntu-macmini",2
26895788532,79341965842,"integration-uart","completed","success","2026-06-03T15:50:56Z","2026-06-03T15:56:19Z",323,"spacelab-ubuntu-macmini",2
26895788532,79341966123,"yamcs-build","completed","success","2026-06-03T15:45:10Z","2026-06-03T15:45:26Z",16,"GitHub Actions 1000003125",2
26895788532,79341983536,"lint","completed","success","2026-06-03T15:41:12Z","2026-06-03T15:41:40Z",28,"GitHub Actions 1000003123",2
26895788532,79341990394,"build","completed","success","2026-06-03T15:41:11Z","2026-06-03T15:45:06Z",235,"spacelab-macmini",2
26895788532,79341996774,"unit-test","completed","success","2026-06-03T15:41:12Z","2026-06-03T15:42:53Z",101,"GitHub Actions 1000003124",2
26899588382,79444648426,"integration-uart","completed","success","2026-06-04T03:38:51Z","2026-06-04T03:44:13Z",322,"spacelab-ubuntu-macmini",2
26899588382,79444648617,"build","completed","success","2026-06-03T16:49:53Z","2026-06-03T16:52:41Z",168,"deathstar",2
26899588382,79444648695,"yamcs-build","completed","success","2026-06-03T16:52:44Z","2026-06-03T16:53:08Z",24,"GitHub Actions 1000003131",2
26899588382,79444658813,"lint","completed","success","2026-06-03T16:49:53Z","2026-06-03T16:50:23Z",30,"GitHub Actions 1000003128",2
26899588382,79444662062,"unit-test","completed","success","2026-06-03T16:49:53Z","2026-06-03T16:51:23Z",90,"GitHub Actions 1000003127",2
26899588382,79444663404,"integration-radio","completed","success","2026-06-03T17:00:51Z","2026-06-03T17:10:00Z",549,"spacelab-ubuntu-macmini",2
26994574878,79661566013,"lint","completed","success","2026-06-05T04:02:22Z","2026-06-05T04:02:54Z",32,"GitHub Actions 1000003132",1
26994574878,79661566036,"build","completed","success","2026-06-05T04:02:21Z","2026-06-05T04:06:03Z",222,"spacelab-macmini",1
26994574878,79661566073,"unit-test","completed","success","2026-06-05T04:02:21Z","2026-06-05T04:04:03Z",102,"GitHub Actions 1000003133",1
26994574878,79661908181,"integration-radio","completed","failure","2026-06-05T04:06:34Z","2026-06-05T04:06:56Z",22,"spacelab-ubuntu-macmini",1
26994574878,79661908208,"integration-uart","completed","failure","2026-06-05T04:06:05Z","2026-06-05T04:06:33Z",28,"spacelab-ubuntu-macmini",1
26994574878,79661908220,"yamcs-build","completed","success","2026-06-05T04:06:06Z","2026-06-05T04:06:21Z",15,"GitHub Actions 1000003136",1
26994647324,80486656490,"integration-radio","completed","failure","2026-06-10T05:12:51Z","2026-06-10T05:13:13Z",22,"spacelab-ubuntu-macmini",4
26994647324,80486656497,"integration-uart","completed","failure","2026-06-10T05:13:15Z","2026-06-10T05:13:41Z",26,"spacelab-ubuntu-macmini",4
26994647324,80486656522,"build","completed","success","2026-06-05T04:06:55Z","2026-06-05T04:10:31Z",216,"spacelab-macmini",4
26994647324,80486656963,"yamcs-build","completed","success","2026-06-05T04:10:34Z","2026-06-05T04:10:49Z",15,"GitHub Actions 1000003137",4
26994647324,80486667005,"lint","completed","success","2026-06-05T04:04:37Z","2026-06-05T04:05:08Z",31,"GitHub Actions 1000003135",4
26994647324,80486673318,"unit-test","completed","success","2026-06-05T04:04:36Z","2026-06-05T04:06:06Z",90,"GitHub Actions 1000003134",4
27895772851,82546938936,"unit-test","completed","success","2026-06-21T06:19:03Z","2026-06-21T06:20:40Z",97,"GitHub Actions 1000003138",1
27895772851,82546938946,"lint","completed","failure","2026-06-21T06:19:03Z","2026-06-21T06:19:32Z",29,"GitHub Actions 1000003139",1
27895772851,82546938951,"build","completed","success","2026-06-21T06:19:03Z","2026-06-21T06:23:05Z",242,"spacelab-macmini",1
27895772851,82547152376,"yamcs-build","completed","success","2026-06-21T06:23:08Z","2026-06-21T06:23:26Z",18,"GitHub Actions 1000003140",1
27895772851,82547152387,"integration-radio","completed","failure","2026-06-21T06:24:25Z","2026-06-21T06:24:47Z",22,"spacelab-ubuntu-macmini",1
27895772851,82547152402,"integration-uart","completed","failure","2026-06-21T06:23:07Z","2026-06-21T06:23:34Z",27,"spacelab-ubuntu-macmini",1
28423879629,86562746094,"integration-uart","completed","failure","2026-07-11T16:26:05Z","2026-07-11T16:31:01Z",296,"spacelab-ubuntu-macmini",4
28423879629,86562746333,"integration-radio","completed","failure","2026-06-30T06:07:15Z","2026-06-30T06:07:37Z",22,"spacelab-ubuntu-macmini",4
28423879629,86562746395,"build","completed","success","2026-06-30T06:03:31Z","2026-06-30T06:07:13Z",222,"spacelab-macmini",4
28423879629,86562753541,"unit-test","completed","success","2026-06-30T06:03:32Z","2026-06-30T06:05:05Z",93,"GitHub Actions 1000003162",4
28423879629,86562755375,"lint","completed","success","2026-06-30T06:03:34Z","2026-06-30T06:04:05Z",31,"GitHub Actions 1000003161",4
28423879629,86562755770,"yamcs-build","completed","success","2026-06-30T06:07:17Z","2026-06-30T06:07:41Z",24,"GitHub Actions 1000003163",4
28565095755,84690615412,"lint","completed","success","2026-07-02T04:19:25Z","2026-07-02T04:19:58Z",33,"GitHub Actions 1000003164",1
28565095755,84690615430,"build","completed","success","2026-07-02T04:19:24Z","2026-07-02T04:23:07Z",223,"spacelab-macmini",1
28565095755,84690615493,"unit-test","completed","success","2026-07-02T04:19:25Z","2026-07-02T04:21:02Z",97,"GitHub Actions 1000003165",1
28565095755,84691020206,"integration-uart","completed","failure","2026-07-02T04:23:09Z","2026-07-02T04:23:35Z",26,"spacelab-ubuntu-macmini",1
28565095755,84691020207,"integration-radio","completed","failure","2026-07-02T04:24:27Z","2026-07-02T04:24:49Z",22,"spacelab-ubuntu-macmini",1
28565095755,84691020209,"yamcs-build","completed","success","2026-07-02T04:23:10Z","2026-07-02T04:23:26Z",16,"GitHub Actions 1000003166",1
28566667531,84695271632,"build","completed","success","2026-07-02T05:02:04Z","2026-07-02T05:05:44Z",220,"spacelab-macmini",1
28566667531,84695271633,"unit-test","completed","success","2026-07-02T05:02:05Z","2026-07-02T05:03:43Z",98,"GitHub Actions 1000003167",1
28566667531,84695271642,"lint","completed","success","2026-07-02T05:02:06Z","2026-07-02T05:02:34Z",28,"GitHub Actions 1000003168",1
28566667531,84695681802,"integration-uart","completed","failure","2026-07-02T05:05:47Z","2026-07-02T05:06:15Z",28,"spacelab-ubuntu-macmini",1
28566667531,84695681828,"yamcs-build","completed","success","2026-07-02T05:05:48Z","2026-07-02T05:06:07Z",19,"GitHub Actions 1000003169",1
28566667531,84695681842,"integration-radio","completed","failure","2026-07-02T05:07:06Z","2026-07-02T05:07:32Z",26,"spacelab-ubuntu-macmini",1
28567274612,86270169936,"integration-uart","completed","failure","2026-07-10T01:56:18Z","2026-07-10T01:56:46Z",28,"spacelab-ubuntu-macmini",2
28567274612,86270169993,"lint","completed","success","2026-07-02T05:18:07Z","2026-07-02T05:18:34Z",27,"GitHub Actions 1000003171",2
28567274612,86270170210,"build","completed","success","2026-07-02T05:18:07Z","2026-07-02T05:21:45Z",218,"spacelab-macmini",2
28567274612,86270170523,"integration-radio","completed","failure","2026-07-02T05:21:48Z","2026-07-02T05:22:10Z",22,"spacelab-ubuntu-macmini",2
28567274612,86270170538,"yamcs-build","completed","success","2026-07-02T05:21:48Z","2026-07-02T05:22:03Z",15,"GitHub Actions 1000003172",2
28567274612,86270180402,"unit-test","completed","success","2026-07-02T05:18:07Z","2026-07-02T05:20:05Z",118,"GitHub Actions 1000003170",2
28747359075,85240442963,"build","completed","success","2026-07-05T16:28:55Z","2026-07-05T16:32:40Z",225,"spacelab-macmini",1
28747359075,85240442988,"lint","completed","success","2026-07-05T16:28:56Z","2026-07-05T16:29:21Z",25,"GitHub Actions 1000003173",1
28747359075,85240442997,"unit-test","completed","success","2026-07-05T16:28:56Z","2026-07-05T16:30:35Z",99,"GitHub Actions 1000003174",1
28747359075,85240726169,"yamcs-build","completed","success","2026-07-05T16:32:42Z","2026-07-05T16:32:58Z",16,"GitHub Actions 1000003175",1
28747359075,85240726172,"integration-radio","completed","failure","2026-07-05T16:32:42Z","2026-07-05T16:33:04Z",22,"spacelab-ubuntu-macmini",1
28747359075,85240726183,"integration-uart","completed","failure","2026-07-05T16:33:55Z","2026-07-05T16:34:22Z",27,"spacelab-ubuntu-macmini",1
29065404731,86275734586,"unit-test","completed","success","2026-07-10T02:47:09Z","2026-07-10T02:49:05Z",116,"GitHub Actions 1000003182",1
29065404731,86275734592,"build","completed","failure","2026-07-10T02:47:08Z","2026-07-10T02:47:32Z",24,"spacelab-macmini",1
29065404731,86275734598,"lint","completed","success","2026-07-10T02:47:08Z","2026-07-10T02:47:36Z",28,"GitHub Actions 1000003183",1
29065404731,86275780412,"integration-uart","completed","skipped","2026-07-10T02:47:33Z","2026-07-10T02:47:32Z",-1,,1
29065404731,86275780480,"yamcs-build","completed","skipped","2026-07-10T02:47:33Z","2026-07-10T02:47:32Z",-1,,1
29065404731,86275780657,"integration-radio","completed","skipped","2026-07-10T02:47:33Z","2026-07-10T02:47:32Z",-1,,1
29065650856,86276454659,"build","completed","success","2026-07-10T02:54:00Z","2026-07-10T02:58:12Z",252,"spacelab-macmini",1
29065650856,86276454667,"lint","completed","success","2026-07-10T02:54:03Z","2026-07-10T02:54:37Z",34,"GitHub Actions 1000003185",1
29065650856,86276454670,"unit-test","completed","success","2026-07-10T02:54:01Z","2026-07-10T02:55:43Z",102,"GitHub Actions 1000003184",1
29065650856,86276888613,"integration-uart","completed","failure","2026-07-10T02:58:14Z","2026-07-10T02:58:44Z",30,"spacelab-ubuntu-macmini",1
29065650856,86276888672,"integration-radio","completed","failure","2026-07-10T02:58:46Z","2026-07-10T02:59:10Z",24,"spacelab-ubuntu-macmini",1
29065650856,86276888689,"yamcs-build","completed","success","2026-07-10T02:58:15Z","2026-07-10T02:58:31Z",16,"GitHub Actions 1000003186",1
29069022527,86574589776,"build","completed","failure","2026-07-11T18:53:24Z","2026-07-11T18:55:35Z",131,"spacelab-macmini",2
29069022527,86574590127,"unit-test","completed","success","2026-07-10T04:25:37Z","2026-07-10T04:27:22Z",105,"GitHub Actions 1000003187",2
29069022527,86574599942,"lint","completed","success","2026-07-10T04:25:38Z","2026-07-10T04:26:13Z",35,"GitHub Actions 1000003188",2
29069022527,86574767172,"integration-radio","completed","skipped","2026-07-11T18:55:35Z","2026-07-11T18:55:35Z",0,,2
29069022527,86574767180,"yamcs-build","completed","skipped","2026-07-11T18:55:35Z","2026-07-11T18:55:35Z",0,,2
29069022527,86574767309,"integration-uart","completed","skipped","2026-07-11T18:55:35Z","2026-07-11T18:55:35Z",0,,2
29072282776,86296110393,"build","completed","success","2026-07-10T05:49:55Z","2026-07-10T05:54:04Z",249,"spacelab-macmini",1
29072282776,86296110398,"lint","completed","success","2026-07-10T05:49:57Z","2026-07-10T05:50:30Z",33,"GitHub Actions 1000003189",1
29072282776,86296110419,"unit-test","completed","success","2026-07-10T05:49:56Z","2026-07-10T05:51:36Z",100,"GitHub Actions 1000003190",1
29072282776,86296629163,"integration-uart","completed","failure","2026-07-10T05:55:20Z","2026-07-10T05:55:47Z",27,"spacelab-ubuntu-macmini",1
29072282776,86296629166,"yamcs-build","completed","success","2026-07-10T05:54:08Z","2026-07-10T05:54:29Z",21,"GitHub Actions 1000003191",1
29072282776,86296629167,"integration-radio","completed","failure","2026-07-10T05:54:07Z","2026-07-10T05:54:28Z",21,"spacelab-ubuntu-macmini",1
29074260447,86468240660,"integration-uart","completed","failure","2026-07-10T21:30:26Z","2026-07-10T21:31:25Z",59,"spacelab-ubuntu-macmini",3
29074260447,86468241022,"lint","completed","success","2026-07-10T06:35:58Z","2026-07-10T06:36:30Z",32,"GitHub Actions 1000003192",3
29074260447,86468255621,"integration-radio","completed","failure","2026-07-10T21:25:07Z","2026-07-10T21:26:00Z",53,"spacelab-ubuntu-macmini",3
29074260447,86468255712,"build","completed","success","2026-07-10T06:35:57Z","2026-07-10T06:40:06Z",249,"spacelab-macmini",3
29074260447,86468260292,"unit-test","completed","success","2026-07-10T06:35:58Z","2026-07-10T06:38:06Z",128,"GitHub Actions 1000003193",3
29074260447,86468263178,"yamcs-build","completed","success","2026-07-10T06:40:10Z","2026-07-10T06:40:32Z",22,"GitHub Actions 1000003194",3
29075272462,86305385658,"build","completed","success","2026-07-10T06:58:15Z","2026-07-10T07:02:17Z",242,"spacelab-macmini",1
29075272462,86305385670,"unit-test","completed","success","2026-07-10T06:58:16Z","2026-07-10T06:59:40Z",84,"GitHub Actions 1000003195",1
29075272462,86305385679,"lint","completed","success","2026-07-10T06:58:16Z","2026-07-10T06:58:53Z",37,"GitHub Actions 1000003196",1
29075272462,86305997443,"yamcs-build","completed","success","2026-07-10T07:02:20Z","2026-07-10T07:02:35Z",15,"GitHub Actions 1000003197",1
29075272462,86305997450,"integration-radio","completed","failure","2026-07-10T07:02:19Z","2026-07-10T07:02:41Z",22,"spacelab-ubuntu-macmini",1
29075272462,86305997457,"integration-uart","completed","failure","2026-07-10T07:02:43Z","2026-07-10T07:03:09Z",26,"spacelab-ubuntu-macmini",1
29076258317,86466008053,"integration-radio","completed","failure","2026-07-10T21:16:50Z","2026-07-10T21:17:13Z",23,"spacelab-ubuntu-macmini",2
29076258317,86466008089,"integration-uart","completed","failure","2026-07-10T21:18:05Z","2026-07-10T21:18:33Z",28,"spacelab-ubuntu-macmini",2
29076258317,86466008159,"build","completed","success","2026-07-10T07:18:03Z","2026-07-10T07:22:06Z",243,"spacelab-macmini",2
29076258317,86466008525,"yamcs-build","completed","success","2026-07-10T07:22:09Z","2026-07-10T07:22:24Z",15,"GitHub Actions 1000003200",2
29076258317,86466032340,"lint","completed","success","2026-07-10T07:18:04Z","2026-07-10T07:18:37Z",33,"GitHub Actions 1000003198",2
29076258317,86466033685,"unit-test","completed","success","2026-07-10T07:18:04Z","2026-07-10T07:19:41Z",97,"GitHub Actions 1000003199",2
29119778212,86451891896,"unit-test","completed","success","2026-07-10T19:58:00Z","2026-07-10T19:59:53Z",113,"GitHub Actions 1000003201",1
29119778212,86451891899,"build","completed","success","2026-07-10T19:57:58Z","2026-07-10T20:02:51Z",293,"spacelab-macmini",1
29119778212,86451891984,"lint","completed","success","2026-07-10T19:57:58Z","2026-07-10T19:58:25Z",27,"GitHub Actions 1000003202",1
29119778212,86452815363,"integration-uart","completed","failure","2026-07-10T20:02:53Z","2026-07-10T20:03:20Z",27,"spacelab-ubuntu-macmini",1
29119778212,86452815364,"yamcs-build","completed","success","2026-07-10T20:02:54Z","2026-07-10T20:03:14Z",20,"GitHub Actions 1000003205",1
29119778212,86452815374,"integration-radio","completed","failure","2026-07-10T20:03:22Z","2026-07-10T20:03:44Z",22,"spacelab-ubuntu-macmini",1
29119953428,86452455735,"lint","completed","success","2026-07-10T20:00:59Z","2026-07-10T20:01:27Z",28,"GitHub Actions 1000003203",1
29119953428,86452455770,"build","completed","success","2026-07-10T20:03:42Z","2026-07-10T20:07:21Z",219,"spacelab-macmini",1
29119953428,86452455772,"unit-test","completed","success","2026-07-10T20:01:05Z","2026-07-10T20:02:44Z",99,"GitHub Actions 1000003204",1
29119953428,86453650504,"integration-uart","completed","failure","2026-07-10T20:07:23Z","2026-07-10T20:08:01Z",38,"spacelab-ubuntu-macmini",1
29119953428,86453650508,"yamcs-build","completed","success","2026-07-10T20:07:25Z","2026-07-10T20:07:41Z",16,"GitHub Actions 1000003208",1
29119953428,86453650539,"integration-radio","completed","failure","2026-07-10T20:08:52Z","2026-07-10T20:09:15Z",23,"spacelab-ubuntu-macmini",1
29120189865,86590841565,"integration-uart","completed","failure","2026-07-11T22:45:13Z","2026-07-11T22:50:07Z",294,"spacelab-ubuntu-macmini",3
29120189865,86590841610,"lint","completed","success","2026-07-10T20:05:10Z","2026-07-10T20:05:43Z",33,"GitHub Actions 1000003206",3
29120189865,86590841737,"unit-test","completed","success","2026-07-10T20:05:10Z","2026-07-10T20:07:14Z",124,"GitHub Actions 1000003207",3
29120189865,86590841814,"integration-radio","completed","success","2026-07-11T05:47:21Z","2026-07-11T05:56:12Z",531,"spacelab-ubuntu-macmini",3
29120189865,86590842055,"yamcs-build","completed","success","2026-07-10T20:11:56Z","2026-07-10T20:12:12Z",16,"GitHub Actions 1000003209",3
29120189865,86590848129,"build","completed","success","2026-07-10T20:08:12Z","2026-07-10T20:11:53Z",221,"spacelab-macmini",3
29125200862,86469157929,"lint","completed","success","2026-07-10T21:36:02Z","2026-07-10T21:36:30Z",28,"GitHub Actions 1000003210",1
29125200862,86469157959,"unit-test","completed","success","2026-07-10T21:36:02Z","2026-07-10T21:38:32Z",150,"GitHub Actions 1000003211",1
29125200862,86469157964,"build","completed","success","2026-07-10T21:36:01Z","2026-07-10T21:42:40Z",399,"spacelab-macmini",1
29125200862,86470236788,"integration-radio","completed","failure","2026-07-10T21:42:42Z","2026-07-10T21:45:41Z",179,"spacelab-ubuntu-macmini",1
29125200862,86470236815,"integration-uart","completed","failure","2026-07-10T21:46:32Z","2026-07-10T21:53:52Z",440,"spacelab-ubuntu-macmini",1
29125200862,86470236885,"yamcs-build","completed","success","2026-07-10T21:42:43Z","2026-07-10T21:42:57Z",14,"GitHub Actions 1000003212",1
29164403748,86575813056,"unit-test","completed","success","2026-07-11T18:57:40Z","2026-07-11T18:59:19Z",99,"GitHub Actions 1000003215",3
29164403748,86575813059,"integration-uart","completed","failure","2026-07-11T19:08:55Z","2026-07-11T19:13:58Z",303,"spacelab-ubuntu-macmini",3
29164403748,86575813156,"build","completed","success","2026-07-11T18:57:39Z","2026-07-11T19:01:22Z",223,"spacelab-macmini",3
29164403748,86575813300,"yamcs-build","completed","success","2026-07-11T19:01:26Z","2026-07-11T19:01:40Z",14,"GitHub Actions 1000003217",3
29164403748,86575813308,"integration-radio","completed","failure","2026-07-11T19:01:25Z","2026-07-11T19:01:39Z",14,"spacelab-ubuntu-macmini",3
29164403748,86575822585,"lint","completed","success","2026-07-11T18:57:40Z","2026-07-11T18:58:07Z",27,"GitHub Actions 1000003216",3
29164992966,86576469844,"unit-test","completed","success","2026-07-11T19:17:29Z","2026-07-11T19:19:02Z",93,"GitHub Actions 1000003219",1
29164992966,86576469851,"lint","completed","success","2026-07-11T19:17:28Z","2026-07-11T19:17:55Z",27,"GitHub Actions 1000003218",1
29164992966,86576469852,"build","completed","success","2026-07-11T19:17:28Z","2026-07-11T19:21:06Z",218,"spacelab-macmini",1
29164992966,86576747774,"yamcs-build","completed","success","2026-07-11T19:21:09Z","2026-07-11T19:21:29Z",20,"GitHub Actions 1000003220",1
29164992966,86576747783,"integration-uart","completed","failure","2026-07-11T19:21:08Z","2026-07-11T19:28:28Z",440,"spacelab-ubuntu-macmini",1
29164992966,86576747785,"integration-radio","completed","success","2026-07-11T19:29:20Z","2026-07-11T19:37:35Z",495,"spacelab-ubuntu-macmini",1
29165181551,86576960232,"lint","completed","success","2026-07-11T19:23:55Z","2026-07-11T19:25:01Z",66,"GitHub Actions 1000003221",1
29165181551,86576960240,"build","completed","success","2026-07-11T19:23:55Z","2026-07-11T19:27:42Z",227,"spacelab-macmini",1
29165181551,86576960260,"unit-test","completed","success","2026-07-11T19:23:55Z","2026-07-11T19:25:41Z",106,"GitHub Actions 1000003222",1
29165181551,86577265931,"integration-radio","completed","success","2026-07-11T19:43:35Z","2026-07-11T19:53:07Z",572,"spacelab-ubuntu-macmini",1
29165181551,86577265933,"integration-uart","completed","failure","2026-07-11T19:38:27Z","2026-07-11T19:43:33Z",306,"spacelab-ubuntu-macmini",1
29165181551,86577265936,"yamcs-build","completed","success","2026-07-11T19:27:46Z","2026-07-11T19:28:10Z",24,"GitHub Actions 1000003223",1
29165672579,86578253004,"lint","completed","success","2026-07-11T19:40:26Z","2026-07-11T19:40:56Z",30,"GitHub Actions 1000003224",1
29165672579,86578253010,"build","completed","success","2026-07-11T19:40:23Z","2026-07-11T19:44:04Z",221,"spacelab-macmini",1
29165672579,86578253012,"unit-test","completed","success","2026-07-11T19:40:24Z","2026-07-11T19:42:07Z",103,"GitHub Actions 1000003225",1
29165672579,86578530993,"integration-radio","completed","success","2026-07-11T19:53:59Z","2026-07-11T20:03:34Z",575,"spacelab-ubuntu-macmini",1
29165672579,86578530999,"yamcs-build","completed","success","2026-07-11T19:44:07Z","2026-07-11T19:44:21Z",14,"GitHub Actions 1000003226",1
29165672579,86578531016,"integration-uart","completed","success","2026-07-11T20:04:26Z","2026-07-11T20:09:42Z",316,"spacelab-ubuntu-macmini",1
29165944402,86578958135,"lint","completed","success","2026-07-11T19:49:51Z","2026-07-11T19:50:18Z",27,"GitHub Actions 1000003227",1
29165944402,86578958139,"unit-test","completed","success","2026-07-11T19:49:51Z","2026-07-11T19:51:39Z",108,"GitHub Actions 1000003228",1
29165944402,86578958147,"build","completed","success","2026-07-11T19:49:50Z","2026-07-11T19:53:30Z",220,"spacelab-macmini",1
29165944402,86579233782,"yamcs-build","completed","success","2026-07-11T19:53:33Z","2026-07-11T19:53:49Z",16,"GitHub Actions 1000003229",1
29165944402,86579233795,"integration-uart","completed","cancelled","2026-07-11T19:53:30Z","2026-07-11T20:04:37Z",667,"",1
29165944402,86579233796,"integration-radio","completed","cancelled","2026-07-11T19:53:30Z","2026-07-11T20:04:37Z",667,"",1
29166064451,86579262991,"lint","completed","success","2026-07-11T19:53:57Z","2026-07-11T19:54:23Z",26,"GitHub Actions 1000003230",1
29166064451,86579262998,"build","completed","success","2026-07-11T19:53:56Z","2026-07-11T19:57:35Z",219,"spacelab-macmini",1
29166064451,86579263034,"unit-test","completed","success","2026-07-11T19:53:58Z","2026-07-11T19:55:38Z",100,"GitHub Actions 1000003231",1
29166064451,86579535323,"yamcs-build","completed","success","2026-07-11T19:57:38Z","2026-07-11T19:57:54Z",16,"GitHub Actions 1000003234",1
29166064451,86579535328,"integration-uart","completed","cancelled","2026-07-11T19:57:36Z","2026-07-11T20:10:31Z",775,"",1
29166064451,86579535329,"integration-radio","completed","cancelled","2026-07-11T19:57:36Z","2026-07-11T20:10:31Z",775,"",1
29166084029,86579313116,"lint","completed","success","2026-07-11T19:54:38Z","2026-07-11T19:55:07Z",29,"GitHub Actions 1000003232",1
29166084029,86579313120,"build","completed","success","2026-07-11T19:57:37Z","2026-07-11T20:01:17Z",220,"spacelab-macmini",1
29166084029,86579313122,"unit-test","completed","success","2026-07-11T19:54:38Z","2026-07-11T19:56:25Z",107,"GitHub Actions 1000003233",1
29166084029,86579825113,"integration-uart","completed","success","2026-07-11T20:10:53Z","2026-07-11T20:16:04Z",311,"spacelab-ubuntu-macmini",1
29166084029,86579825115,"yamcs-build","completed","success","2026-07-11T20:01:22Z","2026-07-11T20:01:41Z",19,"GitHub Actions 1000003235",1
29166084029,86579825122,"integration-radio","completed","success","2026-07-11T20:16:56Z","2026-07-11T20:25:00Z",484,"spacelab-ubuntu-macmini",1
29166316558,86579917260,"build","completed","success","2026-07-11T20:02:31Z","2026-07-11T20:06:10Z",219,"spacelab-macmini",1
29166316558,86579917281,"lint","completed","success","2026-07-11T20:02:32Z","2026-07-11T20:03:00Z",28,"GitHub Actions 1000003237",1
29166316558,86579917282,"unit-test","completed","success","2026-07-11T20:02:33Z","2026-07-11T20:04:22Z",109,"GitHub Actions 1000003236",1
29166316558,86580207001,"integration-radio","completed","cancelled","2026-07-11T20:06:10Z","2026-07-11T20:10:40Z",270,"",1
29166316558,86580207007,"integration-uart","completed","cancelled","2026-07-11T20:10:33Z","2026-07-11T20:10:51Z",18,"spacelab-ubuntu-macmini",1
29166316558,86580207009,"yamcs-build","completed","success","2026-07-11T20:06:13Z","2026-07-11T20:06:34Z",21,"GitHub Actions 1000003240",1
29166395278,86580127117,"build","completed","success","2026-07-11T20:06:12Z","2026-07-11T20:09:50Z",218,"spacelab-macmini",1
29166395278,86580127131,"unit-test","completed","success","2026-07-11T20:05:15Z","2026-07-11T20:06:59Z",104,"GitHub Actions 1000003238",1
29166395278,86580128599,"lint","completed","success","2026-07-11T20:05:18Z","2026-07-11T20:05:44Z",26,"GitHub Actions 1000003239",1
29166395278,86580482193,"integration-radio","completed","cancelled","2026-07-11T20:09:51Z","2026-07-11T20:10:52Z",61,"",1
29166395278,86580482202,"yamcs-build","completed","success","2026-07-11T20:09:53Z","2026-07-11T20:10:11Z",18,"GitHub Actions 1000003241",1
29166395278,86580482205,"integration-uart","completed","cancelled","2026-07-11T20:09:51Z","2026-07-11T20:10:52Z",61,"",1
29167240645,86582386055,"unit-test","completed","success","2026-07-11T20:33:14Z","2026-07-11T20:35:00Z",106,"GitHub Actions 1000003242",1
29167240645,86582386065,"lint","completed","success","2026-07-11T20:33:15Z","2026-07-11T20:33:42Z",27,"GitHub Actions 1000003243",1
29167240645,86582386067,"build","completed","success","2026-07-11T20:33:14Z","2026-07-11T20:36:53Z",219,"spacelab-macmini",1
29167240645,86582676270,"yamcs-build","completed","success","2026-07-11T20:36:56Z","2026-07-11T20:37:11Z",15,"GitHub Actions 1000003244",1
29167240645,86582676274,"integration-uart","completed","failure","2026-07-11T20:36:56Z","2026-07-11T20:41:50Z",294,"spacelab-ubuntu-macmini",1
29167240645,86582676281,"integration-radio","completed","failure","2026-07-11T20:41:51Z","2026-07-11T20:51:50Z",599,"spacelab-ubuntu-macmini",1
29167497662,86586628038,"integration-uart","completed","success","2026-07-11T21:29:07Z","2026-07-11T21:34:21Z",314,"spacelab-ubuntu-macmini",2
29167497662,86586628274,"lint","completed","success","2026-07-11T20:42:06Z","2026-07-11T20:42:33Z",27,"GitHub Actions 1000003245",2
29167497662,86586635654,"unit-test","completed","success","2026-07-11T20:42:06Z","2026-07-11T20:43:57Z",111,"GitHub Actions 1000003246",2
29167497662,86586639097,"build","completed","success","2026-07-11T20:42:05Z","2026-07-11T20:45:44Z",219,"spacelab-macmini",2
29167497662,86586640546,"yamcs-build","completed","success","2026-07-11T20:45:47Z","2026-07-11T20:46:02Z",15,"GitHub Actions 1000003247",2
29167497662,86586641121,"integration-radio","completed","success","2026-07-11T20:58:44Z","2026-07-11T21:06:57Z",493,"spacelab-ubuntu-macmini",2
29168918632,86586743887,"unit-test","completed","cancelled","2026-07-11T21:30:39Z","2026-07-11T21:31:18Z",39,"GitHub Actions 1000003248",1
29168918632,86586743892,"build","completed","cancelled","2026-07-11T21:30:38Z","2026-07-11T21:31:22Z",44,"spacelab-macmini",1
29168918632,86586743895,"lint","completed","cancelled","2026-07-11T21:30:39Z","2026-07-11T21:31:09Z",30,"GitHub Actions 1000003249",1
29168918632,86586801827,"integration-uart","completed","cancelled","2026-07-11T21:31:22Z","2026-07-11T21:31:22Z",0,,1
29168918632,86586801851,"integration-radio","completed","cancelled","2026-07-11T21:31:22Z","2026-07-11T21:31:22Z",0,,1
29168918632,86586801889,"yamcs-build","completed","cancelled","2026-07-11T21:31:22Z","2026-07-11T21:31:22Z",0,,1
29168964010,86586858057,"unit-test","completed","cancelled","2026-07-11T21:32:10Z","2026-07-11T21:32:38Z",28,"GitHub Actions 1000003250",1
29168964010,86586858058,"lint","completed","cancelled","2026-07-11T21:32:10Z","2026-07-11T21:32:39Z",29,"GitHub Actions 1000003251",1
29168964010,86586858060,"build","completed","cancelled","2026-07-11T21:32:09Z","2026-07-11T21:32:30Z",21,"spacelab-macmini",1
29168964010,86586884462,"integration-uart","completed","cancelled","2026-07-11T21:32:30Z","2026-07-11T21:32:30Z",0,,1
29168964010,86586884464,"yamcs-build","completed","cancelled","2026-07-11T21:32:30Z","2026-07-11T21:32:30Z",0,,1
29168964010,86586884551,"integration-radio","completed","cancelled","2026-07-11T21:32:30Z","2026-07-11T21:32:30Z",0,,1
29170280609,86590233509,"unit-test","completed","success","2026-07-11T22:18:30Z","2026-07-11T22:20:15Z",105,"GitHub Actions 1000003254",1
29170280609,86590233515,"lint","completed","success","2026-07-11T22:18:29Z","2026-07-11T22:18:55Z",26,"GitHub Actions 1000003252",1
29170280609,86590233520,"build","completed","success","2026-07-11T22:18:29Z","2026-07-11T22:22:06Z",217,"spacelab-macmini",1
29170280609,86590506992,"yamcs-build","completed","success","2026-07-11T22:22:10Z","2026-07-11T22:22:29Z",19,"GitHub Actions 1000003258",1
29170280609,86590506996,"integration-uart","completed","success","2026-07-11T22:31:03Z","2026-07-11T22:36:27Z",324,"spacelab-ubuntu-macmini",1
29170280609,86590507016,"integration-radio","completed","success","2026-07-11T22:22:08Z","2026-07-11T22:30:12Z",484,"spacelab-ubuntu-macmini",1
29170378957,86590498203,"unit-test","completed","success","2026-07-11T22:22:05Z","2026-07-11T22:23:50Z",105,"GitHub Actions 1000003257",1
29170378957,86590498216,"build","completed","success","2026-07-11T22:22:57Z","2026-07-11T22:26:37Z",220,"spacelab-macmini",1
29170378957,86590498221,"lint","completed","success","2026-07-11T22:22:02Z","2026-07-11T22:22:30Z",28,"GitHub Actions 1000003256",1
29170378957,86590822793,"yamcs-build","completed","success","2026-07-11T22:26:40Z","2026-07-11T22:26:56Z",16,"GitHub Actions 1000003261",1
29170378957,86590822799,"integration-radio","completed","failure","2026-07-11T22:39:53Z","2026-07-11T22:42:06Z",133,"spacelab-ubuntu-macmini",1
29170378957,86590822808,"integration-uart","completed","failure","2026-07-11T22:42:58Z","2026-07-11T22:45:11Z",133,"spacelab-ubuntu-macmini",1
29170474585,86595970872,"integration-uart","completed","failure","2026-07-12T00:01:12Z","2026-07-12T00:09:29Z",497,"spacelab-ubuntu-macmini",2
29170474585,86595970873,"integration-radio","completed","failure","2026-07-12T00:10:21Z","2026-07-12T00:12:53Z",152,"spacelab-ubuntu-macmini",2
29170474585,86595970927,"unit-test","completed","success","2026-07-11T22:25:27Z","2026-07-11T22:27:11Z",104,"GitHub Actions 1000003260",2
29170474585,86595978832,"lint","completed","success","2026-07-11T22:25:27Z","2026-07-11T22:25:53Z",26,"GitHub Actions 1000003259",2
29170474585,86595978973,"yamcs-build","completed","success","2026-07-11T22:30:45Z","2026-07-11T22:31:01Z",16,"GitHub Actions 1000003264",2
29170474585,86595980916,"build","completed","success","2026-07-11T22:26:39Z","2026-07-11T22:30:42Z",243,"spacelab-macmini",2
29170533395,86590889285,"build","completed","failure","2026-07-11T22:30:44Z","2026-07-11T22:32:52Z",128,"spacelab-macmini",1
29170533395,86590889294,"lint","completed","success","2026-07-11T22:27:36Z","2026-07-11T22:28:05Z",29,"GitHub Actions 1000003262",1
29170533395,86590889297,"unit-test","completed","success","2026-07-11T22:27:37Z","2026-07-11T22:29:20Z",103,"GitHub Actions 1000003263",1
29170533395,86591288832,"integration-radio","completed","skipped","2026-07-11T22:32:52Z","2026-07-11T22:32:52Z",0,,1
29170533395,86591288961,"yamcs-build","completed","skipped","2026-07-11T22:32:53Z","2026-07-11T22:32:52Z",-1,,1
29170533395,86591288971,"integration-uart","completed","skipped","2026-07-11T22:32:53Z","2026-07-11T22:32:52Z",-1,,1
29171745665,86593958576,"lint","completed","success","2026-07-11T23:12:14Z","2026-07-11T23:12:45Z",31,"GitHub Actions 1000003265",1
29171745665,86593958612,"unit-test","completed","success","2026-07-11T23:12:14Z","2026-07-11T23:13:56Z",102,"GitHub Actions 1000003266",1
29171745665,86593958635,"build","completed","success","2026-07-11T23:12:13Z","2026-07-11T23:15:56Z",223,"spacelab-macmini",1
29171745665,86594210337,"yamcs-build","completed","success","2026-07-11T23:16:00Z","2026-07-11T23:16:16Z",16,"GitHub Actions 1000003267",1
29171745665,86594210346,"integration-radio","completed","success","2026-07-11T23:15:59Z","2026-07-11T23:24:06Z",487,"spacelab-ubuntu-macmini",1
29171745665,86594210350,"integration-uart","completed","success","2026-07-11T23:24:58Z","2026-07-11T23:30:09Z",311,"spacelab-ubuntu-macmini",1
29171861471,86594251811,"unit-test","completed","success","2026-07-11T23:16:36Z","2026-07-11T23:18:22Z",106,"GitHub Actions 1000003268",1
29171861471,86594251815,"build","completed","success","2026-07-11T23:16:34Z","2026-07-11T23:20:12Z",218,"spacelab-macmini",1
29171861471,86594251827,"lint","completed","success","2026-07-11T23:16:34Z","2026-07-11T23:17:03Z",29,"GitHub Actions 1000003269",1
29171861471,86594508565,"integration-uart","completed","success","2026-07-11T23:40:34Z","2026-07-11T23:45:56Z",322,"spacelab-ubuntu-macmini",1
29171861471,86594508569,"yamcs-build","completed","success","2026-07-11T23:20:15Z","2026-07-11T23:20:31Z",16,"GitHub Actions 1000003270",1
29171861471,86594508572,"integration-radio","completed","success","2026-07-11T23:31:01Z","2026-07-11T23:39:42Z",521,"spacelab-ubuntu-macmini",1
29171995514,86595421568,"integration-uart","completed","success","2026-07-11T23:46:48Z","2026-07-11T23:52:10Z",322,"spacelab-ubuntu-macmini",2
29171995514,86595421571,"integration-radio","completed","success","2026-07-11T23:52:12Z","2026-07-12T00:00:21Z",489,"spacelab-ubuntu-macmini",2
29171995514,86595421615,"build","completed","success","2026-07-11T23:21:34Z","2026-07-11T23:25:12Z",218,"spacelab-macmini",2
29171995514,86595421826,"lint","completed","success","2026-07-11T23:21:36Z","2026-07-11T23:22:08Z",32,"GitHub Actions 1000003272",2
29171995514,86595421847,"yamcs-build","completed","success","2026-07-11T23:25:17Z","2026-07-11T23:25:34Z",17,"GitHub Actions 1000003273",2
29171995514,86595432252,"unit-test","completed","success","2026-07-11T23:21:36Z","2026-07-11T23:23:33Z",117,"GitHub Actions 1000003271",2
29173012720,86597153764,"lint","completed","success","2026-07-12T00:00:29Z","2026-07-12T00:00:58Z",29,"GitHub Actions 1000003274",1
29173012720,86597153772,"build","completed","success","2026-07-12T00:00:28Z","2026-07-12T00:04:07Z",219,"spacelab-macmini",1
29173012720,86597153786,"unit-test","completed","success","2026-07-12T00:00:29Z","2026-07-12T00:02:12Z",103,"GitHub Actions 1000003275",1
29173012720,86597434444,"integration-radio","completed","success","2026-07-12T00:12:55Z","2026-07-12T00:21:17Z",502,"spacelab-ubuntu-macmini",1
29173012720,86597434449,"integration-uart","completed","success","2026-07-12T00:22:09Z","2026-07-12T00:27:30Z",321,"spacelab-ubuntu-macmini",1
29173012720,86597434452,"yamcs-build","completed","success","2026-07-12T00:04:12Z","2026-07-12T00:04:37Z",25,"GitHub Actions 1000003278",1
29198752793,86666319322,"build","completed","success","2026-07-12T15:43:52Z","2026-07-12T15:47:34Z",222,"spacelab-macmini",1
29198752793,86666319333,"unit-test","completed","success","2026-07-12T15:43:53Z","2026-07-12T15:45:37Z",104,"GitHub Actions 1000003280",1
29198752793,86666319338,"lint","completed","success","2026-07-12T15:43:53Z","2026-07-12T15:44:22Z",29,"GitHub Actions 1000003279",1
29198752793,86666637663,"integration-radio","completed","success","2026-07-12T15:53:19Z","2026-07-12T16:02:00Z",521,"spacelab-ubuntu-macmini",1
29198752793,86666637675,"integration-uart","completed","success","2026-07-12T15:47:36Z","2026-07-12T15:52:28Z",292,"spacelab-ubuntu-macmini",1
29198752793,86666637690,"yamcs-build","completed","success","2026-07-12T15:47:37Z","2026-07-12T15:47:51Z",14,"GitHub Actions 1000003281",1
29202405724,86675888928,"lint","completed","failure","2026-07-12T17:39:38Z","2026-07-12T17:40:08Z",30,"GitHub Actions 1000003282",1
29202405724,86675888932,"build","completed","failure","2026-07-12T17:39:37Z","2026-07-12T17:41:40Z",123,"spacelab-macmini",1
29202405724,86675888980,"unit-test","completed","success","2026-07-12T17:39:38Z","2026-07-12T17:41:22Z",104,"GitHub Actions 1000003283",1
29202405724,86676069511,"integration-radio","completed","skipped","2026-07-12T17:41:40Z","2026-07-12T17:41:40Z",0,,1
29202405724,86676069585,"integration-uart","completed","skipped","2026-07-12T17:41:40Z","2026-07-12T17:41:40Z",0,,1
29202405724,86676069699,"yamcs-build","completed","skipped","2026-07-12T17:41:41Z","2026-07-12T17:41:40Z",-1,,1
29202792352,86676892460,"lint","completed","failure","2026-07-12T17:51:52Z","2026-07-12T17:52:20Z",28,"GitHub Actions 1000003285",1
29202792352,86676892463,"unit-test","completed","success","2026-07-12T17:51:54Z","2026-07-12T17:53:43Z",109,"GitHub Actions 1000003284",1
29202792352,86676892469,"build","completed","failure","2026-07-12T17:51:51Z","2026-07-12T17:53:45Z",114,"spacelab-macmini",1
29202792352,86677042404,"integration-radio","completed","skipped","2026-07-12T17:53:45Z","2026-07-12T17:53:45Z",0,,1
29202792352,86677042510,"yamcs-build","completed","skipped","2026-07-12T17:53:46Z","2026-07-12T17:53:45Z",-1,,1
29202792352,86677042512,"integration-uart","completed","skipped","2026-07-12T17:53:46Z","2026-07-12T17:53:45Z",-1,,1
29203203531,86677959135,"unit-test","completed","success","2026-07-12T18:05:10Z","2026-07-12T18:06:50Z",100,"GitHub Actions 1000003286",1
29203203531,86677959147,"lint","completed","success","2026-07-12T18:05:10Z","2026-07-12T18:05:41Z",31,"GitHub Actions 1000003287",1
29203203531,86677959200,"build","completed","failure","2026-07-12T18:05:09Z","2026-07-12T18:06:48Z",99,"spacelab-macmini",1
29203203531,86678096197,"integration-radio","completed","skipped","2026-07-12T18:06:48Z","2026-07-12T18:06:48Z",0,,1
29203203531,86678096253,"integration-uart","completed","skipped","2026-07-12T18:06:48Z","2026-07-12T18:06:48Z",0,,1
29203203531,86678096284,"yamcs-build","completed","skipped","2026-07-12T18:06:48Z","2026-07-12T18:06:48Z",0,,1
29203641943,86679134707,"build","completed","failure","2026-07-12T18:19:01Z","2026-07-12T18:22:04Z",183,"spacelab-macmini",1
29203641943,86679134708,"lint","completed","success","2026-07-12T18:19:02Z","2026-07-12T18:19:28Z",26,"GitHub Actions 1000003289",1
29203641943,86679134710,"unit-test","completed","success","2026-07-12T18:19:02Z","2026-07-12T18:20:54Z",112,"GitHub Actions 1000003288",1
29203641943,86679403412,"yamcs-build","completed","skipped","2026-07-12T18:22:05Z","2026-07-12T18:22:04Z",-1,,1
29203641943,86679403500,"integration-uart","completed","skipped","2026-07-12T18:22:05Z","2026-07-12T18:22:04Z",-1,,1
29203641943,86679403511,"integration-radio","completed","skipped","2026-07-12T18:22:05Z","2026-07-12T18:22:04Z",-1,,1
29203981093,86680117516,"build","completed","success","2026-07-12T18:29:55Z","2026-07-12T18:33:48Z",233,"spacelab-macmini",1
29203981093,86680117517,"unit-test","completed","success","2026-07-12T18:29:55Z","2026-07-12T18:31:37Z",102,"GitHub Actions 1000003290",1
29203981093,86680117521,"lint","completed","success","2026-07-12T18:29:57Z","2026-07-12T18:30:28Z",31,"GitHub Actions 1000003291",1
29203981093,86680459300,"integration-radio","completed","failure","2026-07-12T18:40:16Z","2026-07-12T18:42:53Z",157,"spacelab-ubuntu-macmini",1
29203981093,86680459301,"yamcs-build","completed","success","2026-07-12T18:33:51Z","2026-07-12T18:34:07Z",16,"GitHub Actions 1000003292",1
29203981093,86680459314,"integration-uart","completed","failure","2026-07-12T18:33:50Z","2026-07-12T18:39:25Z",335,"spacelab-ubuntu-macmini",1
29204512494,86722136314,"unit-test","completed","success","2026-07-13T02:30:26Z","2026-07-13T02:32:19Z",113,"GitHub Actions 1000003312",6
29204512494,86722136327,"build","completed","success","2026-07-13T02:30:24Z","2026-07-13T02:34:17Z",233,"spacelab-macmini",6
29204512494,86722136340,"lint","completed","success","2026-07-13T02:30:25Z","2026-07-13T02:30:55Z",30,"GitHub Actions 1000003313",6
29204512494,86722490688,"integration-uart","completed","failure","2026-07-13T02:34:19Z","2026-07-13T02:41:38Z",439,"spacelab-ubuntu-macmini",6
29204512494,86722490691,"integration-radio","completed","cancelled","2026-07-13T02:34:17Z","2026-07-13T03:14:40Z",2423,"",6
29204512494,86722490693,"yamcs-build","completed","success","2026-07-13T02:34:20Z","2026-07-13T02:34:45Z",25,"GitHub Actions 1000003316",6
29212863224,86703420334,"build","completed","failure","2026-07-12T23:08:46Z","2026-07-12T23:11:20Z",154,"spacelab-macmini",1
29212863224,86703420350,"unit-test","completed","success","2026-07-12T23:08:47Z","2026-07-12T23:10:39Z",112,"GitHub Actions 1000003296",1
29212863224,86703420364,"lint","completed","failure","2026-07-12T23:08:49Z","2026-07-12T23:09:21Z",32,"GitHub Actions 1000003297",1
29212863224,86703634418,"integration-radio","completed","skipped","2026-07-12T23:11:21Z","2026-07-12T23:11:21Z",0,,1
29212863224,86703634436,"yamcs-build","completed","skipped","2026-07-12T23:11:21Z","2026-07-12T23:11:21Z",0,,1
29212863224,86703634547,"integration-uart","completed","skipped","2026-07-12T23:11:21Z","2026-07-12T23:11:21Z",0,,1
29212902121,86703525321,"unit-test","completed","success","2026-07-12T23:10:05Z","2026-07-12T23:11:59Z",114,"GitHub Actions 1000003298",1
29212902121,86703525333,"build","completed","failure","2026-07-12T23:12:12Z","2026-07-12T23:14:38Z",146,"spacelab-macmini",1
29212902121,86703525346,"lint","completed","success","2026-07-12T23:10:05Z","2026-07-12T23:10:36Z",31,"GitHub Actions 1000003299",1
29212902121,86703895627,"yamcs-build","completed","skipped","2026-07-12T23:14:39Z","2026-07-12T23:14:38Z",-1,,1
29212902121,86703895651,"integration-radio","completed","skipped","2026-07-12T23:14:39Z","2026-07-12T23:14:38Z",-1,,1
29212902121,86703895685,"integration-uart","completed","skipped","2026-07-12T23:14:39Z","2026-07-12T23:14:38Z",-1,,1
29213090530,86704013876,"unit-test","completed","success","2026-07-12T23:16:06Z","2026-07-12T23:17:43Z",97,"GitHub Actions 1000003300",1
29213090530,86704013889,"lint","completed","success","2026-07-12T23:16:06Z","2026-07-12T23:16:34Z",28,"GitHub Actions 1000003301",1
29213090530,86704013916,"build","completed","failure","2026-07-12T23:16:05Z","2026-07-12T23:19:05Z",180,"spacelab-macmini",1
29213090530,86704258257,"integration-radio","completed","skipped","2026-07-12T23:19:05Z","2026-07-12T23:19:05Z",0,,1
29213090530,86704258337,"yamcs-build","completed","skipped","2026-07-12T23:19:05Z","2026-07-12T23:19:05Z",0,,1
29213090530,86704258340,"integration-uart","completed","skipped","2026-07-12T23:19:05Z","2026-07-12T23:19:05Z",0,,1
29213527161,86705192590,"lint","completed","success","2026-07-12T23:30:43Z","2026-07-12T23:31:16Z",33,"GitHub Actions 1000003305",1
29213527161,86705192598,"build","completed","failure","2026-07-12T23:30:42Z","2026-07-12T23:33:09Z",147,"spacelab-macmini",1
29213527161,86705192616,"unit-test","completed","success","2026-07-12T23:30:43Z","2026-07-12T23:32:31Z",108,"GitHub Actions 1000003306",1
29213527161,86705400420,"integration-uart","completed","skipped","2026-07-12T23:33:09Z","2026-07-12T23:33:09Z",0,,1
29213527161,86705400675,"yamcs-build","completed","skipped","2026-07-12T23:33:10Z","2026-07-12T23:33:09Z",-1,,1
29213527161,86705400676,"integration-radio","completed","skipped","2026-07-12T23:33:10Z","2026-07-12T23:33:09Z",-1,,1
29213678429,86706621193,"build","completed","success","2026-07-12T23:48:34Z","2026-07-12T23:55:06Z",392,"spacelab-macmini",2
29213678429,86706621201,"unit-test","completed","success","2026-07-12T23:48:35Z","2026-07-12T23:50:16Z",101,"GitHub Actions 1000003309",2
29213678429,86706621208,"lint","completed","success","2026-07-12T23:48:36Z","2026-07-12T23:49:05Z",29,"GitHub Actions 1000003310",2
29213678429,86707147694,"integration-radio","completed","failure","2026-07-12T23:55:08Z","2026-07-13T00:04:54Z",586,"spacelab-ubuntu-macmini",2
29213678429,86707147699,"integration-uart","completed","failure","2026-07-13T00:05:46Z","2026-07-13T00:10:50Z",304,"spacelab-ubuntu-macmini",2
29213678429,86707147700,"yamcs-build","completed","success","2026-07-12T23:55:09Z","2026-07-12T23:55:33Z",24,"GitHub Actions 1000003311",2
29219672819,86854012641,"integration-radio","completed","failure","2026-07-13T15:09:23Z","2026-07-13T15:19:39Z",616,"spacelab-ubuntu-macmini",2
29219672819,86854012654,"integration-uart","completed","failure","2026-07-13T15:19:41Z","2026-07-13T15:25:24Z",343,"spacelab-ubuntu-macmini",2
29219672819,86854013698,"lint","completed","success","2026-07-13T02:30:59Z","2026-07-13T02:31:33Z",34,"GitHub Actions 1000003315",2
29219672819,86854035902,"unit-test","completed","success","2026-07-13T02:31:01Z","2026-07-13T02:32:59Z",118,"GitHub Actions 1000003314",2
29219672819,86854040761,"build","completed","success","2026-07-13T02:35:09Z","2026-07-13T02:38:50Z",221,"spacelab-macmini",2
29219672819,86854044941,"yamcs-build","completed","success","2026-07-13T02:38:54Z","2026-07-13T02:39:13Z",19,"GitHub Actions 1000003317",2
29220046081,86723234140,"build","completed","success","2026-07-13T02:41:56Z","2026-07-13T02:45:37Z",221,"spacelab-macmini",1
29220046081,86723234182,"unit-test","completed","success","2026-07-13T02:41:56Z","2026-07-13T02:43:36Z",100,"GitHub Actions 1000003318",1
29220046081,86723234213,"lint","completed","success","2026-07-13T02:41:57Z","2026-07-13T02:42:27Z",30,"GitHub Actions 1000003319",1
29220046081,86723604430,"integration-radio","completed","success","2026-07-13T03:21:46Z","2026-07-13T03:29:24Z",458,"spacelab-ubuntu-macmini",1
29220046081,86723604436,"integration-uart","completed","success","2026-07-13T02:58:41Z","2026-07-13T03:04:33Z",352,"spacelab-ubuntu-macmini",1
29220046081,86723604480,"yamcs-build","completed","success","2026-07-13T02:45:40Z","2026-07-13T02:46:01Z",21,"GitHub Actions 1000003320",1
29220671414,86724988796,"build","completed","success","2026-07-13T03:00:00Z","2026-07-13T03:03:40Z",220,"spacelab-macmini",1
29220671414,86724988803,"lint","completed","success","2026-07-13T03:00:01Z","2026-07-13T03:00:33Z",32,"GitHub Actions 1000003321",1
29220671414,86724988826,"unit-test","completed","success","2026-07-13T03:00:01Z","2026-07-13T03:01:40Z",99,"GitHub Actions 1000003322",1
29220671414,86725401297,"integration-radio","completed","success","2026-07-13T03:05:36Z","2026-07-13T03:13:39Z",483,"spacelab-ubuntu-macmini",1
29220671414,86725401300,"integration-uart","completed","success","2026-07-13T03:14:42Z","2026-07-13T03:20:44Z",362,"spacelab-ubuntu-macmini",1
29220671414,86725401336,"yamcs-build","completed","success","2026-07-13T03:03:43Z","2026-07-13T03:03:59Z",16,"GitHub Actions 1000003323",1
29222947936,86731534918,"lint","completed","success","2026-07-13T04:01:41Z","2026-07-13T04:02:16Z",35,"GitHub Actions 1000003325",1
29222947936,86731534920,"unit-test","completed","success","2026-07-13T04:01:41Z","2026-07-13T04:03:14Z",93,"GitHub Actions 1000003324",1
29222947936,86731534930,"build","completed","success","2026-07-13T04:01:39Z","2026-07-13T04:05:21Z",222,"spacelab-macmini",1
29222947936,86731921852,"yamcs-build","completed","success","2026-07-13T04:05:24Z","2026-07-13T04:05:41Z",17,"GitHub Actions 1000003330",1
29222947936,86731921853,"integration-radio","completed","success","2026-07-13T04:05:24Z","2026-07-13T04:14:04Z",520,"spacelab-ubuntu-macmini",1
29222947936,86731921856,"integration-uart","completed","success","2026-07-13T04:14:56Z","2026-07-13T04:20:20Z",324,"spacelab-ubuntu-macmini",1
29222972434,86731600885,"build","completed","success","2026-07-13T04:06:13Z","2026-07-13T04:10:04Z",231,"spacelab-macmini",1
29222972434,86731600886,"unit-test","completed","success","2026-07-13T04:02:19Z","2026-07-13T04:04:13Z",114,"GitHub Actions 1000003329",1
29222972434,86731600903,"lint","completed","success","2026-07-13T04:02:19Z","2026-07-13T04:02:46Z",27,"GitHub Actions 1000003328",1
29222972434,86732401429,"integration-radio","completed","failure","2026-07-13T04:27:26Z","2026-07-13T04:30:02Z",156,"spacelab-ubuntu-macmini",1
29222972434,86732401458,"yamcs-build","completed","success","2026-07-13T04:10:07Z","2026-07-13T04:10:23Z",16,"GitHub Actions 1000003331",1
29222972434,86732401459,"integration-uart","completed","success","2026-07-13T04:21:22Z","2026-07-13T04:26:34Z",312,"spacelab-ubuntu-macmini",1
29226330269,86747037701,"integration-uart","completed","success","2026-07-13T06:13:14Z","2026-07-13T06:18:36Z",322,"spacelab-ubuntu-macmini",2
29226330269,86747038216,"unit-test","completed","success","2026-07-13T05:26:44Z","2026-07-13T05:28:28Z",104,"GitHub Actions 1000003333",2
29226330269,86747056839,"lint","completed","success","2026-07-13T05:26:44Z","2026-07-13T05:27:11Z",27,"GitHub Actions 1000003332",2
29226330269,86747059250,"integration-radio","completed","success","2026-07-13T05:30:40Z","2026-07-13T05:40:56Z",616,"spacelab-ubuntu-macmini",2
29226330269,86747059304,"yamcs-build","completed","success","2026-07-13T05:30:40Z","2026-07-13T05:30:56Z",16,"GitHub Actions 1000003334",2
29226330269,86747059944,"build","completed","success","2026-07-13T05:26:44Z","2026-07-13T05:30:37Z",233,"spacelab-macmini",2
29307298443,87003198835,"lint","completed","success","2026-07-14T04:58:37Z","2026-07-14T04:59:09Z",32,"GitHub Actions 1000003335",1
29307298443,87003198854,"build","completed","success","2026-07-14T04:58:36Z","2026-07-14T05:02:24Z",228,"spacelab-macmini",1
29307298443,87003199032,"unit-test","completed","success","2026-07-14T04:58:36Z","2026-07-14T05:00:25Z",109,"GitHub Actions 1000003336",1
29307298443,87003715443,"integration-radio","completed","failure","2026-07-14T05:02:26Z","2026-07-14T05:13:32Z",666,"spacelab-ubuntu-macmini",1
29307298443,87003715447,"integration-uart","completed","success","2026-07-14T05:14:24Z","2026-07-14T05:19:45Z",321,"spacelab-ubuntu-macmini",1
29307298443,87003715450,"yamcs-build","completed","success","2026-07-14T05:02:27Z","2026-07-14T05:02:42Z",15,"GitHub Actions 1000003337",1
29373586865,87222167463,"lint","completed","success","2026-07-14T22:37:17Z","2026-07-14T22:37:47Z",30,"GitHub Actions 1000003338",1
29373586865,87222167473,"build","completed","success","2026-07-14T22:37:16Z","2026-07-14T22:41:00Z",224,"spacelab-macmini",1
29373586865,87222167490,"unit-test","completed","success","2026-07-14T22:37:17Z","2026-07-14T22:39:09Z",112,"GitHub Actions 1000003339",1
29373586865,87222779480,"integration-uart","completed","success","2026-07-14T22:41:02Z","2026-07-14T22:46:12Z",310,"spacelab-ubuntu-macmini",1
29373586865,87222779510,"yamcs-build","completed","success","2026-07-14T22:41:03Z","2026-07-14T22:41:20Z",17,"GitHub Actions 1000003340",1
29373586865,87222779522,"integration-radio","completed","success","2026-07-14T22:46:14Z","2026-07-14T22:54:19Z",485,"spacelab-ubuntu-macmini",1
29376508461,87230994426,"unit-test","completed","success","2026-07-14T23:33:58Z","2026-07-14T23:35:35Z",97,"GitHub Actions 1000003342",1
29376508461,87230994434,"lint","completed","success","2026-07-14T23:33:58Z","2026-07-14T23:34:25Z",27,"GitHub Actions 1000003341",1
29376508461,87230994456,"build","completed","failure","2026-07-14T23:33:57Z","2026-07-14T23:36:08Z",131,"spacelab-macmini",1
29376508461,87231319079,"integration-radio","completed","skipped","2026-07-14T23:36:08Z","2026-07-14T23:36:08Z",0,,1
29376508461,87231319419,"yamcs-build","completed","skipped","2026-07-14T23:36:09Z","2026-07-14T23:36:08Z",-1,,1
29376508461,87231319451,"integration-uart","completed","skipped","2026-07-14T23:36:09Z","2026-07-14T23:36:08Z",-1,,1
29376855656,87236204905,"build","completed","failure","2026-07-15T00:10:35Z","2026-07-15T00:12:46Z",131,"spacelab-macmini",2
29376855656,87236205793,"unit-test","completed","success","2026-07-14T23:41:17Z","2026-07-14T23:43:18Z",121,"GitHub Actions 1000003344",2
29376855656,87236227617,"lint","completed","success","2026-07-14T23:41:15Z","2026-07-14T23:41:42Z",27,"GitHub Actions 1000003343",2
29376855656,87236517186,"yamcs-build","completed","skipped","2026-07-15T00:12:47Z","2026-07-15T00:12:46Z",-1,,2
29376855656,87236517402,"integration-radio","completed","skipped","2026-07-15T00:12:47Z","2026-07-15T00:12:46Z",-1,,2
29376855656,87236517473,"integration-uart","completed","skipped","2026-07-15T00:12:47Z","2026-07-15T00:12:46Z",-1,,2
29377451264,87233743726,"lint","completed","success","2026-07-14T23:53:22Z","2026-07-14T23:54:01Z",39,"GitHub Actions 1000003345",1
29377451264,87233743729,"build","completed","failure","2026-07-14T23:53:21Z","2026-07-14T23:56:50Z",209,"spacelab-macmini",1
29377451264,87233743759,"unit-test","completed","success","2026-07-14T23:53:22Z","2026-07-14T23:55:41Z",139,"GitHub Actions 1000003346",1
29377451264,87234226852,"integration","completed","skipped","2026-07-14T23:56:51Z","2026-07-14T23:56:50Z",-1,,1
29378970311,87238258059,"unit-test","completed","success","2026-07-15T00:24:54Z","2026-07-15T00:26:41Z",107,"GitHub Actions 1000003347",1
29378970311,87238258062,"lint","completed","success","2026-07-15T00:24:55Z","2026-07-15T00:25:27Z",32,"GitHub Actions 1000003348",1
29378970311,87238258108,"build","completed","failure","2026-07-15T00:24:53Z","2026-07-15T00:27:29Z",156,"spacelab-macmini",1
29378970311,87238634850,"integration-radio","completed","skipped","2026-07-15T00:27:30Z","2026-07-15T00:27:29Z",-1,,1
29378970311,87238634865,"integration-uart","completed","skipped","2026-07-15T00:27:30Z","2026-07-15T00:27:29Z",-1,,1
29378970311,87238635002,"yamcs-build","completed","skipped","2026-07-15T00:27:30Z","2026-07-15T00:27:29Z",-1,,1
29379159143,87238839245,"lint","completed","success","2026-07-15T00:29:02Z","2026-07-15T00:29:33Z",31,"GitHub Actions 1000003349",1
29379159143,87238839261,"build","completed","success","2026-07-15T00:29:00Z","2026-07-15T00:32:42Z",222,"spacelab-macmini",1
29379159143,87238839278,"unit-test","completed","success","2026-07-15T00:29:02Z","2026-07-15T00:30:59Z",117,"GitHub Actions 1000003350",1
29379159143,87239373385,"integration","completed","failure","2026-07-15T00:32:44Z","2026-07-15T00:34:48Z",124,"spacelab-ubuntu-macmini",1
29379406232,87239603216,"unit-test","completed","success","2026-07-15T00:34:26Z","2026-07-15T00:36:22Z",116,"GitHub Actions 1000003351",1
29379406232,87239603259,"lint","completed","success","2026-07-15T00:34:25Z","2026-07-15T00:34:55Z",30,"GitHub Actions 1000003352",1
29379406232,87239603262,"build","completed","failure","2026-07-15T00:34:24Z","2026-07-15T00:36:51Z",147,"spacelab-macmini",1
29379406232,87239934827,"integration-uart","completed","skipped","2026-07-15T00:36:52Z","2026-07-15T00:36:51Z",-1,,1
29379406232,87239934829,"yamcs-build","completed","skipped","2026-07-15T00:36:52Z","2026-07-15T00:36:51Z",-1,,1
29379406232,87239934851,"integration-radio","completed","skipped","2026-07-15T00:36:52Z","2026-07-15T00:36:51Z",-1,,1
29380299786,87242300431,"build","completed","failure","2026-07-15T00:54:41Z","2026-07-15T00:56:50Z",129,"spacelab-macmini",1
29380299786,87242300450,"unit-test","completed","success","2026-07-15T00:54:43Z","2026-07-15T00:56:28Z",105,"GitHub Actions 1000003353",1
29380299786,87242300477,"lint","completed","success","2026-07-15T00:54:42Z","2026-07-15T00:55:09Z",27,"GitHub Actions 1000003354",1
29380299786,87242584117,"integration-uart","completed","skipped","2026-07-15T00:56:52Z","2026-07-15T00:56:52Z",0,,1
29380299786,87242584146,"yamcs-build","completed","skipped","2026-07-15T00:56:52Z","2026-07-15T00:56:52Z",0,,1
29380299786,87242584282,"integration-radio","completed","skipped","2026-07-15T00:56:52Z","2026-07-15T00:56:52Z",0,,1
29384326719,87254332752,"build","completed","success","2026-07-15T02:32:19Z","2026-07-15T02:36:59Z",280,"spacelab-macmini",1
29384326719,87254332775,"lint","completed","success","2026-07-15T02:32:21Z","2026-07-15T02:32:57Z",36,"GitHub Actions 1000003355",1
29384326719,87254332824,"unit-test","completed","success","2026-07-15T02:32:20Z","2026-07-15T02:34:03Z",103,"GitHub Actions 1000003356",1
29384326719,87254902585,"integration-uart","completed","failure","2026-07-15T02:37:02Z","2026-07-15T02:41:59Z",297,"spacelab-ubuntu-macmini",1
29384326719,87254902590,"integration-radio","completed","failure","2026-07-15T02:42:50Z","2026-07-15T02:45:27Z",157,"spacelab-ubuntu-macmini",1
29384326719,87254902600,"yamcs-build","completed","success","2026-07-15T02:37:02Z","2026-07-15T02:37:22Z",20,"GitHub Actions 1000003357",1
29386425461,87262179403,"integration-radio","completed","failure","2026-07-15T03:37:24Z","2026-07-15T03:55:04Z",1060,"spacelab-ubuntu-macmini",2
29386425461,87262179472,"lint","completed","success","2026-07-15T03:23:56Z","2026-07-15T03:24:32Z",36,"GitHub Actions 1000003358",2
29386425461,87262179773,"yamcs-build","completed","success","2026-07-15T03:28:06Z","2026-07-15T03:28:26Z",20,"GitHub Actions 1000003360",2
29386425461,87262179853,"integration-uart","completed","success","2026-07-15T03:31:40Z","2026-07-15T03:37:00Z",320,"spacelab-ubuntu-macmini",2
29386425461,87262191062,"build","completed","success","2026-07-15T03:23:53Z","2026-07-15T03:28:03Z",250,"spacelab-macmini",2
29386425461,87262194613,"unit-test","completed","success","2026-07-15T03:23:55Z","2026-07-15T03:26:03Z",128,"GitHub Actions 1000003359",2
29389687100,87270148125,"build","completed","success","2026-07-15T04:44:15Z","2026-07-15T04:48:16Z",241,"spacelab-macmini",1
29389687100,87270148153,"unit-test","completed","success","2026-07-15T04:44:15Z","2026-07-15T04:46:03Z",108,"GitHub Actions 1000003362",1
29389687100,87270148158,"lint","completed","success","2026-07-15T04:44:16Z","2026-07-15T04:44:44Z",28,"GitHub Actions 1000003361",1
29389687100,87270641558,"integration-radio","completed","failure","2026-07-15T04:54:55Z","2026-07-15T04:57:28Z",153,"spacelab-ubuntu-macmini",1
29389687100,87270641568,"yamcs-build","completed","success","2026-07-15T04:48:20Z","2026-07-15T04:48:39Z",19,"GitHub Actions 1000003363",1
29389687100,87270641590,"integration-uart","completed","failure","2026-07-15T04:48:19Z","2026-07-15T04:54:03Z",344,"spacelab-ubuntu-macmini",1
29391463603,87765869478,"integration-uart","completed","success","2026-07-16T23:21:07Z","2026-07-16T23:26:22Z",315,"spacelab-ubuntu-macmini",2
29391463603,87765869608,"build","completed","success","2026-07-15T05:26:45Z","2026-07-15T05:30:32Z",227,"spacelab-macmini",2
29391463603,87765870131,"integration-radio","completed","success","2026-07-15T05:35:56Z","2026-07-15T05:44:10Z",494,"spacelab-ubuntu-macmini",2
29391463603,87765884538,"lint","completed","success","2026-07-15T05:26:45Z","2026-07-15T05:27:12Z",27,"GitHub Actions 1000003365",2
29391463603,87765886330,"yamcs-build","completed","success","2026-07-15T05:30:35Z","2026-07-15T05:30:51Z",16,"GitHub Actions 1000003368",2
29391463603,87765887633,"unit-test","completed","success","2026-07-15T05:26:46Z","2026-07-15T05:28:27Z",101,"GitHub Actions 1000003366",2
29395111447,87286739097,"build","completed","success","2026-07-15T06:44:46Z","2026-07-15T06:48:25Z",219,"spacelab-macmini",1
29395111447,87286739115,"unit-test","completed","success","2026-07-15T06:44:47Z","2026-07-15T06:46:36Z",109,"GitHub Actions 1000003369",1
29395111447,87286739162,"lint","completed","success","2026-07-15T06:44:47Z","2026-07-15T06:45:13Z",26,"GitHub Actions 1000003370",1
29395111447,87287316671,"integration","completed","failure","2026-07-15T06:48:27Z","2026-07-15T06:50:32Z",125,"spacelab-ubuntu-macmini",1
29443958813,87454435916,"integration-uart","completed","success","2026-07-15T19:40:21Z","2026-07-15T19:45:43Z",322,"spacelab-ubuntu-macmini",2
29443958813,87454436179,"build","completed","success","2026-07-15T19:17:42Z","2026-07-15T19:21:37Z",235,"spacelab-macmini",2
29443958813,87454436762,"yamcs-build","completed","success","2026-07-15T19:21:41Z","2026-07-15T19:21:57Z",16,"GitHub Actions 1000003373",2
29443958813,87454436801,"integration-radio","completed","success","2026-07-15T19:28:54Z","2026-07-15T19:38:35Z",581,"spacelab-ubuntu-macmini",2
29443958813,87454458787,"unit-test","completed","success","2026-07-15T19:17:45Z","2026-07-15T19:19:34Z",109,"GitHub Actions 1000003371",2
29443958813,87454471655,"lint","completed","success","2026-07-15T19:17:43Z","2026-07-15T19:18:15Z",32,"GitHub Actions 1000003372",2
29471382518,87537868494,"integration-uart","completed","failure","2026-07-16T04:50:52Z","2026-07-16T04:55:57Z",305,"spacelab-ubuntu-macmini",2
29471382518,87537868535,"unit-test","completed","success","2026-07-16T04:26:43Z","2026-07-16T04:28:05Z",82,"GitHub Actions 1000003375",2
29471382518,87537868811,"build","completed","success","2026-07-16T04:26:42Z","2026-07-16T04:30:27Z",225,"spacelab-macmini",2
29471382518,87537869116,"yamcs-build","completed","success","2026-07-16T04:30:34Z","2026-07-16T04:30:52Z",18,"GitHub Actions 1000003376",2
29471382518,87537869165,"integration-radio","completed","failure","2026-07-16T04:30:33Z","2026-07-16T04:40:16Z",583,"spacelab-ubuntu-macmini",2
29471382518,87537882983,"lint","completed","success","2026-07-16T04:26:43Z","2026-07-16T04:27:10Z",27,"GitHub Actions 1000003374",2
29472842771,87539351936,"build","completed","success","2026-07-16T05:02:29Z","2026-07-16T05:06:11Z",222,"spacelab-macmini",1
29472842771,87539351948,"unit-test","completed","success","2026-07-16T05:02:30Z","2026-07-16T05:04:20Z",110,"GitHub Actions 1000003378",1
29472842771,87539351954,"lint","completed","success","2026-07-16T05:02:30Z","2026-07-16T05:03:01Z",31,"GitHub Actions 1000003377",1
29472842771,87539852856,"integration-uart","completed","success","2026-07-16T05:06:14Z","2026-07-16T05:11:52Z",338,"spacelab-ubuntu-macmini",1
29472842771,87539852888,"yamcs-build","completed","success","2026-07-16T05:06:14Z","2026-07-16T05:06:35Z",21,"GitHub Actions 1000003379",1
29472842771,87539852942,"integration-radio","completed","success","2026-07-16T05:11:54Z","2026-07-16T05:21:03Z",549,"spacelab-ubuntu-macmini",1
29474498987,87544479231,"unit-test","completed","success","2026-07-16T05:40:09Z","2026-07-16T05:41:57Z",108,"GitHub Actions 1000003380",1
29474498987,87544479237,"build","completed","success","2026-07-16T05:40:09Z","2026-07-16T05:43:51Z",222,"spacelab-macmini",1
29474498987,87544479262,"lint","completed","failure","2026-07-16T05:40:09Z","2026-07-16T05:40:34Z",25,"GitHub Actions 1000003381",1
29474498987,87544997816,"integration-uart","completed","success","2026-07-16T05:43:53Z","2026-07-16T05:49:13Z",320,"spacelab-ubuntu-macmini",1
29474498987,87544997827,"integration-radio","completed","success","2026-07-16T05:50:05Z","2026-07-16T05:58:22Z",497,"spacelab-ubuntu-macmini",1
29474498987,87544997833,"yamcs-build","completed","success","2026-07-16T05:43:54Z","2026-07-16T05:44:10Z",16,"GitHub Actions 1000003382",1
29485818350,87742399417,"integration","completed","failure","2026-07-16T21:02:15Z","2026-07-16T21:04:22Z",127,"spacelab-ubuntu-macmini",3
29485818350,87742399599,"lint","completed","success","2026-07-16T09:05:10Z","2026-07-16T09:05:36Z",26,"GitHub Actions 1000003383",3
29485818350,87742426760,"unit-test","completed","success","2026-07-16T09:05:10Z","2026-07-16T09:07:13Z",123,"GitHub Actions 1000003384",3
29485818350,87742429988,"build","completed","success","2026-07-16T09:05:10Z","2026-07-16T09:08:54Z",224,"spacelab-macmini",3
29542468941,87767355853,"unit-test","completed","success","2026-07-16T23:34:13Z","2026-07-16T23:36:10Z",117,"GitHub Actions 1000003385",1
29542468941,87767355860,"build","completed","success","2026-07-16T23:34:12Z","2026-07-16T23:37:57Z",225,"spacelab-macmini",1
29542468941,87767355869,"lint","completed","success","2026-07-16T23:34:13Z","2026-07-16T23:34:41Z",28,"GitHub Actions 1000003386",1
29542468941,87767760290,"integration-radio","completed","failure","2026-07-16T23:42:58Z","2026-07-16T23:52:21Z",563,"spacelab-ubuntu-macmini",1
29542468941,87767760299,"integration-uart","completed","failure","2026-07-16T23:37:59Z","2026-07-16T23:42:56Z",297,"spacelab-ubuntu-macmini",1
29542468941,87767760344,"yamcs-build","completed","success","2026-07-16T23:38:00Z","2026-07-16T23:38:20Z",20,"GitHub Actions 1000003389",1
29542487972,87767411151,"lint","completed","success","2026-07-16T23:34:42Z","2026-07-16T23:35:08Z",26,"GitHub Actions 1000003387",1
29542487972,87767411160,"build","completed","success","2026-07-16T23:38:49Z","2026-07-16T23:42:31Z",222,"spacelab-macmini",1
29542487972,87767411163,"unit-test","completed","success","2026-07-16T23:34:42Z","2026-07-16T23:36:24Z",102,"GitHub Actions 1000003388",1
29542487972,87768240102,"yamcs-build","completed","success","2026-07-16T23:42:35Z","2026-07-16T23:42:54Z",19,"GitHub Actions 1000003390",1
29542487972,87768240109,"integration-radio","completed","failure","2026-07-16T23:53:13Z","2026-07-17T00:01:49Z",516,"spacelab-ubuntu-macmini",1
29542487972,87768240115,"integration-uart","completed","failure","2026-07-17T00:02:41Z","2026-07-17T00:07:38Z",297,"spacelab-ubuntu-macmini",1
29546976521,87781277392,"lint","completed","success","2026-07-17T01:15:29Z","2026-07-17T01:15:59Z",30,"GitHub Actions 1000003391",1
29546976521,87781277415,"unit-test","completed","success","2026-07-17T01:15:29Z","2026-07-17T01:17:07Z",98,"GitHub Actions 1000003392",1
29546976521,87781277487,"build","completed","success","2026-07-17T01:15:28Z","2026-07-17T01:19:15Z",227,"spacelab-macmini",1
29546976521,87781765722,"yamcs-build","completed","success","2026-07-17T01:19:18Z","2026-07-17T01:19:36Z",18,"GitHub Actions 1000003393",1
29546976521,87781765737,"integration-uart","completed","success","2026-07-17T01:30:17Z","2026-07-17T01:36:46Z",389,"spacelab-ubuntu-macmini",1
29546976521,87781765751,"integration-radio","completed","success","2026-07-17T01:19:18Z","2026-07-17T01:30:15Z",657,"spacelab-ubuntu-macmini",1
29548366633,87785446265,"unit-test","completed","success","2026-07-17T01:48:22Z","2026-07-17T01:50:25Z",123,"GitHub Actions 1000003394",1
29548366633,87785446271,"lint","completed","success","2026-07-17T01:48:23Z","2026-07-17T01:48:57Z",34,"GitHub Actions 1000003395",1
29548366633,87785446280,"build","completed","success","2026-07-17T01:48:21Z","2026-07-17T01:52:28Z",247,"spacelab-macmini",1
29548366633,87785957138,"integration-uart","completed","success","2026-07-17T01:52:30Z","2026-07-17T01:58:59Z",389,"spacelab-ubuntu-macmini",1
29548366633,87785957140,"yamcs-build","completed","success","2026-07-17T01:52:31Z","2026-07-17T01:52:53Z",22,"GitHub Actions 1000003396",1
29548366633,87785957173,"integration-radio","completed","success","2026-07-17T01:59:00Z","2026-07-17T02:09:18Z",618,"spacelab-ubuntu-macmini",1
29550056903,87790508265,"lint","completed","success","2026-07-17T02:29:54Z","2026-07-17T02:30:19Z",25,"GitHub Actions 1000003397",1
29550056903,87790508277,"build","completed","cancelled","2026-07-17T02:29:53Z","2026-07-17T02:32:12Z",139,"spacelab-macmini",1
29550056903,87790508292,"unit-test","completed","failure","2026-07-17T02:29:54Z","2026-07-17T02:31:36Z",102,"GitHub Actions 1000003398",1
29550056903,87790803485,"yamcs-build","completed","cancelled","2026-07-17T02:32:12Z","2026-07-17T02:32:12Z",0,,1
29550056903,87790803507,"integration-uart","completed","cancelled","2026-07-17T02:32:12Z","2026-07-17T02:32:12Z",0,,1
29550056903,87790803555,"integration-radio","completed","cancelled","2026-07-17T02:32:12Z","2026-07-17T02:32:12Z",0,,1
29553985143,87802263097,"lint","completed","success","2026-07-17T04:05:31Z","2026-07-17T04:05:58Z",27,"GitHub Actions 1000003399",1
29553985143,87802263108,"build","completed","success","2026-07-17T04:05:29Z","2026-07-17T04:09:12Z",223,"spacelab-macmini",1
29553985143,87802263121,"unit-test","completed","success","2026-07-17T04:05:32Z","2026-07-17T04:07:18Z",106,"GitHub Actions 1000003400",1
29553985143,87802713147,"yamcs-build","completed","success","2026-07-17T04:09:16Z","2026-07-17T04:09:33Z",17,"GitHub Actions 1000003401",1
29553985143,87802713157,"integration-radio","completed","success","2026-07-17T04:09:15Z","2026-07-17T04:17:52Z",517,"spacelab-ubuntu-macmini",1
29553985143,87802713201,"integration-uart","completed","success","2026-07-17T04:18:44Z","2026-07-17T04:24:36Z",352,"spacelab-ubuntu-macmini",1
29556550263,87809732505,"build","completed","success","2026-07-17T05:08:10Z","2026-07-17T05:11:58Z",228,"spacelab-macmini",1
29556550263,87809732506,"lint","completed","success","2026-07-17T05:08:11Z","2026-07-17T05:08:41Z",30,"GitHub Actions 1000003402",1
29556550263,87809732510,"unit-test","completed","success","2026-07-17T05:08:11Z","2026-07-17T05:10:50Z",159,"GitHub Actions 1000003403",1
29556550263,87810243989,"integration-uart","completed","success","2026-07-17T05:22:04Z","2026-07-17T05:27:43Z",339,"spacelab-ubuntu-macmini",1
29556550263,87810243998,"yamcs-build","completed","success","2026-07-17T05:12:03Z","2026-07-17T05:12:19Z",16,"GitHub Actions 1000003404",1
29556550263,87810244008,"integration-radio","completed","success","2026-07-17T05:12:01Z","2026-07-17T05:21:12Z",551,"spacelab-ubuntu-macmini",1
29558450160,87815576629,"lint","completed","success","2026-07-17T05:52:22Z","2026-07-17T05:52:53Z",31,"GitHub Actions 1000003407",1
29558450160,87815576639,"unit-test","completed","success","2026-07-17T05:52:21Z","2026-07-17T05:54:04Z",103,"GitHub Actions 1000003406",1
29558450160,87815576645,"build","completed","success","2026-07-17T05:52:21Z","2026-07-17T05:56:04Z",223,"spacelab-macmini",1
29558450160,87816087682,"integration-radio","completed","success","2026-07-17T06:02:37Z","2026-07-17T06:11:22Z",525,"spacelab-ubuntu-macmini",1
29558450160,87816087686,"yamcs-build","completed","success","2026-07-17T05:56:07Z","2026-07-17T05:56:29Z",22,"GitHub Actions 1000003411",1
29558450160,87816087709,"integration-uart","completed","success","2026-07-17T05:56:06Z","2026-07-17T06:01:45Z",339,"spacelab-ubuntu-macmini",1
29558472696,87815645198,"lint","completed","success","2026-07-17T05:52:53Z","2026-07-17T05:53:20Z",27,"GitHub Actions 1000003409",1
29558472696,87815645200,"unit-test","completed","success","2026-07-17T05:52:53Z","2026-07-17T05:54:39Z",106,"GitHub Actions 1000003410",1
29558472696,87815645205,"build","completed","success","2026-07-17T05:56:55Z","2026-07-17T06:00:38Z",223,"spacelab-macmini",1
29558472696,87816736212,"integration-uart","completed","success","2026-07-17T06:12:14Z","2026-07-17T06:17:55Z",341,"spacelab-ubuntu-macmini",1
29558472696,87816736237,"yamcs-build","completed","success","2026-07-17T06:00:41Z","2026-07-17T06:01:05Z",24,"GitHub Actions 1000003412",1
29558472696,87816736276,"integration-radio","completed","success","2026-07-17T06:17:57Z","2026-07-17T06:27:30Z",573,"spacelab-ubuntu-macmini",1
29559504064,87818742145,"lint","completed","success","2026-07-17T06:15:03Z","2026-07-17T06:15:30Z",27,"GitHub Actions 1000003413",1
29559504064,87818742151,"unit-test","completed","success","2026-07-17T06:15:03Z","2026-07-17T06:16:52Z",109,"GitHub Actions 1000003414",1
29559504064,87818742153,"build","completed","cancelled","2026-07-17T06:15:02Z","2026-07-17T06:17:58Z",176,"spacelab-macmini",1
29559504064,87819162358,"integration-radio","completed","cancelled","2026-07-17T06:17:58Z","2026-07-17T06:17:58Z",0,,1
29559504064,87819162431,"yamcs-build","completed","cancelled","2026-07-17T06:17:58Z","2026-07-17T06:17:58Z",0,,1
29559504064,87819162458,"integration-uart","completed","cancelled","2026-07-17T06:17:58Z","2026-07-17T06:17:58Z",0,,1
29559626956,87819113821,"unit-test","completed","success","2026-07-17T06:17:41Z","2026-07-17T06:19:21Z",100,"GitHub Actions 1000003415",1
29559626956,87819113828,"lint","completed","success","2026-07-17T06:17:41Z","2026-07-17T06:18:17Z",36,"GitHub Actions 1000003416",1
29559626956,87819113853,"build","completed","cancelled","2026-07-17T06:18:50Z","2026-07-17T06:22:31Z",221,"spacelab-macmini",1
29559626956,87819780707,"yamcs-build","completed","cancelled","2026-07-17T06:22:31Z","2026-07-17T06:22:31Z",0,,1
29559626956,87819780988,"integration-uart","completed","cancelled","2026-07-17T06:22:32Z","2026-07-17T06:22:31Z",-1,,1
29559626956,87819781037,"integration-radio","completed","cancelled","2026-07-17T06:22:32Z","2026-07-17T06:22:31Z",-1,,1
29559826089,87819705705,"lint","completed","success","2026-07-17T06:22:02Z","2026-07-17T06:22:28Z",26,"GitHub Actions 1000003417",1
29559826089,87819705738,"unit-test","completed","success","2026-07-17T06:22:02Z","2026-07-17T06:23:47Z",105,"GitHub Actions 1000003418",1
29559826089,87819705741,"build","completed","success","2026-07-17T06:23:23Z","2026-07-17T06:27:04Z",221,"spacelab-macmini",1
29559826089,87820416784,"yamcs-build","completed","success","2026-07-17T06:27:07Z","2026-07-17T06:27:27Z",20,"GitHub Actions 1000003419",1
29559826089,87820416796,"integration-uart","completed","success","2026-07-17T06:28:22Z","2026-07-17T06:35:05Z",403,"spacelab-ubuntu-macmini",1
29559826089,87820416816,"integration-radio","completed","success","2026-07-17T06:35:57Z","2026-07-17T06:47:20Z",683,"spacelab-ubuntu-macmini",1
29560356170,87928869513,"integration-radio","completed","failure","2026-07-17T15:56:02Z","2026-07-17T15:59:46Z",224,"spacelab-ubuntu-macmini",2
29560356170,87928869642,"build","completed","success","2026-07-17T06:33:08Z","2026-07-17T06:37:22Z",254,"spacelab-macmini",2
29560356170,87928870178,"yamcs-build","completed","success","2026-07-17T06:37:25Z","2026-07-17T06:37:45Z",20,"GitHub Actions 1000003422",2
29560356170,87928895610,"lint","completed","success","2026-07-17T06:33:09Z","2026-07-17T06:33:38Z",29,"GitHub Actions 1000003420",2
29560356170,87928895962,"integration-uart","completed","success","2026-07-17T06:47:22Z","2026-07-17T06:53:42Z",380,"spacelab-ubuntu-macmini",2
29560356170,87928905016,"unit-test","completed","success","2026-07-17T06:33:09Z","2026-07-17T06:35:07Z",118,"GitHub Actions 1000003421",2
29561132508,87928432932,"integration-uart","completed","success","2026-07-17T15:47:54Z","2026-07-17T15:55:10Z",436,"spacelab-ubuntu-macmini",2
29561132508,87928433099,"build","completed","success","2026-07-17T06:49:04Z","2026-07-17T06:52:51Z",227,"spacelab-macmini",2
29561132508,87928433453,"yamcs-build","completed","success","2026-07-17T06:52:54Z","2026-07-17T06:53:13Z",19,"GitHub Actions 1000003427",2
29561132508,87928434118,"integration-radio","completed","success","2026-07-17T07:33:06Z","2026-07-17T07:45:22Z",736,"spacelab-ubuntu-macmini",2
29561132508,87928452635,"unit-test","completed","success","2026-07-17T06:49:05Z","2026-07-17T06:50:43Z",98,"GitHub Actions 1000003423",2
29561132508,87928468350,"lint","completed","success","2026-07-17T06:49:07Z","2026-07-17T06:49:41Z",34,"GitHub Actions 1000003424",2
29631369330,88045483773,"lint","completed","success","2026-07-18T04:55:51Z","2026-07-18T04:56:22Z",31,"GitHub Actions 1000003429",1
29631369330,88045483774,"unit-test","completed","failure","2026-07-18T04:55:50Z","2026-07-18T04:57:18Z",88,"GitHub Actions 1000003428",1
29631369330,88045483780,"build","completed","success","2026-07-18T04:55:50Z","2026-07-18T04:59:35Z",225,"spacelab-macmini",1
29631369330,88045803992,"integration-radio","completed","failure","2026-07-18T04:59:37Z","2026-07-18T05:01:50Z",133,"spacelab-ubuntu-macmini",1
29631369330,88045803994,"yamcs-build","completed","success","2026-07-18T04:59:38Z","2026-07-18T04:59:59Z",21,"GitHub Actions 1000003430",1
29631369330,88045804005,"integration-uart","completed","failure","2026-07-18T05:01:52Z","2026-07-18T05:04:05Z",133,"spacelab-ubuntu-macmini",1
29632299617,88048276090,"lint","completed","success","2026-07-18T05:27:58Z","2026-07-18T05:28:32Z",34,"GitHub Actions 1000003432",1
29632299617,88048276118,"unit-test","completed","success","2026-07-18T05:27:57Z","2026-07-18T05:29:55Z",118,"GitHub Actions 1000003431",1
29632299617,88048276144,"build","completed","success","2026-07-18T05:27:57Z","2026-07-18T05:31:40Z",223,"spacelab-macmini",1
29632299617,88048569843,"yamcs-build","completed","success","2026-07-18T05:31:43Z","2026-07-18T05:32:01Z",18,"GitHub Actions 1000003433",1
29632299617,88048569844,"integration-uart","completed","failure","2026-07-18T05:31:42Z","2026-07-18T05:33:56Z",134,"spacelab-ubuntu-macmini",1
29632299617,88048569857,"integration-radio","completed","failure","2026-07-18T05:34:48Z","2026-07-18T05:37:02Z",134,"spacelab-ubuntu-macmini",1
29633099630,88050485703,"unit-test","completed","success","2026-07-18T05:55:40Z","2026-07-18T05:57:38Z",118,"GitHub Actions 1000003434",1
29633099630,88050485717,"build","completed","success","2026-07-18T05:55:38Z","2026-07-18T05:59:20Z",222,"spacelab-macmini",1
29633099630,88050485724,"lint","completed","success","2026-07-18T05:55:38Z","2026-07-18T05:56:03Z",25,"GitHub Actions 1000003435",1
29633099630,88050774591,"integration-uart","completed","failure","2026-07-18T05:59:23Z","2026-07-18T06:00:29Z",66,"spacelab-ubuntu-macmini",1
29633099630,88050774598,"integration-radio","completed","failure","2026-07-18T06:01:21Z","2026-07-18T06:03:31Z",130,"spacelab-ubuntu-macmini",1
29633099630,88050774602,"yamcs-build","completed","success","2026-07-18T05:59:24Z","2026-07-18T05:59:43Z",19,"GitHub Actions 1000003436",1
29633396311,88051282358,"lint","completed","success","2026-07-18T06:05:42Z","2026-07-18T06:06:13Z",31,"GitHub Actions 1000003437",1
29633396311,88051282368,"unit-test","completed","success","2026-07-18T06:05:42Z","2026-07-18T06:07:49Z",127,"GitHub Actions 1000003438",1
29633396311,88051282371,"build","completed","success","2026-07-18T06:05:40Z","2026-07-18T06:09:21Z",221,"spacelab-macmini",1
29633396311,88051560287,"yamcs-build","completed","success","2026-07-18T06:09:26Z","2026-07-18T06:09:45Z",19,"GitHub Actions 1000003439",1
29633396311,88051560302,"integration-uart","completed","failure","2026-07-18T06:09:24Z","2026-07-18T06:10:30Z",66,"spacelab-ubuntu-macmini",1
29633396311,88051560314,"integration-radio","completed","failure","2026-07-18T06:10:32Z","2026-07-18T06:12:41Z",129,"spacelab-ubuntu-macmini",1
29633710341,88052115709,"build","completed","success","2026-07-18T06:16:35Z","2026-07-18T06:20:16Z",221,"spacelab-macmini",1
29633710341,88052115717,"lint","completed","success","2026-07-18T06:16:38Z","2026-07-18T06:17:10Z",32,"GitHub Actions 1000003440",1
29633710341,88052115742,"unit-test","completed","success","2026-07-18T06:16:36Z","2026-07-18T06:18:46Z",130,"GitHub Actions 1000003441",1
29633710341,88052391042,"integration-radio","completed","failure","2026-07-18T06:20:18Z","2026-07-18T06:22:29Z",131,"spacelab-ubuntu-macmini",1
29633710341,88052391051,"integration-uart","completed","failure","2026-07-18T06:23:20Z","2026-07-18T06:24:26Z",66,"spacelab-ubuntu-macmini",1
29633710341,88052391069,"yamcs-build","completed","success","2026-07-18T06:20:20Z","2026-07-18T06:20:40Z",20,"GitHub Actions 1000003442",1
29634066996,88053091201,"build","completed","success","2026-07-18T06:29:03Z","2026-07-18T06:32:46Z",223,"spacelab-macmini",1
29634066996,88053091215,"lint","completed","success","2026-07-18T06:29:04Z","2026-07-18T06:29:37Z",33,"GitHub Actions 1000003444",1
29634066996,88053091224,"unit-test","completed","success","2026-07-18T06:29:04Z","2026-07-18T06:31:18Z",134,"GitHub Actions 1000003443",1
29634066996,88053393831,"integration-radio","completed","failure","2026-07-18T06:34:46Z","2026-07-18T06:36:56Z",130,"spacelab-ubuntu-macmini",1
29634066996,88053393846,"integration-uart","completed","failure","2026-07-18T06:32:49Z","2026-07-18T06:33:55Z",66,"spacelab-ubuntu-macmini",1
29634066996,88053393865,"yamcs-build","completed","success","2026-07-18T06:32:50Z","2026-07-18T06:33:13Z",23,"GitHub Actions 1000003445",1
29634393562,88054011665,"unit-test","completed","success","2026-07-18T06:40:36Z","2026-07-18T06:42:31Z",115,"GitHub Actions 1000003446",1
29634393562,88054011686,"lint","completed","success","2026-07-18T06:40:35Z","2026-07-18T06:41:03Z",28,"GitHub Actions 1000003447",1
29634393562,88054011771,"build","completed","success","2026-07-18T06:40:34Z","2026-07-18T06:44:14Z",220,"spacelab-macmini",1
29634393562,88054322072,"integration-radio","completed","success","2026-07-18T06:44:16Z","2026-07-18T06:55:52Z",696,"spacelab-ubuntu-macmini",1
29634393562,88054322079,"integration-uart","completed","success","2026-07-18T06:55:54Z","2026-07-18T07:03:18Z",444,"spacelab-ubuntu-macmini",1
29634393562,88054322080,"yamcs-build","completed","success","2026-07-18T06:44:19Z","2026-07-18T06:44:40Z",21,"GitHub Actions 1000003448",1
29652037954,88099903328,"build","completed","success","2026-07-18T16:28:46Z","2026-07-18T16:32:41Z",235,"spacelab-macmini",1
29652037954,88099903344,"lint","completed","success","2026-07-18T16:28:48Z","2026-07-18T16:29:16Z",28,"GitHub Actions 1000003449",1
29652037954,88099905194,"unit-test","completed","success","2026-07-18T16:28:49Z","2026-07-18T16:30:53Z",124,"GitHub Actions 1000003450",1
29652037954,88100263062,"yamcs-build","completed","success","2026-07-18T16:32:44Z","2026-07-18T16:33:04Z",20,"GitHub Actions 1000003451",1
29652037954,88100263068,"integration-radio","completed","failure","2026-07-18T16:32:43Z","2026-07-18T16:34:55Z",132,"spacelab-ubuntu-macmini",1
29652037954,88100263069,"integration-uart","completed","failure","2026-07-18T16:34:56Z","2026-07-18T16:36:03Z",67,"spacelab-ubuntu-macmini",1
29652378576,88100783538,"unit-test","completed","success","2026-07-18T16:38:56Z","2026-07-18T16:40:42Z",106,"GitHub Actions 1000003453",1
29652378576,88100783542,"build","completed","success","2026-07-18T16:38:55Z","2026-07-18T16:42:39Z",224,"spacelab-macmini",1
29652378576,88100783546,"lint","completed","success","2026-07-18T16:38:56Z","2026-07-18T16:39:23Z",27,"GitHub Actions 1000003452",1
29652378576,88101098968,"yamcs-build","completed","success","2026-07-18T16:42:44Z","2026-07-18T16:43:04Z",20,"GitHub Actions 1000003456",1
29652378576,88101098970,"integration-uart","completed","success","2026-07-18T16:52:10Z","2026-07-18T16:57:30Z",320,"spacelab-ubuntu-macmini",1
29652378576,88101098991,"integration-radio","completed","success","2026-07-18T16:42:42Z","2026-07-18T16:51:18Z",516,"spacelab-ubuntu-macmini",1
29652395080,88100827026,"lint","completed","failure","2026-07-18T16:39:30Z","2026-07-18T16:40:01Z",31,"GitHub Actions 1000003454",1
29652395080,88100827027,"build","completed","success","2026-07-18T16:43:31Z","2026-07-18T16:47:14Z",223,"spacelab-macmini",1
29652395080,88100827029,"unit-test","completed","success","2026-07-18T16:39:29Z","2026-07-18T16:41:20Z",111,"GitHub Actions 1000003455",1
29652395080,88101490056,"integration-uart","completed","failure","2026-07-18T16:58:22Z","2026-07-18T17:06:06Z",464,"spacelab-ubuntu-macmini",1
29652395080,88101490070,"yamcs-build","completed","success","2026-07-18T16:47:19Z","2026-07-18T16:47:42Z",23,"GitHub Actions 1000003461",1
29652395080,88101490088,"integration-radio","completed","failure","2026-07-18T17:08:07Z","2026-07-18T17:10:45Z",158,"spacelab-ubuntu-macmini",1
29652506495,88101114914,"unit-test","completed","success","2026-07-18T16:42:54Z","2026-07-18T16:44:35Z",101,"GitHub Actions 1000003458",1
29652506495,88101114932,"lint","completed","success","2026-07-18T16:42:55Z","2026-07-18T16:43:26Z",31,"GitHub Actions 1000003457",1
29652506495,88101114948,"build","completed","success","2026-07-18T16:47:16Z","2026-07-18T16:51:00Z",224,"spacelab-macmini",1
29652506495,88101813322,"yamcs-build","completed","success","2026-07-18T16:51:04Z","2026-07-18T16:51:21Z",17,"GitHub Actions 1000003462",1
29652506495,88101813323,"integration-radio","completed","failure","2026-07-18T17:10:46Z","2026-07-18T17:13:24Z",158,"spacelab-ubuntu-macmini",1
29652506495,88101813383,"integration-uart","completed","failure","2026-07-18T17:14:15Z","2026-07-18T17:22:13Z",478,"spacelab-ubuntu-macmini",1
29652609918,88101380816,"lint","completed","success","2026-07-18T16:46:01Z","2026-07-18T16:46:28Z",27,"GitHub Actions 1000003459",1
29652609918,88101380832,"unit-test","completed","success","2026-07-18T16:46:01Z","2026-07-18T16:48:05Z",124,"GitHub Actions 1000003460",1
29652609918,88101380838,"build","completed","success","2026-07-18T16:51:02Z","2026-07-18T16:54:43Z",221,"spacelab-macmini",1
29652609918,88102124920,"integration-uart","completed","failure","2026-07-18T17:06:58Z","2026-07-18T17:08:05Z",67,"spacelab-ubuntu-macmini",1
29652609918,88102124926,"integration-radio","completed","failure","2026-07-18T17:22:15Z","2026-07-18T17:24:26Z",131,"spacelab-ubuntu-macmini",1
29652609918,88102124933,"yamcs-build","completed","success","2026-07-18T16:54:46Z","2026-07-18T16:55:09Z",23,"GitHub Actions 1000003463",1
29653398144,88103450901,"unit-test","completed","success","2026-07-18T17:10:25Z","2026-07-18T17:12:21Z",116,"GitHub Actions 1000003465",1
29653398144,88103450906,"build","completed","success","2026-07-18T17:10:23Z","2026-07-18T17:14:05Z",222,"spacelab-macmini",1
29653398144,88103450909,"lint","completed","success","2026-07-18T17:10:25Z","2026-07-18T17:10:54Z",29,"GitHub Actions 1000003464",1
29653398144,88103752540,"integration-uart","completed","success","2026-07-18T17:25:18Z","2026-07-18T17:32:03Z",405,"spacelab-ubuntu-macmini",1
29653398144,88103752545,"yamcs-build","completed","success","2026-07-18T17:14:09Z","2026-07-18T17:14:33Z",24,"GitHub Actions 1000003468",1
29653398144,88103752555,"integration-radio","completed","success","2026-07-18T17:49:16Z","2026-07-18T18:01:28Z",732,"spacelab-ubuntu-macmini",1
29653438165,88103552207,"unit-test","completed","success","2026-07-18T17:11:38Z","2026-07-18T17:13:19Z",101,"GitHub Actions 1000003466",1
29653438165,88103552216,"lint","completed","success","2026-07-18T17:11:40Z","2026-07-18T17:12:11Z",31,"GitHub Actions 1000003467",1
29653438165,88103552236,"build","completed","success","2026-07-18T17:14:56Z","2026-07-18T17:18:38Z",222,"spacelab-macmini",1
29653438165,88104123598,"yamcs-build","completed","success","2026-07-18T17:18:43Z","2026-07-18T17:19:03Z",20,"GitHub Actions 1000003471",1
29653438165,88104123605,"integration-radio","completed","failure","2026-07-18T17:32:55Z","2026-07-18T17:45:45Z",770,"spacelab-ubuntu-macmini",1
29653438165,88104123630,"integration-uart","completed","failure","2026-07-18T18:02:20Z","2026-07-18T18:09:42Z",442,"spacelab-ubuntu-macmini",1
29653658485,88104115875,"lint","completed","success","2026-07-18T17:18:36Z","2026-07-18T17:19:06Z",30,"GitHub Actions 1000003469",1
29653658485,88104115892,"unit-test","completed","success","2026-07-18T17:18:35Z","2026-07-18T17:20:16Z",101,"GitHub Actions 1000003470",1
29653658485,88104115980,"build","completed","success","2026-07-18T17:19:30Z","2026-07-18T17:23:15Z",225,"spacelab-macmini",1
29653658485,88104529788,"integration-radio","completed","failure","2026-07-18T17:45:47Z","2026-07-18T17:48:24Z",157,"spacelab-ubuntu-macmini",1
29653658485,88104529793,"yamcs-build","completed","success","2026-07-18T17:23:18Z","2026-07-18T17:23:33Z",15,"GitHub Actions 1000003472",1
29653658485,88104529801,"integration-uart","completed","failure","2026-07-18T18:23:08Z","2026-07-18T18:31:41Z",513,"spacelab-ubuntu-macmini",1
29654116947,88110806945,"integration-uart","completed","failure","2026-07-18T18:35:19Z","2026-07-18T18:36:25Z",66,"spacelab-ubuntu-macmini",2
29654116947,88110807038,"unit-test","completed","success","2026-07-18T17:32:42Z","2026-07-18T17:34:41Z",119,"GitHub Actions 1000003473",2
29654116947,88110807177,"build","completed","success","2026-07-18T17:32:41Z","2026-07-18T17:36:25Z",224,"spacelab-macmini",2
29654116947,88110807187,"integration-radio","completed","success","2026-07-18T18:10:34Z","2026-07-18T18:22:17Z",703,"spacelab-ubuntu-macmini",2
29654116947,88110807252,"yamcs-build","completed","success","2026-07-18T17:36:28Z","2026-07-18T17:36:47Z",19,"GitHub Actions 1000003475",2
29654116947,88110820564,"lint","completed","success","2026-07-18T17:32:42Z","2026-07-18T17:33:18Z",36,"GitHub Actions 1000003474",2
29656256180,88111064436,"unit-test","completed","success","2026-07-18T18:38:25Z","2026-07-18T18:40:27Z",122,"GitHub Actions 1000003476",1
29656256180,88111064452,"lint","completed","success","2026-07-18T18:38:27Z","2026-07-18T18:38:59Z",32,"GitHub Actions 1000003477",1
29656256180,88111064484,"build","completed","success","2026-07-18T18:38:24Z","2026-07-18T18:42:08Z",224,"spacelab-macmini",1
29656256180,88111383402,"integration-radio","completed","success","2026-07-18T18:42:11Z","2026-07-18T18:53:35Z",684,"spacelab-ubuntu-macmini",1
29656256180,88111383404,"yamcs-build","completed","success","2026-07-18T18:42:13Z","2026-07-18T18:42:33Z",20,"GitHub Actions 1000003478",1
29656256180,88111383414,"integration-uart","completed","failure","2026-07-18T18:54:27Z","2026-07-18T19:01:50Z",443,"spacelab-ubuntu-macmini",1
29657221360,88113640171,"unit-test","completed","success","2026-07-18T19:08:32Z","2026-07-18T19:10:33Z",121,"GitHub Actions 1000003480",1
29657221360,88113640172,"lint","completed","success","2026-07-18T19:08:33Z","2026-07-18T19:09:03Z",30,"GitHub Actions 1000003479",1
29657221360,88113640177,"build","completed","success","2026-07-18T19:08:31Z","2026-07-18T19:12:15Z",224,"spacelab-macmini",1
29657221360,88113961129,"integration-radio","completed","success","2026-07-18T19:12:18Z","2026-07-18T19:23:55Z",697,"spacelab-ubuntu-macmini",1
29657221360,88113961133,"integration-uart","completed","success","2026-07-18T19:24:46Z","2026-07-18T19:31:43Z",417,"spacelab-ubuntu-macmini",1
29657221360,88113961202,"yamcs-build","completed","success","2026-07-18T19:12:20Z","2026-07-18T19:12:44Z",24,"GitHub Actions 1000003481",1
29658718189,88117516031,"unit-test","completed","success","2026-07-18T19:55:40Z","2026-07-18T19:57:47Z",127,"GitHub Actions 1000003483",1
29658718189,88117516039,"lint","completed","success","2026-07-18T19:55:42Z","2026-07-18T19:56:14Z",32,"GitHub Actions 1000003482",1
29658718189,88117516057,"build","completed","success","2026-07-18T19:55:39Z","2026-07-18T19:59:22Z",223,"spacelab-macmini",1
29658718189,88117820922,"integration-radio","completed","success","2026-07-18T19:59:24Z","2026-07-18T20:11:32Z",728,"spacelab-ubuntu-macmini",1
29658718189,88117820923,"yamcs-build","completed","success","2026-07-18T19:59:26Z","2026-07-18T19:59:45Z",19,"GitHub Actions 1000003484",1
29658718189,88117820926,"integration-uart","completed","success","2026-07-18T20:12:24Z","2026-07-18T20:19:09Z",405,"spacelab-ubuntu-macmini",1
29666252527,88137057103,"lint","completed","success","2026-07-19T00:01:57Z","2026-07-19T00:02:36Z",39,"GitHub Actions 1000003485",1
29666252527,88137057104,"unit-test","completed","success","2026-07-19T00:01:57Z","2026-07-19T00:04:12Z",135,"GitHub Actions 1000003486",1
29666252527,88137057107,"build","completed","success","2026-07-19T00:01:56Z","2026-07-19T00:05:40Z",224,"spacelab-macmini",1
29666252527,88137354890,"yamcs-build","completed","success","2026-07-19T00:05:44Z","2026-07-19T00:06:04Z",20,"GitHub Actions 1000003487",1
29666252527,88137354901,"integration-uart","completed","success","2026-07-19T00:05:42Z","2026-07-19T00:13:17Z",455,"spacelab-ubuntu-macmini",1
29666252527,88137354916,"integration-radio","completed","success","2026-07-19T00:27:20Z","2026-07-19T00:39:32Z",732,"spacelab-ubuntu-macmini",1
29666465915,88137592216,"unit-test","completed","success","2026-07-19T00:09:01Z","2026-07-19T00:10:46Z",105,"GitHub Actions 1000003488",1
29666465915,88137592221,"build","completed","success","2026-07-19T00:09:00Z","2026-07-19T00:12:41Z",221,"spacelab-macmini",1
29666465915,88137592999,"lint","completed","success","2026-07-19T00:09:01Z","2026-07-19T00:09:27Z",26,"GitHub Actions 1000003490",1
29666465915,88137861805,"integration-uart","completed","failure","2026-07-19T00:40:24Z","2026-07-19T00:45:43Z",319,"spacelab-ubuntu-macmini",1
29666465915,88137861811,"integration-radio","completed","success","2026-07-19T00:14:09Z","2026-07-19T00:26:28Z",739,"spacelab-ubuntu-macmini",1
29666465915,88137861826,"yamcs-build","completed","success","2026-07-19T00:12:44Z","2026-07-19T00:13:02Z",18,"GitHub Actions 1000003492",1
29666745290,88138328309,"unit-test","completed","success","2026-07-19T00:19:02Z","2026-07-19T00:20:52Z",110,"GitHub Actions 1000003493",1
29666745290,88138328328,"lint","completed","success","2026-07-19T00:19:01Z","2026-07-19T00:19:33Z",32,"GitHub Actions 1000003494",1
29666745290,88138328333,"build","completed","success","2026-07-19T00:19:00Z","2026-07-19T00:22:42Z",222,"spacelab-macmini",1
29666745290,88138620720,"yamcs-build","completed","success","2026-07-19T00:22:45Z","2026-07-19T00:23:01Z",16,"GitHub Actions 1000003495",1
29666745290,88138620742,"integration-radio","completed","success","2026-07-19T00:45:45Z","2026-07-19T00:57:51Z",726,"spacelab-ubuntu-macmini",1
29666745290,88138620759,"integration-uart","completed","success","2026-07-19T01:39:01Z","2026-07-19T01:46:01Z",420,"spacelab-ubuntu-macmini",1
29666872116,88138697032,"build","completed","success","2026-07-19T00:23:45Z","2026-07-19T00:27:26Z",221,"spacelab-macmini",1
29666872116,88138697035,"lint","completed","success","2026-07-19T00:23:46Z","2026-07-19T00:24:14Z",28,"GitHub Actions 1000003497",1
29666872116,88138697036,"unit-test","completed","success","2026-07-19T00:23:46Z","2026-07-19T00:25:52Z",126,"GitHub Actions 1000003496",1
29666872116,88138979018,"integration-radio","completed","cancelled","2026-07-19T00:27:26Z","2026-07-19T01:02:45Z",2119,"",1
29666872116,88138979020,"integration-uart","completed","cancelled","2026-07-19T00:58:43Z","2026-07-19T01:03:09Z",266,"spacelab-ubuntu-macmini",1
29666872116,88138979038,"yamcs-build","completed","success","2026-07-19T00:27:29Z","2026-07-19T00:27:44Z",15,"GitHub Actions 1000003498",1
29667271438,88139809639,"unit-test","completed","success","2026-07-19T00:38:17Z","2026-07-19T00:40:01Z",104,"GitHub Actions 1000003499",1
29667271438,88139809658,"build","completed","success","2026-07-19T00:38:16Z","2026-07-19T00:42:00Z",224,"spacelab-macmini",1
29667271438,88139809673,"lint","completed","success","2026-07-19T00:38:16Z","2026-07-19T00:38:45Z",29,"GitHub Actions 1000003500",1
29667271438,88140096310,"integration-uart","completed","cancelled","2026-07-19T00:42:00Z","2026-07-19T01:02:54Z",1254,"",1
29667271438,88140096326,"integration-radio","completed","cancelled","2026-07-19T00:42:00Z","2026-07-19T01:02:54Z",1254,"",1
29667271438,88140096341,"yamcs-build","completed","success","2026-07-19T00:42:03Z","2026-07-19T00:42:20Z",17,"GitHub Actions 1000003501",1
29669110792,88144829298,"build","completed","success","2026-07-19T01:46:08Z","2026-07-19T01:49:51Z",223,"spacelab-macmini",1
29669110792,88144829302,"unit-test","completed","success","2026-07-19T01:46:10Z","2026-07-19T01:47:59Z",109,"GitHub Actions 1000003502",1
29669110792,88144829335,"lint","completed","success","2026-07-19T01:46:09Z","2026-07-19T01:46:40Z",31,"GitHub Actions 1000003503",1
29669110792,88145084914,"integration-uart","completed","success","2026-07-19T01:49:53Z","2026-07-19T01:56:42Z",409,"spacelab-ubuntu-macmini",1
29669110792,88145084938,"integration-radio","completed","success","2026-07-19T01:57:34Z","2026-07-19T02:09:15Z",701,"spacelab-ubuntu-macmini",1
29669110792,88145084949,"yamcs-build","completed","success","2026-07-19T01:49:54Z","2026-07-19T01:50:14Z",20,"GitHub Actions 1000003506",1
29669536415,88145967773,"build","completed","success","2026-07-19T02:02:12Z","2026-07-19T02:05:56Z",224,"spacelab-macmini",1
29669536415,88145967774,"unit-test","completed","success","2026-07-19T02:02:13Z","2026-07-19T02:04:31Z",138,"GitHub Actions 1000003507",1
29669536415,88145967786,"lint","completed","success","2026-07-19T02:02:13Z","2026-07-19T02:02:44Z",31,"GitHub Actions 1000003508",1
29669536415,88146242512,"integration-uart","completed","success","2026-07-19T02:10:07Z","2026-07-19T02:17:05Z",418,"spacelab-ubuntu-macmini",1
29669536415,88146242525,"yamcs-build","completed","success","2026-07-19T02:05:59Z","2026-07-19T02:06:15Z",16,"GitHub Actions 1000003509",1
29669536415,88146242527,"integration-radio","completed","success","2026-07-19T02:17:57Z","2026-07-19T02:29:26Z",689,"spacelab-ubuntu-macmini",1
29676411127,88164539362,"unit-test","completed","success","2026-07-19T06:25:18Z","2026-07-19T06:27:03Z",105,"GitHub Actions 1000003511",1
29676411127,88164539363,"lint","completed","success","2026-07-19T06:25:17Z","2026-07-19T06:25:45Z",28,"GitHub Actions 1000003510",1
29676411127,88164539386,"build","completed","success","2026-07-19T06:25:17Z","2026-07-19T06:29:00Z",223,"spacelab-macmini",1
29676411127,88164798168,"yamcs-build","completed","success","2026-07-19T06:29:03Z","2026-07-19T06:29:22Z",19,"GitHub Actions 1000003512",1
29676411127,88164798173,"integration-uart","completed","success","2026-07-19T06:29:02Z","2026-07-19T06:35:50Z",408,"spacelab-ubuntu-macmini",1
29676411127,88164798175,"integration-radio","completed","success","2026-07-19T06:36:42Z","2026-07-19T06:48:15Z",693,"spacelab-ubuntu-macmini",1
29679164871,88172049925,"lint","completed","success","2026-07-19T08:03:46Z","2026-07-19T08:04:18Z",32,"GitHub Actions 1000003513",1
29679164871,88172049942,"unit-test","completed","success","2026-07-19T08:03:45Z","2026-07-19T08:05:38Z",113,"GitHub Actions 1000003514",1
29679164871,88172049943,"build","completed","success","2026-07-19T08:03:44Z","2026-07-19T08:07:29Z",225,"spacelab-macmini",1
29679164871,88172351906,"integration-radio","completed","success","2026-07-19T08:07:31Z","2026-07-19T08:19:08Z",697,"spacelab-ubuntu-macmini",1
29679164871,88172351917,"integration-uart","completed","success","2026-07-19T08:19:10Z","2026-07-19T08:25:46Z",396,"spacelab-ubuntu-macmini",1
29679164871,88172351922,"yamcs-build","completed","success","2026-07-19T08:07:32Z","2026-07-19T08:08:00Z",28,"GitHub Actions 1000003515",1
29679807705,88173791919,"lint","completed","success","2026-07-19T08:25:55Z","2026-07-19T08:26:25Z",30,"GitHub Actions 1000003516",1
29679807705,88173791924,"build","completed","success","2026-07-19T08:25:54Z","2026-07-19T08:29:35Z",221,"spacelab-macmini",1
29679807705,88173791946,"unit-test","completed","success","2026-07-19T08:25:55Z","2026-07-19T08:27:26Z",91,"GitHub Actions 1000003518",1
29679807705,88174077135,"yamcs-build","completed","success","2026-07-19T08:29:39Z","2026-07-19T08:29:55Z",16,"GitHub Actions 1000003521",1
29679807705,88174077156,"integration-radio","completed","success","2026-07-19T08:29:38Z","2026-07-19T08:41:05Z",687,"spacelab-ubuntu-macmini",1
29679807705,88174077164,"integration-uart","completed","success","2026-07-19T08:41:07Z","2026-07-19T08:47:56Z",409,"spacelab-ubuntu-macmini",1
29680751449,88176369371,"lint","completed","success","2026-07-19T08:58:45Z","2026-07-19T08:59:12Z",27,"GitHub Actions 1000003522",1
29680751449,88176369395,"build","completed","success","2026-07-19T08:58:44Z","2026-07-19T09:02:28Z",224,"spacelab-macmini",1
29680751449,88176369399,"unit-test","completed","success","2026-07-19T08:58:45Z","2026-07-19T09:00:32Z",107,"GitHub Actions 1000003523",1
29680751449,88176688331,"integration-uart","completed","success","2026-07-19T09:02:30Z","2026-07-19T09:09:17Z",407,"spacelab-ubuntu-macmini",1
29680751449,88176688334,"yamcs-build","completed","success","2026-07-19T09:02:32Z","2026-07-19T09:02:51Z",19,"GitHub Actions 1000003524",1
29680751449,88176688348,"integration-radio","completed","failure","2026-07-19T09:09:19Z","2026-07-19T09:21:40Z",741,"spacelab-ubuntu-macmini",1
29681076723,88177245606,"build","completed","success","2026-07-19T09:09:27Z","2026-07-19T09:13:09Z",222,"spacelab-macmini",1
29681076723,88177245619,"lint","completed","success","2026-07-19T09:09:28Z","2026-07-19T09:09:53Z",25,"GitHub Actions 1000003525",1
29681076723,88177245624,"unit-test","completed","success","2026-07-19T09:09:28Z","2026-07-19T09:11:01Z",93,"GitHub Actions 1000003526",1
29681076723,88177539195,"integration-uart","completed","success","2026-07-19T09:33:21Z","2026-07-19T09:40:01Z",400,"spacelab-ubuntu-macmini",1
29681076723,88177539199,"integration-radio","completed","success","2026-07-19T09:21:42Z","2026-07-19T09:33:19Z",697,"spacelab-ubuntu-macmini",1
29681076723,88177539223,"yamcs-build","completed","success","2026-07-19T09:13:12Z","2026-07-19T09:13:28Z",16,"GitHub Actions 1000003527",1
29694801828,88213601967,"build","completed","cancelled","2026-07-19T16:24:45Z","2026-07-19T16:25:14Z",29,"spacelab-macmini",1
29694801828,88213601974,"unit-test","completed","cancelled","2026-07-19T16:24:46Z","2026-07-19T16:25:23Z",37,"GitHub Actions 1000003528",1
29694801828,88213601983,"lint","completed","cancelled","2026-07-19T16:24:47Z","2026-07-19T16:25:20Z",33,"GitHub Actions 1000003529",1
29694801828,88213648211,"integration-radio","completed","cancelled","2026-07-19T16:25:14Z","2026-07-19T16:25:14Z",0,,1
29694801828,88213648433,"integration-uart","completed","cancelled","2026-07-19T16:25:15Z","2026-07-19T16:25:14Z",-1,,1
29694801828,88213648457,"yamcs-build","completed","cancelled","2026-07-19T16:25:15Z","2026-07-19T16:25:14Z",-1,,1
29694822644,88213656242,"lint","completed","success","2026-07-19T16:25:23Z","2026-07-19T16:25:53Z",30,"GitHub Actions 1000003530",1
29694822644,88213656254,"build","completed","failure","2026-07-19T16:25:22Z","2026-07-19T16:28:37Z",195,"spacelab-macmini",1
29694822644,88213656260,"unit-test","completed","success","2026-07-19T16:25:23Z","2026-07-19T16:27:20Z",117,"GitHub Actions 1000003531",1
29694822644,88213934953,"integration-radio","completed","skipped","2026-07-19T16:28:38Z","2026-07-19T16:28:38Z",0,,1
29694822644,88213935002,"yamcs-build","completed","skipped","2026-07-19T16:28:38Z","2026-07-19T16:28:38Z",0,,1
29694822644,88213935221,"integration-uart","completed","skipped","2026-07-19T16:28:38Z","2026-07-19T16:28:38Z",0,,1
29695694193,88215948035,"unit-test","completed","success","2026-07-19T16:51:50Z","2026-07-19T16:54:03Z",133,"GitHub Actions 1000003532",1
29695694193,88215948043,"lint","completed","success","2026-07-19T16:51:50Z","2026-07-19T16:52:19Z",29,"GitHub Actions 1000003533",1
29695694193,88215948070,"build","completed","success","2026-07-19T16:51:49Z","2026-07-19T16:55:31Z",222,"spacelab-macmini",1
29695694193,88216266196,"integration-uart","completed","success","2026-07-19T16:55:34Z","2026-07-19T17:02:21Z",407,"spacelab-ubuntu-macmini",1
29695694193,88216266201,"yamcs-build","completed","success","2026-07-19T16:55:35Z","2026-07-19T16:55:56Z",21,"GitHub Actions 1000003534",1
29695694193,88216266207,"integration-radio","completed","success","2026-07-19T17:03:13Z","2026-07-19T17:14:36Z",683,"spacelab-ubuntu-macmini",1
29703347935,88236083465,"lint","completed","success","2026-07-19T20:53:19Z","2026-07-19T20:53:48Z",29,"GitHub Actions 1000003535",1
29703347935,88236083491,"unit-test","completed","success","2026-07-19T20:53:20Z","2026-07-19T20:55:37Z",137,"GitHub Actions 1000003536",1
29703347935,88236083503,"build","completed","success","2026-07-19T20:53:18Z","2026-07-19T20:57:04Z",226,"spacelab-macmini",1
29703347935,88236386110,"integration-uart","completed","success","2026-07-19T21:09:05Z","2026-07-19T21:16:01Z",416,"spacelab-ubuntu-macmini",1
29703347935,88236386112,"integration-radio","completed","success","2026-07-19T20:57:06Z","2026-07-19T21:08:13Z",667,"spacelab-ubuntu-macmini",1
29703347935,88236386127,"yamcs-build","completed","success","2026-07-19T20:57:09Z","2026-07-19T20:57:29Z",20,"GitHub Actions 1000003539",1
29705989386,88242973146,"unit-test","completed","success","2026-07-19T22:21:07Z","2026-07-19T22:23:18Z",131,"GitHub Actions 1000003540",1
29705989386,88242973162,"build","completed","success","2026-07-19T22:21:06Z","2026-07-19T22:24:51Z",225,"spacelab-macmini",1
29705989386,88242973180,"lint","completed","failure","2026-07-19T22:21:08Z","2026-07-19T22:21:38Z",30,"GitHub Actions 1000003541",1
29705989386,88243274480,"integration-uart","completed","success","2026-07-19T22:24:53Z","2026-07-19T22:31:40Z",407,"spacelab-ubuntu-macmini",1
29705989386,88243274500,"integration-radio","completed","success","2026-07-19T22:32:32Z","2026-07-19T22:43:55Z",683,"spacelab-ubuntu-macmini",1
29705989386,88243274501,"yamcs-build","completed","success","2026-07-19T22:24:55Z","2026-07-19T22:25:14Z",19,"GitHub Actions 1000003542",1
29707805585,88247948652,"build","completed","success","2026-07-20T02:15:34Z","2026-07-20T02:19:14Z",220,"spacelab-macmini",2
29707805585,88247958954,"unit-test","completed","success","2026-07-19T23:22:20Z","2026-07-19T23:24:37Z",137,"GitHub Actions 1000003544",2
29707805585,88247959979,"lint","completed","success","2026-07-19T23:22:19Z","2026-07-19T23:22:47Z",28,"GitHub Actions 1000003543",2
29707805585,88258274031,"integration-uart","completed","success","2026-07-20T02:34:00Z","2026-07-20T02:40:46Z",406,"spacelab-ubuntu-macmini",2
29707805585,88258274047,"yamcs-build","completed","success","2026-07-20T02:19:17Z","2026-07-20T02:19:45Z",28,"GitHub Actions 1000003556",2
29707805585,88258274082,"integration-radio","completed","success","2026-07-20T02:41:38Z","2026-07-20T02:54:16Z",758,"spacelab-ubuntu-macmini",2
29710755216,88254151897,"build","completed","cancelled","2026-07-20T01:19:25Z","2026-07-20T01:35:03Z",938,"",1
29710755216,88254151899,"unit-test","completed","success","2026-07-20T01:19:28Z","2026-07-20T01:21:40Z",132,"GitHub Actions 1000003545",1
29710755216,88254151900,"lint","completed","success","2026-07-20T01:19:28Z","2026-07-20T01:20:01Z",33,"GitHub Actions 1000003546",1
29710755216,88255089142,"integration-radio","completed","cancelled","2026-07-20T01:35:03Z","2026-07-20T01:35:03Z",0,,1
29710755216,88255089160,"yamcs-build","completed","cancelled","2026-07-20T01:35:03Z","2026-07-20T01:35:03Z",0,,1
29710755216,88255089163,"integration-uart","completed","cancelled","2026-07-20T01:35:03Z","2026-07-20T01:35:03Z",0,,1
29710787978,88254232785,"build","completed","success","2026-07-20T02:11:00Z","2026-07-20T02:14:42Z",222,"spacelab-macmini",1
29710787978,88254232789,"unit-test","completed","success","2026-07-20T01:20:48Z","2026-07-20T01:22:45Z",117,"GitHub Actions 1000003547",1
29710787978,88254232794,"lint","completed","success","2026-07-20T01:20:48Z","2026-07-20T01:21:16Z",28,"GitHub Actions 1000003548",1
29710787978,88257840961,"yamcs-build","completed","success","2026-07-20T02:14:45Z","2026-07-20T02:15:05Z",20,"GitHub Actions 1000003555",1
29710787978,88257840977,"integration-uart","completed","success","2026-07-20T02:14:44Z","2026-07-20T02:22:06Z",442,"spacelab-ubuntu-macmini",1
29710787978,88257840984,"integration-radio","completed","success","2026-07-20T02:22:58Z","2026-07-20T02:33:59Z",661,"spacelab-ubuntu-macmini",1
29711147803,88255119476,"unit-test","completed","success","2026-07-20T01:35:34Z","2026-07-20T01:37:41Z",127,"GitHub Actions 1000003549",1
29711147803,88255119482,"lint","completed","success","2026-07-20T01:35:34Z","2026-07-20T01:36:04Z",30,"GitHub Actions 1000003550",1
29711147803,88255119486,"build","completed","success","2026-07-20T02:20:06Z","2026-07-20T02:23:57Z",231,"spacelab-macmini",1
29711147803,88258706445,"integration-uart","completed","success","2026-07-20T02:54:17Z","2026-07-20T03:01:06Z",409,"spacelab-ubuntu-macmini",1
29711147803,88258706449,"integration-radio","completed","success","2026-07-20T03:01:08Z","2026-07-20T03:14:04Z",776,"spacelab-ubuntu-macmini",1
29711147803,88258706471,"yamcs-build","completed","success","2026-07-20T02:24:00Z","2026-07-20T02:24:22Z",22,"GitHub Actions 1000003557",1
29711210494,88255284054,"build","completed","failure","2026-07-20T02:24:49Z","2026-07-20T02:25:07Z",18,"spacelab-macmini",1
29711210494,88255284064,"lint","completed","success","2026-07-20T01:38:09Z","2026-07-20T01:38:36Z",27,"GitHub Actions 1000003552",1
29711210494,88255284067,"unit-test","completed","success","2026-07-20T01:38:10Z","2026-07-20T01:40:11Z",121,"GitHub Actions 1000003551",1
29711210494,88258827328,"integration-uart","completed","skipped","2026-07-20T02:25:08Z","2026-07-20T02:25:07Z",-1,,1
29711210494,88258827561,"yamcs-build","completed","skipped","2026-07-20T02:25:08Z","2026-07-20T02:25:07Z",-1,,1
29711210494,88258827562,"integration-radio","completed","skipped","2026-07-20T02:25:08Z","2026-07-20T02:25:07Z",-1,,1
29711469542,88255925687,"unit-test","completed","success","2026-07-20T01:49:00Z","2026-07-20T01:51:06Z",126,"GitHub Actions 1000003553",1
29711469542,88255925692,"lint","completed","success","2026-07-20T01:48:54Z","2026-07-20T01:49:27Z",33,"GitHub Actions 1000003554",1
29711469542,88255925697,"build","completed","failure","2026-07-20T02:30:28Z","2026-07-20T02:33:37Z",189,"spacelab-macmini",1
29711469542,88259620916,"integration-uart","completed","skipped","2026-07-20T02:33:37Z","2026-07-20T02:33:37Z",0,,1
29711469542,88259620937,"integration-radio","completed","skipped","2026-07-20T02:33:37Z","2026-07-20T02:33:37Z",0,,1
29711469542,88259621102,"yamcs-build","completed","skipped","2026-07-20T02:33:38Z","2026-07-20T02:33:37Z",-1,,1
29712533445,88258778332,"build","completed","success","2026-07-20T02:25:59Z","2026-07-20T02:29:36Z",217,"spacelab-macmini",1
29712533445,88258778333,"lint","completed","success","2026-07-20T02:24:45Z","2026-07-20T02:25:18Z",33,"GitHub Actions 1000003558",1
29712533445,88258778390,"unit-test","completed","success","2026-07-20T02:24:44Z","2026-07-20T02:26:45Z",121,"GitHub Actions 1000003559",1
29712533445,88259240388,"integration-uart","completed","success","2026-07-20T03:14:06Z","2026-07-20T03:21:02Z",416,"spacelab-ubuntu-macmini",1
29712533445,88259240401,"integration-radio","completed","success","2026-07-20T03:21:54Z","2026-07-20T03:34:19Z",745,"spacelab-ubuntu-macmini",1
29712533445,88259240408,"yamcs-build","completed","success","2026-07-20T02:29:39Z","2026-07-20T02:30:01Z",22,"GitHub Actions 1000003560",1
29713462178,88261483476,"lint","completed","success","2026-07-20T02:54:24Z","2026-07-20T02:54:51Z",27,"GitHub Actions 1000003561",1
29713462178,88261483509,"build","completed","success","2026-07-20T02:54:23Z","2026-07-20T02:58:07Z",224,"spacelab-macmini",1
29713462178,88261483535,"unit-test","completed","success","2026-07-20T02:54:24Z","2026-07-20T02:56:21Z",117,"GitHub Actions 1000003562",1
29713462178,88261903298,"integration-uart","completed","failure","2026-07-20T03:34:20Z","2026-07-20T03:39:52Z",332,"spacelab-ubuntu-macmini",1
29713462178,88261903302,"yamcs-build","completed","success","2026-07-20T02:58:10Z","2026-07-20T02:58:25Z",15,"GitHub Actions 1000003565",1
29713462178,88261903309,"integration-radio","completed","failure","2026-07-20T03:39:54Z","2026-07-20T03:52:40Z",766,"spacelab-ubuntu-macmini",1
29715315035,88267352109,"build","completed","success","2026-07-20T03:44:44Z","2026-07-20T03:48:52Z",248,"spacelab-macmini",1
29715315035,88267352118,"lint","completed","success","2026-07-20T03:44:45Z","2026-07-20T03:45:15Z",30,"GitHub Actions 1000003566",1
29715315035,88267352131,"unit-test","completed","success","2026-07-20T03:44:45Z","2026-07-20T03:46:57Z",132,"GitHub Actions 1000003567",1
29715315035,88267790797,"integration-radio","completed","failure","2026-07-20T03:53:32Z","2026-07-20T03:54:28Z",56,"spacelab-ubuntu-macmini",1
29715315035,88267790812,"yamcs-build","completed","success","2026-07-20T03:48:55Z","2026-07-20T03:49:15Z",20,"GitHub Actions 1000003568",1
29715315035,88267790817,"integration-uart","completed","failure","2026-07-20T03:55:19Z","2026-07-20T03:56:18Z",59,"spacelab-ubuntu-macmini",1
29716088834,88272281878,"integration-radio","completed","success","2026-07-20T04:30:24Z","2026-07-20T04:41:17Z",653,"spacelab-ubuntu-macmini",2
29716088834,88272281948,"lint","completed","success","2026-07-20T04:06:19Z","2026-07-20T04:06:49Z",30,"GitHub Actions 1000003569",2
29716088834,88272282292,"integration-uart","completed","success","2026-07-20T04:22:40Z","2026-07-20T04:30:06Z",446,"spacelab-ubuntu-macmini",2
29716088834,88272282361,"yamcs-build","completed","success","2026-07-20T04:10:27Z","2026-07-20T04:10:43Z",16,"GitHub Actions 1000003571",2
29716088834,88272295374,"unit-test","completed","success","2026-07-20T04:06:19Z","2026-07-20T04:08:33Z",134,"GitHub Actions 1000003570",2
29716088834,88272300321,"build","completed","success","2026-07-20T04:06:19Z","2026-07-20T04:10:24Z",245,"spacelab-macmini",2
29717470905,88293210575,"integration-uart","completed","success","2026-07-20T07:16:48Z","2026-07-20T07:23:41Z",413,"spacelab-ubuntu-macmini",2
29717470905,88293211470,"yamcs-build","completed","success","2026-07-20T04:45:34Z","2026-07-20T04:45:54Z",20,"GitHub Actions 1000003576",2
29717470905,88293227437,"build","completed","success","2026-07-20T04:41:25Z","2026-07-20T04:45:30Z",245,"spacelab-macmini",2
29717470905,88293232546,"lint","completed","success","2026-07-20T04:41:25Z","2026-07-20T04:41:52Z",27,"GitHub Actions 1000003573",2
29717470905,88293237916,"unit-test","completed","success","2026-07-20T04:41:27Z","2026-07-20T04:43:35Z",128,"GitHub Actions 1000003574",2
29717470905,88293238190,"integration-radio","completed","success","2026-07-20T04:53:14Z","2026-07-20T05:05:09Z",715,"spacelab-ubuntu-macmini",2
29718579731,88276543029,"unit-test","completed","success","2026-07-20T05:12:13Z","2026-07-20T05:14:09Z",116,"GitHub Actions 1000003577",1
29718579731,88276543030,"build","completed","failure","2026-07-20T05:12:12Z","2026-07-20T05:16:36Z",264,"spacelab-macmini",1
29718579731,88276543047,"lint","completed","success","2026-07-20T05:12:15Z","2026-07-20T05:12:46Z",31,"GitHub Actions 1000003578",1
29718579731,88277094500,"yamcs-build","completed","skipped","2026-07-20T05:16:37Z","2026-07-20T05:16:37Z",0,,1
29718579731,88277094586,"integration-radio","completed","skipped","2026-07-20T05:16:37Z","2026-07-20T05:16:37Z",0,,1
29718579731,88277094726,"integration-uart","completed","skipped","2026-07-20T05:16:37Z","2026-07-20T05:16:37Z",0,,1
29719284770,88278652576,"unit-test","completed","success","2026-07-20T05:30:14Z","2026-07-20T05:32:35Z",141,"GitHub Actions 1000003579",1
29719284770,88278652623,"build","completed","success","2026-07-20T05:30:13Z","2026-07-20T05:34:42Z",269,"spacelab-macmini",1
29719284770,88278652624,"lint","completed","success","2026-07-20T05:30:14Z","2026-07-20T05:30:43Z",29,"GitHub Actions 1000003580",1
29719284770,88279180721,"yamcs-build","completed","success","2026-07-20T05:34:45Z","2026-07-20T05:35:01Z",16,"GitHub Actions 1000003581",1
29719284770,88279180727,"integration-uart","completed","failure","2026-07-20T05:44:23Z","2026-07-20T05:54:18Z",595,"spacelab-ubuntu-macmini",1
29719284770,88279180733,"integration-radio","completed","success","2026-07-20T05:34:44Z","2026-07-20T05:44:21Z",577,"spacelab-ubuntu-macmini",1
29719963686,88280741711,"build","completed","success","2026-07-20T05:47:39Z","2026-07-20T05:52:07Z",268,"spacelab-macmini",1
29719963686,88280741716,"unit-test","completed","success","2026-07-20T05:47:40Z","2026-07-20T05:49:56Z",136,"GitHub Actions 1000003583",1
29719963686,88280741725,"lint","completed","success","2026-07-20T05:47:40Z","2026-07-20T05:48:11Z",31,"GitHub Actions 1000003582",1
29719963686,88281319114,"yamcs-build","completed","success","2026-07-20T05:52:10Z","2026-07-20T05:52:27Z",17,"GitHub Actions 1000003584",1
29719963686,88281319116,"integration-uart","completed","failure","2026-07-20T06:04:50Z","2026-07-20T06:14:43Z",593,"spacelab-ubuntu-macmini",1
29719963686,88281319123,"integration-radio","completed","success","2026-07-20T05:54:19Z","2026-07-20T06:03:58Z",579,"spacelab-ubuntu-macmini",1
29725434461,88297325561,"unit-test","completed","success","2026-07-20T07:42:04Z","2026-07-20T07:44:27Z",143,"GitHub Actions 1000003585",1
29725434461,88297325574,"lint","completed","success","2026-07-20T07:42:04Z","2026-07-20T07:42:40Z",36,"GitHub Actions 1000003586",1
29725434461,88297325586,"build","completed","success","2026-07-20T07:42:03Z","2026-07-20T07:46:32Z",269,"spacelab-macmini",1
29725434461,88298096016,"integration-radio","completed","success","2026-07-20T07:46:34Z","2026-07-20T07:56:30Z",596,"spacelab-ubuntu-macmini",1
29725434461,88298096035,"yamcs-build","completed","success","2026-07-20T07:46:35Z","2026-07-20T07:46:51Z",16,"GitHub Actions 1000003587",1
29725434461,88298096053,"integration-uart","completed","failure","2026-07-20T07:56:32Z","2026-07-20T08:03:25Z",413,"spacelab-ubuntu-macmini",1
29726356951,88422194706,"integration-uart","completed","failure","2026-07-20T17:16:35Z","2026-07-20T17:22:15Z",340,"spacelab-ubuntu-macmini",2
29726356951,88422194855,"unit-test","completed","success","2026-07-20T07:59:42Z","2026-07-20T08:01:57Z",135,"GitHub Actions 1000003589",2
29726356951,88422195396,"lint","completed","success","2026-07-20T07:59:42Z","2026-07-20T08:00:11Z",29,"GitHub Actions 1000003588",2
29726356951,88422195918,"yamcs-build","completed","success","2026-07-20T08:03:50Z","2026-07-20T08:04:05Z",15,"GitHub Actions 1000003590",2
29726356951,88422196428,"integration-radio","completed","cancelled","2026-07-20T08:03:49Z","2026-07-20T08:12:47Z",538,"spacelab-ubuntu-macmini",2
29726356951,88422230621,"build","completed","success","2026-07-20T07:59:41Z","2026-07-20T08:03:47Z",246,"spacelab-macmini",2
29726749115,88303645227,"integration-uart","completed","failure","2026-07-20T08:18:19Z","2026-07-20T08:28:15Z",596,"spacelab-ubuntu-macmini",3
29726749115,88303645341,"unit-test","completed","success","2026-07-20T08:06:35Z","2026-07-20T08:08:42Z",127,"GitHub Actions 1000003592",3
29726749115,88303645761,"integration-radio","completed","cancelled","2026-07-20T08:18:17Z","2026-07-20T08:17:45Z",-32,,3
29726749115,88303646253,"yamcs-build","completed","success","2026-07-20T08:11:05Z","2026-07-20T08:11:20Z",15,"GitHub Actions 1000003593",3
29726749115,88303665611,"build","completed","success","2026-07-20T08:06:34Z","2026-07-20T08:11:02Z",268,"spacelab-macmini",3
29726749115,88303671428,"lint","completed","success","2026-07-20T08:06:35Z","2026-07-20T08:07:09Z",34,"GitHub Actions 1000003591",3
29727916165,88306589945,"integration-uart","completed","failure","2026-07-20T08:34:35Z","2026-07-20T08:44:14Z",579,"spacelab-ubuntu-macmini",2
29727916165,88306590651,"integration-radio","completed","cancelled","2026-07-20T08:31:26Z","2026-07-20T08:34:25Z",179,"spacelab-ubuntu-macmini",2
29727916165,88306608538,"unit-test","completed","success","2026-07-20T08:26:58Z","2026-07-20T08:28:59Z",121,"GitHub Actions 1000003594",2
29727916165,88306611898,"lint","completed","success","2026-07-20T08:26:57Z","2026-07-20T08:27:29Z",32,"GitHub Actions 1000003595",2
29727916165,88306616427,"yamcs-build","completed","success","2026-07-20T08:31:27Z","2026-07-20T08:31:46Z",19,"GitHub Actions 1000003596",2
29727916165,88306620716,"build","completed","success","2026-07-20T08:26:56Z","2026-07-20T08:31:24Z",268,"spacelab-macmini",2
29728812057,88309848698,"integration-uart","completed","failure","2026-07-20T08:52:27Z","2026-07-20T09:02:17Z",590,"spacelab-ubuntu-macmini",2
29728812057,88309848742,"lint","completed","success","2026-07-20T08:43:10Z","2026-07-20T08:43:38Z",28,"GitHub Actions 1000003598",2
29728812057,88309849323,"yamcs-build","completed","success","2026-07-20T08:47:44Z","2026-07-20T08:48:05Z",21,"GitHub Actions 1000003599",2
29728812057,88309849487,"integration-radio","completed","cancelled","2026-07-20T08:52:25Z","2026-07-20T08:51:48Z",-37,,2
29728812057,88309873571,"unit-test","completed","success","2026-07-20T08:43:10Z","2026-07-20T08:45:07Z",117,"GitHub Actions 1000003597",2
29728812057,88309875963,"build","completed","success","2026-07-20T08:43:10Z","2026-07-20T08:47:39Z",269,"spacelab-macmini",2
29729302353,88309719016,"build","completed","success","2026-07-20T08:51:45Z","2026-07-20T08:56:15Z",270,"spacelab-macmini",1
29729302353,88309719029,"unit-test","completed","success","2026-07-20T08:51:46Z","2026-07-20T08:54:26Z",160,"GitHub Actions 1000003600",1
29729302353,88309719109,"lint","completed","success","2026-07-20T08:51:45Z","2026-07-20T08:52:12Z",27,"GitHub Actions 1000003601",1
29729302353,88310569949,"integration-uart","completed","failure","2026-07-20T09:12:51Z","2026-07-20T09:22:51Z",600,"spacelab-ubuntu-macmini",1
29729302353,88310569950,"integration-radio","completed","success","2026-07-20T09:03:09Z","2026-07-20T09:12:49Z",580,"spacelab-ubuntu-macmini",1
29729302353,88310569991,"yamcs-build","completed","success","2026-07-20T08:56:18Z","2026-07-20T08:56:34Z",16,"GitHub Actions 1000003602",1
29732605396,88320363597,"build","completed","success","2026-07-20T09:45:17Z","2026-07-20T09:49:51Z",274,"spacelab-macmini",1
29732605396,88320363605,"unit-test","completed","success","2026-07-20T09:45:19Z","2026-07-20T09:47:14Z",115,"GitHub Actions 1000003604",1
29732605396,88320363626,"lint","completed","success","2026-07-20T09:45:18Z","2026-07-20T09:45:44Z",26,"GitHub Actions 1000003603",1
29732605396,88321250229,"integration-radio","completed","success","2026-07-20T09:49:54Z","2026-07-20T09:59:48Z",594,"spacelab-ubuntu-macmini",1
29732605396,88321250237,"integration-uart","completed","failure","2026-07-20T09:59:50Z","2026-07-20T10:09:51Z",601,"spacelab-ubuntu-macmini",1
29732605396,88321250283,"yamcs-build","completed","success","2026-07-20T09:49:56Z","2026-07-20T09:50:16Z",20,"GitHub Actions 1000003605",1
29734470419,88337549421,"integration-uart","completed","success","2026-07-20T11:15:35Z","2026-07-20T11:22:45Z",430,"spacelab-ubuntu-macmini",2
29734470419,88337549524,"integration-radio","completed","success","2026-07-20T11:23:37Z","2026-07-20T11:33:16Z",579,"spacelab-ubuntu-macmini",2
29734470419,88337549687,"lint","completed","success","2026-07-20T10:16:07Z","2026-07-20T10:16:37Z",30,"GitHub Actions 1000003607",2
29734470419,88337549995,"yamcs-build","completed","success","2026-07-20T10:20:39Z","2026-07-20T10:20:58Z",19,"GitHub Actions 1000003608",2
29734470419,88337550029,"build","completed","success","2026-07-20T10:16:06Z","2026-07-20T10:20:35Z",269,"spacelab-macmini",2
29734470419,88337578382,"unit-test","completed","success","2026-07-20T10:16:07Z","2026-07-20T10:18:02Z",115,"GitHub Actions 1000003606",2
29748506256,88372528059,"unit-test","completed","success","2026-07-20T13:57:35Z","2026-07-20T13:59:34Z",119,"GitHub Actions 1000003610",1
29748506256,88372528063,"lint","completed","success","2026-07-20T13:57:35Z","2026-07-20T13:58:12Z",37,"GitHub Actions 1000003609",1
29748506256,88372528146,"build","completed","success","2026-07-20T13:57:34Z","2026-07-20T14:02:09Z",275,"spacelab-macmini",1
29748506256,88373707893,"integration-radio","completed","success","2026-07-20T14:02:12Z","2026-07-20T14:11:49Z",577,"spacelab-ubuntu-macmini",1
29748506256,88373707902,"yamcs-build","completed","success","2026-07-20T14:02:14Z","2026-07-20T14:02:33Z",19,"GitHub Actions 1000003611",1
29748506256,88373707909,"integration-uart","completed","success","2026-07-20T14:11:51Z","2026-07-20T14:18:54Z",423,"spacelab-ubuntu-macmini",1
29753984678,88397796419,"integration-uart","completed","success","2026-07-20T15:35:18Z","2026-07-20T15:42:30Z",432,"spacelab-ubuntu-macmini",2
29753984678,88397797435,"integration-radio","completed","success","2026-07-20T15:22:13Z","2026-07-20T15:32:11Z",598,"spacelab-ubuntu-macmini",2
29753984678,88397826061,"yamcs-build","completed","success","2026-07-20T15:15:18Z","2026-07-20T15:15:34Z",16,"GitHub Actions 1000003616",2
29753984678,88397829402,"unit-test","completed","success","2026-07-20T15:10:46Z","2026-07-20T15:13:29Z",163,"GitHub Actions 1000003612",2
29753984678,88397831239,"build","completed","success","2026-07-20T15:10:45Z","2026-07-20T15:15:15Z",270,"spacelab-macmini",2
29753984678,88397835816,"lint","completed","success","2026-07-20T15:10:46Z","2026-07-20T15:11:18Z",32,"GitHub Actions 1000003614",2
29763032701,88422136651,"build","completed","success","2026-07-20T17:16:19Z","2026-07-20T17:22:32Z",373,"spacelab-macmini",1
29763032701,88422136674,"unit-test","completed","success","2026-07-20T17:16:20Z","2026-07-20T17:18:20Z",120,"GitHub Actions 1000003618",1
29763032701,88422136698,"lint","completed","success","2026-07-20T17:16:20Z","2026-07-20T17:16:49Z",29,"GitHub Actions 1000003617",1
29763032701,88423491851,"integration-radio","completed","success","2026-07-20T17:22:35Z","2026-07-20T17:32:14Z",579,"spacelab-ubuntu-macmini",1
29763032701,88423491912,"yamcs-build","completed","success","2026-07-20T17:22:36Z","2026-07-20T17:22:56Z",20,"GitHub Actions 1000003619",1
29763032701,88423491924,"integration-uart","completed","failure","2026-07-20T17:33:06Z","2026-07-20T17:39:57Z",411,"spacelab-ubuntu-macmini",1
29771569504,88570976998,"build","completed","failure","2026-07-21T07:32:59Z","2026-07-21T07:35:34Z",155,"spacelab-macmini",3
29771569504,88570978142,"unit-test","completed","success","2026-07-20T19:20:25Z","2026-07-20T19:22:22Z",117,"GitHub Actions 1000003620",3
29771569504,88571006171,"lint","completed","success","2026-07-20T19:20:25Z","2026-07-20T19:20:51Z",26,"GitHub Actions 1000003621",3
29771569504,88571799906,"integration-radio","completed","skipped","2026-07-21T07:35:35Z","2026-07-21T07:35:34Z",-1,,3
29771569504,88571800251,"integration-uart","completed","skipped","2026-07-21T07:35:35Z","2026-07-21T07:35:34Z",-1,,3
29771569504,88571800275,"yamcs-build","completed","skipped","2026-07-21T07:35:35Z","2026-07-21T07:35:34Z",-1,,3
29786982788,88564833680,"integration-uart","completed","failure","2026-07-21T06:58:18Z","2026-07-21T07:05:05Z",407,"spacelab-ubuntu-macmini",3
29786982788,88564833785,"build","completed","success","2026-07-21T05:54:57Z","2026-07-21T05:59:25Z",268,"spacelab-macmini",3
29786982788,88564834068,"yamcs-build","completed","success","2026-07-21T05:59:28Z","2026-07-21T05:59:49Z",21,"GitHub Actions 1000003632",3
29786982788,88564834289,"integration-radio","completed","success","2026-07-21T06:06:08Z","2026-07-21T06:15:45Z",577,"spacelab-ubuntu-macmini",3
29786982788,88564849488,"unit-test","completed","cancelled","2026-07-20T23:22:17Z","2026-07-20T23:22:47Z",30,"GitHub Actions 1000003623",3
29786982788,88564859180,"lint","completed","cancelled","2026-07-20T23:22:17Z","2026-07-20T23:22:47Z",30,"GitHub Actions 1000003622",3
29803177645,88548134269,"lint","completed","success","2026-07-21T05:09:14Z","2026-07-21T05:09:46Z",32,"GitHub Actions 1000003624",1
29803177645,88548134282,"unit-test","completed","failure","2026-07-21T05:09:14Z","2026-07-21T05:10:44Z",90,"GitHub Actions 1000003625",1
29803177645,88548134319,"build","completed","failure","2026-07-21T05:09:13Z","2026-07-21T05:09:34Z",21,"spacelab-macmini",1
29803177645,88548187124,"integration-uart","completed","skipped","2026-07-21T05:09:34Z","2026-07-21T05:09:34Z",0,,1
29803177645,88548187466,"integration-radio","completed","skipped","2026-07-21T05:09:34Z","2026-07-21T05:09:34Z",0,,1
29803177645,88548187527,"yamcs-build","completed","skipped","2026-07-21T05:09:34Z","2026-07-21T05:09:34Z",0,,1
29803177989,88548135244,"build","completed","failure","2026-07-21T05:10:26Z","2026-07-21T05:10:45Z",19,"spacelab-macmini",1
29803177989,88548135247,"unit-test","completed","failure","2026-07-21T05:09:14Z","2026-07-21T05:10:36Z",82,"GitHub Actions 1000003626",1
29803177989,88548135258,"lint","completed","success","2026-07-21T05:09:14Z","2026-07-21T05:09:47Z",33,"GitHub Actions 1000003627",1
29803177989,88548360092,"integration-uart","completed","skipped","2026-07-21T05:10:45Z","2026-07-21T05:10:45Z",0,,1
29803177989,88548360384,"yamcs-build","completed","skipped","2026-07-21T05:10:45Z","2026-07-21T05:10:45Z",0,,1
29803177989,88548360405,"integration-radio","completed","skipped","2026-07-21T05:10:45Z","2026-07-21T05:10:45Z",0,,1
29803248707,88548346063,"lint","completed","success","2026-07-21T05:10:42Z","2026-07-21T05:11:14Z",32,"GitHub Actions 1000003628",1
29803248707,88548346071,"build","completed","failure","2026-07-21T05:11:37Z","2026-07-21T05:14:09Z",152,"spacelab-macmini",1
29803248707,88548346094,"unit-test","completed","success","2026-07-21T05:10:42Z","2026-07-21T05:12:47Z",125,"GitHub Actions 1000003629",1
29803248707,88548840779,"yamcs-build","completed","skipped","2026-07-21T05:14:09Z","2026-07-21T05:14:09Z",0,,1
29803248707,88548840853,"integration-uart","completed","skipped","2026-07-21T05:14:10Z","2026-07-21T05:14:09Z",-1,,1
29803248707,88548840956,"integration-radio","completed","skipped","2026-07-21T05:14:10Z","2026-07-21T05:14:09Z",-1,,1
29805581065,88555318683,"build","completed","failure","2026-07-21T06:00:17Z","2026-07-21T06:04:20Z",243,"spacelab-macmini",1
29805581065,88555318688,"lint","completed","success","2026-07-21T05:58:58Z","2026-07-21T05:59:28Z",30,"GitHub Actions 1000003631",1
29805581065,88555318701,"unit-test","completed","success","2026-07-21T05:58:58Z","2026-07-21T06:00:59Z",121,"GitHub Actions 1000003630",1
29805581065,88556197240,"integration-radio","completed","skipped","2026-07-21T06:04:21Z","2026-07-21T06:04:20Z",-1,,1
29805581065,88556197605,"integration-uart","completed","skipped","2026-07-21T06:04:21Z","2026-07-21T06:04:20Z",-1,,1
29805581065,88556197756,"yamcs-build","completed","skipped","2026-07-21T06:04:21Z","2026-07-21T06:04:20Z",-1,,1
29806593125,88558302982,"lint","completed","success","2026-07-21T06:18:03Z","2026-07-21T06:18:33Z",30,"GitHub Actions 1000003633",1
29806593125,88558302984,"unit-test","completed","success","2026-07-21T06:18:03Z","2026-07-21T06:20:04Z",121,"GitHub Actions 1000003634",1
29806593125,88558303012,"build","completed","success","2026-07-21T06:18:02Z","2026-07-21T06:22:29Z",267,"spacelab-macmini",1
29806593125,88558991723,"integration-uart","completed","success","2026-07-21T06:22:32Z","2026-07-21T06:29:32Z",420,"spacelab-ubuntu-macmini",1
29806593125,88558991735,"yamcs-build","completed","success","2026-07-21T06:22:32Z","2026-07-21T06:22:47Z",15,"GitHub Actions 1000003635",1
29806593125,88558991750,"integration-radio","completed","success","2026-07-21T06:29:34Z","2026-07-21T06:39:47Z",613,"spacelab-ubuntu-macmini",1
29808816207,88565078128,"build","completed","success","2026-07-21T06:59:40Z","2026-07-21T07:04:08Z",268,"spacelab-macmini",1
29808816207,88565078131,"unit-test","completed","success","2026-07-21T06:59:41Z","2026-07-21T07:01:36Z",115,"GitHub Actions 1000003636",1
29808816207,88565078180,"lint","completed","failure","2026-07-21T06:59:41Z","2026-07-21T07:00:15Z",34,"GitHub Actions 1000003637",1
29808816207,88565932251,"yamcs-build","completed","success","2026-07-21T07:04:11Z","2026-07-21T07:04:28Z",17,"GitHub Actions 1000003638",1
29808816207,88565932253,"integration-radio","completed","success","2026-07-21T07:13:20Z","2026-07-21T07:23:13Z",593,"spacelab-ubuntu-macmini",1
29808816207,88565932300,"integration-uart","completed","success","2026-07-21T07:05:57Z","2026-07-21T07:13:19Z",442,"spacelab-ubuntu-macmini",1
29810526998,88570271771,"unit-test","completed","success","2026-07-21T07:27:40Z","2026-07-21T07:29:42Z",122,"GitHub Actions 1000003639",1
29810526998,88570271791,"build","completed","success","2026-07-21T07:27:40Z","2026-07-21T07:32:07Z",267,"spacelab-macmini",1
29810526998,88570271815,"lint","completed","failure","2026-07-21T07:27:40Z","2026-07-21T07:28:09Z",29,"GitHub Actions 1000003640",1
29810526998,88571134799,"yamcs-build","completed","success","2026-07-21T07:32:10Z","2026-07-21T07:32:40Z",30,"GitHub Actions 1000003641",1
29810526998,88571134813,"integration-uart","completed","failure","2026-07-21T07:32:09Z","2026-07-21T07:39:25Z",436,"spacelab-ubuntu-macmini",1
29810526998,88571134854,"integration-radio","completed","success","2026-07-21T07:40:17Z","2026-07-21T07:49:53Z",576,"spacelab-ubuntu-macmini",1
29840066916,88666387045,"unit-test","completed","success","2026-07-21T14:38:36Z","2026-07-21T14:40:49Z",133,"GitHub Actions 1000003642",1
29840066916,88666387158,"lint","completed","success","2026-07-21T14:38:36Z","2026-07-21T14:39:05Z",29,"GitHub Actions 1000003643",1
29840066916,88666387176,"build","completed","success","2026-07-21T14:38:36Z","2026-07-21T14:43:50Z",314,"spacelab-macmini",1
29840066916,88667862696,"yamcs-build","completed","success","2026-07-21T14:43:53Z","2026-07-21T14:44:13Z",20,"GitHub Actions 1000003644",1
29840066916,88667862755,"integration-radio","completed","failure","2026-07-21T14:43:53Z","2026-07-21T14:46:04Z",131,"spacelab-ubuntu-macmini",1
29840066916,88667862928,"integration-uart","completed","failure","2026-07-21T14:46:06Z","2026-07-21T14:48:25Z",139,"spacelab-ubuntu-macmini",1
29850432470,88701624170,"lint","completed","success","2026-07-21T16:51:22Z","2026-07-21T16:51:55Z",33,"GitHub Actions 1000003645",1
29850432470,88701624197,"build","completed","success","2026-07-21T16:51:20Z","2026-07-21T16:58:50Z",450,"spacelab-macmini",1
29850432470,88701624238,"unit-test","completed","success","2026-07-21T16:51:22Z","2026-07-21T16:53:33Z",131,"GitHub Actions 1000003646",1
29850432470,88703460944,"integration-radio","completed","success","2026-07-21T17:06:52Z","2026-07-21T17:17:49Z",657,"spacelab-ubuntu-macmini",1
29850432470,88703460964,"integration-uart","completed","success","2026-07-21T16:58:52Z","2026-07-21T17:06:00Z",428,"spacelab-ubuntu-macmini",1
29850432470,88703461096,"yamcs-build","completed","success","2026-07-21T16:58:53Z","2026-07-21T16:59:34Z",41,"GitHub Actions 1000003647",1
29865890458,88753879726,"build","completed","failure","2026-07-21T20:28:22Z","2026-07-21T20:33:56Z",334,"spacelab-macmini",1
29865890458,88753879733,"unit-test","completed","success","2026-07-21T20:28:23Z","2026-07-21T20:30:44Z",141,"GitHub Actions 1000003648",1
29865890458,88753879759,"lint","completed","failure","2026-07-21T20:28:22Z","2026-07-21T20:28:49Z",27,"GitHub Actions 1000003649",1
29865890458,88755263913,"integration-radio","completed","skipped","2026-07-21T20:33:56Z","2026-07-21T20:33:56Z",0,,1
29865890458,88755264054,"yamcs-build","completed","skipped","2026-07-21T20:33:57Z","2026-07-21T20:33:56Z",-1,,1
29865890458,88755264146,"integration-uart","completed","skipped","2026-07-21T20:33:57Z","2026-07-21T20:33:56Z",-1,,1
29866402072,88763083833,"integration-radio","completed","failure","2026-07-21T21:07:15Z","2026-07-21T21:28:00Z",1245,"spacelab-ubuntu-macmini",2
29866402072,88763084908,"integration-uart","completed","failure","2026-07-21T20:41:42Z","2026-07-21T20:47:28Z",346,"spacelab-ubuntu-macmini",2
29866402072,88763105870,"yamcs-build","completed","success","2026-07-21T20:41:43Z","2026-07-21T20:42:06Z",23,"GitHub Actions 1000003652",2
29866402072,88763106053,"lint","completed","failure","2026-07-21T20:35:27Z","2026-07-21T20:35:57Z",30,"GitHub Actions 1000003650",2
29866402072,88763112504,"build","completed","success","2026-07-21T20:35:26Z","2026-07-21T20:41:40Z",374,"spacelab-macmini",2
29866402072,88763114959,"unit-test","completed","success","2026-07-21T20:35:27Z","2026-07-21T20:37:19Z",112,"GitHub Actions 1000003651",2
29876003470,88786552422,"build","completed","success","2026-07-21T23:05:51Z","2026-07-21T23:16:41Z",650,"spacelab-macmini",1
29876003470,88786552444,"unit-test","completed","success","2026-07-21T23:05:52Z","2026-07-21T23:07:47Z",115,"GitHub Actions 1000003653",1
29876003470,88786552447,"lint","completed","failure","2026-07-21T23:05:51Z","2026-07-21T23:06:23Z",32,"GitHub Actions 1000003654",1
29876003470,88788369342,"integration-radio","completed","failure","2026-07-21T23:16:44Z","2026-07-21T23:30:10Z",806,"spacelab-ubuntu-macmini",1
29876003470,88788369368,"yamcs-build","completed","success","2026-07-21T23:16:44Z","2026-07-21T23:17:09Z",25,"GitHub Actions 1000003655",1
29876003470,88788369384,"integration-uart","completed","failure","2026-07-21T23:31:02Z","2026-07-21T23:38:02Z",420,"spacelab-ubuntu-macmini",1
29877597248,88791423999,"lint","completed","failure","2026-07-21T23:35:46Z","2026-07-21T23:36:14Z",28,"GitHub Actions 1000003656",1
29877597248,88791424012,"build","completed","success","2026-07-21T23:35:44Z","2026-07-21T23:44:11Z",507,"spacelab-macmini",1
29877597248,88791424048,"unit-test","completed","success","2026-07-21T23:35:45Z","2026-07-21T23:37:47Z",122,"GitHub Actions 1000003657",1
29877597248,88792750583,"integration-uart","completed","success","2026-07-21T23:44:13Z","2026-07-21T23:51:23Z",430,"spacelab-ubuntu-macmini",1
29877597248,88792750586,"yamcs-build","completed","success","2026-07-21T23:44:14Z","2026-07-21T23:44:35Z",21,"GitHub Actions 1000003658",1
29877597248,88792750655,"integration-radio","completed","failure","2026-07-21T23:51:25Z","2026-07-22T00:05:33Z",848,"spacelab-ubuntu-macmini",1
29879472724,88797767804,"integration-radio","completed","failure","2026-07-22T00:16:38Z","2026-07-22T00:31:03Z",865,"spacelab-ubuntu-macmini",2
29879472724,88797768255,"yamcs-build","completed","cancelled","2026-07-22T00:16:05Z","2026-07-22T00:16:13Z",8,"GitHub Actions 1000003661",2
29879472724,88797782407,"build","completed","success","2026-07-22T00:10:54Z","2026-07-22T00:16:02Z",308,"spacelab-macmini",2
29879472724,88797785805,"lint","completed","success","2026-07-22T00:10:55Z","2026-07-22T00:11:27Z",32,"GitHub Actions 1000003659",2
29879472724,88797787458,"unit-test","completed","success","2026-07-22T00:10:55Z","2026-07-22T00:13:07Z",132,"GitHub Actions 1000003660",2
29879472724,88797789998,"integration-uart","completed","cancelled","2026-07-22T00:16:04Z","2026-07-22T00:16:31Z",27,"spacelab-ubuntu-macmini",2
29890169135,88832626710,"integration-uart","completed","success","2026-07-22T04:35:51Z","2026-07-22T04:42:59Z",428,"spacelab-ubuntu-macmini",2
29890169135,88832626739,"unit-test","completed","success","2026-07-22T04:06:13Z","2026-07-22T04:08:17Z",124,"GitHub Actions 1000003663",2
29890169135,88832627103,"integration-radio","completed","success","2026-07-22T04:10:49Z","2026-07-22T04:21:07Z",618,"spacelab-ubuntu-macmini",2
29890169135,88832627283,"yamcs-build","completed","success","2026-07-22T04:10:50Z","2026-07-22T04:11:19Z",29,"GitHub Actions 1000003664",2
29890169135,88832639211,"lint","completed","success","2026-07-22T04:06:13Z","2026-07-22T04:06:48Z",35,"GitHub Actions 1000003662",2
29890169135,88832640407,"build","completed","success","2026-07-22T04:06:12Z","2026-07-22T04:10:47Z",275,"spacelab-macmini",2
29890826418,88830775668,"build","completed","failure","2026-07-22T04:21:06Z","2026-07-22T04:28:19Z",433,"spacelab-macmini",1
29890826418,88830775672,"lint","completed","failure","2026-07-22T04:21:08Z","2026-07-22T04:21:43Z",35,"GitHub Actions 1000003665",1
29890826418,88830775696,"unit-test","completed","success","2026-07-22T04:21:07Z","2026-07-22T04:23:00Z",113,"GitHub Actions 1000003666",1
29890826418,88831682107,"integration-radio","completed","skipped","2026-07-22T04:28:19Z","2026-07-22T04:28:19Z",0,,1
29890826418,88831682264,"yamcs-build","completed","skipped","2026-07-22T04:28:19Z","2026-07-22T04:28:19Z",0,,1
29890826418,88831682304,"integration-uart","completed","skipped","2026-07-22T04:28:19Z","2026-07-22T04:28:19Z",0,,1
29890912428,88832427202,"build","completed","failure","2026-07-22T04:34:15Z","2026-07-22T04:37:44Z",209,"spacelab-macmini",2
29890912428,88832427916,"lint","completed","success","2026-07-22T04:23:07Z","2026-07-22T04:23:43Z",36,"GitHub Actions 1000003668",2
29890912428,88832446518,"unit-test","completed","success","2026-07-22T04:23:07Z","2026-07-22T04:24:58Z",111,"GitHub Actions 1000003667",2
29890912428,88832873022,"integration-radio","completed","skipped","2026-07-22T04:37:45Z","2026-07-22T04:37:44Z",-1,,2
29890912428,88832873026,"integration-uart","completed","skipped","2026-07-22T04:37:45Z","2026-07-22T04:37:44Z",-1,,2
29890912428,88832873076,"yamcs-build","completed","skipped","2026-07-22T04:37:45Z","2026-07-22T04:37:44Z",-1,,2
29891912158,88833857454,"unit-test","completed","success","2026-07-22T04:45:45Z","2026-07-22T04:47:45Z",120,"GitHub Actions 1000003670",1
29891912158,88833857468,"lint","completed","success","2026-07-22T04:45:45Z","2026-07-22T04:46:18Z",33,"GitHub Actions 1000003669",1
29891912158,88833857492,"build","completed","success","2026-07-22T04:45:44Z","2026-07-22T04:53:45Z",481,"spacelab-macmini",1
29891912158,88834860203,"integration-radio","completed","success","2026-07-22T04:53:47Z","2026-07-22T05:03:46Z",599,"spacelab-ubuntu-macmini",1
29891912158,88834860239,"yamcs-build","completed","success","2026-07-22T04:53:48Z","2026-07-22T04:54:08Z",20,"GitHub Actions 1000003675",1
29891912158,88834860243,"integration-uart","completed","success","2026-07-22T05:04:38Z","2026-07-22T05:12:23Z",465,"spacelab-ubuntu-macmini",1
29891945521,88839932022,"integration-uart","completed","success","2026-07-22T05:29:31Z","2026-07-22T05:37:16Z",465,"spacelab-ubuntu-macmini",2
29891945521,88839932087,"unit-test","completed","success","2026-07-22T04:46:32Z","2026-07-22T04:48:52Z",140,"GitHub Actions 1000003673",2
29891945521,88839932901,"yamcs-build","completed","success","2026-07-22T04:59:06Z","2026-07-22T04:59:28Z",22,"GitHub Actions 1000003676",2
29891945521,88839933036,"integration-radio","completed","success","2026-07-22T05:19:21Z","2026-07-22T05:28:58Z",577,"spacelab-ubuntu-macmini",2
29891945521,88839959289,"lint","completed","success","2026-07-22T04:46:33Z","2026-07-22T04:47:06Z",33,"GitHub Actions 1000003674",2
29891945521,88839960266,"build","completed","success","2026-07-22T04:54:36Z","2026-07-22T04:59:03Z",267,"spacelab-macmini",2
29894110572,88840532791,"unit-test","completed","success","2026-07-22T05:33:25Z","2026-07-22T05:35:30Z",125,"GitHub Actions 1000003677",1
29894110572,88840532817,"build","completed","success","2026-07-22T05:33:24Z","2026-07-22T05:40:49Z",445,"spacelab-macmini",1
29894110572,88840532830,"lint","completed","success","2026-07-22T05:33:25Z","2026-07-22T05:33:58Z",33,"GitHub Actions 1000003678",1
29894110572,88841595550,"integration-uart","completed","failure","2026-07-22T05:51:23Z","2026-07-22T05:58:04Z",401,"spacelab-ubuntu-macmini",1
29894110572,88841595560,"integration-radio","completed","success","2026-07-22T05:40:51Z","2026-07-22T05:50:31Z",580,"spacelab-ubuntu-macmini",1
29894110572,88841595584,"yamcs-build","completed","success","2026-07-22T05:40:52Z","2026-07-22T05:41:13Z",21,"GitHub Actions 1000003679",1
29896990994,88853507081,"lint","completed","success","2026-07-22T06:56:48Z","2026-07-22T06:57:23Z",35,"GitHub Actions 1000003686",2
29896990994,88853507084,"unit-test","completed","success","2026-07-22T06:56:48Z","2026-07-22T06:59:01Z",133,"GitHub Actions 1000003687",2
29896990994,88853507093,"build","completed","success","2026-07-22T06:56:47Z","2026-07-22T07:01:40Z",293,"spacelab-macmini",2
29896990994,88854414313,"yamcs-build","completed","success","2026-07-22T07:01:44Z","2026-07-22T07:02:04Z",20,"GitHub Actions 1000003688",2
29896990994,88854414331,"integration-uart","completed","cancelled","2026-07-22T07:01:41Z","2026-07-22T07:11:09Z",568,"",2
29896990994,88854414369,"integration-radio","completed","cancelled","2026-07-22T07:01:41Z","2026-07-22T07:11:09Z",568,"",2
29897502838,88850685200,"unit-test","completed","success","2026-07-22T06:40:22Z","2026-07-22T06:42:15Z",113,"GitHub Actions 1000003683",1
29897502838,88850685226,"lint","completed","success","2026-07-22T06:40:22Z","2026-07-22T06:40:54Z",32,"GitHub Actions 1000003684",1
29897502838,88850685229,"build","completed","success","2026-07-22T06:40:22Z","2026-07-22T06:48:21Z",479,"spacelab-macmini",1
29897502838,88852040999,"yamcs-build","completed","success","2026-07-22T06:48:24Z","2026-07-22T06:48:43Z",19,"GitHub Actions 1000003685",1
29897502838,88852041036,"integration-radio","completed","success","2026-07-22T06:54:08Z","2026-07-22T07:04:04Z",596,"spacelab-ubuntu-macmini",1
29897502838,88852041050,"integration-uart","completed","success","2026-07-22T07:04:56Z","2026-07-22T07:11:55Z",419,"spacelab-ubuntu-macmini",1
29898842726,88984611244,"integration-radio","completed","success","2026-07-22T16:27:18Z","2026-07-22T16:36:59Z",581,"spacelab-ubuntu-macmini",2
29898842726,88984611317,"unit-test","completed","success","2026-07-22T07:03:55Z","2026-07-22T07:06:00Z",125,"GitHub Actions 1000003690",2
29898842726,88984611695,"lint","completed","success","2026-07-22T07:03:55Z","2026-07-22T07:04:22Z",27,"GitHub Actions 1000003689",2
29898842726,88984611700,"build","completed","success","2026-07-22T07:03:54Z","2026-07-22T07:12:21Z",507,"spacelab-macmini",2
29898842726,88984611777,"integration-uart","completed","success","2026-07-22T07:12:23Z","2026-07-22T07:19:35Z",432,"spacelab-ubuntu-macmini",2
29898842726,88984612188,"yamcs-build","completed","success","2026-07-22T07:12:24Z","2026-07-22T07:12:49Z",25,"GitHub Actions 1000003691",2
29938820021,88987193913,"unit-test","completed","success","2026-07-22T16:37:31Z","2026-07-22T16:39:32Z",121,"GitHub Actions 1000003693",1
29938820021,88987193928,"lint","completed","success","2026-07-22T16:37:29Z","2026-07-22T16:37:57Z",28,"GitHub Actions 1000003692",1
29938820021,88987193977,"build","completed","success","2026-07-22T16:37:29Z","2026-07-22T16:42:08Z",279,"spacelab-macmini",1
29938820021,88988352931,"integration-radio","completed","success","2026-07-22T16:42:11Z","2026-07-22T16:51:21Z",550,"spacelab-ubuntu-macmini",1
29938820021,88988353012,"yamcs-build","completed","success","2026-07-22T16:42:11Z","2026-07-22T16:42:32Z",21,"GitHub Actions 1000003694",1
29938820021,88988353030,"integration-uart","completed","success","2026-07-22T16:52:13Z","2026-07-22T16:59:34Z",441,"spacelab-ubuntu-macmini",1
29939163855,88988356523,"build","completed","success","2026-07-22T16:42:11Z","2026-07-22T16:46:46Z",275,"spacelab-macmini",1
29939163855,88988356556,"unit-test","completed","success","2026-07-22T16:42:12Z","2026-07-22T16:44:08Z",116,"GitHub Actions 1000003695",1
29939163855,88988356696,"lint","completed","success","2026-07-22T16:42:13Z","2026-07-22T16:42:43Z",30,"GitHub Actions 1000003696",1
29939163855,88989480641,"yamcs-build","completed","success","2026-07-22T16:46:49Z","2026-07-22T16:47:17Z",28,"GitHub Actions 1000003697",1
29939163855,88989480658,"integration-radio","completed","success","2026-07-22T17:06:28Z","2026-07-22T17:15:39Z",551,"spacelab-ubuntu-macmini",1
29939163855,88989480672,"integration-uart","completed","failure","2026-07-22T16:59:36Z","2026-07-22T17:05:36Z",360,"spacelab-ubuntu-macmini",1
29975979513,89107694021,"build","completed","success","2026-07-23T03:03:28Z","2026-07-23T03:08:15Z",287,"spacelab-macmini",1
29975979513,89107694028,"unit-test","completed","success","2026-07-23T03:03:29Z","2026-07-23T03:05:28Z",119,"GitHub Actions 1000003698",1
29975979513,89107694103,"lint","completed","success","2026-07-23T03:03:28Z","2026-07-23T03:03:55Z",27,"GitHub Actions 1000003699",1
29975979513,89108369942,"yamcs-build","completed","success","2026-07-23T03:08:18Z","2026-07-23T03:08:39Z",21,"GitHub Actions 1000003700",1
29975979513,89108369944,"integration-radio","completed","success","2026-07-23T03:15:31Z","2026-07-23T03:25:27Z",596,"spacelab-ubuntu-macmini",1
29975979513,89108369949,"integration-uart","completed","success","2026-07-23T03:08:17Z","2026-07-23T03:15:29Z",432,"spacelab-ubuntu-macmini",1
29977220683,89111479800,"lint","completed","success","2026-07-23T03:31:42Z","2026-07-23T03:32:09Z",27,"GitHub Actions 1000003701",1
29977220683,89111479907,"unit-test","completed","success","2026-07-23T03:31:42Z","2026-07-23T03:33:34Z",112,"GitHub Actions 1000003702",1
29977220683,89111479933,"build","completed","success","2026-07-23T03:31:42Z","2026-07-23T03:36:10Z",268,"spacelab-macmini",1
29977220683,89112053905,"yamcs-build","completed","success","2026-07-23T03:36:14Z","2026-07-23T03:36:38Z",24,"GitHub Actions 1000003703",1
29977220683,89112053911,"integration-radio","completed","success","2026-07-23T03:43:26Z","2026-07-23T03:53:05Z",579,"spacelab-ubuntu-macmini",1
29977220683,89112053917,"integration-uart","completed","success","2026-07-23T03:36:13Z","2026-07-23T03:43:24Z",431,"spacelab-ubuntu-macmini",1
29979002023,89116736474,"build","completed","success","2026-07-23T04:13:24Z","2026-07-23T04:17:52Z",268,"spacelab-macmini",1
29979002023,89116736504,"unit-test","completed","success","2026-07-23T04:13:25Z","2026-07-23T04:15:39Z",134,"GitHub Actions 1000003705",1
29979002023,89116736508,"lint","completed","success","2026-07-23T04:13:25Z","2026-07-23T04:13:54Z",29,"GitHub Actions 1000003704",1
29979002023,89117306897,"yamcs-build","completed","success","2026-07-23T04:17:55Z","2026-07-23T04:18:16Z",21,"GitHub Actions 1000003706",1
29979002023,89117306900,"integration-radio","completed","success","2026-07-23T04:17:54Z","2026-07-23T04:27:34Z",580,"spacelab-ubuntu-macmini",1
29979002023,89117306925,"integration-uart","completed","failure","2026-07-23T04:28:26Z","2026-07-23T04:35:51Z",445,"spacelab-ubuntu-macmini",1
29979359072,89117788210,"build","completed","success","2026-07-23T04:21:53Z","2026-07-23T04:26:19Z",266,"spacelab-macmini",1
29979359072,89117788229,"unit-test","completed","success","2026-07-23T04:21:54Z","2026-07-23T04:23:58Z",124,"GitHub Actions 1000003707",1
29979359072,89117788243,"lint","completed","success","2026-07-23T04:21:54Z","2026-07-23T04:22:23Z",29,"GitHub Actions 1000003708",1
29979359072,89118319065,"yamcs-build","completed","success","2026-07-23T04:26:22Z","2026-07-23T04:26:38Z",16,"GitHub Actions 1000003711",1
29979359072,89118319072,"integration-uart","completed","success","2026-07-23T04:35:53Z","2026-07-23T04:43:01Z",428,"spacelab-ubuntu-macmini",1
29979359072,89118319089,"integration-radio","completed","success","2026-07-23T04:43:03Z","2026-07-23T04:53:05Z",602,"spacelab-ubuntu-macmini",1
29980581181,89124246780,"integration-uart","completed","success","2026-07-23T05:13:09Z","2026-07-23T05:20:08Z",419,"spacelab-ubuntu-macmini",2
29980581181,89124246888,"unit-test","completed","success","2026-07-23T04:50:55Z","2026-07-23T04:52:55Z",120,"GitHub Actions 1000003713",2
29980581181,89124247174,"lint","completed","success","2026-07-23T04:50:55Z","2026-07-23T04:51:23Z",28,"GitHub Actions 1000003712",2
29980581181,89124247395,"integration-radio","completed","success","2026-07-23T04:55:24Z","2026-07-23T05:05:46Z",622,"spacelab-ubuntu-macmini",2
29980581181,89124247398,"yamcs-build","completed","success","2026-07-23T04:55:25Z","2026-07-23T04:55:46Z",21,"GitHub Actions 1000003714",2
29980581181,89124262137,"build","completed","success","2026-07-23T04:50:54Z","2026-07-23T04:55:22Z",268,"spacelab-macmini",2
29981489459,89127985976,"integration-radio","completed","success","2026-07-23T05:39:36Z","2026-07-23T05:49:12Z",576,"spacelab-ubuntu-macmini",2
29981489459,89127986069,"unit-test","completed","success","2026-07-23T05:11:33Z","2026-07-23T05:13:34Z",121,"GitHub Actions 1000003716",2
29981489459,89127986332,"build","completed","success","2026-07-23T05:11:31Z","2026-07-23T05:16:00Z",269,"spacelab-macmini",2
29981489459,89127986562,"integration-uart","completed","success","2026-07-23T05:20:09Z","2026-07-23T05:27:47Z",458,"spacelab-ubuntu-macmini",2
29981489459,89127986659,"yamcs-build","completed","success","2026-07-23T05:16:03Z","2026-07-23T05:16:29Z",26,"GitHub Actions 1000003717",2
29981489459,89128008372,"lint","completed","success","2026-07-23T05:11:32Z","2026-07-23T05:12:06Z",34,"GitHub Actions 1000003715",2
29982624080,89127612284,"build","completed","success","2026-07-23T05:36:49Z","2026-07-23T05:41:21Z",272,"spacelab-macmini",1
29982624080,89127612290,"unit-test","completed","success","2026-07-23T05:36:50Z","2026-07-23T05:39:02Z",132,"GitHub Actions 1000003718",1
29982624080,89127612365,"lint","completed","success","2026-07-23T05:36:50Z","2026-07-23T05:37:17Z",27,"GitHub Actions 1000003719",1
29982624080,89128228656,"integration-uart","completed","failure","2026-07-23T05:50:04Z","2026-07-23T05:55:41Z",337,"spacelab-ubuntu-macmini",1
29982624080,89128228682,"yamcs-build","completed","success","2026-07-23T05:41:24Z","2026-07-23T05:41:44Z",20,"GitHub Actions 1000003720",1
29982624080,89128228690,"integration-radio","completed","success","2026-07-23T05:56:33Z","2026-07-23T06:06:17Z",584,"spacelab-ubuntu-macmini",1
29983198334,89259211451,"integration-radio","completed","failure","2026-07-23T15:54:25Z","2026-07-23T16:04:40Z",615,"spacelab-ubuntu-macmini",5
29983198334,89259211722,"unit-test","completed","success","2026-07-23T05:49:32Z","2026-07-23T05:51:29Z",117,"GitHub Actions 1000003797",5
29983198334,89259212139,"build","completed","success","2026-07-23T15:05:51Z","2026-07-23T15:10:22Z",271,"spacelab-macmini",5
29983198334,89259212706,"yamcs-build","completed","success","2026-07-23T15:10:26Z","2026-07-23T15:10:50Z",24,"GitHub Actions 1000003848",5
29983198334,89259212803,"integration-uart","completed","success","2026-07-23T15:22:42Z","2026-07-23T15:30:29Z",467,"spacelab-ubuntu-macmini",5
29983198334,89259252994,"lint","completed","success","2026-07-23T05:49:32Z","2026-07-23T05:49:59Z",27,"GitHub Actions 1000003798",5
29983213378,89377223391,"integration-radio","completed","success","2026-07-24T01:32:07Z","2026-07-24T01:41:45Z",578,"spacelab-ubuntu-macmini",2
29983213378,89377223687,"lint","completed","success","2026-07-23T05:49:52Z","2026-07-23T05:50:22Z",30,"GitHub Actions 1000003799",2
29983213378,89377223868,"yamcs-build","completed","success","2026-07-23T05:58:35Z","2026-07-23T05:58:52Z",17,"GitHub Actions 1000003805",2
29983213378,89377239539,"integration-uart","completed","success","2026-07-23T06:12:48Z","2026-07-23T06:20:35Z",467,"spacelab-ubuntu-macmini",2
29983213378,89377241832,"build","completed","success","2026-07-23T05:54:07Z","2026-07-23T05:58:32Z",265,"spacelab-macmini",2
29983213378,89377243851,"unit-test","completed","success","2026-07-23T05:49:53Z","2026-07-23T05:52:08Z",135,"GitHub Actions 1000003800",2
29983896449,89225526334,"integration-uart","completed","failure","2026-07-23T13:49:59Z","2026-07-23T13:52:55Z",176,"spacelab-ubuntu-macmini",2
29983896449,89225526440,"integration-radio","completed","failure","2026-07-23T13:55:07Z","2026-07-23T13:57:53Z",166,"spacelab-ubuntu-macmini",2
29983896449,89225526604,"unit-test","completed","success","2026-07-23T06:03:53Z","2026-07-23T06:06:17Z",144,"GitHub Actions 1000003810",2
29983896449,89225526989,"lint","completed","success","2026-07-23T06:03:54Z","2026-07-23T06:04:26Z",32,"GitHub Actions 1000003811",2
29983896449,89225527034,"build","completed","success","2026-07-23T06:03:52Z","2026-07-23T06:08:56Z",304,"spacelab-macmini",2
29983896449,89225527072,"yamcs-build","completed","success","2026-07-23T06:08:59Z","2026-07-23T06:09:16Z",17,"GitHub Actions 1000003812",2
29984417560,89133050371,"build","completed","success","2026-07-23T06:14:08Z","2026-07-23T06:19:06Z",298,"spacelab-macmini",1
29984417560,89133050415,"unit-test","completed","success","2026-07-23T06:14:10Z","2026-07-23T06:16:52Z",162,"GitHub Actions 1000003814",1
29984417560,89133050437,"lint","completed","success","2026-07-23T06:14:10Z","2026-07-23T06:14:40Z",30,"GitHub Actions 1000003813",1
29984417560,89133798271,"yamcs-build","completed","success","2026-07-23T06:19:09Z","2026-07-23T06:19:26Z",17,"GitHub Actions 1000003815",1
29984417560,89133798315,"integration-radio","completed","success","2026-07-23T06:44:42Z","2026-07-23T06:54:17Z",575,"spacelab-ubuntu-macmini",1
29984417560,89133798379,"integration-uart","completed","failure","2026-07-23T06:54:19Z","2026-07-23T07:10:54Z",995,"spacelab-ubuntu-macmini",1
29985404817,89136028461,"lint","completed","success","2026-07-23T06:33:26Z","2026-07-23T06:34:01Z",35,"GitHub Actions 1000003816",1
29985404817,89136028518,"unit-test","completed","success","2026-07-23T06:33:26Z","2026-07-23T06:35:33Z",127,"GitHub Actions 1000003817",1
29985404817,89136028552,"build","completed","success","2026-07-23T06:33:25Z","2026-07-23T06:37:54Z",269,"spacelab-macmini",1
29985404817,89136740626,"integration-uart","completed","failure","2026-07-23T06:42:22Z","2026-07-23T06:44:40Z",138,"spacelab-ubuntu-macmini",1
29985404817,89136740637,"integration-radio","completed","failure","2026-07-23T07:11:46Z","2026-07-23T07:13:54Z",128,"spacelab-ubuntu-macmini",1
29985404817,89136740639,"yamcs-build","completed","success","2026-07-23T06:37:56Z","2026-07-23T06:38:14Z",18,"GitHub Actions 1000003818",1
29987809055,89143499109,"lint","completed","success","2026-07-23T07:18:02Z","2026-07-23T07:18:31Z",29,"GitHub Actions 1000003819",1
29987809055,89143499181,"build","completed","success","2026-07-23T07:18:01Z","2026-07-23T07:22:30Z",269,"spacelab-macmini",1
29987809055,89143499210,"unit-test","completed","success","2026-07-23T07:18:03Z","2026-07-23T07:20:07Z",124,"GitHub Actions 1000003820",1
29987809055,89144213836,"yamcs-build","completed","success","2026-07-23T07:22:34Z","2026-07-23T07:22:54Z",20,"GitHub Actions 1000003821",1
29987809055,89144213843,"integration-uart","completed","failure","2026-07-23T13:39:40Z","2026-07-23T13:42:29Z",169,"spacelab-ubuntu-macmini",1
29987809055,89144213903,"integration-radio","completed","failure","2026-07-23T13:42:31Z","2026-07-23T13:44:40Z",129,"spacelab-ubuntu-macmini",1
30012684959,89224574124,"lint","completed","success","2026-07-23T13:46:20Z","2026-07-23T13:46:49Z",29,"GitHub Actions 1000003839",1
30012684959,89224574220,"build","completed","success","2026-07-23T13:46:20Z","2026-07-23T13:50:48Z",268,"spacelab-macmini",1
30012684959,89224574315,"unit-test","completed","success","2026-07-23T13:46:21Z","2026-07-23T13:48:37Z",136,"GitHub Actions 1000003840",1
30012684959,89225756980,"yamcs-build","completed","success","2026-07-23T13:50:52Z","2026-07-23T13:51:15Z",23,"GitHub Actions 1000003841",1
30012684959,89225757018,"integration-uart","completed","failure","2026-07-23T13:57:55Z","2026-07-23T14:00:43Z",168,"spacelab-ubuntu-macmini",1
30012684959,89225757049,"integration-radio","completed","failure","2026-07-23T13:52:56Z","2026-07-23T13:55:05Z",129,"spacelab-ubuntu-macmini",1
30014307502,89230148091,"unit-test","completed","success","2026-07-23T14:07:06Z","2026-07-23T14:09:31Z",145,"GitHub Actions 1000003842",1
30014307502,89230148224,"lint","completed","success","2026-07-23T14:07:06Z","2026-07-23T14:07:38Z",32,"GitHub Actions 1000003843",1
30014307502,89230148231,"build","completed","success","2026-07-23T14:07:05Z","2026-07-23T14:11:35Z",270,"spacelab-macmini",1
30014307502,89231366327,"integration-uart","completed","failure","2026-07-23T14:11:42Z","2026-07-23T14:14:31Z",169,"spacelab-ubuntu-macmini",1
30014307502,89231368461,"yamcs-build","completed","success","2026-07-23T14:11:41Z","2026-07-23T14:12:01Z",20,"GitHub Actions 1000003844",1
30014307502,89231399892,"integration-radio","completed","failure","2026-07-23T14:14:33Z","2026-07-23T14:14:46Z",13,"spacelab-ubuntu-macmini",1
30016128554,89236468405,"build","completed","success","2026-07-23T14:30:23Z","2026-07-23T14:34:52Z",269,"spacelab-macmini",1
30016128554,89236468502,"lint","completed","success","2026-07-23T14:30:23Z","2026-07-23T14:30:53Z",30,"GitHub Actions 1000003845",1
30016128554,89236468863,"unit-test","completed","success","2026-07-23T14:30:24Z","2026-07-23T14:32:43Z",139,"GitHub Actions 1000003846",1
30016128554,89237701673,"yamcs-build","completed","success","2026-07-23T14:34:56Z","2026-07-23T14:35:17Z",21,"GitHub Actions 1000003847",1
30016128554,89237701728,"integration-uart","completed","failure","2026-07-23T14:37:05Z","2026-07-23T14:39:23Z",138,"spacelab-ubuntu-macmini",1
30016128554,89237701743,"integration-radio","completed","failure","2026-07-23T14:34:55Z","2026-07-23T14:37:03Z",128,"spacelab-ubuntu-macmini",1
30026433728,89271960568,"lint","completed","success","2026-07-23T16:44:48Z","2026-07-23T16:45:20Z",32,"GitHub Actions 1000003849",1
30026433728,89271960575,"unit-test","completed","success","2026-07-23T16:44:46Z","2026-07-23T16:49:56Z",310,"GitHub Actions 1000003850",1
30026433728,89271960678,"build","completed","success","2026-07-23T16:44:46Z","2026-07-23T16:49:19Z",273,"spacelab-macmini",1
30026433728,89273081952,"integration-uart","completed","failure","2026-07-23T16:49:22Z","2026-07-23T16:51:41Z",139,"spacelab-ubuntu-macmini",1
30026433728,89273081997,"integration-radio","completed","failure","2026-07-23T16:51:43Z","2026-07-23T16:53:55Z",132,"spacelab-ubuntu-macmini",1
30026433728,89273082075,"yamcs-build","completed","success","2026-07-23T16:49:23Z","2026-07-23T16:49:40Z",17,"GitHub Actions 1000003851",1
30034861047,89300149257,"lint","completed","success","2026-07-23T18:42:23Z","2026-07-23T18:42:53Z",30,"GitHub Actions 1000003852",1
30034861047,89300149388,"build","completed","success","2026-07-23T18:42:23Z","2026-07-23T18:47:24Z",301,"spacelab-macmini",1
30034861047,89300149615,"unit-test","completed","success","2026-07-23T18:42:24Z","2026-07-23T18:47:00Z",276,"GitHub Actions 1000003853",1
30034861047,89301457417,"integration-uart","completed","failure","2026-07-23T18:47:27Z","2026-07-23T18:49:45Z",138,"spacelab-ubuntu-macmini",1
30034861047,89301457421,"yamcs-build","completed","success","2026-07-23T18:47:27Z","2026-07-23T18:47:42Z",15,"GitHub Actions 1000003854",1
30034861047,89301457440,"integration-radio","completed","failure","2026-07-23T18:49:47Z","2026-07-23T18:51:55Z",128,"spacelab-ubuntu-macmini",1
30036653676,89306167216,"build","completed","success","2026-07-23T19:07:30Z","2026-07-23T19:12:43Z",313,"spacelab-macmini",1
30036653676,89306167264,"unit-test","completed","success","2026-07-23T19:07:27Z","2026-07-23T19:09:40Z",133,"GitHub Actions 1000003855",1
30036653676,89306167295,"lint","completed","success","2026-07-23T19:07:27Z","2026-07-23T19:07:56Z",29,"GitHub Actions 1000003856",1
30036653676,89307432442,"integration-radio","completed","failure","2026-07-23T19:15:13Z","2026-07-23T19:17:21Z",128,"spacelab-ubuntu-macmini",1
30036653676,89307432457,"integration-uart","completed","failure","2026-07-23T19:12:45Z","2026-07-23T19:15:11Z",146,"spacelab-ubuntu-macmini",1
30036653676,89307432458,"yamcs-build","completed","success","2026-07-23T19:12:45Z","2026-07-23T19:13:01Z",16,"GitHub Actions 1000003857",1
30037840026,89310157095,"unit-test","completed","success","2026-07-23T19:24:42Z","2026-07-23T19:26:48Z",126,"GitHub Actions 1000003858",1
30037840026,89310157123,"build","completed","success","2026-07-23T19:24:40Z","2026-07-23T19:29:14Z",274,"spacelab-macmini",1
30037840026,89310157266,"lint","completed","success","2026-07-23T19:24:41Z","2026-07-23T19:25:13Z",32,"GitHub Actions 1000003859",1
30037840026,89311201733,"yamcs-build","completed","success","2026-07-23T19:29:18Z","2026-07-23T19:29:40Z",22,"GitHub Actions 1000003860",1
30037840026,89311201759,"integration-uart","completed","failure","2026-07-23T19:29:17Z","2026-07-23T19:31:34Z",137,"spacelab-ubuntu-macmini",1
30037840026,89311201762,"integration-radio","completed","failure","2026-07-23T19:32:26Z","2026-07-23T19:34:34Z",128,"spacelab-ubuntu-macmini",1
30043983799,89330492947,"unit-test","completed","success","2026-07-23T20:53:37Z","2026-07-23T20:55:35Z",118,"GitHub Actions 1000003861",1
30043983799,89330492952,"lint","completed","success","2026-07-23T20:53:37Z","2026-07-23T20:54:11Z",34,"GitHub Actions 1000003862",1
30043983799,89330493009,"build","completed","success","2026-07-23T20:53:36Z","2026-07-23T20:58:07Z",271,"spacelab-macmini",1
30043983799,89331531017,"integration-uart","completed","failure","2026-07-23T21:00:20Z","2026-07-23T21:02:59Z",159,"spacelab-ubuntu-macmini",1
30043983799,89331531066,"yamcs-build","completed","success","2026-07-23T20:58:11Z","2026-07-23T20:58:31Z",20,"GitHub Actions 1000003863",1
30043983799,89331531067,"integration-radio","completed","failure","2026-07-23T20:58:10Z","2026-07-23T21:00:18Z",128,"spacelab-ubuntu-macmini",1
30045016783,89333971460,"unit-test","completed","success","2026-07-23T21:08:57Z","2026-07-23T21:11:16Z",139,"GitHub Actions 1000003864",1
30045016783,89333971505,"lint","completed","success","2026-07-23T21:08:57Z","2026-07-23T21:09:27Z",30,"GitHub Actions 1000003865",1
30045016783,89333971580,"build","completed","success","2026-07-23T21:08:56Z","2026-07-23T21:13:34Z",278,"spacelab-macmini",1
30045016783,89334976531,"integration-uart","completed","failure","2026-07-23T21:13:36Z","2026-07-23T21:15:54Z",138,"spacelab-ubuntu-macmini",1
30045016783,89334976574,"integration-radio","completed","failure","2026-07-23T21:15:56Z","2026-07-23T21:18:05Z",129,"spacelab-ubuntu-macmini",1
30045016783,89334976689,"yamcs-build","completed","success","2026-07-23T21:13:37Z","2026-07-23T21:13:56Z",19,"GitHub Actions 1000003866",1
30051402310,89354069986,"unit-test","completed","success","2026-07-23T22:53:05Z","2026-07-23T22:55:19Z",134,"GitHub Actions 1000003867",1
30051402310,89354070024,"lint","completed","success","2026-07-23T22:53:05Z","2026-07-23T22:53:32Z",27,"GitHub Actions 1000003868",1
30051402310,89354070043,"build","completed","success","2026-07-23T22:53:04Z","2026-07-23T22:58:06Z",302,"spacelab-macmini",1
30051402310,89354913341,"yamcs-build","completed","success","2026-07-23T22:58:09Z","2026-07-23T22:58:30Z",21,"GitHub Actions 1000003869",1
30051402310,89354913364,"integration-radio","completed","failure","2026-07-23T22:58:09Z","2026-07-23T23:00:20Z",131,"spacelab-ubuntu-macmini",1
30051402310,89354913385,"integration-uart","completed","failure","2026-07-23T23:01:11Z","2026-07-23T23:03:42Z",151,"spacelab-ubuntu-macmini",1
30052303346,89356750566,"unit-test","completed","success","2026-07-23T23:09:22Z","2026-07-23T23:11:26Z",124,"GitHub Actions 1000003870",1
30052303346,89356750575,"build","completed","success","2026-07-23T23:09:21Z","2026-07-23T23:13:59Z",278,"spacelab-macmini",1
30052303346,89356750604,"lint","completed","success","2026-07-23T23:09:22Z","2026-07-23T23:09:54Z",32,"GitHub Actions 1000003871",1
30052303346,89357485860,"yamcs-build","completed","success","2026-07-23T23:14:03Z","2026-07-23T23:14:20Z",17,"GitHub Actions 1000003872",1
30052303346,89357485874,"integration-uart","completed","failure","2026-07-23T23:16:12Z","2026-07-23T23:18:38Z",146,"spacelab-ubuntu-macmini",1
30052303346,89357485879,"integration-radio","completed","failure","2026-07-23T23:14:02Z","2026-07-23T23:16:10Z",128,"spacelab-ubuntu-macmini",1
30059278666,89377398921,"build","completed","success","2026-07-24T01:33:27Z","2026-07-24T01:37:55Z",268,"spacelab-macmini",1
30059278666,89377398942,"unit-test","completed","success","2026-07-24T01:33:28Z","2026-07-24T01:35:37Z",129,"GitHub Actions 1000003873",1
30059278666,89377398964,"lint","completed","success","2026-07-24T01:33:28Z","2026-07-24T01:34:00Z",32,"GitHub Actions 1000003874",1
30059278666,89378001073,"integration-radio","completed","success","2026-07-24T01:41:48Z","2026-07-24T01:51:11Z",563,"spacelab-ubuntu-macmini",1
30059278666,89378001089,"yamcs-build","completed","success","2026-07-24T01:37:58Z","2026-07-24T01:38:13Z",15,"GitHub Actions 1000003875",1
30059278666,89378001091,"integration-uart","completed","success","2026-07-24T01:51:13Z","2026-07-24T01:59:02Z",469,"spacelab-ubuntu-macmini",1
30061156802,89382897304,"lint","completed","success","2026-07-24T02:15:31Z","2026-07-24T02:15:59Z",28,"GitHub Actions 1000003998",1
30061156802,89382897381,"unit-test","completed","success","2026-07-24T02:15:31Z","2026-07-24T02:17:05Z",94,"GitHub Actions 1000003999",1
30061156802,89382897396,"build","completed","failure","2026-07-24T02:15:31Z","2026-07-24T02:19:09Z",218,"spacelab-macmini",1
30061156802,89383351863,"integration-uart","completed","skipped","2026-07-24T02:19:09Z","2026-07-24T02:19:09Z",0,,1
30061156802,89383352010,"yamcs-build","completed","skipped","2026-07-24T02:19:09Z","2026-07-24T02:19:09Z",0,,1
30061156802,89383352020,"integration-radio","completed","skipped","2026-07-24T02:19:09Z","2026-07-24T02:19:09Z",0,,1
30061402466,89383605426,"unit-test","completed","success","2026-07-24T02:21:13Z","2026-07-24T02:23:12Z",119,"GitHub Actions 1000004002",1
30061402466,89383605427,"build","completed","failure","2026-07-24T02:21:12Z","2026-07-24T02:25:29Z",257,"spacelab-macmini",1
30061402466,89383605433,"lint","completed","success","2026-07-24T02:21:13Z","2026-07-24T02:21:41Z",28,"GitHub Actions 1000004003",1
30061402466,89384157644,"yamcs-build","completed","skipped","2026-07-24T02:25:30Z","2026-07-24T02:25:30Z",0,,1
30061402466,89384157700,"integration-uart","completed","skipped","2026-07-24T02:25:30Z","2026-07-24T02:25:30Z",0,,1
30061402466,89384157845,"integration-radio","completed","skipped","2026-07-24T02:25:30Z","2026-07-24T02:25:30Z",0,,1
30061715354,89384509005,"unit-test","completed","success","2026-07-24T02:28:24Z","2026-07-24T02:30:04Z",100,"GitHub Actions 1000004004",1
30061715354,89384509040,"lint","completed","success","2026-07-24T02:28:24Z","2026-07-24T02:28:56Z",32,"GitHub Actions 1000004005",1
30061715354,89384509060,"build","completed","success","2026-07-24T02:28:23Z","2026-07-24T02:32:49Z",266,"spacelab-macmini",1
30061715354,89385070691,"integration-uart","completed","failure","2026-07-24T02:32:51Z","2026-07-24T02:55:30Z",1359,"spacelab-ubuntu-macmini",1
30061715354,89385070727,"yamcs-build","completed","success","2026-07-24T02:32:52Z","2026-07-24T02:33:12Z",20,"GitHub Actions 1000004006",1
30061715354,89385070763,"integration-radio","completed","failure","2026-07-24T02:55:32Z","2026-07-24T03:38:25Z",2573,"spacelab-ubuntu-macmini",1
30066476688,89398339405,"lint","completed","success","2026-07-24T04:19:03Z","2026-07-24T04:19:33Z",30,"GitHub Actions 1000004008",1
30066476688,89398339449,"unit-test","completed","success","2026-07-24T04:19:04Z","2026-07-24T04:20:52Z",108,"GitHub Actions 1000004007",1
30066476688,89398339472,"build","completed","success","2026-07-24T04:19:03Z","2026-07-24T04:24:04Z",301,"spacelab-macmini",1
30066476688,89398965463,"integration-radio","completed","cancelled","2026-07-24T04:24:07Z","2026-07-24T04:28:41Z",274,"spacelab-ubuntu-macmini",1
30066476688,89398965491,"yamcs-build","completed","success","2026-07-24T04:24:08Z","2026-07-24T04:24:26Z",18,"GitHub Actions 1000004011",1
30066476688,89398965492,"integration-uart","completed","cancelled","2026-07-24T04:24:05Z","2026-07-24T04:27:50Z",225,"",1
30066612661,89398725324,"build","completed","success","2026-07-24T04:24:06Z","2026-07-24T04:28:35Z",269,"spacelab-macmini",1
30066612661,89398725329,"lint","completed","success","2026-07-24T04:22:13Z","2026-07-24T04:22:42Z",29,"GitHub Actions 1000004010",1
30066612661,89398725339,"unit-test","completed","success","2026-07-24T04:22:13Z","2026-07-24T04:23:55Z",102,"GitHub Actions 1000004009",1
30066612661,89399509065,"integration-radio","completed","failure","2026-07-24T04:28:43Z","2026-07-24T04:42:04Z",801,"spacelab-ubuntu-macmini",1
30066612661,89399509085,"yamcs-build","completed","success","2026-07-24T04:28:38Z","2026-07-24T04:29:04Z",26,"GitHub Actions 1000004014",1
30066612661,89399509129,"integration-uart","completed","failure","2026-07-24T04:42:06Z","2026-07-24T05:02:43Z",1237,"spacelab-ubuntu-macmini",1
30066871916,89399457091,"build","completed","failure","2026-07-24T04:28:37Z","2026-07-24T04:31:01Z",144,"spacelab-macmini",1
30066871916,89399457122,"unit-test","completed","success","2026-07-24T04:28:12Z","2026-07-24T04:30:25Z",133,"GitHub Actions 1000004013",1
30066871916,89399457136,"lint","completed","success","2026-07-24T04:28:12Z","2026-07-24T04:28:37Z",25,"GitHub Actions 1000004012",1
30066871916,89399812857,"yamcs-build","completed","skipped","2026-07-24T04:31:02Z","2026-07-24T04:31:02Z",0,,1
30066871916,89399812894,"integration-radio","completed","skipped","2026-07-24T04:31:02Z","2026-07-24T04:31:02Z",0,,1
30066871916,89399813048,"integration-uart","completed","skipped","2026-07-24T04:31:02Z","2026-07-24T04:31:02Z",0,,1
30067292715,89400651248,"build","completed","success","2026-07-24T04:37:54Z","2026-07-24T04:42:19Z",265,"spacelab-macmini",1
30067292715,89400651285,"unit-test","completed","success","2026-07-24T04:37:55Z","2026-07-24T04:40:04Z",129,"GitHub Actions 1000004015",1
30067292715,89400651298,"lint","completed","success","2026-07-24T04:37:56Z","2026-07-24T04:38:25Z",29,"GitHub Actions 1000004016",1
30067292715,89401188368,"yamcs-build","completed","success","2026-07-24T04:42:22Z","2026-07-24T04:42:42Z",20,"GitHub Actions 1000004017",1
30067292715,89401188375,"integration-uart","completed","success","2026-07-24T05:12:23Z","2026-07-24T05:20:10Z",467,"spacelab-ubuntu-macmini",1
30067292715,89401188394,"integration-radio","completed","success","2026-07-24T05:02:45Z","2026-07-24T05:12:21Z",576,"spacelab-ubuntu-macmini",1
30067561113,89401397721,"unit-test","completed","success","2026-07-24T04:44:08Z","2026-07-24T04:46:16Z",128,"GitHub Actions 1000004018",1
30067561113,89401397732,"build","completed","success","2026-07-24T04:44:07Z","2026-07-24T04:48:34Z",267,"spacelab-macmini",1
30067561113,89401397834,"lint","completed","success","2026-07-24T04:44:08Z","2026-07-24T04:44:38Z",30,"GitHub Actions 1000004019",1
30067561113,89401921565,"integration-uart","completed","success","2026-07-24T05:43:34Z","2026-07-24T05:51:24Z",470,"spacelab-ubuntu-macmini",1
30067561113,89401921567,"integration-radio","completed","success","2026-07-24T05:20:12Z","2026-07-24T05:31:07Z",655,"spacelab-ubuntu-macmini",1
30067561113,89401921587,"yamcs-build","completed","success","2026-07-24T04:48:38Z","2026-07-24T04:48:56Z",18,"GitHub Actions 1000004020",1
30068871643,89405210446,"unit-test","completed","success","2026-07-24T05:13:49Z","2026-07-24T05:15:41Z",112,"GitHub Actions 1000004021",1
30068871643,89405210510,"lint","completed","success","2026-07-24T05:13:48Z","2026-07-24T05:14:17Z",29,"GitHub Actions 1000004022",1
30068871643,89405210533,"build","completed","success","2026-07-24T05:13:48Z","2026-07-24T05:18:18Z",270,"spacelab-macmini",1
30068871643,89405832409,"yamcs-build","completed","success","2026-07-24T05:18:21Z","2026-07-24T05:18:41Z",20,"GitHub Actions 1000004023",1
30068871643,89405832444,"integration-uart","completed","failure","2026-07-24T05:31:09Z","2026-07-24T05:43:32Z",743,"spacelab-ubuntu-macmini",1
30068871643,89405832473,"integration-radio","completed","success","2026-07-24T05:51:25Z","2026-07-24T06:02:23Z",658,"spacelab-ubuntu-macmini",1
30069378637,89406776391,"lint","completed","success","2026-07-24T05:25:15Z","2026-07-24T05:25:47Z",32,"GitHub Actions 1000004024",1
30069378637,89406776424,"build","completed","success","2026-07-24T05:25:15Z","2026-07-24T05:29:41Z",266,"spacelab-macmini",1
30069378637,89406776430,"unit-test","completed","success","2026-07-24T05:25:16Z","2026-07-24T05:27:25Z",129,"GitHub Actions 1000004025",1
30069378637,89407392383,"yamcs-build","completed","success","2026-07-24T05:29:44Z","2026-07-24T05:30:01Z",17,"GitHub Actions 1000004026",1
30069378637,89407392399,"integration-radio","completed","cancelled","2026-07-24T05:29:41Z","2026-07-24T05:55:44Z",1563,"",1
30069378637,89407392408,"integration-uart","completed","cancelled","2026-07-24T05:29:41Z","2026-07-24T05:55:44Z",1563,"",1
30071452887,89413033266,"lint","completed","success","2026-07-24T06:09:44Z","2026-07-24T06:10:11Z",27,"GitHub Actions 1000004027",1
30071452887,89413033285,"build","completed","success","2026-07-24T06:09:43Z","2026-07-24T06:14:11Z",268,"spacelab-macmini",1
30071452887,89413033290,"unit-test","completed","success","2026-07-24T06:09:43Z","2026-07-24T06:11:25Z",102,"GitHub Actions 1000004028",1
30071452887,89413679860,"yamcs-build","completed","success","2026-07-24T06:14:14Z","2026-07-24T06:14:37Z",23,"GitHub Actions 1000004031",1
30071452887,89413679875,"integration-uart","completed","success","2026-07-24T06:14:13Z","2026-07-24T06:21:50Z",457,"spacelab-ubuntu-macmini",1
30071452887,89413679916,"integration-radio","completed","success","2026-07-24T06:59:17Z","2026-07-24T07:08:56Z",579,"spacelab-ubuntu-macmini",1
30071506670,89413191403,"unit-test","completed","success","2026-07-24T06:10:49Z","2026-07-24T06:12:33Z",104,"GitHub Actions 1000004029",1
30071506670,89413191449,"build","completed","success","2026-07-24T06:14:13Z","2026-07-24T06:18:39Z",266,"spacelab-macmini",1
30071506670,89413191465,"lint","completed","success","2026-07-24T06:10:48Z","2026-07-24T06:11:16Z",28,"GitHub Actions 1000004030",1
30071506670,89414327203,"yamcs-build","completed","success","2026-07-24T06:18:42Z","2026-07-24T06:19:03Z",21,"GitHub Actions 1000004032",1
30071506670,89414327206,"integration-radio","completed","success","2026-07-24T06:21:52Z","2026-07-24T06:32:49Z",657,"spacelab-ubuntu-macmini",1
30071506670,89414327231,"integration-uart","completed","failure","2026-07-24T06:32:51Z","2026-07-24T06:42:12Z",561,"spacelab-ubuntu-macmini",1
30072168549,89415148752,"lint","completed","success","2026-07-24T06:24:27Z","2026-07-24T06:25:07Z",40,"GitHub Actions 1000004033",1
30072168549,89415148779,"unit-test","completed","success","2026-07-24T06:24:26Z","2026-07-24T06:26:44Z",138,"GitHub Actions 1000004034",1
30072168549,89415148806,"build","completed","success","2026-07-24T06:24:24Z","2026-07-24T06:28:50Z",266,"spacelab-macmini",1
30072168549,89415785617,"integration-radio","completed","success","2026-07-24T07:20:08Z","2026-07-24T07:29:35Z",567,"spacelab-ubuntu-macmini",1
30072168549,89415785624,"integration-uart","completed","success","2026-07-24T07:29:37Z","2026-07-24T07:37:23Z",466,"spacelab-ubuntu-macmini",1
30072168549,89415785646,"yamcs-build","completed","success","2026-07-24T06:28:54Z","2026-07-24T06:29:14Z",20,"GitHub Actions 1000004035",1
30072715017,89416750374,"unit-test","completed","success","2026-07-24T06:35:23Z","2026-07-24T06:37:26Z",123,"GitHub Actions 1000004036",1
30072715017,89416750381,"lint","completed","success","2026-07-24T06:35:23Z","2026-07-24T06:35:51Z",28,"GitHub Actions 1000004037",1
30072715017,89416750393,"build","completed","success","2026-07-24T06:35:22Z","2026-07-24T06:40:21Z",299,"spacelab-macmini",1
30072715017,89417499100,"yamcs-build","completed","success","2026-07-24T06:40:25Z","2026-07-24T06:40:48Z",23,"GitHub Actions 1000004038",1
30072715017,89417499107,"integration-radio","completed","success","2026-07-24T06:42:14Z","2026-07-24T06:53:17Z",663,"spacelab-ubuntu-macmini",1
30072715017,89417499139,"integration-uart","completed","failure","2026-07-24T06:53:19Z","2026-07-24T06:59:15Z",356,"spacelab-ubuntu-macmini",1
30073375519,89418763508,"unit-test","completed","success","2026-07-24T06:48:22Z","2026-07-24T06:50:14Z",112,"GitHub Actions 1000004039",1
30073375519,89418763533,"lint","completed","success","2026-07-24T06:48:22Z","2026-07-24T06:48:55Z",33,"GitHub Actions 1000004040",1
30073375519,89418763539,"build","completed","success","2026-07-24T06:48:21Z","2026-07-24T06:52:51Z",270,"spacelab-macmini",1
30073375519,89419487960,"yamcs-build","completed","success","2026-07-24T06:52:54Z","2026-07-24T06:53:15Z",21,"GitHub Actions 1000004041",1
30073375519,89419487963,"integration-uart","completed","failure","2026-07-24T07:38:14Z","2026-07-24T07:50:52Z",758,"spacelab-ubuntu-macmini",1
30073375519,89419487977,"integration-radio","completed","success","2026-07-24T07:08:58Z","2026-07-24T07:20:06Z",668,"spacelab-ubuntu-macmini",1
30076986086,89429812841,"build","completed","success","2026-07-24T07:53:37Z","2026-07-24T07:58:07Z",270,"spacelab-macmini",1
30076986086,89429812858,"lint","completed","success","2026-07-24T07:53:37Z","2026-07-24T07:54:07Z",30,"GitHub Actions 1000004042",1
30076986086,89429812864,"unit-test","completed","success","2026-07-24T07:53:38Z","2026-07-24T07:55:20Z",102,"GitHub Actions 1000004043",1
30076986086,89430618764,"integration-radio","completed","success","2026-07-24T07:58:09Z","2026-07-24T08:09:31Z",682,"spacelab-ubuntu-macmini",1
30076986086,89430618787,"integration-uart","completed","failure","2026-07-24T08:09:33Z","2026-07-24T08:21:59Z",746,"spacelab-ubuntu-macmini",1
30076986086,89430618795,"yamcs-build","completed","success","2026-07-24T07:58:09Z","2026-07-24T07:58:28Z",19,"GitHub Actions 1000004044",1
30078830090,89439936272,"integration-radio","completed","success","2026-07-24T08:48:42Z","2026-07-24T08:59:38Z",656,"spacelab-ubuntu-macmini",2
30078830090,89439936759,"lint","completed","success","2026-07-24T08:24:48Z","2026-07-24T08:25:17Z",29,"GitHub Actions 1000004046",2
30078830090,89439937014,"yamcs-build","completed","success","2026-07-24T08:29:17Z","2026-07-24T08:29:36Z",19,"GitHub Actions 1000004047",2
30078830090,89439958156,"build","completed","success","2026-07-24T08:24:47Z","2026-07-24T08:29:14Z",267,"spacelab-macmini",2
30078830090,89439958932,"integration-uart","completed","success","2026-07-24T08:32:43Z","2026-07-24T08:45:38Z",775,"spacelab-ubuntu-macmini",2
30078830090,89439962209,"unit-test","completed","success","2026-07-24T08:24:49Z","2026-07-24T08:26:36Z",107,"GitHub Actions 1000004045",2
30110069280,89906271290,"integration-radio","completed","failure","2026-07-27T06:45:29Z","2026-07-27T06:56:34Z",665,"spacelab-ubuntu-macmini",2
30110069280,89906271738,"build","completed","success","2026-07-24T16:42:23Z","2026-07-24T16:47:25Z",302,"spacelab-macmini",2
30110069280,89906271931,"integration-uart","completed","success","2026-07-24T16:59:34Z","2026-07-24T17:07:00Z",446,"spacelab-ubuntu-macmini",2
30110069280,89906292075,"unit-test","completed","success","2026-07-24T16:42:24Z","2026-07-24T16:44:49Z",145,"GitHub Actions 1000004066",2
30110069280,89906295091,"yamcs-build","completed","success","2026-07-24T16:47:28Z","2026-07-24T16:47:58Z",30,"GitHub Actions 1000004067",2
30110069280,89906298848,"lint","completed","success","2026-07-24T16:42:25Z","2026-07-24T16:42:55Z",30,"GitHub Actions 1000004065",2
30131084081,89605531371,"build","completed","cancelled","2026-07-24T22:29:23Z","2026-07-24T22:30:15Z",52,"spacelab-macmini",1
30131084081,89605531374,"lint","completed","success","2026-07-24T22:29:24Z","2026-07-24T22:29:56Z",32,"GitHub Actions 1000004068",1
30131084081,89605531466,"unit-test","completed","cancelled","2026-07-24T22:29:24Z","2026-07-24T22:30:11Z",47,"GitHub Actions 1000004069",1
30131084081,89605669473,"integration-radio","completed","cancelled","2026-07-24T22:30:16Z","2026-07-24T22:30:15Z",-1,,1
30131084081,89605669508,"integration-uart","completed","cancelled","2026-07-24T22:30:16Z","2026-07-24T22:30:15Z",-1,,1
30131084081,89605669525,"yamcs-build","completed","cancelled","2026-07-24T22:30:16Z","2026-07-24T22:30:15Z",-1,,1
30131104739,89609718613,"integration-radio","completed","failure","2026-07-24T22:58:15Z","2026-07-24T23:11:01Z",766,"spacelab-ubuntu-macmini",2
30131104739,89609718639,"build","completed","success","2026-07-24T22:30:18Z","2026-07-24T22:34:48Z",270,"spacelab-macmini",2
30131104739,89609719274,"yamcs-build","completed","success","2026-07-24T22:34:51Z","2026-07-24T22:35:09Z",18,"GitHub Actions 1000004072",2
30131104739,89609719370,"integration-uart","completed","success","2026-07-24T22:34:50Z","2026-07-24T22:42:30Z",460,"spacelab-ubuntu-macmini",2
30131104739,89609731629,"lint","completed","success","2026-07-24T22:29:50Z","2026-07-24T22:30:22Z",32,"GitHub Actions 1000004070",2
30131104739,89609733906,"unit-test","completed","success","2026-07-24T22:29:50Z","2026-07-24T22:31:52Z",122,"GitHub Actions 1000004071",2
30133117690,89624315328,"build","completed","success","2026-07-25T00:58:51Z","2026-07-25T01:03:19Z",268,"spacelab-macmini",5
30133117690,89624315621,"lint","completed","success","2026-07-24T23:11:31Z","2026-07-24T23:11:57Z",26,"GitHub Actions 1000004073",5
30133117690,89624315704,"unit-test","completed","success","2026-07-24T23:11:32Z","2026-07-24T23:13:53Z",141,"GitHub Actions 1000004074",5
30133117690,89624803273,"yamcs-build","completed","success","2026-07-25T01:03:23Z","2026-07-25T01:03:45Z",22,"GitHub Actions 1000004076",5
30133117690,89624803282,"integration-uart","completed","success","2026-07-25T01:03:22Z","2026-07-25T01:10:58Z",456,"spacelab-ubuntu-macmini",5
30133117690,89624803316,"integration-radio","completed","failure","2026-07-25T01:11:50Z","2026-07-25T01:30:11Z",1101,"spacelab-ubuntu-macmini",5
30139043691,89628619352,"lint","completed","success","2026-07-25T01:42:58Z","2026-07-25T01:43:26Z",28,"GitHub Actions 1000004077",1
30139043691,89628619377,"build","completed","failure","2026-07-25T01:42:57Z","2026-07-25T01:45:36Z",159,"spacelab-macmini",1
30139043691,89628619412,"unit-test","completed","success","2026-07-25T01:42:58Z","2026-07-25T01:45:24Z",146,"GitHub Actions 1000004078",1
30139043691,89628867442,"integration-uart","completed","skipped","2026-07-25T01:45:36Z","2026-07-25T01:45:36Z",0,,1
30139043691,89628867486,"integration-radio","completed","skipped","2026-07-25T01:45:36Z","2026-07-25T01:45:36Z",0,,1
30139043691,89628867676,"yamcs-build","completed","skipped","2026-07-25T01:45:37Z","2026-07-25T01:45:36Z",-1,,1
30142139320,89637320914,"lint","completed","success","2026-07-25T03:22:37Z","2026-07-25T03:23:04Z",27,"GitHub Actions 1000004079",1
30142139320,89637320927,"build","completed","failure","2026-07-25T03:22:36Z","2026-07-25T03:25:00Z",144,"spacelab-macmini",1
30142139320,89637320970,"unit-test","completed","success","2026-07-25T03:22:37Z","2026-07-25T03:24:36Z",119,"GitHub Actions 1000004080",1
30142139320,89637534428,"integration-uart","completed","skipped","2026-07-25T03:25:00Z","2026-07-25T03:25:00Z",0,,1
30142139320,89637534714,"integration-radio","completed","skipped","2026-07-25T03:25:00Z","2026-07-25T03:25:00Z",0,,1
30142139320,89637534771,"yamcs-build","completed","skipped","2026-07-25T03:25:00Z","2026-07-25T03:25:00Z",0,,1
30142358630,89637968130,"unit-test","completed","success","2026-07-25T03:30:08Z","2026-07-25T03:32:09Z",121,"GitHub Actions 1000004081",1
30142358630,89637968131,"lint","completed","success","2026-07-25T03:30:09Z","2026-07-25T03:30:44Z",35,"GitHub Actions 1000004082",1
30142358630,89637968168,"build","completed","success","2026-07-25T03:30:08Z","2026-07-25T03:34:33Z",265,"spacelab-macmini",1
30142358630,89638333240,"integration-uart","completed","success","2026-07-25T03:34:35Z","2026-07-25T03:42:10Z",455,"spacelab-ubuntu-macmini",1
30142358630,89638333263,"yamcs-build","completed","success","2026-07-25T03:34:36Z","2026-07-25T03:34:58Z",22,"GitHub Actions 1000004083",1
30142358630,89638333265,"integration-radio","completed","failure","2026-07-25T03:43:02Z","2026-07-25T03:45:27Z",145,"spacelab-ubuntu-macmini",1
30143764519,89641749309,"build","completed","success","2026-07-25T04:17:29Z","2026-07-25T04:21:56Z",267,"spacelab-macmini",1
30143764519,89641749312,"lint","completed","success","2026-07-25T04:17:30Z","2026-07-25T04:18:00Z",30,"GitHub Actions 1000004084",1
30143764519,89641749318,"unit-test","completed","success","2026-07-25T04:17:30Z","2026-07-25T04:19:43Z",133,"GitHub Actions 1000004085",1
30143764519,89642094524,"integration-radio","completed","success","2026-07-25T04:21:59Z","2026-07-25T04:32:23Z",624,"spacelab-ubuntu-macmini",1
30143764519,89642094572,"integration-uart","completed","success","2026-07-25T04:32:25Z","2026-07-25T04:40:09Z",464,"spacelab-ubuntu-macmini",1
30143764519,89642094579,"yamcs-build","completed","success","2026-07-25T04:22:00Z","2026-07-25T04:22:26Z",26,"GitHub Actions 1000004086",1
30144121052,89642662593,"unit-test","completed","success","2026-07-25T04:29:47Z","2026-07-25T04:31:40Z",113,"GitHub Actions 1000004087",1
30144121052,89642662604,"build","completed","success","2026-07-25T04:29:46Z","2026-07-25T04:34:14Z",268,"spacelab-macmini",1
30144121052,89642662606,"lint","completed","success","2026-07-25T04:29:48Z","2026-07-25T04:30:21Z",33,"GitHub Actions 1000004088",1
30144121052,89643014037,"yamcs-build","completed","success","2026-07-25T04:34:16Z","2026-07-25T04:34:32Z",16,"GitHub Actions 1000004089",1
30144121052,89643014047,"integration-radio","completed","success","2026-07-25T04:41:01Z","2026-07-25T04:51:26Z",625,"spacelab-ubuntu-macmini",1
30144121052,89643014053,"integration-uart","completed","success","2026-07-25T04:51:28Z","2026-07-25T04:59:05Z",457,"spacelab-ubuntu-macmini",1
30144367686,89643307702,"lint","completed","success","2026-07-25T04:38:09Z","2026-07-25T04:38:38Z",29,"GitHub Actions 1000004090",1
30144367686,89643307713,"build","completed","success","2026-07-25T04:38:09Z","2026-07-25T04:42:35Z",266,"spacelab-macmini",1
30144367686,89643307725,"unit-test","completed","success","2026-07-25T04:38:09Z","2026-07-25T04:40:34Z",145,"GitHub Actions 1000004091",1
30144367686,89643637301,"integration-uart","completed","success","2026-07-25T04:59:56Z","2026-07-25T05:07:42Z",466,"spacelab-ubuntu-macmini",1
30144367686,89643637319,"integration-radio","completed","success","2026-07-25T05:08:34Z","2026-07-25T05:18:59Z",625,"spacelab-ubuntu-macmini",1
30144367686,89643637389,"yamcs-build","completed","success","2026-07-25T04:42:38Z","2026-07-25T04:43:04Z",26,"GitHub Actions 1000004092",1
30147172410,89651170767,"unit-test","completed","success","2026-07-25T06:15:03Z","2026-07-25T06:17:16Z",133,"GitHub Actions 1000004093",1
30147172410,89651170804,"build","completed","failure","2026-07-25T06:15:02Z","2026-07-25T06:18:42Z",220,"spacelab-macmini",1
30147172410,89651170806,"lint","completed","success","2026-07-25T06:15:03Z","2026-07-25T06:15:32Z",29,"GitHub Actions 1000004094",1
30147172410,89651453147,"yamcs-build","completed","skipped","2026-07-25T06:18:43Z","2026-07-25T06:18:42Z",-1,,1
30147172410,89651453196,"integration-uart","completed","skipped","2026-07-25T06:18:43Z","2026-07-25T06:18:42Z",-1,,1
30147172410,89651453224,"integration-radio","completed","skipped","2026-07-25T06:18:43Z","2026-07-25T06:18:42Z",-1,,1
30147296689,89651501056,"build","completed","success","2026-07-25T06:19:24Z","2026-07-25T06:23:48Z",264,"spacelab-macmini",1
30147296689,89651501066,"lint","completed","success","2026-07-25T06:19:25Z","2026-07-25T06:19:54Z",29,"GitHub Actions 1000004096",1
30147296689,89651501095,"unit-test","completed","success","2026-07-25T06:19:25Z","2026-07-25T06:21:30Z",125,"GitHub Actions 1000004095",1
30147296689,89651833137,"integration-radio","completed","success","2026-07-25T06:23:51Z","2026-07-25T06:34:01Z",610,"spacelab-ubuntu-macmini",1
30147296689,89651833144,"integration-uart","completed","success","2026-07-25T06:34:03Z","2026-07-25T06:42:28Z",505,"spacelab-ubuntu-macmini",1
30147296689,89651833151,"yamcs-build","completed","success","2026-07-25T06:23:52Z","2026-07-25T06:24:20Z",28,"GitHub Actions 1000004097",1
30168802436,89716432163,"integration-radio","completed","success","2026-07-25T20:00:51Z","2026-07-25T20:10:27Z",576,"spacelab-ubuntu-macmini",2
30168802436,89716432186,"unit-test","completed","success","2026-07-25T18:01:36Z","2026-07-25T18:03:55Z",139,"GitHub Actions 1000004116",2
30168802436,89716432311,"integration-uart","completed","success","2026-07-25T18:06:05Z","2026-07-25T18:14:32Z",507,"spacelab-ubuntu-macmini",2
30168802436,89716432504,"yamcs-build","completed","success","2026-07-25T18:06:07Z","2026-07-25T18:06:28Z",21,"GitHub Actions 1000004119",2
30168802436,89716439937,"build","completed","success","2026-07-25T18:01:34Z","2026-07-25T18:06:03Z",269,"spacelab-macmini",2
30168802436,89716442738,"lint","completed","success","2026-07-25T18:01:35Z","2026-07-25T18:02:04Z",29,"GitHub Actions 1000004115",2
30182676492,89741840977,"build","completed","success","2026-07-26T01:18:38Z","2026-07-26T01:23:08Z",270,"spacelab-macmini",1
30182676492,89741840993,"lint","completed","success","2026-07-26T01:18:39Z","2026-07-26T01:19:10Z",31,"GitHub Actions 1000004120",1
30182676492,89741841002,"unit-test","completed","success","2026-07-26T01:18:40Z","2026-07-26T01:21:04Z",144,"GitHub Actions 1000004121",1
30182676492,89742171785,"yamcs-build","completed","success","2026-07-26T01:23:11Z","2026-07-26T01:23:27Z",16,"GitHub Actions 1000004122",1
30182676492,89742171800,"integration-uart","completed","success","2026-07-26T01:23:10Z","2026-07-26T01:30:58Z",468,"spacelab-ubuntu-macmini",1
30182676492,89742171810,"integration-radio","completed","success","2026-07-26T01:31:00Z","2026-07-26T01:41:52Z",652,"spacelab-ubuntu-macmini",1
30185596729,89749568120,"unit-test","completed","success","2026-07-26T03:05:15Z","2026-07-26T03:07:32Z",137,"GitHub Actions 1000004124",1
30185596729,89749568155,"build","completed","success","2026-07-26T03:05:15Z","2026-07-26T03:09:43Z",268,"spacelab-macmini",1
30185596729,89749568164,"lint","completed","success","2026-07-26T03:05:15Z","2026-07-26T03:05:42Z",27,"GitHub Actions 1000004123",1
30185596729,89749922661,"integration-uart","completed","cancelled","2026-07-26T03:09:46Z","2026-07-26T03:10:55Z",69,"spacelab-ubuntu-macmini",1
30185596729,89749922677,"integration-radio","completed","cancelled","2026-07-26T03:09:43Z","2026-07-26T03:10:32Z",49,"",1
30185596729,89749922683,"yamcs-build","completed","failure","2026-07-26T03:09:46Z","2026-07-26T03:10:13Z",27,"GitHub Actions 1000004125",1
30185765873,89750060591,"build","completed","success","2026-07-26T03:11:29Z","2026-07-26T03:15:55Z",266,"spacelab-macmini",1
30185765873,89750060625,"unit-test","completed","success","2026-07-26T03:11:30Z","2026-07-26T03:13:48Z",138,"GitHub Actions 1000004126",1
30185765873,89750060627,"lint","completed","success","2026-07-26T03:11:31Z","2026-07-26T03:12:01Z",30,"GitHub Actions 1000004127",1
30185765873,89750411725,"yamcs-build","completed","success","2026-07-26T03:15:58Z","2026-07-26T03:16:15Z",17,"GitHub Actions 1000004128",1
30185765873,89750411732,"integration-uart","completed","success","2026-07-26T03:26:25Z","2026-07-26T03:34:24Z",479,"spacelab-ubuntu-macmini",1
30185765873,89750411748,"integration-radio","completed","success","2026-07-26T03:15:58Z","2026-07-26T03:25:33Z",575,"spacelab-ubuntu-macmini",1
30194854552,89774430624,"unit-test","completed","success","2026-07-26T08:34:10Z","2026-07-26T08:36:19Z",129,"GitHub Actions 1000004129",1
30194854552,89774430648,"lint","completed","success","2026-07-26T08:34:11Z","2026-07-26T08:34:45Z",34,"GitHub Actions 1000004130",1
30194854552,89774430650,"build","completed","success","2026-07-26T08:34:09Z","2026-07-26T08:38:38Z",269,"spacelab-macmini",1
30194854552,89774800183,"yamcs-build","completed","success","2026-07-26T08:38:43Z","2026-07-26T08:39:06Z",23,"GitHub Actions 1000004131",1
30194854552,89774800187,"integration-radio","completed","success","2026-07-26T08:38:41Z","2026-07-26T08:48:55Z",614,"spacelab-ubuntu-macmini",1
30194854552,89774800202,"integration-uart","completed","success","2026-07-26T08:49:47Z","2026-07-26T08:57:49Z",482,"spacelab-ubuntu-macmini",1
30210784613,89816521393,"lint","completed","success","2026-07-26T16:35:43Z","2026-07-26T16:36:10Z",27,"GitHub Actions 1000004150",1
30210784613,89816521397,"unit-test","completed","success","2026-07-26T16:35:43Z","2026-07-26T16:37:53Z",130,"GitHub Actions 1000004149",1
30210784613,89816521421,"build","completed","success","2026-07-26T16:35:42Z","2026-07-26T16:40:11Z",269,"spacelab-macmini",1
30210784613,89816930838,"yamcs-build","completed","success","2026-07-26T16:40:15Z","2026-07-26T16:40:34Z",19,"GitHub Actions 1000004151",1
30210784613,89816930842,"integration-radio","completed","success","2026-07-26T16:40:13Z","2026-07-26T16:50:41Z",628,"spacelab-ubuntu-macmini",1
30210784613,89816930919,"integration-uart","completed","success","2026-07-26T16:51:33Z","2026-07-26T16:59:16Z",463,"spacelab-ubuntu-macmini",1
30212527274,89821075314,"lint","completed","success","2026-07-26T17:25:07Z","2026-07-26T17:25:34Z",27,"GitHub Actions 1000004152",1
30212527274,89821075319,"build","completed","success","2026-07-26T17:25:06Z","2026-07-26T17:29:32Z",266,"spacelab-macmini",1
30212527274,89821075360,"unit-test","completed","success","2026-07-26T17:25:07Z","2026-07-26T17:27:11Z",124,"GitHub Actions 1000004153",1
30212527274,89821483527,"integration-uart","completed","success","2026-07-26T17:29:35Z","2026-07-26T17:37:19Z",464,"spacelab-ubuntu-macmini",1
30212527274,89821483528,"integration-radio","completed","success","2026-07-26T17:38:11Z","2026-07-26T17:48:34Z",623,"spacelab-ubuntu-macmini",1
30212527274,89821483532,"yamcs-build","completed","success","2026-07-26T17:29:36Z","2026-07-26T17:30:00Z",24,"GitHub Actions 1000004154",1
30214373816,89825823757,"lint","completed","success","2026-07-26T18:16:37Z","2026-07-26T18:17:06Z",29,"GitHub Actions 1000004156",1
30214373816,89825823768,"unit-test","completed","success","2026-07-26T18:16:37Z","2026-07-26T18:18:32Z",115,"GitHub Actions 1000004155",1
30214373816,89825823798,"build","completed","success","2026-07-26T18:16:36Z","2026-07-26T18:21:04Z",268,"spacelab-macmini",1
30214373816,89826243639,"integration-uart","completed","success","2026-07-26T18:21:06Z","2026-07-26T18:29:34Z",508,"spacelab-ubuntu-macmini",1
30214373816,89826243650,"integration-radio","completed","success","2026-07-26T18:30:26Z","2026-07-26T18:41:21Z",655,"spacelab-ubuntu-macmini",1
30214373816,89826243674,"yamcs-build","completed","success","2026-07-26T18:21:09Z","2026-07-26T18:21:34Z",25,"GitHub Actions 1000004157",1
30216838725,89832419310,"build","completed","success","2026-07-26T19:26:07Z","2026-07-26T19:30:52Z",285,"spacelab-macmini",1
30216838725,89832419325,"lint","completed","success","2026-07-26T19:26:08Z","2026-07-26T19:26:41Z",33,"GitHub Actions 1000004166",1
30216838725,89832419349,"unit-test","completed","failure","2026-07-26T19:26:08Z","2026-07-26T19:27:59Z",111,"GitHub Actions 1000004167",1
30216838725,89832866415,"yamcs-build","completed","success","2026-07-26T19:30:56Z","2026-07-26T19:31:25Z",29,"GitHub Actions 1000004168",1
30216838725,89832866422,"integration-radio","completed","success","2026-07-26T19:30:54Z","2026-07-26T19:41:01Z",607,"spacelab-ubuntu-macmini",1
30216838725,89832866438,"integration-uart","completed","success","2026-07-26T19:41:53Z","2026-07-26T19:49:20Z",447,"spacelab-ubuntu-macmini",1
30219527092,89839448338,"unit-test","completed","success","2026-07-26T20:41:57Z","2026-07-26T20:43:50Z",113,"GitHub Actions 1000004169",1
30219527092,89839448351,"build","completed","success","2026-07-26T20:41:57Z","2026-07-26T20:46:25Z",268,"spacelab-macmini",1
30219527092,89839448410,"lint","completed","success","2026-07-26T20:41:58Z","2026-07-26T20:42:34Z",36,"GitHub Actions 1000004170",1
30219527092,89839857566,"integration-radio","completed","success","2026-07-26T20:46:27Z","2026-07-26T20:56:22Z",595,"spacelab-ubuntu-macmini",1
30219527092,89839857569,"yamcs-build","completed","success","2026-07-26T20:46:28Z","2026-07-26T20:46:56Z",28,"GitHub Actions 1000004171",1
30219527092,89839857589,"integration-uart","completed","failure","2026-07-26T20:57:13Z","2026-07-26T21:03:48Z",395,"spacelab-ubuntu-macmini",1
30219892880,89840401361,"unit-test","completed","success","2026-07-26T20:52:28Z","2026-07-26T20:54:45Z",137,"GitHub Actions 1000004172",1
30219892880,89840401378,"build","completed","success","2026-07-26T20:52:27Z","2026-07-26T20:56:57Z",270,"spacelab-macmini",1
30219892880,89840401392,"lint","completed","success","2026-07-26T20:52:29Z","2026-07-26T20:53:04Z",35,"GitHub Actions 1000004173",1
30219892880,89840813116,"yamcs-build","completed","success","2026-07-26T20:56:59Z","2026-07-26T20:57:16Z",17,"GitHub Actions 1000004174",1
30219892880,89840813121,"integration-radio","completed","success","2026-07-26T21:04:40Z","2026-07-26T21:14:56Z",616,"spacelab-ubuntu-macmini",1
30219892880,89840813134,"integration-uart","completed","success","2026-07-26T21:15:48Z","2026-07-26T21:23:26Z",458,"spacelab-ubuntu-macmini",1
30220240784,89844912954,"integration-uart","completed","success","2026-07-26T21:41:59Z","2026-07-26T21:49:26Z",447,"spacelab-ubuntu-macmini",2
30220240784,89844913042,"lint","completed","success","2026-07-26T21:02:33Z","2026-07-26T21:03:05Z",32,"GitHub Actions 1000004176",2
30220240784,89844913143,"build","completed","success","2026-07-26T21:02:32Z","2026-07-26T21:07:12Z",280,"spacelab-macmini",2
30220240784,89844913221,"unit-test","completed","success","2026-07-26T21:02:33Z","2026-07-26T21:04:30Z",117,"GitHub Actions 1000004175",2
30220240784,89844913281,"yamcs-build","completed","success","2026-07-26T21:07:16Z","2026-07-26T21:07:41Z",25,"GitHub Actions 1000004177",2
30220240784,89844926589,"integration-radio","completed","success","2026-07-26T21:30:45Z","2026-07-26T21:41:01Z",616,"spacelab-ubuntu-macmini",2
30226638885,89857821122,"lint","completed","failure","2026-07-27T00:05:53Z","2026-07-27T00:06:28Z",35,"GitHub Actions 1000004178",1
30226638885,89857821131,"unit-test","completed","success","2026-07-27T00:05:52Z","2026-07-27T00:07:50Z",118,"GitHub Actions 1000004179",1
30226638885,89857821147,"build","completed","success","2026-07-27T00:05:52Z","2026-07-27T00:10:56Z",304,"spacelab-macmini",1
30226638885,89858347131,"yamcs-build","completed","success","2026-07-27T00:11:00Z","2026-07-27T00:11:20Z",20,"GitHub Actions 1000004184",1
30226638885,89858347154,"integration-uart","completed","success","2026-07-27T00:10:59Z","2026-07-27T00:18:27Z",448,"spacelab-ubuntu-macmini",1
30226638885,89858347182,"integration-radio","completed","success","2026-07-27T00:19:19Z","2026-07-27T00:30:42Z",683,"spacelab-ubuntu-macmini",1
30226732709,89858056050,"unit-test","completed","success","2026-07-27T00:08:14Z","2026-07-27T00:10:23Z",129,"GitHub Actions 1000004180",1
30226732709,89858056079,"build","completed","success","2026-07-27T00:17:17Z","2026-07-27T00:21:52Z",275,"spacelab-macmini",1
30226732709,89858056106,"lint","completed","failure","2026-07-27T00:08:14Z","2026-07-27T00:08:44Z",30,"GitHub Actions 1000004181",1
30226732709,89859452822,"integration-radio","completed","success","2026-07-27T01:08:11Z","2026-07-27T01:18:41Z",630,"spacelab-ubuntu-macmini",1
30226732709,89859452824,"yamcs-build","completed","success","2026-07-27T00:21:55Z","2026-07-27T00:22:15Z",20,"GitHub Actions 1000004186",1
30226732709,89859452834,"integration-uart","completed","success","2026-07-27T01:19:33Z","2026-07-27T01:27:09Z",456,"spacelab-ubuntu-macmini",1
30226775472,89858163869,"lint","completed","success","2026-07-27T00:09:17Z","2026-07-27T00:09:51Z",34,"GitHub Actions 1000004182",1
30226775472,89858163880,"unit-test","completed","success","2026-07-27T00:09:17Z","2026-07-27T00:11:08Z",111,"GitHub Actions 1000004183",1
30226775472,89858163928,"build","completed","success","2026-07-27T00:11:48Z","2026-07-27T00:16:26Z",278,"spacelab-macmini",1
30226775472,89858901662,"yamcs-build","completed","success","2026-07-27T00:16:29Z","2026-07-27T00:16:55Z",26,"GitHub Actions 1000004185",1
30226775472,89858901663,"integration-radio","completed","success","2026-07-27T00:31:33Z","2026-07-27T00:42:13Z",640,"spacelab-ubuntu-macmini",1
30226775472,89858901665,"integration-uart","completed","success","2026-07-27T00:59:48Z","2026-07-27T01:07:19Z",451,"spacelab-ubuntu-macmini",1
30227695831,89860633812,"unit-test","completed","success","2026-07-27T00:33:19Z","2026-07-27T00:35:23Z",124,"GitHub Actions 1000004187",1
30227695831,89860633819,"lint","completed","success","2026-07-27T00:33:18Z","2026-07-27T00:33:44Z",26,"GitHub Actions 1000004188",1
30227695831,89860633839,"build","completed","success","2026-07-27T00:33:17Z","2026-07-27T00:37:52Z",275,"spacelab-macmini",1
30227695831,89861138521,"integration-uart","completed","success","2026-07-27T00:43:05Z","2026-07-27T00:58:56Z",951,"spacelab-ubuntu-macmini",1
30227695831,89861138527,"yamcs-build","completed","success","2026-07-27T00:37:55Z","2026-07-27T00:38:16Z",21,"GitHub Actions 1000004189",1
30227695831,89861138532,"integration-radio","completed","success","2026-07-27T01:28:01Z","2026-07-27T01:38:14Z",613,"spacelab-ubuntu-macmini",1
30230541017,89868456678,"lint","completed","success","2026-07-27T01:45:20Z","2026-07-27T01:45:58Z",38,"GitHub Actions 1000004190",1
30230541017,89868456696,"build","completed","success","2026-07-27T01:45:19Z","2026-07-27T01:49:48Z",269,"spacelab-macmini",1
30230541017,89868456725,"unit-test","completed","success","2026-07-27T01:45:20Z","2026-07-27T01:47:27Z",127,"GitHub Actions 1000004191",1
30230541017,89868941052,"integration-uart","completed","success","2026-07-27T01:49:49Z","2026-07-27T01:57:50Z",481,"spacelab-ubuntu-macmini",1
30230541017,89868941061,"integration-radio","completed","success","2026-07-27T01:58:42Z","2026-07-27T02:09:07Z",625,"spacelab-ubuntu-macmini",1
30230541017,89868941075,"yamcs-build","completed","success","2026-07-27T01:49:51Z","2026-07-27T01:50:10Z",19,"GitHub Actions 1000004192",1
30232471699,89873795642,"unit-test","completed","success","2026-07-27T02:33:48Z","2026-07-27T02:36:11Z",143,"GitHub Actions 1000004193",1
30232471699,89873795656,"build","completed","success","2026-07-27T02:33:47Z","2026-07-27T02:38:17Z",270,"spacelab-macmini",1
30232471699,89873795682,"lint","completed","success","2026-07-27T02:33:48Z","2026-07-27T02:34:15Z",27,"GitHub Actions 1000004194",1
30232471699,89874293378,"integration-radio","completed","success","2026-07-27T02:45:38Z","2026-07-27T02:55:14Z",576,"spacelab-ubuntu-macmini",1
30232471699,89874293383,"integration-uart","completed","failure","2026-07-27T02:38:20Z","2026-07-27T02:44:46Z",386,"spacelab-ubuntu-macmini",1
30232471699,89874293387,"yamcs-build","completed","success","2026-07-27T02:38:20Z","2026-07-27T02:38:34Z",14,"GitHub Actions 1000004195",1
30237747483,89888669246,"lint","completed","success","2026-07-27T04:40:46Z","2026-07-27T04:41:21Z",35,"GitHub Actions 1000004196",1
30237747483,89888669275,"unit-test","completed","success","2026-07-27T04:40:46Z","2026-07-27T04:43:04Z",138,"GitHub Actions 1000004197",1
30237747483,89888669289,"build","completed","success","2026-07-27T04:40:45Z","2026-07-27T04:45:15Z",270,"spacelab-macmini",1
30237747483,89889210849,"integration-uart","completed","failure","2026-07-27T04:45:17Z","2026-07-27T04:51:36Z",379,"spacelab-ubuntu-macmini",1
30237747483,89889210850,"yamcs-build","completed","success","2026-07-27T04:45:19Z","2026-07-27T04:45:40Z",21,"GitHub Actions 1000004198",1
30237747483,89889210863,"integration-radio","completed","success","2026-07-27T04:52:28Z","2026-07-27T05:03:01Z",633,"spacelab-ubuntu-macmini",1
30239243384,91339742776,"integration-radio","completed","success","2026-08-01T06:59:12Z","2026-08-01T07:08:47Z",575,"spacelab-ubuntu-macmini",2
30239243384,91339742908,"build","completed","success","2026-07-27T05:15:25Z","2026-07-27T05:19:52Z",267,"spacelab-macmini",2
30239243384,91339743016,"unit-test","completed","success","2026-07-27T05:15:25Z","2026-07-27T05:17:37Z",132,"GitHub Actions 1000004199",2
30239243384,91339743119,"yamcs-build","completed","success","2026-07-27T05:19:55Z","2026-07-27T05:20:13Z",18,"GitHub Actions 1000004203",2
30239243384,91339743314,"integration-uart","completed","success","2026-07-27T05:30:45Z","2026-07-27T05:38:31Z",466,"spacelab-ubuntu-macmini",2
30239243384,91339756938,"lint","completed","success","2026-07-27T05:15:27Z","2026-07-27T05:16:04Z",37,"GitHub Actions 1000004200",2
30243939252,89906785900,"unit-test","completed","success","2026-07-27T06:48:37Z","2026-07-27T06:50:33Z",116,"GitHub Actions 1000004205",1
30243939252,89906785911,"lint","completed","success","2026-07-27T06:48:37Z","2026-07-27T06:49:14Z",37,"GitHub Actions 1000004204",1
30243939252,89906785932,"build","completed","success","2026-07-27T06:48:35Z","2026-07-27T06:53:16Z",281,"spacelab-macmini",1
30243939252,89907540584,"integration-radio","completed","success","2026-07-27T06:57:26Z","2026-07-27T07:07:17Z",591,"spacelab-ubuntu-macmini",1
30243939252,89907540622,"yamcs-build","completed","success","2026-07-27T06:53:19Z","2026-07-27T06:53:36Z",17,"GitHub Actions 1000004206",1
30243939252,89907540638,"integration-uart","completed","success","2026-07-27T07:08:09Z","2026-07-27T07:24:07Z",958,"spacelab-ubuntu-macmini",1
30250286997,89926504944,"unit-test","completed","success","2026-07-27T08:32:26Z","2026-07-27T08:34:33Z",127,"GitHub Actions 1000004207",1
30250286997,89926504972,"lint","completed","success","2026-07-27T08:32:26Z","2026-07-27T08:32:58Z",32,"GitHub Actions 1000004208",1
30250286997,89926505069,"build","completed","success","2026-07-27T08:32:25Z","2026-07-27T08:36:55Z",270,"spacelab-macmini",1
30250286997,89927406556,"yamcs-build","completed","success","2026-07-27T08:36:58Z","2026-07-27T08:37:13Z",15,"GitHub Actions 1000004209",1
30250286997,89927406569,"integration-radio","completed","success","2026-07-27T08:36:57Z","2026-07-27T08:47:24Z",627,"spacelab-ubuntu-macmini",1
30250286997,89927406658,"integration-uart","completed","success","2026-07-27T08:47:26Z","2026-07-27T08:55:13Z",467,"spacelab-ubuntu-macmini",1
30251468316,89930229556,"build","completed","success","2026-07-27T08:50:56Z","2026-07-27T08:55:24Z",268,"spacelab-macmini",1
30251468316,89930229571,"unit-test","completed","success","2026-07-27T08:50:57Z","2026-07-27T08:53:19Z",142,"GitHub Actions 1000004210",1
30251468316,89930229617,"lint","completed","success","2026-07-27T08:50:57Z","2026-07-27T08:51:25Z",28,"GitHub Actions 1000004211",1
30251468316,89931156549,"integration-radio","completed","success","2026-07-27T08:55:26Z","2026-07-27T09:05:51Z",625,"spacelab-ubuntu-macmini",1
30251468316,89931156609,"integration-uart","completed","success","2026-07-27T09:05:52Z","2026-07-27T09:13:43Z",471,"spacelab-ubuntu-macmini",1
30251468316,89931156615,"yamcs-build","completed","success","2026-07-27T08:55:27Z","2026-07-27T08:55:42Z",15,"GitHub Actions 1000004212",1
30284575915,90039070889,"build","completed","success","2026-07-27T16:24:36Z","2026-07-27T16:29:07Z",271,"spacelab-macmini",1
30284575915,90039071014,"unit-test","completed","success","2026-07-27T16:24:37Z","2026-07-27T16:26:31Z",114,"GitHub Actions 1000004230",1
30284575915,90039071024,"lint","completed","success","2026-07-27T16:24:38Z","2026-07-27T16:25:10Z",32,"GitHub Actions 1000004231",1
30284575915,90040213510,"yamcs-build","completed","success","2026-07-27T16:29:10Z","2026-07-27T16:29:32Z",22,"GitHub Actions 1000004234",1
30284575915,90040213592,"integration-radio","completed","success","2026-07-27T16:29:09Z","2026-07-27T16:39:03Z",594,"spacelab-ubuntu-macmini",1
30284575915,90040213603,"integration-uart","completed","success","2026-07-27T16:39:55Z","2026-07-27T16:47:41Z",466,"spacelab-ubuntu-macmini",1
30284589188,90039115349,"build","completed","success","2026-07-27T16:29:59Z","2026-07-27T16:34:25Z",266,"spacelab-macmini",1
30284589188,90039115351,"lint","completed","success","2026-07-27T16:24:48Z","2026-07-27T16:25:21Z",33,"GitHub Actions 1000004232",1
30284589188,90039115590,"unit-test","completed","success","2026-07-27T16:24:48Z","2026-07-27T16:27:02Z",134,"GitHub Actions 1000004233",1
30284589188,90041541448,"integration-radio","completed","success","2026-07-27T16:48:32Z","2026-07-27T16:58:25Z",593,"spacelab-ubuntu-macmini",1
30284589188,90041541454,"integration-uart","completed","success","2026-07-27T16:59:17Z","2026-07-27T17:07:06Z",469,"spacelab-ubuntu-macmini",1
30284589188,90041541527,"yamcs-build","completed","success","2026-07-27T16:34:34Z","2026-07-27T16:34:50Z",16,"GitHub Actions 1000004235",1
30290063385,90057382158,"lint","completed","success","2026-07-27T17:37:33Z","2026-07-27T17:38:00Z",27,"GitHub Actions 1000004236",1
30290063385,90057382239,"unit-test","completed","success","2026-07-27T17:37:26Z","2026-07-27T17:39:22Z",116,"GitHub Actions 1000004237",1
30290063385,90057382278,"build","completed","success","2026-07-27T17:37:25Z","2026-07-27T17:42:14Z",289,"spacelab-macmini",1
30290063385,90058579724,"yamcs-build","completed","success","2026-07-27T17:42:17Z","2026-07-27T17:42:40Z",23,"GitHub Actions 1000004238",1
30290063385,90058579769,"integration-radio","completed","success","2026-07-27T17:50:58Z","2026-07-27T18:00:09Z",551,"spacelab-ubuntu-macmini",1
30290063385,90058579824,"integration-uart","completed","success","2026-07-27T17:42:16Z","2026-07-27T17:50:06Z",470,"spacelab-ubuntu-macmini",1
30294579100,90076778375,"integration-radio","completed","success","2026-07-27T18:55:05Z","2026-07-27T19:04:16Z",551,"spacelab-ubuntu-macmini",2
30294579100,90076778405,"integration-uart","completed","success","2026-07-27T19:05:08Z","2026-07-27T19:13:33Z",505,"spacelab-ubuntu-macmini",2
30294579100,90076779030,"lint","completed","success","2026-07-27T18:37:20Z","2026-07-27T18:37:53Z",33,"GitHub Actions 1000004240",2
30294579100,90076779486,"yamcs-build","completed","success","2026-07-27T18:46:48Z","2026-07-27T18:47:04Z",16,"GitHub Actions 1000004241",2
30294579100,90076817989,"build","completed","success","2026-07-27T18:37:18Z","2026-07-27T18:46:38Z",560,"spacelab-macmini",2
30294579100,90076821998,"unit-test","completed","success","2026-07-27T18:37:25Z","2026-07-27T18:40:05Z",160,"GitHub Actions 1000004239",2
30316568128,90153626187,"build","completed","success","2026-07-28T01:20:39Z","2026-07-28T01:25:44Z",305,"spacelab-macmini",2
30316568128,90153626657,"lint","completed","success","2026-07-28T00:11:46Z","2026-07-28T00:12:13Z",27,"GitHub Actions 1000004243",2
30316568128,90153626983,"unit-test","completed","success","2026-07-28T00:11:46Z","2026-07-28T00:14:05Z",139,"GitHub Actions 1000004242",2
30316568128,90154346039,"integration-radio","completed","success","2026-07-28T01:36:17Z","2026-07-28T01:46:26Z",609,"spacelab-ubuntu-macmini",2
30316568128,90154346056,"integration-uart","completed","failure","2026-07-28T01:25:46Z","2026-07-28T01:36:15Z",629,"spacelab-ubuntu-macmini",2
30316568128,90154346071,"yamcs-build","completed","success","2026-07-28T01:25:53Z","2026-07-28T01:26:15Z",22,"GitHub Actions 1000004244",2
30321256393,90157427402,"lint","completed","success","2026-07-28T01:47:20Z","2026-07-28T01:47:55Z",35,"GitHub Actions 1000004245",1
30321256393,90157427467,"unit-test","completed","success","2026-07-28T01:47:13Z","2026-07-28T01:49:02Z",109,"GitHub Actions 1000004246",1
30321256393,90157427474,"build","completed","success","2026-07-28T01:47:13Z","2026-07-28T01:52:17Z",304,"spacelab-macmini",1
30321256393,90158131892,"integration-uart","completed","success","2026-07-28T01:52:20Z","2026-07-28T02:00:06Z",466,"spacelab-ubuntu-macmini",1
30321256393,90158131903,"integration-radio","completed","success","2026-07-28T02:01:08Z","2026-07-28T02:11:34Z",626,"spacelab-ubuntu-macmini",1
30321256393,90158131915,"yamcs-build","completed","success","2026-07-28T01:52:20Z","2026-07-28T01:52:44Z",24,"GitHub Actions 1000004247",1
30322477702,90161044949,"lint","completed","success","2026-07-28T02:13:12Z","2026-07-28T02:13:46Z",34,"GitHub Actions 1000004248",1
30322477702,90161044979,"unit-test","completed","success","2026-07-28T02:13:05Z","2026-07-28T02:15:02Z",117,"GitHub Actions 1000004249",1
30322477702,90161045035,"build","completed","success","2026-07-28T02:13:05Z","2026-07-28T02:18:10Z",305,"spacelab-macmini",1
30322477702,90161743549,"yamcs-build","completed","success","2026-07-28T02:18:13Z","2026-07-28T02:18:39Z",26,"GitHub Actions 1000004250",1
30322477702,90161743553,"integration-radio","completed","success","2026-07-28T02:25:59Z","2026-07-28T02:36:59Z",660,"spacelab-ubuntu-macmini",1
30322477702,90161743572,"integration-uart","completed","success","2026-07-28T02:18:12Z","2026-07-28T02:25:58Z",466,"spacelab-ubuntu-macmini",1
30362705906,90286090499,"lint","completed","success","2026-07-28T13:16:22Z","2026-07-28T13:16:54Z",32,"GitHub Actions 1000004268",1
30362705906,90286090500,"build","completed","success","2026-07-28T13:16:21Z","2026-07-28T13:20:56Z",275,"spacelab-macmini",1
30362705906,90286090641,"unit-test","completed","success","2026-07-28T13:16:21Z","2026-07-28T13:18:40Z",139,"GitHub Actions 1000004269",1
30362705906,90287268854,"integration-radio","completed","success","2026-07-28T13:20:58Z","2026-07-28T13:31:39Z",641,"spacelab-ubuntu-macmini",1
30362705906,90287268874,"yamcs-build","completed","success","2026-07-28T13:20:59Z","2026-07-28T13:21:24Z",25,"GitHub Actions 1000004272",1
30362705906,90287268960,"integration-uart","completed","success","2026-07-28T13:32:31Z","2026-07-28T13:40:18Z",467,"spacelab-ubuntu-macmini",1
30362949189,90286909343,"unit-test","completed","success","2026-07-28T13:19:36Z","2026-07-28T13:21:37Z",121,"GitHub Actions 1000004271",1
30362949189,90286909347,"build","completed","success","2026-07-28T13:21:48Z","2026-07-28T13:26:16Z",268,"spacelab-macmini",1
30362949189,90286909427,"lint","completed","success","2026-07-28T13:19:42Z","2026-07-28T13:20:09Z",27,"GitHub Actions 1000004270",1
30362949189,90288654551,"integration-uart","completed","success","2026-07-28T13:40:20Z","2026-07-28T13:47:59Z",459,"spacelab-ubuntu-macmini",1
30362949189,90288654556,"integration-radio","completed","success","2026-07-28T13:48:01Z","2026-07-28T13:58:33Z",632,"spacelab-ubuntu-macmini",1
30362949189,90288654626,"yamcs-build","completed","success","2026-07-28T13:26:26Z","2026-07-28T13:26:49Z",23,"GitHub Actions 1000004273",1
30382828056,90362305253,"integration-uart","completed","failure","2026-07-28T17:55:44Z","2026-07-28T18:03:00Z",436,"spacelab-ubuntu-macmini",3
30382828056,90362305722,"lint","completed","success","2026-07-28T17:25:47Z","2026-07-28T17:26:16Z",29,"GitHub Actions 1000004274",3
30382828056,90362306061,"yamcs-build","completed","success","2026-07-28T17:30:37Z","2026-07-28T17:30:58Z",21,"GitHub Actions 1000004276",3
30382828056,90362330642,"build","completed","success","2026-07-28T17:25:40Z","2026-07-28T17:30:27Z",287,"spacelab-macmini",3
30382828056,90362333792,"unit-test","completed","success","2026-07-28T17:25:47Z","2026-07-28T17:27:47Z",120,"GitHub Actions 1000004275",3
30382828056,90362337209,"integration-radio","completed","success","2026-07-28T17:30:29Z","2026-07-28T17:40:14Z",585,"spacelab-ubuntu-macmini",3
30405831916,90430915165,"build","completed","success","2026-07-28T22:47:35Z","2026-07-28T22:52:06Z",271,"spacelab-macmini",1
30405831916,90430915181,"unit-test","completed","success","2026-07-28T22:47:42Z","2026-07-28T22:49:56Z",134,"GitHub Actions 1000004277",1
30405831916,90430915302,"lint","completed","success","2026-07-28T22:47:36Z","2026-07-28T22:48:03Z",27,"GitHub Actions 1000004278",1
30405831916,90431747959,"yamcs-build","completed","success","2026-07-28T22:52:10Z","2026-07-28T22:52:32Z",22,"GitHub Actions 1000004279",1
30405831916,90431747972,"integration-radio","completed","success","2026-07-28T22:52:08Z","2026-07-28T23:02:43Z",635,"spacelab-ubuntu-macmini",1
30405831916,90431748004,"integration-uart","completed","success","2026-07-28T23:02:45Z","2026-07-28T23:10:19Z",454,"spacelab-ubuntu-macmini",1
30408763128,90440063086,"build","completed","success","2026-07-28T23:41:19Z","2026-07-28T23:45:49Z",270,"spacelab-macmini",1
30408763128,90440063131,"unit-test","completed","success","2026-07-28T23:41:20Z","2026-07-28T23:43:26Z",126,"GitHub Actions 1000004280",1
30408763128,90440063146,"lint","completed","success","2026-07-28T23:41:21Z","2026-07-28T23:41:53Z",32,"GitHub Actions 1000004281",1
30408763128,90440792198,"yamcs-build","completed","success","2026-07-28T23:45:52Z","2026-07-28T23:46:20Z",28,"GitHub Actions 1000004282",1
30408763128,90440792200,"integration-radio","completed","success","2026-07-28T23:45:52Z","2026-07-28T23:56:06Z",614,"spacelab-ubuntu-macmini",1
30408763128,90440792215,"integration-uart","completed","failure","2026-07-28T23:56:58Z","2026-07-29T00:03:28Z",390,"spacelab-ubuntu-macmini",1
30410305836,90448699300,"integration-uart","completed","success","2026-07-29T00:35:28Z","2026-07-29T00:43:19Z",471,"spacelab-ubuntu-macmini",2
30410305836,90448699579,"lint","completed","success","2026-07-29T00:10:00Z","2026-07-29T00:10:28Z",28,"GitHub Actions 1000004283",2
30410305836,90448699824,"unit-test","completed","success","2026-07-29T00:10:00Z","2026-07-29T00:12:44Z",164,"GitHub Actions 1000004284",2
30410305836,90448700225,"integration-radio","completed","success","2026-07-29T00:21:43Z","2026-07-29T00:32:09Z",626,"spacelab-ubuntu-macmini",2
30410305836,90448720070,"yamcs-build","completed","success","2026-07-29T00:14:32Z","2026-07-29T00:14:54Z",22,"GitHub Actions 1000004285",2
30410305836,90448724333,"build","completed","success","2026-07-29T00:09:59Z","2026-07-29T00:14:29Z",270,"spacelab-macmini",2
30429982748,90504747100,"unit-test","completed","success","2026-07-29T06:59:05Z","2026-07-29T07:01:10Z",125,"GitHub Actions 1000004286",1
30429982748,90504747131,"lint","completed","success","2026-07-29T06:58:58Z","2026-07-29T06:59:29Z",31,"GitHub Actions 1000004287",1
30429982748,90504747151,"build","completed","success","2026-07-29T06:58:57Z","2026-07-29T07:03:30Z",273,"spacelab-macmini",1
30429982748,90505631567,"integration-radio","completed","success","2026-07-29T07:03:32Z","2026-07-29T07:13:08Z",576,"spacelab-ubuntu-macmini",1
30429982748,90505631569,"yamcs-build","completed","success","2026-07-29T07:03:39Z","2026-07-29T07:03:57Z",18,"GitHub Actions 1000004288",1
30429982748,90505631679,"integration-uart","completed","failure","2026-07-29T07:13:59Z","2026-07-29T07:21:39Z",460,"spacelab-ubuntu-macmini",1
30436635970,90531959878,"integration-uart","completed","success","2026-07-29T09:10:20Z","2026-07-29T09:18:16Z",476,"spacelab-ubuntu-macmini",2
30436635970,90531960651,"integration-radio","completed","success","2026-07-29T08:56:28Z","2026-07-29T09:06:03Z",575,"spacelab-ubuntu-macmini",2
30436635970,90531987272,"unit-test","completed","success","2026-07-29T08:43:14Z","2026-07-29T08:45:27Z",133,"GitHub Actions 1000004289",2
30436635970,90531989968,"yamcs-build","completed","success","2026-07-29T08:47:45Z","2026-07-29T08:48:00Z",15,"GitHub Actions 1000004291",2
30436635970,90531989994,"build","completed","success","2026-07-29T08:43:13Z","2026-07-29T08:47:42Z",269,"spacelab-macmini",2
30436635970,90531997929,"lint","completed","success","2026-07-29T08:43:14Z","2026-07-29T08:43:54Z",40,"GitHub Actions 1000004290",2
30550264644,90954068289,"integration-uart","completed","success","2026-07-30T17:40:58Z","2026-07-30T17:48:35Z",457,"spacelab-ubuntu-macmini",4
30550264644,90954068374,"lint","completed","success","2026-07-30T14:08:44Z","2026-07-30T14:09:15Z",31,"GitHub Actions 1000004327",4
30550264644,90954068627,"unit-test","completed","success","2026-07-30T14:08:44Z","2026-07-30T14:10:47Z",123,"GitHub Actions 1000004326",4
30550264644,90954068684,"yamcs-build","completed","success","2026-07-30T14:13:24Z","2026-07-30T14:13:40Z",16,"GitHub Actions 1000004328",4
30550264644,90954068814,"build","completed","success","2026-07-30T14:08:43Z","2026-07-30T14:13:21Z",278,"spacelab-macmini",4
30550264644,90954068904,"integration-radio","completed","success","2026-07-30T14:49:42Z","2026-07-30T14:59:18Z",576,"spacelab-ubuntu-macmini",4
30588170519,91024337486,"unit-test","completed","success","2026-07-30T22:44:16Z","2026-07-30T22:47:32Z",196,"GitHub Actions 1000004329",1
30588170519,91024337510,"build","completed","success","2026-07-30T22:44:09Z","2026-07-30T22:50:21Z",372,"spacelab-macmini",1
30588170519,91024337522,"lint","completed","success","2026-07-30T22:44:10Z","2026-07-30T22:44:39Z",29,"GitHub Actions 1000004330",1
30588170519,91025438076,"integration-radio","completed","success","2026-07-30T22:50:24Z","2026-07-30T23:00:37Z",613,"spacelab-ubuntu-macmini",1
30588170519,91025438080,"integration-uart","completed","success","2026-07-30T23:01:39Z","2026-07-30T23:09:16Z",457,"spacelab-ubuntu-macmini",1
30588170519,91025438123,"yamcs-build","completed","success","2026-07-30T22:50:31Z","2026-07-30T22:50:49Z",18,"GitHub Actions 1000004331",1
30600783620,91062750242,"build","completed","success","2026-07-31T03:07:54Z","2026-07-31T03:12:39Z",285,"spacelab-macmini",1
30600783620,91062750243,"unit-test","completed","success","2026-07-31T03:07:54Z","2026-07-31T03:09:52Z",118,"GitHub Actions 1000004342",1
30600783620,91062750300,"lint","completed","failure","2026-07-31T03:08:00Z","2026-07-31T03:08:28Z",28,"GitHub Actions 1000004343",1
30600783620,91063422460,"integration-uart","completed","success","2026-07-31T03:12:41Z","2026-07-31T03:28:34Z",953,"spacelab-ubuntu-macmini",1
30600783620,91063422467,"integration-radio","completed","success","2026-07-31T03:29:26Z","2026-07-31T03:40:04Z",638,"spacelab-ubuntu-macmini",1
30600783620,91063422479,"yamcs-build","completed","success","2026-07-31T03:12:43Z","2026-07-31T03:13:12Z",29,"GitHub Actions 1000004346",1
30600783634,91062750241,"lint","completed","success","2026-07-31T03:08:01Z","2026-07-31T03:08:31Z",30,"GitHub Actions 1000004344",1
30600783634,91062750313,"build","completed","success","2026-07-31T03:13:31Z","2026-07-31T03:18:05Z",274,"spacelab-macmini",1
30600783634,91062750316,"unit-test","completed","success","2026-07-31T03:07:55Z","2026-07-31T03:09:34Z",99,"GitHub Actions 1000004345",1
30600783634,91064145473,"integration-uart","completed","failure","2026-07-31T03:40:06Z","2026-07-31T04:00:56Z",1250,"spacelab-ubuntu-macmini",1
30600783634,91064145474,"yamcs-build","completed","success","2026-07-31T03:18:09Z","2026-07-31T03:18:31Z",22,"GitHub Actions 1000004347",1
30600783634,91064145487,"integration-radio","completed","cancelled","2026-07-31T04:09:39Z","2026-07-31T04:14:43Z",304,"spacelab-ubuntu-macmini",1
30601858060,91066088184,"unit-test","completed","success","2026-07-31T03:33:06Z","2026-07-31T03:35:20Z",134,"GitHub Actions 1000004348",1
30601858060,91066088219,"lint","completed","success","2026-07-31T03:33:06Z","2026-07-31T03:33:39Z",33,"GitHub Actions 1000004349",1
30601858060,91066088236,"build","completed","success","2026-07-31T03:33:05Z","2026-07-31T03:37:36Z",271,"spacelab-macmini",1
30601858060,91066659262,"yamcs-build","completed","success","2026-07-31T03:37:45Z","2026-07-31T03:38:01Z",16,"GitHub Actions 1000004350",1
30601858060,91066659292,"integration-uart","completed","success","2026-07-31T04:01:48Z","2026-07-31T04:09:38Z",470,"spacelab-ubuntu-macmini",1
30601858060,91066659349,"integration-radio","completed","success","2026-07-31T08:02:53Z","2026-07-31T08:13:50Z",657,"spacelab-ubuntu-macmini",1
30637261054,91177884884,"lint","completed","success","2026-07-31T14:07:17Z","2026-07-31T14:07:53Z",36,"GitHub Actions 1000004369",1
30637261054,91177884935,"unit-test","completed","success","2026-07-31T14:07:26Z","2026-07-31T14:09:26Z",120,"GitHub Actions 1000004368",1
30637261054,91177884978,"build","completed","success","2026-07-31T14:07:15Z","2026-07-31T14:26:53Z",1178,"spacelab-macmini",1
30637261054,91182587537,"integration-radio","completed","success","2026-07-31T14:26:56Z","2026-07-31T14:37:26Z",630,"spacelab-ubuntu-macmini",1
30637261054,91182587560,"integration-uart","completed","success","2026-07-31T14:37:28Z","2026-07-31T14:45:30Z",482,"spacelab-ubuntu-macmini",1
30637261054,91182587665,"yamcs-build","completed","success","2026-07-31T14:26:57Z","2026-07-31T14:27:12Z",15,"GitHub Actions 1000004370",1
30673590121,91298169877,"integration-uart","completed","failure","2026-07-31T23:57:36Z","2026-08-01T00:04:55Z",439,"spacelab-ubuntu-macmini",2
30673590121,91298169908,"integration-radio","completed","success","2026-08-01T00:04:56Z","2026-08-01T00:14:36Z",580,"spacelab-ubuntu-macmini",2
30673590121,91298170155,"yamcs-build","completed","success","2026-07-31T23:46:30Z","2026-07-31T23:46:49Z",19,"GitHub Actions 1000004373",2
30673590121,91298170313,"unit-test","completed","success","2026-07-31T23:42:03Z","2026-07-31T23:44:14Z",131,"GitHub Actions 1000004372",2
30673590121,91298182326,"build","completed","success","2026-07-31T23:41:56Z","2026-07-31T23:46:27Z",271,"spacelab-macmini",2
30673590121,91298191108,"lint","completed","success","2026-07-31T23:41:56Z","2026-07-31T23:42:26Z",30,"GitHub Actions 1000004371",2
30674658297,91302855838,"lint","completed","success","2026-08-01T00:06:09Z","2026-08-01T00:06:39Z",30,"GitHub Actions 1000004374",2
30674658297,91302855930,"integration-radio","completed","success","2026-08-01T00:34:23Z","2026-08-01T00:43:59Z",576,"spacelab-ubuntu-macmini",2
30674658297,91302856093,"unit-test","completed","success","2026-08-01T00:06:13Z","2026-08-01T00:08:08Z",115,"GitHub Actions 1000004375",2
30674658297,91302856293,"yamcs-build","completed","success","2026-08-01T00:10:39Z","2026-08-01T00:11:02Z",23,"GitHub Actions 1000004376",2
30674658297,91302856306,"integration-uart","completed","success","2026-08-01T00:15:28Z","2026-08-01T00:23:16Z",468,"spacelab-ubuntu-macmini",2
30674658297,91302868335,"build","completed","success","2026-08-01T00:06:06Z","2026-08-01T00:10:34Z",268,"spacelab-macmini",2
30677422169,91307434060,"build","completed","success","2026-08-01T01:13:18Z","2026-08-01T01:17:46Z",268,"spacelab-macmini",1
30677422169,91307434086,"unit-test","completed","success","2026-08-01T01:13:25Z","2026-08-01T01:15:20Z",115,"GitHub Actions 1000004377",1
30677422169,91307434094,"lint","completed","success","2026-08-01T01:13:25Z","2026-08-01T01:13:51Z",26,"GitHub Actions 1000004378",1
30677422169,91307909898,"yamcs-build","completed","success","2026-08-01T01:17:50Z","2026-08-01T01:18:11Z",21,"GitHub Actions 1000004379",1
30677422169,91307909912,"integration-uart","completed","success","2026-08-01T01:17:49Z","2026-08-01T01:25:38Z",469,"spacelab-ubuntu-macmini",1
30677422169,91307909950,"integration-radio","completed","success","2026-08-01T01:26:30Z","2026-08-01T01:36:53Z",623,"spacelab-ubuntu-macmini",1
