"run_id","run_number","created_at","updated_at","run_started_at","duration_s","event","status","conclusion","head_branch","head_sha","actor","run_attempt"
17183102985,1,"2025-08-24T02:38:32Z","2025-08-24T02:49:03Z","2025-08-24T02:38:32Z",631,"pull_request","completed","success","ngay-build-3","d5bf531364f0f1b0186fcccdf0f4ef73e6fc64d3","nateinaction",1
17183109064,2,"2025-08-24T02:39:10Z","2025-08-24T02:48:58Z","2025-08-24T02:39:10Z",588,"pull_request","completed","success","ngay-build-3","4ee63e19c2e3bc68c140230afe346af4505f9c25","nateinaction",1
17183216930,3,"2025-08-24T02:50:23Z","2025-08-24T03:00:05Z","2025-08-24T02:50:23Z",582,"push","completed","success","main","e029b3e71685b0b9bfaa94028918c2024371454d","nateinaction",1
17195546024,4,"2025-08-25T00:08:00Z","2025-08-25T00:08:28Z","2025-08-25T00:08:00Z",28,"pull_request","completed","failure","ngay-fmt","3c38f74380e907634f7b5ce1ea7bf4f39f1ee488","nateinaction",1
17195766814,5,"2025-08-25T00:24:49Z","2025-08-25T00:35:03Z","2025-08-25T00:24:49Z",614,"pull_request","completed","success","ngay-fmt","6e90c0391b67cf1ef2cad28c2195df850468765a","nateinaction",1
17195940336,6,"2025-08-25T00:36:54Z","2025-08-25T00:46:38Z","2025-08-25T00:36:54Z",584,"push","completed","success","main","9612439212feecd6b46ac1ebda7fc48ad94e9566","nateinaction",1
17197313185,7,"2025-08-25T02:20:31Z","2025-08-25T02:31:13Z","2025-08-25T02:20:31Z",642,"pull_request","completed","success","ngay-fmt-2","51bb0569ae7855145cc6d724b82ca705b0c95968","nateinaction",1
17197371516,8,"2025-08-25T02:25:14Z","2025-08-25T02:35:42Z","2025-08-25T02:25:14Z",628,"pull_request","completed","success","more-led-blinker","9950ba92dee6255c6877bbfde1e1307088ada74f","nateinaction",1
17197482075,9,"2025-08-25T02:33:03Z","2025-08-25T02:42:49Z","2025-08-25T02:33:03Z",586,"push","completed","success","main","ae67ae3fcf2239787c9b1c377367476e7a199bd3","nateinaction",1
17223359857,10,"2025-08-25T23:28:18Z","2025-08-25T23:38:57Z","2025-08-25T23:28:18Z",639,"push","completed","success","main","4374483f1419aec72703773c3152c691710a519a","nateinaction",1
17284021979,11,"2025-08-28T02:30:21Z","2025-08-28T02:40:04Z","2025-08-28T02:30:21Z",583,"pull_request","completed","failure","more-led-blinker","22bf3b7fc265cc13530b3bbda9743d5eee50effc","moisesmata",1
17284180376,12,"2025-08-28T02:40:25Z","2025-08-28T02:50:24Z","2025-08-28T02:40:25Z",599,"pull_request","completed","success","more-led-blinker","c9f6880a5858aa95bd71892fc1cb5e006b51977d","moisesmata",1
17284369837,13,"2025-08-28T02:52:49Z","2025-08-28T03:02:36Z","2025-08-28T02:52:49Z",587,"push","completed","success","main","60a83cddec27956b57bbb889987ba44ee998b6b4","moisesmata",1
17310478331,14,"2025-08-28T23:36:42Z","2025-08-28T23:46:46Z","2025-08-28T23:36:42Z",604,"push","completed","success","main","13e4f0db802b5564457415af840623c877b38981","nateinaction",1
17473953677,15,"2025-09-04T19:00:15Z","2025-09-04T19:14:17Z","2025-09-04T19:00:15Z",842,"push","completed","failure","main","b35a10df19bfcf7e07ef3bfecb4dd0de241fd8a8","ineskhou",1
17473975606,16,"2025-09-04T19:01:09Z","2025-09-04T19:12:11Z","2025-09-04T19:01:09Z",662,"push","completed","success","main","13e4f0db802b5564457415af840623c877b38981","ineskhou",1
17522868493,17,"2025-09-07T02:50:06Z","2025-09-07T03:00:29Z","2025-09-07T02:50:06Z",623,"pull_request","completed","success","board-definition","5cfb45d12eff61c63cfeccad90c2232cb4d475fc","nateinaction",1
17523494495,18,"2025-09-07T03:53:13Z","2025-09-07T04:04:00Z","2025-09-07T03:53:13Z",647,"pull_request","completed","failure","imu2","f110ce256f6373f81632f26a88aec50141a84375","nateinaction",1
17566379318,19,"2025-09-08T22:57:52Z","2025-09-08T23:07:43Z","2025-09-08T22:57:52Z",591,"pull_request","completed","success","board-definition","6db52ee6728c6a5418d5cf05d6ccdc79ced99ee8","nateinaction",1
17566759408,20,"2025-09-08T23:17:31Z","2025-09-08T23:28:35Z","2025-09-08T23:17:31Z",664,"pull_request","completed","success","imu2","4caa93ca729f2e3453720dcfe2eecdb57bc47914","nateinaction",1
17572848438,21,"2025-09-09T05:34:25Z","2025-09-09T05:45:10Z","2025-09-09T05:34:25Z",645,"pull_request","completed","success","imu2","55eeb0a30871c50ab92203e37d210e26245f2337","nateinaction",1
17573010988,22,"2025-09-09T05:44:11Z","2025-09-09T05:53:53Z","2025-09-09T05:44:11Z",582,"pull_request","completed","success","imu2","981de3edcd9045df878277ad7af116ff9f677c59","nateinaction",1
17604705908,23,"2025-09-10T06:02:50Z","2025-09-10T06:12:15Z","2025-09-10T06:02:50Z",565,"pull_request","completed","failure","burnwire","f83271aa812cacc8ca9700418ea3177ddcde9a82","ineskhou",1
17604764221,24,"2025-09-10T06:05:49Z","2025-09-10T06:15:41Z","2025-09-10T06:05:49Z",592,"pull_request","completed","failure","dist_sensor","ebce0e890758c0515146859ba03c0b234061f718","ineskhou",1
17604771091,25,"2025-09-10T06:06:11Z","2025-09-10T06:16:41Z","2025-09-10T06:06:11Z",630,"pull_request","completed","success","antenna_deployer","0e2d830f9ea3bcb0bf23c510028895d1c1ec10cc","ineskhou",1
17606334628,26,"2025-09-10T07:20:53Z","2025-09-10T07:29:34Z","2025-09-10T07:20:53Z",521,"pull_request","completed","failure","burnwire","27b172fe125129a4e7c773e25936580f676884b6","ineskhou",1
17606822437,27,"2025-09-10T07:42:18Z","2025-09-10T07:51:04Z","2025-09-10T07:42:18Z",526,"pull_request","completed","failure","burnwire","aefa120e434e204d8afceb22004b8e5052665bed","ineskhou",1
17607539897,28,"2025-09-10T08:14:19Z","2025-09-10T08:22:49Z","2025-09-10T08:14:19Z",510,"pull_request","completed","failure","burnwire","29e3fe55cd71a7adb1a6ff80e5eaf20ece718c09","ineskhou",1
17632468567,29,"2025-09-11T02:46:03Z","2025-09-11T02:56:02Z","2025-09-11T02:46:03Z",599,"pull_request","completed","success","burnwire","35ea0db255bb11984c284eca446c3b88286ff658","ineskhou",1
17634936269,30,"2025-09-11T05:26:46Z","2025-09-11T05:36:44Z","2025-09-11T05:26:46Z",598,"push","completed","failure","main","a0cf714f5ff179262d4bb33f6cd30796e7301ffb","ineskhou",1
17687824011,31,"2025-09-12T22:56:01Z","2025-09-12T23:06:00Z","2025-09-12T22:56:01Z",599,"pull_request","completed","failure","board-definition","bd1778c66390e2fced6f86cd7f9eefec7ca39625","nateinaction",1
17688872256,32,"2025-09-13T00:15:11Z","2025-09-13T00:25:33Z","2025-09-13T00:15:11Z",622,"pull_request","completed","failure","board-definition","dd722b948dcd541d55f8dec49c240d541c74db4e","nateinaction",1
17690270191,33,"2025-09-13T02:09:29Z","2025-09-13T02:20:14Z","2025-09-13T02:09:29Z",645,"pull_request","completed","success","board-definition","649e44f0f5c0cf0422a6b2a87dad59e337b164c3","nateinaction",1
17692006939,34,"2025-09-13T04:55:44Z","2025-09-13T04:56:09Z","2025-09-13T04:55:44Z",25,"push","completed","failure","main","fa0b3605d12817b0c028ce91fbca6b12cae88a64","nateinaction",1
17749923410,35,"2025-09-15T23:53:26Z","2025-09-16T00:03:26Z","2025-09-15T23:53:26Z",600,"pull_request","completed","failure","imu2-lis2mdl","0e277acf878cdc9bc16bcab3d80a8042d2693bbe","hrfarmer",1
17750135541,36,"2025-09-16T00:07:06Z","2025-09-16T00:17:23Z","2025-09-16T00:07:06Z",617,"pull_request","completed","success","imu2-lis2mdl","bb8a7670198d5e2ad273d36f818f5b1db1db84e4","hrfarmer",1
17812843137,37,"2025-09-17T23:01:28Z","2025-09-17T23:01:56Z","2025-09-17T23:01:28Z",28,"push","completed","failure","main","d7e1b35152d51106a7d6f779096f1260d812570b","hrfarmer",1
17813102672,38,"2025-09-17T23:15:32Z","2025-09-17T23:26:00Z","2025-09-17T23:15:32Z",628,"pull_request","completed","failure","lsm6dso-driver-component","bb1be346155186d17e308153f43f255d4d0d2340","asiemsen",1
17837685476,39,"2025-09-18T18:17:33Z","2025-09-18T18:18:00Z","2025-09-18T18:17:33Z",27,"pull_request","completed","failure","board-definition","d8d06dec7ce24d4a37dbdc235cfca5a70deacbaa","Mikefly123",1
17837971899,40,"2025-09-18T18:29:29Z","2025-09-18T18:29:55Z","2025-09-18T18:29:29Z",26,"pull_request","completed","failure","rtc","a5fd7b57030b81618682f35a8bb9326c29bf56ac","nateinaction",1
17838180301,41,"2025-09-18T18:38:41Z","2025-09-18T18:43:33Z","2025-09-18T18:38:41Z",292,"push","completed","cancelled","main","31e3f8d73036a01d90cf181c58d798fcd05fa70e","nateinaction",1
17838314589,42,"2025-09-18T18:44:48Z","2025-09-18T19:04:49Z","2025-09-18T18:44:48Z",1201,"push","completed","success","main","f7f09fb14e3ea79a9650c30febf14fc09725d895","nateinaction",1
17840793829,43,"2025-09-18T20:37:50Z","2025-09-18T20:51:58Z","2025-09-18T20:37:50Z",848,"pull_request","completed","success","board-definition","1fcd2ce316384c28ef42a5dfbb124c937556ad1f","nateinaction",1
17842489833,44,"2025-09-18T22:03:24Z","2025-09-18T22:14:25Z","2025-09-18T22:03:24Z",661,"pull_request","completed","failure","lsm6dso-driver-component","05fbddad01df2fd64b6cb98b9596706b1e26c1be","nateinaction",1
17842503387,45,"2025-09-18T22:04:02Z","2025-09-18T22:14:50Z","2025-09-18T22:04:02Z",648,"pull_request","completed","failure","imu2","8478ca1df1249b422ab21d4fabc1567d8d38f7fb","nateinaction",1
17842836644,46,"2025-09-18T22:20:19Z","2025-09-18T22:30:45Z","2025-09-18T22:20:19Z",626,"pull_request","completed","success","imu2","d064a099f3a0ebce21c5013e2ade3fad80fef1bc","nateinaction",1
17842977070,47,"2025-09-18T22:28:24Z","2025-09-18T22:38:22Z","2025-09-18T22:28:24Z",598,"push","completed","success","main","f030b24dc1357e3eff42bafb00be7bba9e8ba723","nateinaction",1
17842992445,48,"2025-09-18T22:29:24Z","2025-09-18T22:39:29Z","2025-09-18T22:29:24Z",605,"pull_request","completed","success","imu2","4e3cb5b1930dc9ae7917499fbd3db3f3a83b4756","nateinaction",1
17843055260,49,"2025-09-18T22:32:58Z","2025-09-18T22:44:01Z","2025-09-18T22:32:58Z",663,"push","completed","success","main","275fd4f7f6e2e28c81d25f7327050989c31f3a8e","nateinaction",1
17843071304,50,"2025-09-18T22:33:55Z","2025-09-18T22:43:57Z","2025-09-18T22:33:55Z",602,"pull_request","completed","success","imu2","c0424fb0cf43a17a5397167527611b07ce36a81e","nateinaction",1
17843126082,51,"2025-09-18T22:36:59Z","2025-09-18T22:47:13Z","2025-09-18T22:36:59Z",614,"pull_request","completed","success","imu2","d66c949ae9b9a4c3762f9f92e592abc222c65327","nateinaction",1
17843218716,52,"2025-09-18T22:42:38Z","2025-09-18T22:52:55Z","2025-09-18T22:42:38Z",617,"pull_request","completed","success","rtc","72671c7b4362f268f4d339936b822107396a6348","nateinaction",1
17871930389,53,"2025-09-19T23:20:35Z","2025-09-19T23:31:28Z","2025-09-19T23:20:35Z",653,"pull_request","completed","success","board_radio_definition","eca3536a867d3a5cd21661c86649eddd665906b9","ineskhou",1
17872044666,54,"2025-09-19T23:29:05Z","2025-09-19T23:37:29Z","2025-09-19T23:29:05Z",504,"pull_request","completed","failure","board_radio_definition","1d5abdfa96cb47659506bb7a84adefac73e1b36d","ineskhou",1
17872377485,55,"2025-09-19T23:59:16Z","2025-09-20T00:09:16Z","2025-09-19T23:59:16Z",600,"push","completed","failure","main","89325226d33a5c2937926be267b018451f86796b","ineskhou",1
17873085174,56,"2025-09-20T00:55:38Z","2025-09-20T01:05:37Z","2025-09-20T00:55:38Z",599,"pull_request","completed","failure","board_radio_definition","08bbbbf63695d07c709fc8d87aa3b8143f932d2c","ineskhou",1
17873157274,57,"2025-09-20T01:01:40Z","2025-09-20T01:11:50Z","2025-09-20T01:01:40Z",610,"pull_request","completed","failure","board_radio_definition","10aeb0a932327809c08270c2b1d7cc48e144ee40","ineskhou",1
17873242571,58,"2025-09-20T01:08:33Z","2025-09-20T01:18:35Z","2025-09-20T01:08:33Z",602,"push","completed","failure","main","8a8e2b3d52fcfa5ed532f9289dfc74794dfa07cb","ineskhou",1
17873261587,59,"2025-09-20T01:10:09Z","2025-09-20T01:17:03Z","2025-09-20T01:10:09Z",414,"pull_request","completed","cancelled","board_radio_definition","7639eda120235d57450a00213b7c0586c53c457f","ineskhou",1
17873309485,60,"2025-09-20T01:14:20Z","2025-09-20T01:24:30Z","2025-09-20T01:14:20Z",610,"pull_request","completed","success","board_radio_definition","203fa796217af249174463cfef884a0efd6dc9ee","ineskhou",1
17874251557,61,"2025-09-20T02:42:19Z","2025-09-20T02:51:29Z","2025-09-20T02:42:19Z",550,"pull_request","completed","failure","board/v4","84cf283697c66f2fa5c68cc0595eecc636902658","yudataguy",1
17874315596,62,"2025-09-20T02:48:34Z","2025-09-20T02:57:55Z","2025-09-20T02:48:34Z",561,"pull_request","completed","failure","board/v4","da9524d2b7d65e4b9eb886f0a0b51e06feeca6ff","yudataguy",1
17884297712,63,"2025-09-20T20:09:09Z","2025-09-20T20:18:08Z","2025-09-20T20:09:09Z",539,"pull_request","completed","failure","board/v4","184ccce09d99c47aeef3fe3f5a5e44debd5aad33","ineskhou",1
17884421021,64,"2025-09-20T20:21:37Z","2025-09-20T20:30:10Z","2025-09-20T20:21:37Z",513,"pull_request","completed","failure","board/v4","65fcc8fb7586c66284b995684fc8fb2fa4cff6ff","ineskhou",1
17931158536,65,"2025-09-22T23:20:06Z","2025-09-22T23:30:19Z","2025-09-22T23:20:06Z",613,"pull_request","completed","failure","rtc","e11fb04fa252bf4c9e7c24f873e70c3313b1787d","SamuelGomezG",1
17931314504,66,"2025-09-22T23:28:20Z","2025-09-22T23:38:39Z","2025-09-22T23:28:20Z",619,"pull_request","completed","failure","rtc","85cb11ae6d3eb21c8563477b0590aafdef3ff207","SamuelGomezG",1
17931398203,67,"2025-09-22T23:33:27Z","2025-09-22T23:44:24Z","2025-09-22T23:33:27Z",657,"pull_request","completed","failure","rtc","f2c18bde98d6bc72d2acf434c1a098ab4510e011","SamuelGomezG",1
17931578466,68,"2025-09-22T23:45:43Z","2025-09-22T23:56:05Z","2025-09-22T23:45:43Z",622,"pull_request","completed","failure","rtc","7c40dd5d2b83a0accf526dfe227801e70f66f72b","SamuelGomezG",1
17932506778,69,"2025-09-23T00:44:33Z","2025-09-23T00:54:35Z","2025-09-23T00:44:33Z",602,"pull_request","completed","failure","improve-rtc","ca4eeea5b0299f45bcdfe605f7b8cf94b6ea529b","SamuelGomezG",1
17933878270,70,"2025-09-23T02:17:17Z","2025-09-23T02:25:38Z","2025-09-23T02:17:17Z",501,"pull_request","completed","failure","board/v4","a290b04f2685f9184b3d7406dd783f70e69c9796","yudataguy",1
17934603376,71,"2025-09-23T03:08:12Z","2025-09-23T03:18:36Z","2025-09-23T03:08:12Z",624,"pull_request","completed","success","board_radio_definition-ngay","94ba20ffd62fc0f3a66731e1c8b459e6c1908fec","nateinaction",1
17935048964,72,"2025-09-23T03:37:38Z","2025-09-23T03:47:42Z","2025-09-23T03:37:38Z",604,"pull_request","completed","success","board_radio_definition","8cb46ae71e149afe24c5728c57c1a5d9c7fda105","ineskhou",1
17959492995,73,"2025-09-23T21:24:59Z","2025-09-23T21:35:59Z","2025-09-23T21:24:59Z",660,"pull_request","completed","success","burnwire","6bce30cd910c748801451e3dad9cb1345a111d38","ineskhou",1
17959579975,74,"2025-09-23T21:28:54Z","2025-09-23T21:41:49Z","2025-09-23T21:28:54Z",775,"push","completed","success","main","44c5d99adff381a08ec9980f6e8c3e120b050276","ineskhou",1
17960446843,75,"2025-09-23T22:15:19Z","2025-09-23T22:26:46Z","2025-09-23T22:15:19Z",687,"pull_request","completed","success","burnwire","24f2f7c0605732a2ccaa0a4ce64a5bca5923d42f","ineskhou",1
17984501979,76,"2025-09-24T17:24:54Z","2025-09-24T17:34:59Z","2025-09-24T17:24:54Z",605,"pull_request","completed","success","burnwire","04267f105ffd360be3ad7d01c8b43d497c3539bd","ineskhou",1
17985755032,77,"2025-09-24T18:19:00Z","2025-09-24T18:30:04Z","2025-09-24T18:19:00Z",664,"pull_request","completed","success","burnwire","9612639f88da41574b42b054a93a4198cd2ae8a7","ineskhou",1
17991281594,78,"2025-09-24T22:24:47Z","2025-09-24T22:36:20Z","2025-09-24T22:24:47Z",693,"pull_request","completed","success","burnwire","0f536f711ca27e044cc4a4be898d4e7ee7411f4a","ineskhou",1
18045284793,79,"2025-09-26T17:48:51Z","2025-09-26T19:03:21Z","2025-09-26T18:54:45Z",516,"pull_request","completed","failure","rtc","2f447e8a4b8e60f79c2fd6074b50725a8a8efab1","ineskhou",2
18046466002,80,"2025-09-26T18:43:35Z","2025-09-30T00:30:46Z","2025-09-30T00:22:06Z",520,"push","completed","success","main","9cfc815db7aa7f75e0b7efb8f4917e81898572da","ineskhou",3
18051174695,81,"2025-09-26T22:55:28Z","2025-09-26T23:03:59Z","2025-09-26T22:55:28Z",511,"pull_request","completed","failure","imu2_PR_changes_saidi","8a395c2b12eaa5317337205728363da9d5ca0606","hrfarmer",1
18051199492,82,"2025-09-26T22:57:52Z","2025-09-26T23:17:33Z","2025-09-26T23:07:23Z",610,"pull_request","completed","failure","imu2_PR_changes_saidi","ac7fd7b01f86dff460dff9618b1168baa740a40a","hrfarmer",2
18064954523,83,"2025-09-27T21:08:07Z","2025-09-27T21:16:28Z","2025-09-27T21:08:07Z",501,"pull_request","completed","failure","imu2","f1e5405a2e48eec9f562cc3827f445d2cc35a43d","nateinaction",1
18065277715,84,"2025-09-27T21:38:35Z","2025-09-27T21:47:57Z","2025-09-27T21:38:35Z",562,"pull_request","completed","failure","imu2","8fed4e38552f871fbebc5b586652aeb082553fe8","nateinaction",1
18065929600,85,"2025-09-27T22:48:45Z","2025-09-27T22:57:54Z","2025-09-27T22:48:45Z",549,"pull_request","completed","failure","watchdog-int-test-cleanup","6bff6f21346cb5d4379b869c9ed756ca6185b306","nateinaction",1
18066180017,86,"2025-09-27T23:16:28Z","2025-09-27T23:24:50Z","2025-09-27T23:16:28Z",502,"pull_request","completed","failure","imu2","adf6b8eb492178e3b6e77cd4220e67a791e74033","nateinaction",1
18066188260,87,"2025-09-27T23:17:13Z","2025-09-27T23:26:45Z","2025-09-27T23:17:13Z",572,"pull_request","completed","failure","watchdog-int-test-cleanup","b21ace824cec62a68ba1f0db9c3f4a7cd65fbf37","nateinaction",1
18066308730,88,"2025-09-27T23:30:26Z","2025-09-27T23:38:49Z","2025-09-27T23:30:26Z",503,"pull_request","completed","failure","rtc","6eff68eb160c3b3bab78f8ab31f060bcb3fec17e","nateinaction",1
18069294211,89,"2025-09-28T04:26:01Z","2025-09-28T04:35:27Z","2025-09-28T04:26:01Z",566,"pull_request","completed","failure","rtc","f659d5b2b1ddc4b200f399594f36946a1b48e186","nateinaction",1
18069581406,90,"2025-09-28T04:58:27Z","2025-09-28T05:06:48Z","2025-09-28T04:58:27Z",501,"pull_request","completed","failure","watchdog-int-test-cleanup","61125032b8c2b68676676d669efb7e4a71c4c992","nateinaction",1
18069666555,91,"2025-09-28T05:06:52Z","2025-09-28T05:16:02Z","2025-09-28T05:06:52Z",550,"pull_request","completed","failure","imu2","19042fb62cf274daec1701097dbed08296871ceb","nateinaction",1
18069740009,92,"2025-09-28T05:13:32Z","2025-09-28T05:21:59Z","2025-09-28T05:13:32Z",507,"pull_request","completed","failure","rtc","aab21fb70dfd67136b13ff800ebe0d4d5d1618df","nateinaction",1
18069753531,93,"2025-09-28T05:14:52Z","2025-09-30T23:44:29Z","2025-09-30T23:36:39Z",470,"pull_request","completed","success","imu2","5b41b971ad457b48f7df254349f55172b35cff49","nateinaction",2
18069754135,94,"2025-09-28T05:14:56Z","2025-09-28T05:23:22Z","2025-09-28T05:14:56Z",506,"pull_request","completed","failure","rtc","ff77b965f6d8c8148b2047df4103285d426d96f7","nateinaction",1
18069757229,95,"2025-09-28T05:15:18Z","2025-09-30T22:45:56Z","2025-09-30T22:37:44Z",492,"pull_request","completed","success","watchdog-int-test-cleanup","5837f0d0b133933ab2ea0986b66f92d12ca9942e","nateinaction",2
18080279436,96,"2025-09-28T21:48:59Z","2025-09-28T21:58:23Z","2025-09-28T21:48:59Z",564,"pull_request","completed","failure","rtc","582ae5c8310bb14f60afc1d5a7e59486e563132f","nateinaction",1
18080377857,97,"2025-09-28T22:00:53Z","2025-09-28T22:09:25Z","2025-09-28T22:00:53Z",512,"pull_request","completed","failure","rtc","6866735831f6de18dc75543aa621357c18a7c298","nateinaction",1
18085720463,98,"2025-09-29T04:25:07Z","2025-09-29T04:34:17Z","2025-09-29T04:25:07Z",550,"pull_request","completed","failure","rtc","b7c3ddbf633eb5f32b7537b36d76afbd9a3fd1b3","nateinaction",1
18086611422,99,"2025-09-29T05:19:07Z","2025-09-29T05:27:37Z","2025-09-29T05:19:07Z",510,"pull_request","completed","failure","rtc","a454a0708dc39f4d7d497f3381f5a552edcd0cd6","nateinaction",1
18113790353,100,"2025-09-29T23:36:20Z","2025-09-29T23:44:44Z","2025-09-29T23:36:20Z",504,"pull_request","completed","success","rtc","4b42cc4ffef93ce77f243135cb19362976590ef6","nateinaction",1
18114528544,101,"2025-09-30T00:21:13Z","2025-09-30T00:25:48Z","2025-09-30T00:21:13Z",275,"pull_request","completed","failure","build_fixes","1ede57b3d0a5a95dfdb1ad4bfea099d450994baa","asiemsen",1
18116536063,102,"2025-09-30T02:15:21Z","2025-09-30T02:23:31Z","2025-09-30T02:15:21Z",490,"pull_request","completed","success","rtc","d57ed5760cf6416b135b4a0c6a6ed5084538eb66","nateinaction",1
18116582564,103,"2025-09-30T02:18:03Z","2025-09-30T02:25:46Z","2025-09-30T02:18:03Z",463,"pull_request","completed","success","rtc","ae3099e04c59dbf8183a8ee6c2c9ed26aa97259b","nateinaction",1
18118800438,104,"2025-09-30T04:30:14Z","2025-09-30T04:38:09Z","2025-09-30T04:30:14Z",475,"pull_request","completed","success","rtc","fe5b6e80c466bae7efba75b2249bd995db5d6e8f","nateinaction",1
18119069068,105,"2025-09-30T04:47:02Z","2025-09-30T04:55:22Z","2025-09-30T04:47:02Z",500,"pull_request","completed","success","rtc","7287ead40ca77ac92ff624014f0564870645c0ee","nateinaction",1
18119136114,106,"2025-09-30T04:51:09Z","2025-09-30T04:58:50Z","2025-09-30T04:51:09Z",461,"pull_request","completed","success","rtc","ad4780f5c2d0c099e9de1d4503f83cc9fe46c6d7","nateinaction",1
18144280108,107,"2025-09-30T21:42:49Z","2025-09-30T22:03:55Z","2025-09-30T21:42:49Z",1266,"pull_request","completed","failure","board/v4","bf9ce191df8c3f06491165540a718c981f1f4589","Mikefly123",1
18146210897,108,"2025-09-30T23:27:42Z","2025-09-30T23:35:45Z","2025-09-30T23:27:42Z",483,"push","completed","success","main","db9d0186716e3e8914af7d220d02291d9ec93ea0","nateinaction",1
18154710994,109,"2025-10-01T07:24:07Z","2025-10-01T07:25:19Z","2025-10-01T07:24:07Z",72,"pull_request","completed","failure","prune-zephyr-manifest","a259a57762243e549b2dbec1a6c91e522e1190cb","Mikefly123",1
18154894494,110,"2025-10-01T07:31:47Z","2025-10-01T07:39:00Z","2025-10-01T07:31:47Z",433,"pull_request","completed","success","prune-zephyr-manifest","961366dae74d4662ff76405920a16a3f302f9361","Mikefly123",1
18155099880,111,"2025-10-01T07:40:27Z","2025-10-01T07:48:27Z","2025-10-01T07:40:27Z",480,"pull_request","completed","success","prune-zephyr-manifest","dd30334c0fab0f5d6ac521d056883e40a320b0c6","Mikefly123",1
18155307173,112,"2025-10-01T07:50:23Z","2025-10-01T07:55:59Z","2025-10-01T07:50:23Z",336,"pull_request","completed","failure","prune-zephyr-manifest","1faf47e23df50b71051a16a83591c22d803d71d7","Mikefly123",1
18155575867,113,"2025-10-01T08:03:01Z","2025-10-01T08:14:18Z","2025-10-01T08:11:01Z",197,"pull_request","completed","failure","prune-zephyr-manifest","d9d5fb93613f395cb05cba0ea2dd71748c9c19e7","Mikefly123",2
18156024838,114,"2025-10-01T08:20:36Z","2025-10-01T08:25:17Z","2025-10-01T08:20:36Z",281,"pull_request","completed","success","prune-zephyr-manifest","cddfd59a191e9a12aee2fcba416d63149f49be89","Mikefly123",1
18156229165,115,"2025-10-01T08:28:38Z","2025-10-01T08:34:24Z","2025-10-01T08:28:38Z",346,"pull_request","completed","success","prune-zephyr-manifest","cd57d1987dd0534937f2ebc205d44e3838971efc","Mikefly123",1
18156420382,116,"2025-10-01T08:36:06Z","2025-10-01T08:38:06Z","2025-10-01T08:36:06Z",120,"pull_request","completed","failure","prune-zephyr-manifest","7d8fc25959fb9ba5dba742677894519d9f5e5afb","Mikefly123",1
18156624679,117,"2025-10-01T08:44:05Z","2025-10-01T08:49:55Z","2025-10-01T08:44:05Z",350,"pull_request","completed","cancelled","prune-zephyr-manifest","e4712a7d4f8f72a8fa0e72ed49d74a57d99d4793","Mikefly123",1
18175014632,118,"2025-10-01T20:39:21Z","2025-10-01T20:47:30Z","2025-10-01T20:39:21Z",489,"pull_request","completed","failure","bump-fprime-zephyr-version","77ae48bea141cd155177b49e39ebaa23e816583c","Mikefly123",1
18178772783,119,"2025-10-01T23:39:57Z","2025-10-01T23:47:51Z","2025-10-01T23:39:57Z",474,"push","completed","success","main","b0fd33ef2586fe306cac00c23bef28791a890294","hrfarmer",1
18179933539,120,"2025-10-02T00:50:29Z","2025-10-02T00:58:14Z","2025-10-02T00:50:29Z",465,"pull_request","completed","success","rtc","16bea0b804f6eff4b982ef9b11f22c31845c3e6a","nateinaction",1
18180195297,121,"2025-10-02T01:06:20Z","2025-10-02T01:14:50Z","2025-10-02T01:06:20Z",510,"push","completed","success","main","18852132d2f8784aa19af98b74a05471b45bb123","asiemsen",1
18180364821,122,"2025-10-02T01:15:52Z","2025-10-02T01:20:17Z","2025-10-02T01:15:52Z",265,"pull_request","completed","success","prune-zephyr-manifest","d0d89ac621f53334ee0757e065221d3d471e7db5","Mikefly123",1
18180528068,123,"2025-10-02T01:25:33Z","2025-10-02T01:30:54Z","2025-10-02T01:30:26Z",28,"pull_request","completed","failure","prune-zephyr-manifest","38e08902586af338d8904c97c6f9581d78911490","Mikefly123",2
18180700838,124,"2025-10-02T01:35:58Z","2025-10-02T01:44:34Z","2025-10-02T01:35:58Z",516,"pull_request","completed","success","bootloader-trigger","6d3ca8967b4ca3eef1cca5d6c707a9bffcd60f23","hrfarmer",1
18180703688,125,"2025-10-02T01:36:08Z","2025-10-02T01:36:37Z","2025-10-02T01:36:08Z",29,"pull_request","completed","failure","prune-zephyr-manifest","0a0638891b94f1047536e178f9261906e963bfdb","Mikefly123",1
18180800201,126,"2025-10-02T01:42:17Z","2025-10-02T01:42:44Z","2025-10-02T01:42:17Z",27,"pull_request","completed","failure","prune-zephyr-manifest","eec84007517195fd56210c99c99e3619db2f6118","Mikefly123",1
18180852959,127,"2025-10-02T01:45:35Z","2025-10-02T01:46:05Z","2025-10-02T01:45:35Z",30,"pull_request","completed","failure","prune-zephyr-manifest","07fa7788085ebadcf9ba9c9e148710a521bbebed","Mikefly123",1
18180927818,128,"2025-10-02T01:50:40Z","2025-10-02T01:58:32Z","2025-10-02T01:54:55Z",217,"pull_request","completed","success","prune-zephyr-manifest","14e5077fb5bbaf65b4dde96a46bbd60314d6be86","Mikefly123",2
18185077015,129,"2025-10-02T06:18:44Z","2025-10-02T06:22:37Z","2025-10-02T06:18:44Z",233,"pull_request","completed","success","prune-zephyr-manifest","ec0101c72a523501eb692e78d132a930813e4983","Mikefly123",1
18193000476,130,"2025-10-02T12:30:23Z","2025-10-02T12:38:26Z","2025-10-02T12:30:23Z",483,"push","completed","success","main","d1b150236e9177fe0d566422a6960f79b8dd721a","hrfarmer",1
18201328174,131,"2025-10-02T17:57:19Z","2025-10-02T18:05:30Z","2025-10-02T17:57:19Z",491,"pull_request","completed","success","burnwire","094792b08efced40ea6b9a1a5d6d5abf1dd1f20d","ineskhou",1
18205387219,132,"2025-10-02T20:53:45Z","2025-10-02T21:03:08Z","2025-10-02T20:53:45Z",563,"pull_request","completed","success","burnwire","f98d56360128238fde26d0cc16fa22bff3ccda6c","ineskhou",1
18207747908,133,"2025-10-02T22:55:20Z","2025-10-02T23:03:28Z","2025-10-02T22:55:20Z",488,"pull_request","completed","success","burnwire","5f042e6565c9465c0a59df549cc13e4c94aeb4a9","ineskhou",1
18235318884,134,"2025-10-03T22:31:42Z","2025-10-03T22:41:07Z","2025-10-03T22:31:42Z",565,"pull_request","completed","success","bootloader-script","ab4458df5d85e201711e41caa673b2141fa34bce","hrfarmer",1
18236298785,135,"2025-10-03T23:41:18Z","2025-10-03T23:49:26Z","2025-10-03T23:41:18Z",488,"pull_request","completed","success","bootloader-script","3a788b2842fcffa15dfc4ce8c9ba015268fe2652","hrfarmer",1
18246985482,136,"2025-10-04T16:50:48Z","2025-10-04T16:59:03Z","2025-10-04T16:50:48Z",495,"pull_request","completed","success","bootloader-script","37e293265af52927b9fc3f71b86189c977ba66d5","hrfarmer",1
18247331398,137,"2025-10-04T17:23:35Z","2025-10-04T17:32:34Z","2025-10-04T17:23:35Z",539,"pull_request","completed","cancelled","bootloader-script","12a3b83d501d92e77e52cc7a1f3cb7bfea83f562","hrfarmer",1
18247455823,138,"2025-10-04T17:34:51Z","2025-10-04T17:36:58Z","2025-10-04T17:34:51Z",127,"push","completed","cancelled","bootloader-script","770ed65449c2026899c08fa9572d25cbe73f6f16","hrfarmer",1
18247456052,139,"2025-10-04T17:34:53Z","2025-10-04T17:36:31Z","2025-10-04T17:34:53Z",98,"pull_request","completed","cancelled","bootloader-script","770ed65449c2026899c08fa9572d25cbe73f6f16","hrfarmer",1
18247480825,140,"2025-10-04T17:37:08Z","2025-10-04T17:50:10Z","2025-10-04T17:37:08Z",782,"pull_request","completed","failure","bootloader-script","2379653a736d5b688f51853951d1cdc065839bc3","hrfarmer",1
18247659230,141,"2025-10-04T17:58:21Z","2025-10-04T18:06:39Z","2025-10-04T17:58:21Z",498,"pull_request","completed","failure","bootloader-script","7e2123254eb09c0feb91f21085389c1fe9045081","hrfarmer",1
18247664643,142,"2025-10-04T17:59:09Z","2025-10-04T18:07:24Z","2025-10-04T17:59:09Z",495,"pull_request","completed","failure","bootloader-script","dd669d8e4a67e504fc65d6bf67027d297fa4e374","hrfarmer",1
18247678933,143,"2025-10-04T18:00:45Z","2025-10-04T18:08:31Z","2025-10-04T18:00:45Z",466,"pull_request","completed","failure","bootloader-script","c6bacc1cb36466add71a6f017843d425f5a18d10","hrfarmer",1
18247690969,144,"2025-10-04T18:01:49Z","2025-10-04T18:10:29Z","2025-10-04T18:01:49Z",520,"pull_request","completed","failure","bootloader-script","f1bbea69ceda434bb7c3cdd1456ca7dc1c43eff2","hrfarmer",1
18247718301,145,"2025-10-04T18:04:05Z","2025-10-04T18:12:31Z","2025-10-04T18:04:05Z",506,"pull_request","completed","failure","bootloader-script","c61f8de1958f45726b8e4cadb56405198055c010","hrfarmer",1
18247807455,146,"2025-10-04T18:11:55Z","2025-10-04T18:20:04Z","2025-10-04T18:11:55Z",489,"pull_request","completed","failure","bootloader-script","43fc12a8fcb3d2284b0502e97d80a1d3ee4e0be6","hrfarmer",1
18247820490,147,"2025-10-04T18:13:01Z","2025-10-04T18:13:57Z","2025-10-04T18:13:01Z",56,"pull_request","completed","cancelled","bootloader-script","27192a0047137e01932a721f2a08d1007d185f2f","hrfarmer",1
18247848051,148,"2025-10-04T18:15:27Z","2025-10-04T18:24:06Z","2025-10-04T18:15:27Z",519,"pull_request","completed","failure","bootloader-script","61a570c4defff60d8d0b965b3043e837f2cdfef8","hrfarmer",1
18247872092,149,"2025-10-04T18:17:37Z","2025-10-04T18:25:23Z","2025-10-04T18:17:37Z",466,"pull_request","completed","failure","bootloader-script","0e21bcaba0b714668e08d6280c2a807ee7d2b389","hrfarmer",1
18247882492,150,"2025-10-04T18:18:39Z","2025-10-04T18:27:12Z","2025-10-04T18:18:39Z",513,"pull_request","completed","failure","bootloader-script","72b0401ef7f92d773537cb98b34129f98e2cd374","hrfarmer",1
18247925910,151,"2025-10-04T18:22:37Z","2025-10-04T18:30:37Z","2025-10-04T18:22:37Z",480,"pull_request","completed","failure","bootloader-script","6961c3a30d07ea28dbbeb9fb6dd115e1f19cc365","hrfarmer",1
18247966816,152,"2025-10-04T18:26:26Z","2025-10-04T18:34:51Z","2025-10-04T18:26:26Z",505,"pull_request","completed","failure","bootloader-script","11a363a7b2e6f12016a583112ae8146e48a513f3","hrfarmer",1
18248007883,153,"2025-10-04T18:30:14Z","2025-10-04T18:38:30Z","2025-10-04T18:30:14Z",496,"pull_request","completed","failure","bootloader-script","ef13ff742fb6ba9ba743cb136a8c6dc23ec6b48e","hrfarmer",1
18248056575,154,"2025-10-04T18:34:59Z","2025-10-04T18:43:04Z","2025-10-04T18:34:59Z",485,"pull_request","completed","failure","bootloader-script","8a57a9d9d9a73ce2ad9ba7324df1d5cdf1e2b514","hrfarmer",1
18248083788,155,"2025-10-04T18:37:35Z","2025-10-04T18:38:29Z","2025-10-04T18:37:35Z",54,"pull_request","completed","failure","prune-zephyr-manifest","fa816bfde52e0cdf95d74713ea04f2a56cb31b84","nateinaction",1
18248106528,156,"2025-10-04T18:39:41Z","2025-10-04T18:41:06Z","2025-10-04T18:39:41Z",85,"pull_request","completed","failure","prune-zephyr-manifest","01c93bd9949fc0f307b81f2233dc2762a4112577","nateinaction",1
18248149706,157,"2025-10-04T18:43:47Z","2025-10-04T18:52:03Z","2025-10-04T18:43:47Z",496,"pull_request","completed","failure","bootloader-script","cc5ec17f03ca0d72b1636bfb9c88c5c69a454261","hrfarmer",1
18248154901,158,"2025-10-04T18:44:18Z","2025-10-04T18:52:43Z","2025-10-04T18:44:18Z",505,"pull_request","completed","failure","bootloader-script","d18f209149186ef0b9880de686e7fb24e04b5781","hrfarmer",1
18248169758,159,"2025-10-04T18:45:45Z","2025-10-04T18:53:58Z","2025-10-04T18:45:45Z",493,"pull_request","completed","failure","bootloader-script","a1dfb75b9425260c17a5833a6dec7ccee4f07539","hrfarmer",1
18248213600,160,"2025-10-04T18:49:47Z","2025-10-04T18:57:40Z","2025-10-04T18:49:47Z",473,"pull_request","completed","failure","bootloader-script","07b955ed6d3ba1a3020935ca17de3f536a1ac49b","hrfarmer",1
18248315715,161,"2025-10-04T19:01:52Z","2025-10-04T19:10:30Z","2025-10-04T19:01:52Z",518,"pull_request","completed","failure","bootloader-script","773df56a374c830d00f74b7010cac249fd1cb46b","hrfarmer",1
18248376899,162,"2025-10-04T19:07:01Z","2025-10-04T19:15:34Z","2025-10-04T19:07:01Z",513,"pull_request","completed","failure","bootloader-script","542af015835aece8164a7e5690423b1eb3e3d7d4","hrfarmer",1
18248398142,163,"2025-10-04T19:09:03Z","2025-10-04T19:16:48Z","2025-10-04T19:09:03Z",465,"pull_request","completed","failure","bootloader-script","948ea12f32c308f4aeeee9d69f9592d6316a57d0","hrfarmer",1
18248417227,164,"2025-10-04T19:10:49Z","2025-10-04T19:19:27Z","2025-10-04T19:10:49Z",518,"pull_request","completed","failure","bootloader-script","60c651654ada9ffd04512effcfb63a4fb1c37cea","hrfarmer",1
18249582641,165,"2025-10-04T21:10:08Z","2025-10-04T21:18:09Z","2025-10-04T21:10:08Z",481,"pull_request","completed","success","bootloader-script","6a6209bc3db9a737c83b939ad187cc5d9e74e582","hrfarmer",1
18249618608,166,"2025-10-04T21:13:21Z","2025-10-04T21:21:55Z","2025-10-04T21:13:21Z",514,"pull_request","completed","failure","bootloader-script","e08b727290d90647a86b972a954bf8cb638a022c","hrfarmer",1
18249730139,167,"2025-10-04T21:23:33Z","2025-10-04T21:42:27Z","2025-10-04T21:41:46Z",41,"pull_request","completed","success","bootloader-script","051cfe62a2d3e44ddead2e9a37cae27a027255ef","hrfarmer",2
18250340436,168,"2025-10-04T22:26:41Z","2025-10-04T22:36:07Z","2025-10-04T22:26:41Z",566,"pull_request","completed","failure","bootloader-script","47b121e75df69c426df1b9a80eb7c01c717e84d8","nateinaction",1
18250404644,169,"2025-10-04T22:32:55Z","2025-10-04T22:42:20Z","2025-10-04T22:32:55Z",565,"pull_request","completed","failure","bootloader-script","da9a07f84b001523906212534b9044afe1a43336","nateinaction",1
18250438667,170,"2025-10-04T22:36:14Z","2025-10-04T22:44:59Z","2025-10-04T22:36:14Z",525,"pull_request","completed","failure","bootloader-script","2b3c38fe64aa83f9712fb89848c9d05bb864dd56","nateinaction",1
18250460476,171,"2025-10-04T22:38:32Z","2025-10-04T22:48:07Z","2025-10-04T22:38:32Z",575,"pull_request","completed","failure","bootloader-script","7ec4580087de706c30e7fa38021cdcd291b843d3","nateinaction",1
18250470450,172,"2025-10-04T22:39:36Z","2025-10-04T22:48:52Z","2025-10-04T22:39:36Z",556,"pull_request","completed","failure","bootloader-script","6b63c949b90f111da13c01bf02c174acc359eea4","nateinaction",1
18250489723,173,"2025-10-04T22:41:44Z","2025-10-04T22:50:17Z","2025-10-04T22:41:44Z",513,"pull_request","completed","failure","bootloader-script","5fd5ab8c014e90f85d48788e0c46275da1a2e70b","nateinaction",1
18250728224,174,"2025-10-04T23:09:57Z","2025-10-04T23:19:37Z","2025-10-04T23:09:57Z",580,"pull_request","completed","failure","bootloader-script","836e6a6b7ca688333e0903c19514ea809905aacb","hrfarmer",1
18250765460,175,"2025-10-04T23:13:31Z","2025-10-04T23:13:56Z","2025-10-04T23:13:31Z",25,"pull_request","completed","failure","prune-zephyr-manifest","b6e0556ec870f44183b11702539a0950cfc8f742","nateinaction",1
18250796258,176,"2025-10-04T23:16:37Z","2025-10-04T23:19:57Z","2025-10-04T23:16:37Z",200,"pull_request","completed","success","prune-zephyr-manifest","8f09e13494c47e9aa8e5348f4228b857ca4da5fe","nateinaction",1
18251040328,177,"2025-10-04T23:42:36Z","2025-10-04T23:47:00Z","2025-10-04T23:42:36Z",264,"push","completed","success","main","2acf608daf07743fa0ef8bfe9df20bc4b6c81052","nateinaction",1
18251250360,178,"2025-10-05T00:07:48Z","2025-10-07T20:45:39Z","2025-10-07T20:44:20Z",79,"pull_request","completed","failure","bootloader-script","4b9ead49bd86d0fa863c16b8002ea3323e8de696","hrfarmer",21
18251464115,179,"2025-10-05T00:28:00Z","2025-10-05T00:28:34Z","2025-10-05T00:28:00Z",34,"pull_request","completed","failure","bootloader-script","896484183b212a65e48ff82e1df2997c50b3a7b0","hrfarmer",1
18251544771,180,"2025-10-05T00:35:28Z","2025-10-05T00:40:52Z","2025-10-05T00:40:28Z",24,"pull_request","completed","failure","fix-cache","4959e800204eef654f7233c62f740d61a95459ac","nateinaction",2
18251648468,181,"2025-10-05T00:45:17Z","2025-10-05T00:46:28Z","2025-10-05T00:45:17Z",71,"pull_request","completed","failure","radio","868fc66938ddb200631dfb3a895c86cda178f134","ineskhou",1
18251725621,182,"2025-10-05T00:52:56Z","2025-10-05T00:53:26Z","2025-10-05T00:52:56Z",30,"pull_request","completed","failure","fix-cache","1a9ba54d2bffd0b255818ecaac6bf390013d76c6","nateinaction",1
18251813321,183,"2025-10-05T01:01:38Z","2025-10-05T01:02:02Z","2025-10-05T01:01:38Z",24,"pull_request","completed","failure","fix-cache","8b5322fe4df286a1e34d1fad163a83fbc98e9800","nateinaction",1
18251839660,184,"2025-10-05T01:04:15Z","2025-10-05T01:04:47Z","2025-10-05T01:04:15Z",32,"pull_request","completed","failure","fix-cache","d5403b111a6a79585dd4515bc6eef795f718a3b6","nateinaction",1
18251927233,185,"2025-10-05T01:12:48Z","2025-10-05T01:13:19Z","2025-10-05T01:12:48Z",31,"pull_request","completed","failure","fix-cache","5997380f943137c2b118c43d740652138b228ece","nateinaction",1
18251962972,186,"2025-10-05T01:16:26Z","2025-10-05T01:20:35Z","2025-10-05T01:16:26Z",249,"pull_request","completed","success","fix-cache","13166da74d666c3d22165cf4f6f9172c95292aad","nateinaction",1
18252066468,187,"2025-10-05T01:26:37Z","2025-10-05T01:31:03Z","2025-10-05T01:26:37Z",266,"push","completed","success","main","50d297e5528507e941de77a6926ae84701e1af54","nateinaction",1
18252130469,188,"2025-10-05T01:32:36Z","2025-10-05T19:54:32Z","2025-10-05T19:53:42Z",50,"pull_request","completed","failure","bootloader-script","ba3eb3036797ecbd2c5fdd722b982eeb087661c9","hrfarmer",2
18254485014,189,"2025-10-05T05:27:33Z","2025-10-05T05:28:44Z","2025-10-05T05:27:33Z",71,"pull_request","completed","failure","radio","30fe6193149e641dbd949093c39398e02d444224","ineskhou",1
18254615188,190,"2025-10-05T05:40:30Z","2025-10-05T05:44:57Z","2025-10-05T05:40:30Z",267,"pull_request","completed","failure","radio","e677465c166487177b48e146132d7faa870d4837","ineskhou",1
18264028771,191,"2025-10-05T20:36:08Z","2025-10-05T20:41:15Z","2025-10-05T20:36:08Z",307,"pull_request","completed","failure","bootloader-script","3336e0095480268e4e18b242ebe9f732968bbf91","nateinaction",1
18264113808,192,"2025-10-05T20:44:22Z","2025-10-05T20:55:29Z","2025-10-05T20:51:07Z",262,"pull_request","completed","success","fix-cache-2","991c9772fdb2fa54d6069be52b39c984407fa73c","nateinaction",2
18265387528,193,"2025-10-05T22:45:43Z","2025-10-05T22:50:12Z","2025-10-05T22:45:43Z",269,"pull_request","completed","failure","fix-cache-2","0173b6d86325c874bcd976a81491cb81293bbecd","nateinaction",1
18265507136,194,"2025-10-05T23:00:21Z","2025-10-05T23:04:54Z","2025-10-05T23:00:21Z",273,"pull_request","completed","failure","fix-cache-2","b3bdec5cb5aeee271aba6ddc4d814cba235ace99","nateinaction",1
18265587067,195,"2025-10-05T23:05:57Z","2025-10-05T23:15:37Z","2025-10-05T23:11:15Z",262,"pull_request","completed","success","fix-cache-2","9523e2f4db64e695a7161a925b3f72f255a9930d","nateinaction",2
18265738597,196,"2025-10-05T23:19:01Z","2025-10-05T23:19:30Z","2025-10-05T23:19:01Z",29,"pull_request","completed","failure","fix-cache-2","4867b606235ed1001ef44643123c2cadf7a90af4","nateinaction",1
18265786914,197,"2025-10-05T23:23:28Z","2025-10-05T23:39:04Z","2025-10-05T23:35:29Z",215,"pull_request","completed","success","fix-cache-2","32497b81ba12c3a4d891185e3d36a9a2fbb16fa9","nateinaction",2
18265995838,198,"2025-10-05T23:45:20Z","2025-10-05T23:45:51Z","2025-10-05T23:45:20Z",31,"pull_request","completed","failure","fix-cache-2","2eb9e970716a9dba5e2e1fdb3fb31e29f22691a7","nateinaction",1
18266037635,199,"2025-10-05T23:49:44Z","2025-10-05T23:56:25Z","2025-10-05T23:52:08Z",257,"pull_request","completed","success","fix-cache-2","d583447dcc1212accae2840a5554f84323ddd8ea","nateinaction",2
18266103846,200,"2025-10-05T23:58:07Z","2025-10-06T00:01:33Z","2025-10-05T23:58:07Z",206,"pull_request","completed","success","fix-cache-2","e52a69280994757e9fb522e677bfa093d18cbd1a","nateinaction",1
18266121523,201,"2025-10-06T00:00:24Z","2025-10-06T00:03:51Z","2025-10-06T00:00:24Z",207,"pull_request","completed","success","fix-cache-2","d13d02f22f0f25e4f1ebb97a619bbb611e7e766e","nateinaction",1
18266203339,202,"2025-10-06T00:06:05Z","2025-10-06T00:15:59Z","2025-10-06T00:12:21Z",218,"pull_request","completed","success","fix-cache-2","7b8227947974eb1192785d3bf9d60ab3dde2333c","nateinaction",2
18266337126,203,"2025-10-06T00:14:54Z","2025-10-06T00:35:02Z","2025-10-06T00:34:18Z",44,"pull_request","completed","failure","fix-cache-2","b3c12e9882739ecf45095eac0839e55441c0a6a5","nateinaction",2
18266540803,204,"2025-10-06T00:28:01Z","2025-10-06T00:32:22Z","2025-10-06T00:28:01Z",261,"pull_request","completed","success","burnwire","b09d892a587a58db2366227bcc6ff6313eaaa57a","ineskhou",1
18266671496,205,"2025-10-06T00:35:58Z","2025-10-06T00:40:13Z","2025-10-06T00:35:58Z",255,"pull_request","completed","success","burnwire3","ead5705c3ecbd6d2d6bb509bfd06e4301aa2a911","ineskhou",1
18266776999,206,"2025-10-06T00:43:36Z","2025-10-06T00:50:58Z","2025-10-06T00:47:17Z",221,"pull_request","completed","success","fix-cache-2","91ed8084c1313f3f3ec7c286f1992a497343e58a","nateinaction",2
18269024675,207,"2025-10-06T03:18:39Z","2025-10-06T16:51:28Z","2025-10-06T16:47:07Z",261,"pull_request","completed","failure","radio","221c9e1708b7b56b62c78730d70d63f6dd18889f","LeStarch",2
18270431775,208,"2025-10-06T04:52:01Z","2025-10-06T04:56:17Z","2025-10-06T04:52:01Z",256,"pull_request","completed","success","burnwire","9b36eab8d36ecc2cf3bd932755e4a889c1f82172","ineskhou",1
18271137846,209,"2025-10-06T05:34:31Z","2025-10-06T05:38:18Z","2025-10-06T05:34:31Z",227,"pull_request","completed","failure","radio","3369a2ee3b85b605367e5d30797ac912e0109dcb","Mikefly123",1
18271661932,210,"2025-10-06T06:07:45Z","2025-10-06T06:12:01Z","2025-10-06T06:07:45Z",256,"pull_request","completed","success","burnwire","8a6c4adb07bbc35049d1090bfa6ed07a081006a6","ineskhou",1
18271683454,211,"2025-10-06T06:08:49Z","2025-10-06T06:13:48Z","2025-10-06T06:08:49Z",299,"pull_request","completed","success","burnwire","38a228baf793a28605d581847f6db3ddd564a0e1","ineskhou",1
18271724485,212,"2025-10-06T06:10:46Z","2025-10-06T06:14:52Z","2025-10-06T06:10:46Z",246,"pull_request","completed","success","burnwire","cc87a1afea71ac35d1163bd24622665c1e8a916d","ineskhou",1
18272512660,213,"2025-10-06T06:50:35Z","2025-10-06T06:51:38Z","2025-10-06T06:50:35Z",63,"pull_request","completed","cancelled","radio-main-merge","36b731920334614cced24d4979fdcf8b80d75b44","Mikefly123",1
18272525797,214,"2025-10-06T06:51:13Z","2025-10-06T06:54:35Z","2025-10-06T06:51:13Z",202,"pull_request","completed","failure","radio-main-merge","598a3e7a7ad3370e757a51d53a43c946d458dd89","Mikefly123",1
18273066474,215,"2025-10-06T07:16:33Z","2025-10-06T07:22:15Z","2025-10-06T07:16:33Z",342,"pull_request","completed","failure","radio-main-merge","de374ce9ed9db139e39a8b731f884f60b8ba4065","Mikefly123",1
18273332024,216,"2025-10-06T07:28:00Z","2025-10-06T07:31:25Z","2025-10-06T07:28:00Z",205,"pull_request","completed","failure","radio-main-merge","b311de6ba97cc7ea0a6a14237a576f636cf873a2","Mikefly123",1
18273579575,217,"2025-10-06T07:38:22Z","2025-10-06T07:41:34Z","2025-10-06T07:38:22Z",192,"pull_request","completed","failure","radio-main-merge","b887859edb6cf868a999e530c802e8e131aff636","Mikefly123",1
18273747712,218,"2025-10-06T07:45:54Z","2025-10-06T07:49:02Z","2025-10-06T07:45:54Z",188,"pull_request","completed","failure","radio-main-merge","f21ca029477319b760143c0702978450a55d395a","Mikefly123",1
18273855766,219,"2025-10-06T07:51:01Z","2025-10-06T07:55:16Z","2025-10-06T07:51:01Z",255,"pull_request","completed","failure","radio-main-merge","e0acee52e11e8942a6a10f3ca363712b56f01a28","Mikefly123",1
18285660153,220,"2025-10-06T15:15:46Z","2025-10-07T19:53:53Z","2025-10-07T19:53:05Z",48,"pull_request","completed","failure","bootloader-script","32c9e885b35be063482798e395d0277e4425f74c","hrfarmer",9
18287634130,221,"2025-10-06T16:27:22Z","2025-10-06T16:32:59Z","2025-10-06T16:27:22Z",337,"pull_request","completed","failure","radio-main-merge","2306a7430f997d208faa6208ff990e8e9ee0a306","Mikefly123",1
18287879816,222,"2025-10-06T16:36:50Z","2025-10-06T16:44:11Z","2025-10-06T16:36:50Z",441,"pull_request","completed","failure","run-make-fmt-only","5ecb9399edb92d384fc24717a3f0af8b571da4e6","Mikefly123",1
18296098381,224,"2025-10-06T22:24:08Z","2025-10-07T01:24:51Z","2025-10-07T01:20:43Z",248,"pull_request","completed","success","copilot/fix-058fbbfc-dd1c-484a-a127-6c6cde2d5652","9417f8c436d5040e17368e7887e6d6deb24d810e","Copilot",2
18296098429,225,"2025-10-06T22:24:08Z","2025-10-07T01:25:10Z","2025-10-07T01:20:43Z",267,"pull_request","completed","success","copilot/fix-058fbbfc-dd1c-484a-a127-6c6cde2d5652","9417f8c436d5040e17368e7887e6d6deb24d810e","Copilot",2
18296442964,226,"2025-10-06T22:40:41Z","2025-10-07T22:48:27Z","2025-10-07T22:47:21Z",66,"pull_request","completed","failure","bootloader-script","f31031b76998a72d167c185afd574f50f8dc9e65","hrfarmer",9
18296717221,227,"2025-10-06T22:57:44Z","2025-10-06T22:58:12Z","2025-10-06T22:57:44Z",28,"pull_request","completed","failure","fix-cache-2","221a83c8a3888d26a8d68b7021a0ebfcff1efab0","nateinaction",1
18296722479,228,"2025-10-06T22:58:06Z","2025-10-06T23:01:31Z","2025-10-06T22:58:06Z",205,"pull_request","completed","failure","radio","4b868ade8624e1edaf76c906980e19e5a35087f2","Mikefly123",1
18298726307,229,"2025-10-07T00:55:20Z","2025-10-07T00:59:57Z","2025-10-07T00:55:20Z",277,"pull_request","completed","success","radio","b2deadef533183a53360868a5fa0e0e9f90709a8","Mikefly123",1
18298807688,230,"2025-10-07T01:00:08Z","2025-10-07T01:04:24Z","2025-10-07T01:00:08Z",256,"pull_request","completed","success","radio","a67e02b6fcbacc247a53988ddaa2f3430b9e3249","Mikefly123",1
18324060076,231,"2025-10-07T19:34:47Z","2025-10-07T20:06:08Z","2025-10-07T20:04:42Z",86,"pull_request","completed","failure","detect-bootloader","368d8ba4dfbad8d7c2e34055623f05bd6513a99c","Mikefly123",3
18324838120,232,"2025-10-07T20:08:48Z","2025-10-07T21:12:21Z","2025-10-07T20:08:48Z",3813,"pull_request","completed","failure","detect-bootloader","bd01dd2ecf0c9637bebe92da4caedfaf2704cab9","Mikefly123",1
18324862031,233,"2025-10-07T20:09:47Z","2025-10-07T23:56:13Z","2025-10-07T23:55:13Z",60,"pull_request","completed","success","detect-bootloader","7ebad52d014a17e5a42da77c8011868496fe3770","Mikefly123",17
18328417366,234,"2025-10-07T22:57:52Z","2025-10-08T00:02:45Z","2025-10-08T00:01:46Z",59,"push","completed","success","main","4bbe9bca4a36ceaffdfa7eae7ba407ec713a0901","hrfarmer",3
18329433564,235,"2025-10-07T23:59:41Z","2025-10-08T00:02:27Z","2025-10-07T23:59:41Z",166,"pull_request","completed","success","detect-bootloader","28965cbd5d708aae66bdd36575d6e75f010f310b","Mikefly123",1
18329516515,236,"2025-10-08T00:04:25Z","2025-10-08T00:06:09Z","2025-10-08T00:04:25Z",104,"push","completed","success","main","5994446f775cc1cc283b7526dc65c885e768da72","ineskhou",1
18329566833,237,"2025-10-08T00:07:12Z","2025-10-08T00:08:54Z","2025-10-08T00:07:12Z",102,"pull_request","completed","success","change-linter-run","771687b70336123d0d497745c667d593d8def7c3","Mikefly123",1
18329600785,238,"2025-10-08T00:09:12Z","2025-10-08T22:58:19Z","2025-10-08T22:57:19Z",60,"push","completed","success","main","2d92aeb59a23b67dee5fc000e4287649ef0a65ee","Mikefly123",4
18331261418,239,"2025-10-08T01:49:12Z","2025-10-08T02:13:57Z","2025-10-08T02:12:09Z",108,"pull_request","completed","failure","burnwire","48d4a55bd9be7b22da72e6f71146459af4aaef4b","ineskhou",2
18331663565,240,"2025-10-08T02:14:51Z","2025-10-08T02:25:20Z","2025-10-08T02:23:35Z",105,"pull_request","completed","failure","burnwire","ff93cc670bd8ce9d6cfbefc8a45da12003cf5842","ineskhou",4
18336626261,241,"2025-10-08T07:04:47Z","2025-10-08T07:07:26Z","2025-10-08T07:04:47Z",159,"pull_request","completed","failure","burnwire","8e117151278f8bb696add421fd1c614a0309310d","ineskhou",1
18336682745,242,"2025-10-08T07:07:10Z","2025-10-08T07:09:36Z","2025-10-08T07:07:10Z",146,"pull_request","completed","failure","burnwire","9d2b20c3f07d90e65f19714f5803262c8e794e0e","ineskhou",1
18336777740,243,"2025-10-08T07:11:08Z","2025-10-08T07:12:50Z","2025-10-08T07:11:08Z",102,"pull_request","completed","success","burnwire","4396e59499eb327c83161a260fe2c810e92f5c89","ineskhou",1
18337104220,244,"2025-10-08T07:24:39Z","2025-10-08T07:27:00Z","2025-10-08T07:24:39Z",141,"pull_request","completed","failure","burnwire","b5604ebeddb1b93f90eb00bdc14603224bc4564d","ineskhou",1
18337617034,245,"2025-10-08T07:47:02Z","2025-10-08T07:49:28Z","2025-10-08T07:47:02Z",146,"pull_request","completed","failure","burnwire","c5d8396d55205e944692828f7d79efe3e73c6566","ineskhou",1
18337895808,246,"2025-10-08T08:00:01Z","2025-10-08T08:02:29Z","2025-10-08T08:00:01Z",148,"pull_request","completed","cancelled","burnwire","63beefac7f82a3bbe2f79fbb9c9a16b317f69c9d","ineskhou",1
18337951577,247,"2025-10-08T08:02:12Z","2025-10-08T08:05:08Z","2025-10-08T08:02:12Z",176,"pull_request","completed","failure","burnwire","cb074c9e401aa4b005e6ae28e872bdab63595a5b","ineskhou",1
18338445159,248,"2025-10-08T08:21:19Z","2025-10-08T08:23:11Z","2025-10-08T08:21:19Z",112,"pull_request","completed","cancelled","burnwire","2318eebc5f92d50711605c0ff99d3a3e5cff7e5a","ineskhou",1
18338533874,249,"2025-10-08T08:24:37Z","2025-10-08T08:27:04Z","2025-10-08T08:24:37Z",147,"pull_request","completed","failure","burnwire","5429e543478d694c95cb61db1e606370b107f7b9","ineskhou",1
18338801571,250,"2025-10-08T08:35:14Z","2025-10-08T08:37:40Z","2025-10-08T08:35:14Z",146,"pull_request","completed","failure","burnwire","1b9c971951781db3458018ada349fadf1a0c5988","ineskhou",1
18339185081,251,"2025-10-08T08:50:25Z","2025-10-08T08:52:55Z","2025-10-08T08:50:25Z",150,"pull_request","completed","failure","burnwire","0edf20e93d68c16bde3f609c67845b470d7e7925","ineskhou",1
18339292223,252,"2025-10-08T08:54:34Z","2025-10-08T08:57:00Z","2025-10-08T08:54:34Z",146,"pull_request","completed","failure","burnwire","bc05006fdb6abf2dcbd2f2c6a0ba441bf7105175","ineskhou",1
18339437306,253,"2025-10-08T09:00:38Z","2025-10-08T09:03:08Z","2025-10-08T09:00:38Z",150,"pull_request","completed","failure","burnwire","e3e7257f0a5e66bcd760dfd3161c8aa9932191bb","ineskhou",1
18339621318,254,"2025-10-08T09:07:19Z","2025-10-08T09:09:44Z","2025-10-08T09:07:19Z",145,"pull_request","completed","failure","burnwire","edbce4f697e4a50c6375677e809c7cd6bc7cb86c","ineskhou",1
18339749243,255,"2025-10-08T09:11:57Z","2025-10-08T09:14:25Z","2025-10-08T09:11:57Z",148,"pull_request","completed","failure","burnwire","70f4265d570187a206b24589a1359b59a09d0053","ineskhou",1
18339837919,256,"2025-10-08T09:15:17Z","2025-10-08T09:17:43Z","2025-10-08T09:15:17Z",146,"pull_request","completed","failure","burnwire","4a82847d66ef53e944c93e18e31c4abc1da28996","ineskhou",1
18339941836,257,"2025-10-08T09:19:08Z","2025-10-08T09:21:37Z","2025-10-08T09:19:08Z",149,"pull_request","completed","failure","burnwire","12f4a21ed666769c960edea51fe4eb3a2dc97fe9","ineskhou",1
18351299625,258,"2025-10-08T16:22:14Z","2025-10-08T16:24:41Z","2025-10-08T16:22:14Z",147,"pull_request","completed","failure","burnwire","aedaed7de4c75bc99138a8103e18a6b2198bf21c","ineskhou",1
18353040673,259,"2025-10-08T17:32:55Z","2025-10-08T17:35:24Z","2025-10-08T17:32:55Z",149,"pull_request","completed","failure","burnwire","c400d3058a7e2f0dc6548c1e358ed3870db60224","ineskhou",1
18353213452,260,"2025-10-08T17:40:10Z","2025-10-08T17:42:36Z","2025-10-08T17:40:10Z",146,"pull_request","completed","failure","burnwire","1812ab97aca14c4edafb1122446a00b943bd7198","ineskhou",1
18353766755,261,"2025-10-08T18:04:23Z","2025-10-08T18:06:53Z","2025-10-08T18:04:23Z",150,"pull_request","completed","failure","burnwire","493f7295e72bd62048e281260ef40ad6c3271e1d","ineskhou",1
18354018235,262,"2025-10-08T18:14:21Z","2025-10-08T18:16:23Z","2025-10-08T18:14:21Z",122,"pull_request","completed","cancelled","burnwire","0bba563ca8c3c865cb1bc86806cbf7d4ac59279c","ineskhou",1
18354105246,263,"2025-10-08T18:17:49Z","2025-10-08T18:20:20Z","2025-10-08T18:17:49Z",151,"pull_request","completed","failure","burnwire","3dd9aa5525f80d40ae9dbf887b38bf4d52c71e77","ineskhou",1
18354377131,264,"2025-10-08T18:28:32Z","2025-10-08T18:35:04Z","2025-10-08T18:33:15Z",109,"pull_request","completed","failure","burnwire","be62bcb5b7328c44c4723514512afc2f6788b7cf","ineskhou",2
18354471875,265,"2025-10-08T18:32:21Z","2025-10-08T18:34:54Z","2025-10-08T18:32:21Z",153,"pull_request","completed","failure","burnwire","3ea238178603e9d76e0a0c2ccb638482a01f4541","ineskhou",1
18354643139,266,"2025-10-08T18:39:39Z","2025-10-08T18:42:14Z","2025-10-08T18:39:39Z",155,"pull_request","completed","cancelled","burnwire","76df28f6398319b8c3738eb05477d720b8fd8bc7","ineskhou",1
18354716962,267,"2025-10-08T18:42:47Z","2025-10-08T18:45:22Z","2025-10-08T18:42:47Z",155,"pull_request","completed","failure","burnwire","b885ae7e6488103d669c6ab68f5fff49e393b696","ineskhou",1
18354853081,268,"2025-10-08T18:48:35Z","2025-10-08T18:50:17Z","2025-10-08T18:48:35Z",102,"pull_request","completed","success","burnwire","531c4b5155c339d865e3a13f0a68d7f3bc65dbf6","ineskhou",1
18355029237,269,"2025-10-08T18:55:54Z","2025-10-08T18:58:57Z","2025-10-08T18:57:55Z",62,"pull_request","completed","success","burnwire","bef77a503854418e76b4f7eb4ea2dd159413c4b6","ineskhou",2
18355159007,270,"2025-10-08T19:01:42Z","2025-10-08T19:03:31Z","2025-10-08T19:01:42Z",109,"pull_request","completed","success","burnwire","c9d69ac788c9ab242eebe480e4f77445bc720882","ineskhou",1
18355263001,271,"2025-10-08T19:05:43Z","2025-10-08T19:13:10Z","2025-10-08T19:12:06Z",64,"pull_request","completed","success","burnwire","55ebb06a09effa9fda0f75e81126a5c35b254807","ineskhou",2
18355477981,272,"2025-10-08T19:14:16Z","2025-10-08T22:28:58Z","2025-10-08T22:27:50Z",68,"pull_request","completed","success","burnwire","8593802b27b182f0ff3a6bd2a3e66c05fff2a995","ineskhou",3
18357718327,273,"2025-10-08T20:50:52Z","2025-10-08T22:25:02Z","2025-10-08T22:24:14Z",48,"pull_request","completed","failure","radio","f3d422adb34b5f7349edd01b56c95c53031f4fa0","Mikefly123",3
18359921322,274,"2025-10-08T22:38:33Z","2025-10-08T22:40:25Z","2025-10-08T22:38:33Z",112,"pull_request","completed","failure","burnwire","3dadcf0bb6185fc81df08fdb0cdc4b4009b24dec","ineskhou",1
18359974906,275,"2025-10-08T22:41:38Z","2025-10-08T22:43:22Z","2025-10-08T22:41:38Z",104,"pull_request","completed","failure","burnwire","a7171170a8a28b2ad552a71b6959023e0252597c","ineskhou",1
18359986499,276,"2025-10-08T22:42:13Z","2025-10-08T22:44:11Z","2025-10-08T22:42:13Z",118,"pull_request","completed","failure","burnwire","32848f2cc5c9b84775d9ed94824e3d2fd8079095","ineskhou",1
18360033122,277,"2025-10-08T22:45:06Z","2025-10-08T22:51:21Z","2025-10-08T22:50:13Z",68,"pull_request","completed","failure","burnwire","ee7e868e1e5e5f052f6c8afe1d510d4ac549596a","ineskhou",3
18360054644,278,"2025-10-08T22:46:31Z","2025-10-08T22:51:12Z","2025-10-08T22:50:10Z",62,"pull_request","completed","failure","radio","690b31c5017ed97a8445c381df28be9659b9de5c","nateinaction",3
18360192640,279,"2025-10-08T22:55:35Z","2025-10-08T23:02:26Z","2025-10-08T23:01:24Z",62,"pull_request","completed","success","burnwire","0a2973cbc0418c86723d86b654dc096d1b75c994","ineskhou",4
18360265346,280,"2025-10-08T23:00:48Z","2025-10-08T23:05:23Z","2025-10-08T23:04:21Z",62,"pull_request","completed","failure","radio","4469434a9be86137940b4484c1a76dc03aa80dc9","nateinaction",5
18360309015,281,"2025-10-08T23:03:07Z","2025-10-08T23:04:41Z","2025-10-08T23:03:07Z",94,"pull_request","completed","success","fix-bootloader","31bae81ba1b7f0428ec47a545cea6eb25c2a744b","nateinaction",1
18360699808,282,"2025-10-08T23:24:52Z","2025-10-10T22:23:49Z","2025-10-10T22:23:20Z",29,"pull_request","completed","failure","radio","bdbc8e590b85c41d2a172d62e391e18558bbdce1","ineskhou",2
18361271099,283,"2025-10-09T00:02:12Z","2025-10-09T00:02:38Z","2025-10-09T00:02:12Z",26,"pull_request","completed","failure","fix-cache-2","9528559c7a0125a88fea9d8f34dbfb30aca17bc4","nateinaction",1
18361310852,284,"2025-10-09T00:04:27Z","2025-10-09T00:10:01Z","2025-10-09T00:08:27Z",94,"pull_request","completed","failure","fix-cache-2","c5cfd255bb2851483ee1b2f2dfb22d10cd00d8b3","nateinaction",2
18361512304,285,"2025-10-09T00:15:48Z","2025-10-09T00:17:12Z","2025-10-09T00:15:48Z",84,"pull_request","completed","failure","fix-cache-2","56ecab0b5e8ff7a7d2038131c075cc0df5299c37","nateinaction",1
18361768109,286,"2025-10-09T00:29:48Z","2025-10-09T00:31:07Z","2025-10-09T00:29:48Z",79,"pull_request","completed","failure","fix-cache-2","7898cde3c33d43b188ea859e30896aab8234d60e","nateinaction",1
18362077642,288,"2025-10-09T00:49:11Z","2025-10-11T01:59:47Z","2025-10-11T01:58:44Z",63,"pull_request","completed","success","burnwire","9a0e869b18443a7c26476244ad169954d6478950","hrfarmer",2
18362166134,289,"2025-10-09T00:55:03Z","2025-10-10T22:26:57Z","2025-10-10T22:25:55Z",62,"push","completed","success","main","3f8c0213efc9abd6911f5cc18781114d61676a28","ineskhou",3
18366003596,290,"2025-10-09T05:00:29Z","2025-10-09T05:01:58Z","2025-10-09T05:00:29Z",89,"pull_request","completed","failure","fix-cache-2","8d0af4d90f0f930c5f87033782399a10458cecac","nateinaction",1
18366162496,291,"2025-10-09T05:09:36Z","2025-10-09T05:10:58Z","2025-10-09T05:09:36Z",82,"pull_request","completed","failure","fix-cache-2","e491ea941070550202d2c8a06be6c49274b6da78","nateinaction",1
18366236561,292,"2025-10-09T05:13:47Z","2025-10-09T05:15:11Z","2025-10-09T05:13:47Z",84,"pull_request","completed","failure","fix-cache-2","b7fa1fb6e665d32df1afd277400d79b9d6f6897a","nateinaction",1
18366598843,293,"2025-10-09T05:34:19Z","2025-10-09T05:40:46Z","2025-10-09T05:38:08Z",158,"pull_request","completed","failure","fix-cache-2","bfb1e165043e61a7caca3f19bae1ef88dcd94fd0","nateinaction",2
18366831942,294,"2025-10-09T05:48:28Z","2025-10-09T05:50:26Z","2025-10-09T05:48:28Z",118,"pull_request","completed","failure","fix-cache-2","872a1b25b8c9ba92ae1181b6f189809944491e6a","nateinaction",1
18366921835,295,"2025-10-09T05:54:34Z","2025-10-09T05:56:36Z","2025-10-09T05:54:34Z",122,"pull_request","completed","failure","fix-cache-2","c9f458e03bda1982ff8f48cf56bc536d21d0d4b2","nateinaction",1
18366986011,296,"2025-10-09T05:59:06Z","2025-10-09T06:00:46Z","2025-10-09T05:59:06Z",100,"pull_request","completed","failure","fix-cache-2","9acbf006f55880f2fcaa30525e2c7bc3d3fc0e7e","nateinaction",1
18367155207,297,"2025-10-09T06:07:42Z","2025-10-09T06:09:26Z","2025-10-09T06:07:42Z",104,"pull_request","completed","failure","fix-cache-2","9ec2d0cbf611523b6c6c2dd918d023652e15d13b","nateinaction",1
18367210951,298,"2025-10-09T06:10:26Z","2025-10-09T06:10:55Z","2025-10-09T06:10:26Z",29,"pull_request","completed","failure","fix-cache-2","e089218a97b565c45564d7f3ed377aae24407273","nateinaction",1
18367236305,299,"2025-10-09T06:11:37Z","2025-10-09T06:12:16Z","2025-10-09T06:11:37Z",39,"pull_request","completed","failure","fix-cache-2","4e1ebb2249b267f46755e5e8a1acabe774d8e7a3","nateinaction",1
18367251031,300,"2025-10-09T06:12:17Z","2025-10-09T06:12:52Z","2025-10-09T06:12:17Z",35,"pull_request","completed","failure","fix-cache-2","bd100e48de3897c0fb0317f5920d4d66365ffe66","nateinaction",1
18367289946,301,"2025-10-09T06:14:11Z","2025-10-09T06:15:43Z","2025-10-09T06:14:11Z",92,"pull_request","completed","failure","fix-cache-2","a86f9e35890b288756722323561e7076fc9d0c67","nateinaction",1
18367337856,302,"2025-10-09T06:16:27Z","2025-10-09T06:18:06Z","2025-10-09T06:16:27Z",99,"pull_request","completed","failure","fix-cache-2","fb1470adb7e9d6f66d9c5d2fe1b6e9e759124b69","nateinaction",1
18367776234,303,"2025-10-09T06:38:20Z","2025-10-09T06:39:52Z","2025-10-09T06:38:20Z",92,"pull_request","completed","failure","fix-cache-2","b38e8f78cf4b90d2a60b6989ba41d6c160c1c351","nateinaction",1
18367799421,304,"2025-10-09T06:39:28Z","2025-10-09T06:42:14Z","2025-10-09T06:39:28Z",166,"pull_request","completed","failure","fix-cache-2","9f2ac10122e1a81f24e33c7b05c424af1961ad5b","nateinaction",1
18367872488,305,"2025-10-09T06:43:18Z","2025-10-09T06:43:44Z","2025-10-09T06:43:18Z",26,"pull_request","completed","failure","fix-cache-2","ccfe50ed4f35a7dfed57e5e9d8d57d0c8dc6c920","nateinaction",1
18367903205,306,"2025-10-09T06:44:57Z","2025-10-09T06:45:32Z","2025-10-09T06:44:57Z",35,"pull_request","completed","failure","fix-cache-2","efb023eec6acc05013b13698bd03b7abf518df29","nateinaction",1
18367939526,307,"2025-10-09T06:46:48Z","2025-10-09T06:48:20Z","2025-10-09T06:46:48Z",92,"pull_request","completed","failure","fix-cache-2","43ad343f59d64a4f8242284278d09601ebf76d77","nateinaction",1
18368132778,308,"2025-10-09T06:56:19Z","2025-10-11T00:24:49Z","2025-10-11T00:24:02Z",47,"pull_request","completed","failure","fix-cache-2","8f85eb960657674d6acb4303f01f17acd3c01977","nateinaction",5
18420922999,309,"2025-10-10T23:38:45Z","2025-10-10T23:43:06Z","2025-10-10T23:42:10Z",56,"pull_request","completed","success","null-prmdbeeee","a7fc535e4798d4c71d899a2bb8cbae52b90251c8","nateinaction",4
18420984090,310,"2025-10-10T23:43:48Z","2025-10-10T23:45:07Z","2025-10-10T23:43:48Z",79,"push","completed","failure","main","bed1a6dc9f185c5ae50682a9a83a6ec356b56154","nateinaction",1
18421049773,311,"2025-10-10T23:49:17Z","2025-10-10T23:51:02Z","2025-10-10T23:49:17Z",105,"pull_request","completed","success","poke-2","66c5d02c179e205b3a874c9bf37c214c28a15756","nateinaction",1
18421110980,312,"2025-10-10T23:54:15Z","2025-10-10T23:55:58Z","2025-10-10T23:54:15Z",103,"push","completed","success","main","eda4a4cf39e066ac427cb66a9346edaaa57393f6","nateinaction",1
18421151284,313,"2025-10-10T23:58:13Z","2025-10-10T23:58:55Z","2025-10-10T23:58:13Z",42,"pull_request","completed","failure","radio","ceb570f6d785c76579486f7c34e32afe0d641538","nateinaction",1
18421339256,314,"2025-10-11T00:11:16Z","2025-10-11T00:15:58Z","2025-10-11T00:14:54Z",64,"pull_request","completed","success","comdelay","69295f7bcc32c92b17f77aeab87ed0dc05e21865","nateinaction",3
18421422402,315,"2025-10-11T00:16:50Z","2025-10-11T20:17:27Z","2025-10-11T20:15:44Z",103,"push","completed","success","main","7769ee4c0173ad00e48803a089a0905184bb8e38","Mikefly123",12
18421445916,316,"2025-10-11T00:18:29Z","2025-10-11T00:20:14Z","2025-10-11T00:18:29Z",105,"pull_request","completed","failure","radio","2810ace2348b4b1a7c19ce570cbd16f0493276a5","nateinaction",1
18421456157,317,"2025-10-11T00:19:11Z","2025-10-11T00:20:58Z","2025-10-11T00:19:11Z",107,"pull_request","completed","failure","radio","72beedaf16d08f4a12b7ee0d121f847ac742d710","nateinaction",1
18421517092,318,"2025-10-11T00:23:28Z","2025-10-11T00:30:44Z","2025-10-11T00:29:25Z",79,"pull_request","completed","failure","fix-cache-2","0c6db88bdee5f882fb24388a57b74d21c0dc42e9","nateinaction",3
18422565189,319,"2025-10-11T01:44:36Z","2025-10-11T20:34:46Z","2025-10-11T20:33:55Z",51,"pull_request","completed","failure","fprime-zephyr-update","359cf26439e01591d7e058a0ad86f7c14a914667","nateinaction",7
18422645613,320,"2025-10-11T01:51:31Z","2025-10-11T01:53:01Z","2025-10-11T01:51:31Z",90,"pull_request","completed","failure","try-lora-stuff","4ea46a46106bd9c79000840a22b9f3954982b536","nateinaction",1
18434435400,321,"2025-10-11T20:34:22Z","2025-10-11T20:36:39Z","2025-10-11T20:34:22Z",137,"pull_request","completed","failure","fix-cache-2","7ec0ea1936273e8335d35ecbc55ad8f12049a07f","nateinaction",1
18434500427,322,"2025-10-11T20:40:41Z","2025-10-11T20:42:30Z","2025-10-11T20:40:41Z",109,"pull_request","completed","failure","fix-cache-2","98fff6e25ccbda031c1f9fc3c6f9f0e6f852304e","nateinaction",1
18434663683,323,"2025-10-11T21:00:18Z","2025-10-11T21:02:14Z","2025-10-11T21:00:18Z",116,"pull_request","completed","failure","fix-cache-2","b05c4f0c663589c0a830f07d3097890e85ff5afd","nateinaction",1
18434746777,324,"2025-10-11T21:07:11Z","2025-10-11T21:08:59Z","2025-10-11T21:07:11Z",108,"pull_request","completed","failure","fix-cache-2","23176daae5540c7d98e15450d9075513ae73d4ad","nateinaction",1
18434914312,325,"2025-10-11T21:22:14Z","2025-10-11T21:24:10Z","2025-10-11T21:22:14Z",116,"pull_request","completed","failure","fix-cache-2","907e091cc48e1c782419d27abeab161e93184df1","nateinaction",1
18434945232,326,"2025-10-11T21:25:05Z","2025-10-11T21:35:51Z","2025-10-11T21:34:37Z",74,"pull_request","completed","success","fix-cache-2","8c7cb14ebd27b819b63739c945489ac2292ae710","nateinaction",5
18435418256,327,"2025-10-11T22:15:46Z","2025-10-11T22:17:07Z","2025-10-11T22:15:46Z",81,"pull_request","completed","failure","fix-cache-2","eeecf43d7a05937e62f03996f66239a2d21706ab","nateinaction",1
18435617634,328,"2025-10-11T22:35:24Z","2025-10-11T22:37:15Z","2025-10-11T22:35:24Z",111,"pull_request","completed","success","fix-cache-2","fa3cf9a6a220b75e1f65f85fca70a8fe368cbb1a","nateinaction",1
18436004660,329,"2025-10-11T23:18:39Z","2025-10-11T23:19:39Z","2025-10-11T23:18:39Z",60,"pull_request","completed","failure","fix-cache-2","c66f1e5fcc84b07d0bf294315c7edb89d904ba7b","nateinaction",1
18436043712,330,"2025-10-11T23:22:21Z","2025-10-11T23:23:30Z","2025-10-11T23:22:21Z",69,"pull_request","completed","failure","fix-cache-2","689dd4ffb2977ed7734bd8ca8bbc938305541f85","nateinaction",1
18436091885,331,"2025-10-11T23:27:32Z","2025-10-11T23:41:49Z","2025-10-11T23:40:39Z",70,"pull_request","completed","success","fix-cache-2","de87632e0dcf098ea39b61131ff0705b32d83bb9","nateinaction",4
18448107538,332,"2025-10-12T18:50:48Z","2025-10-12T18:52:51Z","2025-10-12T18:50:48Z",123,"push","completed","success","main","60da0ec090454b2b3361a3916b2e14618f8e2bd9","nateinaction",1
18448139788,333,"2025-10-12T18:54:20Z","2025-10-12T19:09:50Z","2025-10-12T19:08:39Z",71,"pull_request","completed","success","nateinaction-patch-1","45e8e8e6f22687956133bd6c00788bd5a6c3c97a","nateinaction",2
18448719712,334,"2025-10-12T19:50:58Z","2025-10-13T16:07:05Z","2025-10-13T16:05:52Z",73,"push","completed","success","main","4f16c500df62cbf1acb817788ca4bc4c2776166b","nateinaction",3
18448859287,335,"2025-10-12T20:06:01Z","2025-10-12T20:07:41Z","2025-10-12T20:06:01Z",100,"pull_request","completed","failure","radio","60881fab336cb686680dcbfcb78e284f67071450","LeStarch",1
18450148766,336,"2025-10-12T22:09:09Z","2025-10-12T22:09:46Z","2025-10-12T22:09:09Z",37,"pull_request","completed","cancelled","radio","6017947aba9457d9254d3b8f6ce4d13c230e179d","ineskhou",1
18450519003,337,"2025-10-12T22:41:51Z","2025-10-12T22:43:25Z","2025-10-12T22:41:51Z",94,"pull_request","completed","failure","radio","e59139750e0851ac4e9dff3fe71927200f4f1da8","LeStarch",1
18450593870,338,"2025-10-12T22:50:20Z","2025-10-13T00:26:47Z","2025-10-13T00:25:00Z",107,"pull_request","completed","failure","radio","caac355839df84c07683f11a554d5b88e58dc2e2","LeStarch",5
18451758478,339,"2025-10-13T00:31:32Z","2025-10-13T00:39:51Z","2025-10-13T00:38:23Z",88,"pull_request","completed","success","radio","cd4dcce2e5e7ab8613c6654f011e29065a9fe5f9","ineskhou",6
18474081825,340,"2025-10-13T17:51:36Z","2025-10-13T17:53:31Z","2025-10-13T17:51:36Z",115,"pull_request","completed","failure","makefile-order","9598dc0692bf827df7bb145f0bf0452af7ff31a0","hrfarmer",1
18474100988,341,"2025-10-13T17:52:39Z","2025-10-13T17:56:27Z","2025-10-13T17:52:39Z",228,"pull_request","completed","failure","makefile-order","6a8b711c16dd877cb451434757d64d22b2a48812","hrfarmer",1
18482463620,342,"2025-10-14T01:15:20Z","2025-10-14T01:17:20Z","2025-10-14T01:15:20Z",120,"push","completed","success","main","b92c9468a667d59d037a6f44676f134d0965732e","hrfarmer",1
18601677567,343,"2025-10-17T18:35:44Z","2025-10-17T18:44:44Z","2025-10-17T18:35:44Z",540,"pull_request","completed","failure","radio","d918459e887986410d62668394206786d470ae9d","ineskhou",1
18601761198,344,"2025-10-17T18:39:25Z","2025-10-17T18:46:29Z","2025-10-17T18:39:25Z",424,"pull_request","completed","failure","radio","b2a3f3c011725e69e767712b5dfd7687a3d58d28","LeStarch",1
18604105663,345,"2025-10-17T20:29:59Z","2025-10-22T14:54:06Z","2025-10-22T14:52:30Z",96,"pull_request","completed","failure","radio","bfa55e53c6e1d4470b51bfad6f234be723530440","ineskhou",4
18698553330,346,"2025-10-21T21:45:19Z","2025-10-21T21:47:13Z","2025-10-21T21:45:19Z",114,"pull_request","completed","failure","antenna_deployer","7b889f2322877aae963c404876c81d9d6fe1f853","ineskhou",1
18704276177,347,"2025-10-22T03:19:28Z","2025-10-22T03:20:07Z","2025-10-22T03:19:28Z",39,"pull_request","completed","failure","antenna_deployer","2280c251536cee04d87dacdddc2cad8ca0e5400d","yudataguy",1
18704498374,348,"2025-10-22T03:32:40Z","2025-10-22T03:34:39Z","2025-10-22T03:32:40Z",119,"pull_request","completed","failure","antenna_deployer","3f15707726d357ea811beb39ab2d06d1c89c07b5","yudataguy",1
18704660181,349,"2025-10-22T03:43:11Z","2025-10-22T03:45:07Z","2025-10-22T03:43:11Z",116,"pull_request","completed","failure","antenna_deployer","a5dbc8fcbc2e577f22e074211aaad6034c5eb4c8","yudataguy",1
18704846085,350,"2025-10-22T03:55:29Z","2025-10-22T03:57:26Z","2025-10-22T03:55:29Z",117,"pull_request","completed","failure","antenna_deployer","70899f684281024e41635fcc182b8e0fee0cdfd6","yudataguy",1
18719144922,351,"2025-10-22T14:13:27Z","2025-10-22T14:18:33Z","2025-10-22T14:17:18Z",75,"pull_request","completed","success","antenna_deployer","7064edd1433ddfa45a714ef4574203e973e9fd34","ineskhou",2
18721094977,352,"2025-10-22T15:18:33Z","2025-10-22T16:21:37Z","2025-10-22T16:20:44Z",53,"push","completed","failure","main","95faeb9ab90eb1badf7f8596710e6906f5b20cbb","LeStarch",10
18756025362,353,"2025-10-23T17:01:30Z","2025-10-23T19:49:40Z","2025-10-23T19:47:32Z",128,"pull_request","completed","success","antenna_deployer","c81c25e90d6eb83e8b229ca09cf9b23109dbb2b5","ineskhou",6
18760295849,354,"2025-10-23T19:55:14Z","2025-10-23T19:57:13Z","2025-10-23T19:55:14Z",119,"pull_request","completed","success","antenna_deployer","2eefbcc1a182baef635022bb9c3a0101c62906e5","Mikefly123",1
18785908769,355,"2025-10-24T16:28:10Z","2025-10-24T16:30:33Z","2025-10-24T16:28:10Z",143,"pull_request","completed","failure","antenna_deployer","3f178f7103d899e439841d3e51796629272e358e","ineskhou",1
18786108685,356,"2025-10-24T16:36:59Z","2025-10-24T16:39:28Z","2025-10-24T16:36:59Z",149,"pull_request","completed","failure","antenna_deployer","8450a0d53ea4567c6590e649f51e84399be6661f","ineskhou",1
18786229015,357,"2025-10-24T16:42:15Z","2025-10-24T16:44:33Z","2025-10-24T16:42:15Z",138,"pull_request","completed","failure","antenna_deployer","ccdb88319e66dbcfcdd8ca7c64801f1a6bd3500e","ineskhou",1
18786350919,358,"2025-10-24T16:47:39Z","2025-10-24T16:50:10Z","2025-10-24T16:47:39Z",151,"pull_request","completed","failure","antenna_deployer","b12e05dd47a42b796ae06d10d6b29e978a1c3d6f","ineskhou",1
18786695059,359,"2025-10-24T17:02:54Z","2025-10-24T17:06:47Z","2025-10-24T17:05:10Z",97,"pull_request","completed","failure","antenna_deployer","8ad5f067c279ae04a02cf724dc29202b845e67ce","ineskhou",2
18786911805,360,"2025-10-24T17:11:56Z","2025-10-24T17:14:33Z","2025-10-24T17:11:56Z",157,"pull_request","completed","failure","antenna_deployer","e951687230b7c9a4a5bc43a3795cdc203fb14dc9","ineskhou",1
18788171282,361,"2025-10-24T18:07:18Z","2025-10-24T18:09:45Z","2025-10-24T18:07:18Z",147,"pull_request","completed","success","antenna_deployer","0be1b207d46b90ae4abe867aa1dd9fdc2d8225ae","ineskhou",1
18788546797,362,"2025-10-24T18:22:42Z","2025-10-24T18:28:34Z","2025-10-24T18:26:52Z",102,"pull_request","completed","success","antenna_deployer","f955bfdffb562e455ac370151f9d084be8c1ae96","ineskhou",2
18789849288,363,"2025-10-24T19:20:02Z","2025-10-24T19:28:01Z","2025-10-24T19:26:48Z",73,"pull_request","completed","success","copilot/fix-058fbbfc-dd1c-484a-a127-6c6cde2d5652","a26efb80e92fb91e87b7d5e94e0d514cf3ceea31","ineskhou",3
18790489415,364,"2025-10-24T19:48:31Z","2025-10-24T19:53:27Z","2025-10-24T19:51:48Z",99,"push","completed","success","main","68fa0041294d2a667a0e84d3f88446f8f80a45c3","Mikefly123",2
18791061965,365,"2025-10-24T20:15:01Z","2025-10-24T20:17:37Z","2025-10-24T20:15:01Z",156,"pull_request","completed","success","antenna_deployer","c87cac7835b869af9c618d29630fa5fcf848573e","Mikefly123",1
18794998009,366,"2025-10-24T23:58:13Z","2025-10-25T00:00:44Z","2025-10-24T23:58:13Z",151,"push","completed","success","main","cfac1aa77305a8e739a94376f0b4da5414a6c95f","Mikefly123",1
18884414413,367,"2025-10-28T17:57:42Z","2025-10-28T18:00:06Z","2025-10-28T17:57:42Z",144,"pull_request","completed","failure","python-feather-exception","8bbb08289ae26cd33fac6705ec48e2181ecbafec","jrpear",1
18884582005,368,"2025-10-28T18:03:53Z","2025-10-28T18:06:26Z","2025-10-28T18:03:53Z",153,"pull_request","completed","success","python-feather-exception","058e55f11408e3fc0af5827e2bda09aa68b0f0e9","jrpear",1
18884773921,369,"2025-10-28T18:10:23Z","2025-10-28T18:12:54Z","2025-10-28T18:10:23Z",151,"pull_request","completed","success","python-feather-exception","4c9436618067e42f254dd2ed8d27fe6871dedf80","jrpear",1
18884921744,370,"2025-10-28T18:15:22Z","2025-10-28T18:17:49Z","2025-10-28T18:15:22Z",147,"push","completed","success","main","1d53de9b1c3272a4ff52b3ee1bb45d5100dc6f7d","jrpear",1
18982050840,376,"2025-10-31T18:41:08Z","2025-10-31T18:42:00Z","2025-10-31T18:41:08Z",52,"pull_request","completed","failure","fs","517bcc24b24c5668e17234e55e349502cef39ea2","LeStarch",1
18982775835,377,"2025-10-31T19:12:22Z","2025-10-31T19:13:04Z","2025-10-31T19:12:22Z",42,"pull_request","completed","failure","fs","9d8c1ce46e1911b20a51d7ea8f889e67c7946a4a","LeStarch",1
18986911536,378,"2025-10-31T22:41:44Z","2025-10-31T22:44:29Z","2025-10-31T22:43:47Z",42,"pull_request","completed","failure","fs","0acb5697130c4e4036a3bc80605fa2d639b1ece9","ineskhou",2
18987046437,379,"2025-10-31T22:51:07Z","2025-10-31T22:52:51Z","2025-10-31T22:51:07Z",104,"pull_request","completed","failure","fs","b8183edd4ceff947627db473b6ce6dff06099641","ineskhou",1
18987161609,380,"2025-10-31T23:00:20Z","2025-10-31T23:04:22Z","2025-10-31T23:02:50Z",92,"pull_request","completed","success","fs","659f35a97b29f4dd1c7c9d4680876d0870fda02e","LeStarch",2
18987259185,381,"2025-10-31T23:06:06Z","2025-10-31T23:08:32Z","2025-10-31T23:06:06Z",146,"push","completed","success","main","86238b2ea55c5f2890c507650cbdda3073d3206b","LeStarch",1
19002258978,382,"2025-11-01T20:30:39Z","2025-11-01T20:32:47Z","2025-11-01T20:30:39Z",128,"pull_request","completed","failure","startup","c8f7078ecdc24a15770b1345f1213c2c47577d1b","LeStarch",1
19017532272,383,"2025-11-02T20:11:53Z","2025-11-02T20:13:35Z","2025-11-02T20:11:53Z",102,"pull_request","completed","failure","CameraManager","10089dd24c273dc9f14728e4ea126d77959d8c8c","RobertPendergrast",1
19026401989,384,"2025-11-03T06:58:01Z","2025-11-03T17:47:24Z","2025-11-03T17:46:35Z",49,"pull_request","completed","failure","power-monitor","cad87d7547d467224993e795aaa15a5f7374f4c9","asiemsen",2
19048169848,385,"2025-11-03T20:20:46Z","2025-11-03T20:22:38Z","2025-11-03T20:20:46Z",112,"pull_request","completed","failure","CameraManager","307f56eccb638906b17c2b3a3f0f6d49a3997ee1","RobertPendergrast",1
19050025216,386,"2025-11-03T21:33:39Z","2025-11-03T21:35:16Z","2025-11-03T21:33:39Z",97,"pull_request","completed","failure","CameraManager","6162dc32736ea43ceda0a6af9304fc56d8fb2311","RobertPendergrast",1
19053126851,387,"2025-11-03T23:59:47Z","2025-11-04T00:01:30Z","2025-11-03T23:59:47Z",103,"pull_request","completed","failure","power-monitor","7121696a025f668ae301ec53f2ce0d25e35cdcd9","nateinaction",1
19053659229,388,"2025-11-04T00:26:52Z","2025-11-04T00:28:28Z","2025-11-04T00:26:52Z",96,"pull_request","completed","failure","power-monitor","98dc73c85b21a130c3367978928dcded909e93af","nateinaction",1
19054172569,389,"2025-11-04T00:54:45Z","2025-11-04T00:55:26Z","2025-11-04T00:54:45Z",41,"pull_request","completed","failure","distance-sensor","f92e8823855b7d6314af97b014afeca90e3453da","yudataguy",1
19054764763,390,"2025-11-04T01:28:03Z","2025-11-04T01:29:40Z","2025-11-04T01:28:03Z",97,"pull_request","completed","failure","power-monitor","7252219e7dca3bb1c9dd6f99c32389c93f6ae2c7","Mikefly123",1
19054907390,391,"2025-11-04T01:35:40Z","2025-11-04T01:36:24Z","2025-11-04T01:35:40Z",44,"pull_request","completed","failure","distance-sensor","f8aa3dc55eb5b80f4d00e10a4bcf65a746401e0e","yudataguy",1
19055038431,392,"2025-11-04T01:43:03Z","2025-11-04T01:44:45Z","2025-11-04T01:43:03Z",102,"pull_request","completed","failure","distance-sensor","5e5d52ae06327756441b60bbfcfca1c07bca43b5","yudataguy",1
19056562975,393,"2025-11-04T03:12:49Z","2025-11-04T03:14:26Z","2025-11-04T03:12:49Z",97,"pull_request","completed","failure","update-lis2mdl-lsm6dso","408abb71399d9407a37bf8717bf6eee6cfd6c132","nateinaction",1
19057218263,394,"2025-11-04T03:52:22Z","2025-11-05T01:22:18Z","2025-11-05T01:20:37Z",101,"push","completed","success","main","8d2200120090250c278e0317caef4ea890b2528a","asiemsen",2
19086206809,395,"2025-11-04T23:35:30Z","2025-11-05T00:39:06Z","2025-11-05T00:37:32Z",94,"pull_request","completed","success","update-lis2mdl-lsm6dso","b987e589d3621d8d9426d6f63df5dfd749836e5c","nateinaction",2
19088678825,396,"2025-11-05T01:51:58Z","2025-11-05T01:58:39Z","2025-11-05T01:56:48Z",111,"push","completed","success","main","497f48a809a41e4625a14f3c7dad7dfd5bb7294c","nateinaction",2
19095906028,399,"2025-11-05T08:30:40Z","2025-11-05T08:39:02Z","2025-11-05T08:31:40Z",442,"pull_request","completed","failure","copilot/add-total-power-consumption-channel","d51218e5b4c4f8e4670a8c2a6863f7c3bd21c90a","Copilot",2
19095906038,400,"2025-11-05T08:30:40Z","2025-11-05T08:37:05Z","2025-11-05T08:31:41Z",324,"pull_request","completed","failure","copilot/add-total-power-consumption-channel","d51218e5b4c4f8e4670a8c2a6863f7c3bd21c90a","Copilot",2
19108446140,403,"2025-11-05T16:11:32Z","2025-11-05T16:36:11Z","2025-11-05T16:29:06Z",425,"pull_request","completed","failure","copilot/add-total-power-consumption-channel","94dba234b410c445867cefb9643e7e651782bcee","Copilot",2
19108446503,404,"2025-11-05T16:11:33Z","2025-11-05T16:34:26Z","2025-11-05T16:29:06Z",320,"pull_request","completed","failure","copilot/add-total-power-consumption-channel","94dba234b410c445867cefb9643e7e651782bcee","Copilot",2
19109493002,405,"2025-11-05T16:47:39Z","2025-11-12T18:23:01Z","2025-11-12T18:20:39Z",142,"pull_request","completed","failure","copilot/use-unique-space-craft-id","dfd62b9c3725e48a5594ea17d350ab88654e0de2","Copilot",2
19109493082,406,"2025-11-05T16:47:39Z","2025-11-12T18:22:31Z","2025-11-12T18:20:39Z",112,"pull_request","completed","failure","copilot/use-unique-space-craft-id","dfd62b9c3725e48a5594ea17d350ab88654e0de2","Copilot",2
19109508984,407,"2025-11-05T16:48:16Z","2025-11-05T17:48:31Z","2025-11-05T17:44:08Z",263,"pull_request","completed","failure","copilot/add-total-power-consumption-channel","e2ef4880f344a9915b44dd15d8035a5bdb0eaf18","Copilot",2
19109509225,408,"2025-11-05T16:48:17Z","2025-11-05T17:50:16Z","2025-11-05T17:44:08Z",368,"pull_request","completed","failure","copilot/add-total-power-consumption-channel","e2ef4880f344a9915b44dd15d8035a5bdb0eaf18","Copilot",2
19112141522,410,"2025-11-05T18:23:52Z","2025-11-05T18:26:32Z","2025-11-05T18:23:52Z",160,"pull_request","completed","failure","copilot/add-total-power-consumption-channel","0ce31e741a923ec5dcf7a21cc95708381be7f9a8","Mikefly123",1
19112305787,411,"2025-11-05T18:30:14Z","2025-11-05T18:33:55Z","2025-11-05T18:30:14Z",221,"pull_request","completed","failure","copilot/add-total-power-consumption-channel","c8266c566a95aa68efc8374781f66b44e0642adc","Mikefly123",1
19115319619,423,"2025-11-05T20:26:46Z","2025-11-05T20:29:20Z","2025-11-05T20:26:46Z",154,"pull_request","completed","success","startup","0fe7baf501892cb51033e49a2aefe25306cd60ba","ineskhou",1
19215725655,426,"2025-11-09T22:59:50Z","2025-11-10T22:59:52Z","2025-11-09T22:59:50Z",86402,"pull_request","completed","cancelled","startup","ab2804b40ea6dc1140bb77a007a6c8db46a0b212","LeStarch",1
19247824515,429,"2025-11-10T22:14:27Z","2025-11-11T09:17:20Z","2025-11-11T09:16:08Z",72,"pull_request","completed","failure","startup","df99e8ae9508844e3b3cc9836b269531f671b5d4","ineskhou",11
19261296318,430,"2025-11-11T09:34:27Z","2025-11-11T09:40:58Z","2025-11-11T09:34:27Z",391,"pull_request","completed","failure","load-switch","58d2293aa69ea6d04186214d6a0d07d1cdb1b246","ineskhou",1
19261329400,431,"2025-11-11T09:35:43Z","2025-11-11T09:37:32Z","2025-11-11T09:35:43Z",109,"pull_request","completed","failure","load-switch","1664683654d497086dc350b750d6fcd6d43fd173","ineskhou",1
19261823723,432,"2025-11-11T09:55:17Z","2025-11-11T09:58:50Z","2025-11-11T09:55:17Z",213,"pull_request","completed","failure","load-switch","a6a6e0ce4d5538a120ba6aa7d99362eae17a513a","ineskhou",1
19261989227,433,"2025-11-11T10:02:08Z","2025-11-11T18:37:03Z","2025-11-11T18:35:12Z",111,"pull_request","completed","failure","order-imports","daf206f2d39abe60a5526e5ec2b2fb2d4527ee98","ineskhou",4
19275392650,434,"2025-11-11T18:45:52Z","2025-11-11T18:49:07Z","2025-11-11T18:45:52Z",195,"pull_request","completed","failure","copilot/fix-integration-test-failures","009516d15753d5d59147ba0104e7decf347102bc","ineskhou",1
19275547975,435,"2025-11-11T18:52:48Z","2025-11-11T18:56:01Z","2025-11-11T18:52:48Z",193,"pull_request","completed","failure","copilot/fix-integration-test-failures","4629c30babb2c45464b8fc3bde3e7888ed6310cd","ineskhou",1
19276071851,436,"2025-11-11T19:15:28Z","2025-11-11T19:16:31Z","2025-11-11T19:15:28Z",63,"pull_request","completed","failure","copilot/fix-integration-test-failures","4708db945046756bad090e64ef84610e2149c97f","ineskhou",1
19276164428,437,"2025-11-11T19:19:21Z","2025-11-11T19:20:33Z","2025-11-11T19:19:21Z",72,"pull_request","completed","failure","copilot/fix-integration-test-failures","d37d7b360568ec46e1663a3b7ad507505d092917","ineskhou",1
19276279160,438,"2025-11-11T19:24:10Z","2025-11-11T19:27:07Z","2025-11-11T19:24:10Z",177,"pull_request","completed","failure","copilot/fix-integration-test-failures","c72137d5aa8edc64ed455dbee3f68baf5f1c95e9","ineskhou",1
19276914467,439,"2025-11-11T19:52:56Z","2025-11-11T19:55:57Z","2025-11-11T19:52:56Z",181,"pull_request","completed","failure","copilot/fix-integration-test-failures","6e58bb900d49b1e3217cb95e68b4f94b641dc456","ineskhou",1
19277102407,440,"2025-11-11T20:02:08Z","2025-11-11T20:05:10Z","2025-11-11T20:02:08Z",182,"pull_request","completed","failure","copilot/fix-integration-test-failures","4afa777fe4f987266cab8a17b13a0ab7e5aec338","ineskhou",1
19278033480,441,"2025-11-11T20:43:20Z","2025-11-11T20:47:55Z","2025-11-11T20:46:03Z",112,"pull_request","completed","success","copilot/fix-integration-test-failures","3e2a959a53e87e23d5656d3a9f9dbc2b0617f745","ineskhou",2
19278175352,442,"2025-11-11T20:49:43Z","2025-11-11T20:52:47Z","2025-11-11T20:49:43Z",184,"pull_request","completed","success","copilot/fix-integration-test-failures","adac017c8ea5109e0d67f14d09fe0f56df8beccf","ineskhou",1
19278916810,443,"2025-11-11T21:23:17Z","2025-11-11T21:27:24Z","2025-11-11T21:23:17Z",247,"pull_request","completed","failure","load-switch","3a24746cf3aaee74ca0cafd0ded3728badc80c55","ineskhou",1
19279046105,444,"2025-11-11T21:29:19Z","2025-11-11T21:33:32Z","2025-11-11T21:29:19Z",253,"pull_request","completed","failure","load-switch","583a7a45939872285b5c6cee6bde04db0a577cce","ineskhou",1
19279135959,445,"2025-11-11T21:33:29Z","2025-11-11T21:36:27Z","2025-11-11T21:33:29Z",178,"push","completed","failure","main","22ff9e36d9ff38bb817211093a08573d9ba01461","ineskhou",1
19279214244,446,"2025-11-11T21:37:13Z","2025-11-12T20:12:15Z","2025-11-12T20:11:26Z",49,"pull_request","completed","failure","order-imports","8e38db08caa5ec512f8b1facb27cf4913ca80944","ineskhou",3
19279280227,447,"2025-11-11T21:40:25Z","2025-11-11T21:43:26Z","2025-11-11T21:40:25Z",181,"push","completed","success","main","f05f118687281359dec647a51e99d2d5e10c051c","ineskhou",1
19279573555,448,"2025-11-11T21:55:19Z","2025-11-11T21:59:58Z","2025-11-11T21:55:19Z",279,"pull_request","completed","failure","magnetorquer","62fa54d23c355977dd457366c4e26e6e932d67ea","hrfarmer",1
19279630236,449,"2025-11-11T21:58:38Z","2025-11-11T22:07:19Z","2025-11-11T21:58:38Z",521,"pull_request","completed","success","int-intruction-update","c21be2e020ecef7a15e71023fba46c7d877bcdb8","ineskhou",1
19279646420,450,"2025-11-11T21:59:39Z","2025-11-11T22:09:31Z","2025-11-11T21:59:39Z",592,"pull_request","completed","failure","magnetorquer","9d8554f647415c5dc2a909951d62d02d3597021b","hrfarmer",1
19279668952,451,"2025-11-11T22:00:48Z","2025-11-11T22:12:28Z","2025-11-11T22:00:48Z",700,"pull_request","completed","failure","magnetorquer","211446cb16aed29985d94f1b906544d8b500b5b4","hrfarmer",1
19279963917,452,"2025-11-11T22:14:27Z","2025-11-11T22:18:17Z","2025-11-11T22:14:27Z",230,"pull_request","completed","success","int-intruction-update","d97f1358058929eb5aa00cebd503edbb9e4b1299","hrfarmer",1
19280183069,453,"2025-11-11T22:25:10Z","2025-11-11T22:28:15Z","2025-11-11T22:25:10Z",185,"push","completed","success","main","0d6c100f5bc058dd622e6843fca5bc00c1e15990","ineskhou",1
19280379999,454,"2025-11-11T22:35:16Z","2025-11-11T22:36:22Z","2025-11-11T22:35:16Z",66,"pull_request","completed","failure","detumble","58def3153574729e0834d7a8295f2f503018077c","hrfarmer",1
19280421232,455,"2025-11-11T22:37:21Z","2025-11-11T22:38:24Z","2025-11-11T22:37:21Z",63,"pull_request","completed","failure","detumble","9b4cd6e81432cf8e65195c69ee45f744cd2b05ce","hrfarmer",1
19280544379,456,"2025-11-11T22:43:57Z","2025-11-11T22:46:35Z","2025-11-11T22:43:57Z",158,"pull_request","completed","failure","detumble","d3fb83122100f4fe64c3a5b3c8fc0b06330d6ded","hrfarmer",1
19280797028,457,"2025-11-11T22:58:41Z","2025-11-11T23:03:06Z","2025-11-11T22:58:41Z",265,"pull_request","completed","failure","load-switch","7a0233a9198a6738e9ac53d9eb2bd9b078b31976","ineskhou",1
19281073059,458,"2025-11-11T23:13:06Z","2025-11-11T23:17:09Z","2025-11-11T23:13:06Z",243,"pull_request","completed","failure","load-switch","3d0759de61b2d51330aeb17cf700a12e3ac6ea07","ineskhou",1
19282784129,459,"2025-11-12T00:52:07Z","2025-11-12T00:56:14Z","2025-11-12T00:52:07Z",247,"pull_request","completed","failure","load-switch","33453836244f101dcd64d4206627b0f849b818b7","ineskhou",1
19282847783,460,"2025-11-12T00:56:08Z","2025-11-12T01:02:46Z","2025-11-12T01:01:08Z",98,"pull_request","completed","success","load-switch","453990c2e55d52982f8f8070dec64f275e334544","ineskhou",2
19283197821,461,"2025-11-12T01:16:18Z","2025-11-12T01:22:43Z","2025-11-12T01:19:45Z",178,"pull_request","completed","success","load-switch","5d33eb5521601f4caf2f8d27916558314d79b243","moisesmata",2
19283235261,462,"2025-11-12T01:18:32Z","2025-11-12T01:21:10Z","2025-11-12T01:18:32Z",158,"push","completed","success","main","f97253f56e20f6ec26c2b03d5d16ffb0ff19e405","moisesmata",1
19283351709,463,"2025-11-12T01:25:22Z","2025-11-12T01:27:55Z","2025-11-12T01:25:22Z",153,"pull_request","completed","failure","startup","17c2b94df6125083843af2d14f917d06c31eefec","ineskhou",1
19283395313,464,"2025-11-12T01:27:53Z","2025-11-12T01:31:01Z","2025-11-12T01:29:53Z",68,"pull_request","completed","failure","startup","cf2573ff376dbb7815155b473b90c30f1ebbd3ae","ineskhou",2
19283896772,465,"2025-11-12T01:58:38Z","2025-11-12T02:44:25Z","2025-11-12T02:42:37Z",108,"pull_request","completed","success","startup","d2e77e14f380abcdf9e438375b25544fd9a3f7ea","ineskhou",2
19284820543,466,"2025-11-12T02:54:49Z","2025-11-12T02:57:27Z","2025-11-12T02:54:49Z",158,"push","completed","success","main","04eb690ec89f337808713937327ee40570c68c56","ineskhou",1
19285128402,467,"2025-11-12T03:12:44Z","2025-11-12T03:16:40Z","2025-11-12T03:12:44Z",236,"pull_request","completed","failure","copilot/add-total-power-consumption-channel","ced08d4c80235c2b2765ba6c9c06538493365ee6","ineskhou",1
19285240714,468,"2025-11-12T03:19:27Z","2025-11-12T03:27:56Z","2025-11-12T03:24:09Z",227,"pull_request","completed","failure","copilot/add-total-power-consumption-channel","e41565c89f1f64f8e2a71cdd87626ecf311fdc93","ineskhou",2
19285323579,469,"2025-11-12T03:24:09Z","2025-11-12T03:31:43Z","2025-11-12T03:24:09Z",454,"pull_request","completed","failure","copilot/add-total-power-consumption-channel","50c858c61db5e45537898ccecf80812b0c79bb08","ineskhou",1
19286350982,470,"2025-11-12T04:25:16Z","2025-11-12T04:29:18Z","2025-11-12T04:25:16Z",242,"pull_request","completed","failure","copilot/add-total-power-consumption-channel","26de73b10a992efdf6adf478c318bbddba25d533","ineskhou",1
19286488141,471,"2025-11-12T04:33:27Z","2025-11-12T04:51:05Z","2025-11-12T04:49:14Z",111,"pull_request","completed","failure","copilot/add-total-power-consumption-channel","6133f998a0f4082502e7c252c51d44d5981f6da7","ineskhou",2
19286533819,472,"2025-11-12T04:36:27Z","2025-11-12T04:39:23Z","2025-11-12T04:36:27Z",176,"pull_request","completed","failure","antenna-deployer-param","bd8733b7f9af766a93471d47ea6eaab77875c080","yudataguy",1
19286804416,473,"2025-11-12T04:53:26Z","2025-11-12T04:57:13Z","2025-11-12T04:53:26Z",227,"pull_request","completed","failure","antenna-deployer-param","bcc6f861c925c4e1d41b59bf73836f95eba819c5","yudataguy",1
19286893752,474,"2025-11-12T04:59:28Z","2025-11-12T05:02:27Z","2025-11-12T04:59:28Z",179,"pull_request","completed","failure","antenna-deployer-param","3cc0461bb439afa92c3780db9b7b2642c22f9f82","yudataguy",1
19287262992,475,"2025-11-12T05:20:19Z","2025-11-12T05:30:23Z","2025-11-12T05:20:19Z",604,"pull_request","completed","failure","antenna-deployer-param","fa5ca98e227f232b4cba81d0501ec06e5fd9f506","yudataguy",1
19287429827,476,"2025-11-12T05:29:34Z","2025-11-12T06:07:54Z","2025-11-12T06:04:56Z",178,"pull_request","completed","failure","copilot/add-total-power-consumption-channel","4317b99fc57d03ea4c061f0421c55dbde694fde2","ineskhou",2
19288920931,477,"2025-11-12T06:48:16Z","2025-11-12T07:00:48Z","2025-11-12T06:59:57Z",51,"pull_request","completed","failure","copilot/add-total-power-consumption-channel","7d03af782b4c053cbdeae3476d459e9327e87c20","ineskhou",2
19289320402,478,"2025-11-12T07:07:57Z","2025-11-12T07:15:34Z","2025-11-12T07:12:42Z",172,"pull_request","completed","failure","copilot/add-total-power-consumption-channel","c3f4888f6e854e1866b11ddd468b3ba5dfae965a","ineskhou",3
19306499496,482,"2025-11-12T17:39:52Z","2025-11-12T17:44:12Z","2025-11-12T17:39:52Z",260,"pull_request","completed","failure","copilot/add-total-power-consumption-channel","e41565c89f1f64f8e2a71cdd87626ecf311fdc93","ineskhou",1
19306521431,483,"2025-11-12T17:40:36Z","2025-11-12T17:58:20Z","2025-11-12T17:56:40Z",100,"pull_request","completed","failure","copilot/add-total-power-consumption-channel","424c1cb4a8fdc55dc9940b05506d432fc7ae5dce","ineskhou",6
19307188662,484,"2025-11-12T18:05:22Z","2025-11-12T18:08:02Z","2025-11-12T18:05:22Z",160,"pull_request","completed","failure","copilot/add-total-power-consumption-channel","f0449c65bd688f960b74c6828b747917ffad31a6","ineskhou",1
19307280526,485,"2025-11-12T18:08:36Z","2025-11-12T18:11:05Z","2025-11-12T18:08:36Z",149,"pull_request","completed","success","copilot/add-total-power-consumption-channel","bc3a4c520c7380ee84d83046b8bdaf57dc757740","ineskhou",1
19307607761,486,"2025-11-12T18:20:16Z","2025-11-12T21:27:57Z","2025-11-12T21:26:15Z",102,"push","completed","success","main","d228c7a887a5a5bd23193a1f80d0539dda97fea9","Mikefly123",16
19307654355,487,"2025-11-12T18:21:53Z","2025-11-12T21:29:26Z","2025-11-12T21:28:11Z",75,"pull_request","completed","failure","antenna-deployer-param","92406c8c9347a90b78a8c6e8e099fa88a5850ef6","Mikefly123",18
19308286900,488,"2025-11-12T18:45:20Z","2025-11-12T18:45:55Z","2025-11-12T18:45:20Z",35,"pull_request","completed","failure","copilot/use-unique-space-craft-id","6fb6932b232fe7f547814cd295ba0a11bdae343b","Mikefly123",1
19308399729,489,"2025-11-12T18:49:53Z","2025-11-12T18:54:44Z","2025-11-12T18:54:00Z",44,"pull_request","completed","failure","copilot/use-unique-space-craft-id","5b74dfa257eb7af24598f2e615de7bbc5dbf4a3f","Copilot",2
19308399762,490,"2025-11-12T18:49:53Z","2025-11-12T18:55:14Z","2025-11-12T18:54:01Z",73,"pull_request","completed","failure","copilot/use-unique-space-craft-id","5b74dfa257eb7af24598f2e615de7bbc5dbf4a3f","Copilot",2
19308668848,491,"2025-11-12T19:00:47Z","2025-11-12T19:14:14Z","2025-11-12T19:13:39Z",35,"pull_request","completed","failure","copilot/use-unique-space-craft-id","04c92a5040c7e452fdb292a4b06aeda9c8351940","Copilot",2
19308669293,492,"2025-11-12T19:00:48Z","2025-11-13T01:59:16Z","2025-11-12T23:20:07Z",9549,"pull_request","completed","failure","copilot/use-unique-space-craft-id","04c92a5040c7e452fdb292a4b06aeda9c8351940","Copilot",3
19312538418,493,"2025-11-12T21:31:57Z","2025-11-12T21:36:39Z","2025-11-12T21:31:57Z",282,"pull_request","completed","failure","antenna-deployer-param","a22c23a64ae6ff6d41fc7aab10204fea8f60f13d","ineskhou",1
19312815891,494,"2025-11-12T21:43:00Z","2025-11-12T21:43:30Z","2025-11-12T21:43:00Z",30,"pull_request","completed","failure","antenna-deployer-param","6c64b5546aa451cfec11054d04af4f1afce71f35","ineskhou",1
19312835584,495,"2025-11-12T21:43:56Z","2025-11-12T21:47:42Z","2025-11-12T21:46:33Z",69,"pull_request","completed","failure","antenna-deployer-param","9cf3b6b6c1f20f198f0fd234150a923b3774359c","ineskhou",2
19312937015,496,"2025-11-12T21:48:33Z","2025-11-12T21:50:21Z","2025-11-12T21:48:33Z",108,"pull_request","completed","failure","antenna-deployer-param","8a76b27a1ba8fd67ebbbb135211d71f6f56b1f3d","ineskhou",1
19313101389,497,"2025-11-12T21:55:59Z","2025-11-12T21:58:30Z","2025-11-12T21:55:59Z",151,"pull_request","completed","failure","antenna-deployer-param","0a7712b79037d83e96d94ff56360e8eeb11a324e","ineskhou",1
19313215760,498,"2025-11-12T22:01:18Z","2025-11-12T22:05:35Z","2025-11-12T22:04:26Z",69,"pull_request","completed","failure","antenna-deployer-param","df85b479091ed91b79b89f12c9cba28a068cd406","ineskhou",3
19313606182,499,"2025-11-12T22:16:37Z","2025-11-13T02:39:53Z","2025-11-13T02:38:02Z",111,"pull_request","completed","failure","antenna-deployer-param","50b74df6406fcdcada22a94670d436b1fd1db9ce","ineskhou",5
19316419989,500,"2025-11-13T00:32:59Z","2025-11-13T02:11:10Z","2025-11-13T02:04:07Z",423,"pull_request","completed","failure","rtc-best-practices","38e55a8c7e9d2b1332c195bdd0d37d258b247f6d","nateinaction",2
19317356460,501,"2025-11-13T01:22:49Z","2025-11-13T03:03:52Z","2025-11-13T02:58:40Z",312,"pull_request","completed","failure","reset-component","5c7364f7f13c96cba67f21c12fe1a54e1ae00b32","nateinaction",2
19317627195,502,"2025-11-13T01:37:54Z","2025-11-13T03:09:12Z","2025-11-13T03:03:14Z",358,"pull_request","completed","failure","rtc-best-practices","7ddb482d9da80d10954f86536739d75078e16835","nateinaction",3
19317900455,503,"2025-11-13T01:53:43Z","2025-11-13T02:09:19Z","2025-11-13T01:53:43Z",936,"pull_request","completed","failure","magnetorquer","91e55ef767ccfe0f164a9cdffea152287f2822fe","hrfarmer",1
19318905393,504,"2025-11-13T02:51:39Z","2025-11-13T02:54:29Z","2025-11-13T02:51:39Z",170,"pull_request","completed","failure","antenna-deployer-param","f7483f2733b87ef60e0ad654b076cb113a619e15","yudataguy",1
19318958435,505,"2025-11-13T02:54:46Z","2025-11-13T02:57:30Z","2025-11-13T02:54:46Z",164,"pull_request","completed","success","antenna-deployer-param","719b817edb899dec7f416ab72f7214d6a8857703","Mikefly123",1
19319014259,506,"2025-11-13T02:58:17Z","2025-11-13T03:07:21Z","2025-11-13T02:58:17Z",544,"pull_request","completed","failure","copilot/add-issue-templates-fprime-zephyr","685187fbfa82ff3a5baa2764f54c3a2cb0307cdd","yudataguy",1
19319049384,507,"2025-11-13T03:00:18Z","2025-11-13T03:16:23Z","2025-11-13T03:00:18Z",965,"push","completed","success","main","b222aed8ce0426b6b6cbdcb923ec91bf1b73fbfd","yudataguy",1
19319076800,508,"2025-11-13T03:01:47Z","2025-11-13T03:11:52Z","2025-11-13T03:01:47Z",605,"pull_request","completed","success","copilot/add-issue-templates-fprime-zephyr","18497b0cd438ea54369ab3cab4db2111a7cc567d","Mikefly123",1
19319173672,509,"2025-11-13T03:07:26Z","2025-11-13T04:28:13Z","2025-11-13T04:26:21Z",112,"pull_request","completed","success","rtc-best-practices","4981100a690b91be69c5588f5a9099b77cd203c6","yudataguy",3
19319184643,510,"2025-11-13T03:08:06Z","2025-11-13T03:21:55Z","2025-11-13T03:08:06Z",829,"pull_request","completed","success","reset-component","20a5e1be1b2e751239b3d0c2faf20f8775c262b1","yudataguy",1
19319940725,511,"2025-11-13T03:53:07Z","2025-11-13T03:55:54Z","2025-11-13T03:53:07Z",167,"push","completed","success","main","e32e621fdba4a1b7bc32ebcd8a44f752386918b7","Mikefly123",1
19320116177,512,"2025-11-13T04:03:55Z","2025-11-13T04:06:41Z","2025-11-13T04:03:55Z",166,"pull_request","completed","success","gpio-fix","e061ab92a6b9728172c8cb6a14cbf2039320634b","kevinthegreat1",1
19320405698,513,"2025-11-13T04:20:12Z","2025-11-13T04:23:06Z","2025-11-13T04:20:12Z",174,"push","completed","success","main","da683fbf86b23ad1814e52767d28775a184ee301","nateinaction",1
19320566874,514,"2025-11-13T04:29:28Z","2025-11-14T00:09:17Z","2025-11-14T00:07:05Z",132,"push","completed","failure","main","b9bfd0fad623565fb4aeb18200896efe1caf4992","nateinaction",3
19350020050,515,"2025-11-14T00:19:35Z","2025-11-14T00:20:13Z","2025-11-14T00:19:35Z",38,"pull_request","completed","failure","kill-shadow-gds","4bdc7a60b88f5e7a7f947ed79ce8aa457e167469","ineskhou",1
19351437828,516,"2025-11-14T01:36:34Z","2025-11-14T05:30:21Z","2025-11-14T05:28:02Z",139,"push","completed","failure","main","5888fd9531363491675f62e8fc6503e82cf8b0a4","Mikefly123",3
19355360832,518,"2025-11-14T05:31:28Z","2025-11-15T07:14:26Z","2025-11-15T07:05:47Z",519,"pull_request","completed","success","copilot/convert-yaml-to-markdown-templates","982767ea24b90b080db7e74261f2e3d27873b56d","Copilot",2
19355360905,519,"2025-11-14T05:31:28Z","2025-11-15T07:12:24Z","2025-11-15T07:05:47Z",397,"pull_request","completed","failure","copilot/convert-yaml-to-markdown-templates","982767ea24b90b080db7e74261f2e3d27873b56d","Copilot",2
19376631628,520,"2025-11-14T20:22:30Z","2025-11-14T20:42:48Z","2025-11-14T20:40:48Z",120,"pull_request","completed","success","fix/deploy-test","e3e5bb15d1aea212df98cec3118b24bcb0a58f05","yudataguy",7
19377248168,521,"2025-11-14T20:49:52Z","2025-11-14T20:52:56Z","2025-11-14T20:49:52Z",184,"pull_request","completed","failure","fix/deploy-test","3d0c63b56756ec5cda4ff9006eac925a09c82e58","yudataguy",1
19377392611,522,"2025-11-14T20:56:55Z","2025-11-14T21:02:26Z","2025-11-14T21:00:25Z",121,"pull_request","completed","success","fix/deploy-test","1161f34c05f4ea9c6b696e08cea4c6d161e49340","yudataguy",2
19377536271,523,"2025-11-14T21:03:32Z","2025-11-14T21:15:36Z","2025-11-14T21:13:35Z",121,"pull_request","completed","failure","fix/deploy-test","15948aafcb670826f876b1e70ff5ef772d72d314","yudataguy",4
19378025438,524,"2025-11-14T21:24:52Z","2025-11-14T23:50:19Z","2025-11-14T23:47:27Z",172,"pull_request","completed","failure","fix/deploy-test","5b470607b11742cf9a83142720a2120ac42adc13","yudataguy",3
19380448249,525,"2025-11-14T23:28:15Z","2025-11-15T00:42:46Z","2025-11-15T00:40:17Z",149,"pull_request","completed","success","rtc-monotonic-failover","423b1c9453b5399ef6d4035d3a9a293841e395d1","nateinaction",3
19380753117,526,"2025-11-14T23:47:13Z","2025-11-14T23:47:51Z","2025-11-14T23:47:13Z",38,"pull_request","completed","failure","CameraManager","2964d5ab4691cee8668a28ada7596d23218a0382","moisesmata",1
19380858874,527,"2025-11-14T23:54:28Z","2025-11-14T23:56:14Z","2025-11-14T23:54:28Z",106,"pull_request","completed","failure","CameraManager","23ed6f4441ac30908dc8c1e3d28d6435fcda4544","moisesmata",1
19380875893,528,"2025-11-14T23:55:49Z","2025-11-15T00:09:11Z","2025-11-15T00:06:14Z",177,"pull_request","completed","failure","fix/deploy-test","1161f34c05f4ea9c6b696e08cea4c6d161e49340","yudataguy",3
19381178544,529,"2025-11-15T00:15:44Z","2025-11-15T00:19:00Z","2025-11-15T00:15:44Z",196,"pull_request","completed","failure","fix/deploy-test","6c720b23aeb7747c1c3effe07bf00f9cf4899bb7","yudataguy",1
19381268601,530,"2025-11-15T00:21:26Z","2025-11-15T00:36:51Z","2025-11-15T00:33:52Z",179,"pull_request","completed","failure","fix/deploy-test","3b3dbc93d0d348d267a8117b534f0714162a26e4","yudataguy",5
19381575815,531,"2025-11-15T00:40:58Z","2025-11-15T00:46:38Z","2025-11-15T00:40:58Z",340,"pull_request","completed","failure","fix/deploy-test","71c1d3682ec396d5ab490824b3ccef0eae889796","yudataguy",1
19381638728,532,"2025-11-15T00:45:14Z","2025-11-15T00:50:10Z","2025-11-15T00:45:14Z",296,"push","completed","success","main","58ad07909b4d6899434a693ba7b0c9ab6cc12640","nateinaction",1
19382840897,533,"2025-11-15T02:14:17Z","2025-11-15T22:07:45Z","2025-11-15T22:04:13Z",212,"pull_request","completed","success","fix/deploy-test","824928ebf4415f2986f5eeb9e94a55eaab612312","yudataguy",3
19383492198,534,"2025-11-15T03:07:48Z","2025-11-15T07:03:10Z","2025-11-15T07:00:56Z",134,"pull_request","completed","success","rmshadows","b2538c1bae22bd87b696478f011ae5b3db9eb918","ineskhou",3
19386326063,535,"2025-11-15T07:17:37Z","2025-11-15T07:20:57Z","2025-11-15T07:17:37Z",200,"push","completed","success","main","fddade6c4a3131f783be9044383c214af88ce3db","ineskhou",1
19386630124,536,"2025-11-15T07:44:23Z","2025-11-15T07:45:53Z","2025-11-15T07:44:23Z",90,"pull_request","completed","failure","CameraManager","df73d45da7b4de88532a1a984db71cfbac1efcbe","moisesmata",1
19394646421,537,"2025-11-15T19:39:51Z","2025-11-15T19:40:37Z","2025-11-15T19:39:51Z",46,"pull_request","completed","failure","radio-sensor-fault-manage","eeeb5284b688de9c537777c6fae3168777098b4e","yudataguy",1
19395682929,538,"2025-11-15T21:16:39Z","2025-11-15T21:20:11Z","2025-11-15T21:16:39Z",212,"push","completed","failure","main","2e6dbfbea7a2970282ff89c1d3dcd78252247e24","Mikefly123",1
19396268987,539,"2025-11-15T22:10:52Z","2025-11-16T21:35:15Z","2025-11-16T21:32:42Z",153,"push","completed","success","main","350263353ece57634a375c9f628dd30e2c44adb2","yudataguy",5
19396639645,540,"2025-11-15T22:43:53Z","2025-11-15T22:47:13Z","2025-11-15T22:43:53Z",200,"pull_request","completed","success","radio-sensor-fault-manage","4641597ce8d5d5d8788c2624da43767ddeebbb34","yudataguy",1
19396759284,541,"2025-11-15T22:57:28Z","2025-11-15T23:00:45Z","2025-11-15T22:57:28Z",197,"pull_request","completed","failure","radio-sensor-fault-manage","61af08d3795dec9eb9eb8cf0919cd8ce0d98e858","yudataguy",1
19397072787,542,"2025-11-15T23:26:02Z","2025-11-18T18:37:05Z","2025-11-18T18:33:29Z",216,"pull_request","completed","success","radio-sensor-fault-manage","3b6fea9441865a68df249d0aa4d34c63f98f3953","yudataguy",2
19397243930,543,"2025-11-15T23:41:20Z","2025-11-16T18:56:14Z","2025-11-16T18:55:56Z",18,"pull_request","completed","failure","bump/zephyr-v4.3.0","118462a1f989dab5b313f1e2a91e12ab1a839ca8","LeStarch",4
19398061032,544,"2025-11-16T00:57:39Z","2025-11-16T00:59:17Z","2025-11-16T00:57:39Z",98,"pull_request","completed","failure","CameraManager","0beaf5b7605892a42db95cfa48a6314c8bf89ec9","moisesmata",1
19410506306,545,"2025-11-16T18:59:58Z","2025-11-16T19:00:33Z","2025-11-16T18:59:58Z",35,"pull_request","completed","failure","bump/zephyr-v4.3.0","214b2986c426ebc0a1e2e93010ea83a087f422ce","ineskhou",1
19410525789,546,"2025-11-16T19:01:27Z","2025-11-16T19:02:01Z","2025-11-16T19:01:27Z",34,"pull_request","completed","failure","bump/zephyr-v4.3.0","eeba64483294f1e5166a26c075a8ad0a869364b2","ineskhou",1
19410543115,547,"2025-11-16T19:02:40Z","2025-11-16T21:47:56Z","2025-11-16T21:45:26Z",150,"pull_request","completed","success","bump/zephyr-v4.3.0","2ab044c78021c3e21cce64908176eb7424ac13fe","ineskhou",2
19413950694,549,"2025-11-16T23:43:41Z","2025-11-16T23:51:49Z","2025-11-16T23:45:30Z",379,"pull_request","completed","failure","copilot/add-yaml-issue-forms","2c246e0440fc9bea16504d199485b9350839b0b9","Copilot",2
19413950726,550,"2025-11-16T23:43:41Z","2025-11-17T18:08:08Z","2025-11-17T18:05:21Z",167,"pull_request","completed","success","copilot/add-yaml-issue-forms","2c246e0440fc9bea16504d199485b9350839b0b9","Copilot",3
19414518384,551,"2025-11-17T00:26:05Z","2025-11-18T02:24:43Z","2025-11-18T01:58:46Z",1557,"push","completed","success","main","babf036f8a589c9827efc29ac9763046b77b7963","ineskhou",4
19441250228,552,"2025-11-17T19:03:01Z","2025-11-17T19:06:27Z","2025-11-17T19:03:01Z",206,"push","completed","success","main","ec8ddf52f582ab5e3898036a281086e92b3bd388","Mikefly123",1
19441828301,553,"2025-11-17T19:23:38Z","2025-11-17T19:30:20Z","2025-11-17T19:29:31Z",49,"pull_request","completed","failure","mode-manager","3c5f7477d354417cb074ed5e964a23561b47b780","yudataguy",3
19445151227,554,"2025-11-17T21:28:39Z","2025-11-18T18:57:03Z","2025-11-18T18:50:20Z",403,"pull_request","completed","cancelled","mode-manager","dd5b4a958b654fc6683f920bf5a8c6b380c93383","yudataguy",9
19448324422,555,"2025-11-17T23:38:16Z","2025-11-17T23:38:56Z","2025-11-17T23:38:16Z",40,"pull_request","completed","failure","magnetorquer","d5865a64f9944e0e33ee8bcdaec0168f87d63d4d","hrfarmer",1
19448510026,556,"2025-11-17T23:46:49Z","2025-11-17T23:47:53Z","2025-11-17T23:46:49Z",64,"pull_request","completed","failure","magnetorquer","95fca4571aa2051fa10894ae34d96a9d83b7ec09","hrfarmer",1
19448513992,557,"2025-11-17T23:47:01Z","2025-11-17T23:50:37Z","2025-11-17T23:47:01Z",216,"pull_request","completed","failure","authenticate","0122599324f35e6b0363d9090be396761f3cad45","ineskhou",1
19450276642,558,"2025-11-18T01:08:07Z","2025-11-18T02:26:56Z","2025-11-18T01:08:07Z",4729,"pull_request","completed","failure","authenticate","6db3abb55d4be6a8422ebb7d762dd1307f31b105","ineskhou",1
19450286966,559,"2025-11-18T01:08:37Z","2025-11-18T02:27:11Z","2025-11-18T01:08:37Z",4714,"pull_request","completed","failure","authenticate","e6bbda858e91109a8f64ca6d35b3489ac42fa214","ineskhou",1
19450303789,560,"2025-11-18T01:09:29Z","2025-11-18T02:31:35Z","2025-11-18T02:31:18Z",17,"pull_request","completed","failure","authenticate","fc92ff0f6a3ea2e12e9cf333cb084188a1ac5527","ineskhou",3
19451546990,561,"2025-11-18T02:14:42Z","2025-11-18T02:27:25Z","2025-11-18T02:14:42Z",763,"pull_request","completed","failure","magnetorquer","02e8b1b1f0198f8f6eaa64cb7b98c64f9c57304f","hrfarmer",1
19452610283,562,"2025-11-18T03:07:21Z","2025-11-18T03:07:59Z","2025-11-18T03:07:21Z",38,"pull_request","completed","failure","authenticate","6d2d745ee07d658a6d95e3b656d0dc55177b13ef","ineskhou",1
19453754392,563,"2025-11-18T04:07:29Z","2025-11-18T04:08:05Z","2025-11-18T04:07:29Z",36,"pull_request","completed","failure","authenticate","54ed0066ee0b015087eed8e9e26c8f5fd5431585","ineskhou",1
19453762420,564,"2025-11-18T04:07:54Z","2025-11-18T04:08:26Z","2025-11-18T04:07:54Z",32,"pull_request","completed","failure","authenticate","a1480d6a334cb069f9e4c0e4a0e574b30b488159","ineskhou",1
19453794714,565,"2025-11-18T04:09:31Z","2025-11-18T04:10:06Z","2025-11-18T04:09:31Z",35,"pull_request","completed","failure","authenticate","f6739b2da07a3b83e0eae836c1f7102ac6712bdf","ineskhou",1
19453797905,566,"2025-11-18T04:09:41Z","2025-11-18T04:10:52Z","2025-11-18T04:09:41Z",71,"pull_request","completed","failure","authenticate","3e28ae89778a1dd9558603a3c842cdebfa306272","ineskhou",1
19454525915,567,"2025-11-18T04:48:39Z","2025-11-18T04:49:09Z","2025-11-18T04:48:39Z",30,"pull_request","completed","failure","authenticate","379b046aba56e6636562cc670d6715e04e795c0b","ineskhou",1
19477282460,568,"2025-11-18T18:38:50Z","2025-11-18T19:05:57Z","2025-11-18T19:00:53Z",304,"pull_request","completed","failure","authenticate","e9697ecb13e4bda726161b69415094963183d3ae","ineskhou",3
19477689677,569,"2025-11-18T18:56:21Z","2025-11-18T23:18:39Z","2025-11-18T23:17:50Z",49,"pull_request","completed","failure","authenticate","b7757d4e3a31249d36cb877a0e4950f52d2b7e80","ineskhou",14
19483864557,570,"2025-11-18T23:21:45Z","2025-11-18T23:23:40Z","2025-11-18T23:21:45Z",115,"pull_request","completed","failure","authenticate","0346928424dc77e2dea0d65aa9466e4f39bf73e2","ineskhou",1
19483939772,571,"2025-11-18T23:25:07Z","2025-11-18T23:43:02Z","2025-11-18T23:41:22Z",100,"pull_request","completed","failure","authenticate","cb63bcb4dba265203f0a88b84058e302dab45cf3","ineskhou",6
19484358177,572,"2025-11-18T23:43:26Z","2025-11-19T01:04:13Z","2025-11-19T01:03:13Z",60,"pull_request","completed","failure","authenticate","1a1e63ae5b22ffe4007a541fd9036d7be73c1b4b","ineskhou",4
19486020334,573,"2025-11-19T01:04:41Z","2025-11-19T01:29:50Z","2025-11-19T01:24:16Z",334,"pull_request","completed","failure","authenticate","da4da0378d99915cd857d8d895c9143cef9fed18","ineskhou",2
19486593803,574,"2025-11-19T01:33:33Z","2025-11-19T01:36:57Z","2025-11-19T01:33:33Z",204,"pull_request","completed","success","fix_rtc_tests","7d4381d41b0b141c7e3bc5a1e4059135dadf390f","ineskhou",1
19486721230,575,"2025-11-19T01:40:05Z","2025-11-19T01:44:45Z","2025-11-19T01:40:05Z",280,"pull_request","completed","failure","authenticate","be8bb7f35f2148103b0bb3876bc18fa07a8628b2","ineskhou",1
19486869953,576,"2025-11-19T01:48:09Z","2025-11-19T01:52:50Z","2025-11-19T01:48:09Z",281,"pull_request","completed","failure","authenticate","398753d5567818940764515a237feba31b047b35","ineskhou",1
19487061919,577,"2025-11-19T01:58:39Z","2025-11-19T02:04:58Z","2025-11-19T02:02:37Z",141,"pull_request","completed","success","authenticate","c39e835f458ffa1e67e89e8af4d41dbce0e3cc97","ineskhou",2
19487604661,578,"2025-11-19T02:27:18Z","2025-11-19T02:32:39Z","2025-11-19T02:30:25Z",134,"pull_request","completed","failure","authenticate","3ca66aa9a206dc30ff1f4465d89db04a34e6da3d","ineskhou",3
19487785662,579,"2025-11-19T02:36:10Z","2025-11-19T02:40:19Z","2025-11-19T02:36:10Z",249,"pull_request","completed","failure","authenticate","2a1be52ba6f3dc4ff85ede71b2030b29b658e5c1","ineskhou",1
19488662995,580,"2025-11-19T03:23:50Z","2025-11-19T03:30:37Z","2025-11-19T03:23:50Z",407,"pull_request","completed","failure","authenticate","44f1bd5ad8c0fac49d89b7656d0c85f9bd5bd9dc","ineskhou",1
19488682802,581,"2025-11-19T03:24:53Z","2025-11-19T03:37:40Z","2025-11-19T03:36:02Z",98,"pull_request","completed","failure","authenticate","c5c5c3507c4e94b13c8aaa4045542a6af818b5d7","ineskhou",3
19488935324,582,"2025-11-19T03:39:01Z","2025-11-19T03:42:56Z","2025-11-19T03:39:01Z",235,"pull_request","completed","failure","authenticate","c89c398c35acffce7727ec3340ee600f9c98a3e1","ineskhou",1
19489045502,583,"2025-11-19T03:45:32Z","2025-11-19T03:48:17Z","2025-11-19T03:45:32Z",165,"pull_request","completed","failure","authenticate","633882af60960f76eab4643a262e2cfc79f13987","ineskhou",1
19489288593,584,"2025-11-19T03:59:56Z","2025-11-19T04:09:37Z","2025-11-19T03:59:56Z",581,"pull_request","completed","failure","authenticate","71e4e4f05744f181463386f3ea9d49330b6a1cb7","ineskhou",1
19489686382,585,"2025-11-19T04:21:08Z","2025-11-19T04:31:12Z","2025-11-19T04:21:08Z",604,"pull_request","completed","failure","authenticate","57f737edcef988d87abacbe992e19568f95275b9","ineskhou",1
19490498205,586,"2025-11-19T05:06:53Z","2025-11-19T05:10:42Z","2025-11-19T05:06:53Z",229,"pull_request","completed","success","authenticate","b0b2593a8fb87b8876ca5f71fd8acebae7b0a2e6","ineskhou",1
19511316476,587,"2025-11-19T17:58:08Z","2025-11-19T18:42:22Z","2025-11-19T17:58:08Z",2654,"pull_request","completed","failure","mode-manager","8d01f7120064cb5a461d8b6e78e2deb4a43625c6","yudataguy",1
19511665565,588,"2025-11-19T18:09:50Z","2025-11-19T18:43:55Z","2025-11-19T18:09:50Z",2045,"pull_request","completed","failure","mode-manager","79f41239c4e58c1aea85a0155f501dc7d238c6fd","yudataguy",1
19512015803,589,"2025-11-19T18:21:59Z","2025-11-19T18:44:40Z","2025-11-19T18:21:59Z",1361,"pull_request","completed","failure","mode-manager","29952b3253dc2e45d38e1898e4c819b6197349ef","yudataguy",1
19512177473,590,"2025-11-19T18:27:37Z","2025-11-19T18:45:23Z","2025-11-19T18:27:37Z",1066,"pull_request","completed","failure","mode-manager","d30d637759996a6b84acf80ab81b11ef0778c0a2","yudataguy",1
19512289449,591,"2025-11-19T18:31:32Z","2025-11-19T18:46:57Z","2025-11-19T18:31:32Z",925,"pull_request","completed","failure","mode-manager","b041aaf12364d94098903d5690e5a46ce3180ca9","yudataguy",1
19512699515,592,"2025-11-19T18:46:27Z","2025-11-19T18:50:31Z","2025-11-19T18:46:27Z",244,"pull_request","completed","failure","mode-manager","8970af350e89db6200a6ddeddc0c6e196bb6e4e5","yudataguy",1
19512724174,593,"2025-11-19T18:47:17Z","2025-11-19T18:51:15Z","2025-11-19T18:47:17Z",238,"pull_request","completed","failure","mode-manager","8a121ce045013a68f2df25b8b1172592475e886c","yudataguy",1
19512916008,594,"2025-11-19T18:54:18Z","2025-11-19T18:56:02Z","2025-11-19T18:54:18Z",104,"pull_request","completed","failure","mode-manager","8d580c45806c5aa3e7a9aadf512deac507931ef2","yudataguy",1
19513390767,595,"2025-11-19T19:11:56Z","2025-11-19T19:13:44Z","2025-11-19T19:11:56Z",108,"pull_request","completed","failure","mode-manager","bcdd69606ee8fefce4aaf9ec2c9c015144fec209","yudataguy",1
19513801588,596,"2025-11-19T19:26:59Z","2025-11-19T19:39:51Z","2025-11-19T19:26:59Z",772,"pull_request","completed","failure","mode-manager","379baa5a405f4131453430bf27dbaf0afc30196a","yudataguy",1
19513805909,597,"2025-11-19T19:27:09Z","2025-11-19T20:10:11Z","2025-11-19T19:27:09Z",2582,"pull_request","completed","failure","mode-manager","951b69c99f1959e822d9496717b82e315abae613","yudataguy",1
19521243288,598,"2025-11-20T00:40:39Z","2025-11-20T00:42:36Z","2025-11-20T00:40:39Z",117,"pull_request","completed","failure","mode-manager","cdae5f7337d1e7bc89b03e2bf7d64223b2dd645c","yudataguy",1
19521409289,599,"2025-11-20T00:49:04Z","2025-11-20T05:24:25Z","2025-11-20T05:14:03Z",622,"pull_request","completed","success","mode-manager","68714f333aa0aa42f2f5941e79297edad95ea707","yudataguy",3
19523550032,600,"2025-11-20T02:37:20Z","2025-11-20T02:48:43Z","2025-11-20T02:37:20Z",683,"pull_request","completed","success","mode-manager","3e6fcb08529be7bc848304cfe2b2512ded68794b","yudataguy",1
19583272104,601,"2025-11-21T20:56:02Z","2025-11-21T20:56:46Z","2025-11-21T20:56:02Z",44,"pull_request","completed","failure","detumble","e32da0f898f45ae4a974aca711e7d43b577f66ba","hrfarmer",1
19583512171,602,"2025-11-21T21:07:00Z","2025-11-25T21:27:47Z","2025-11-25T21:17:13Z",634,"pull_request","completed","success","mode-manager","9b7a1f7232d68697d63fb7c82a254f2bc6fbb258","yudataguy",3
19585698360,603,"2025-11-21T22:52:57Z","2025-11-21T22:56:28Z","2025-11-21T22:52:57Z",211,"pull_request","completed","failure","detumble","d9485844ef2e2d3efe45e88864dbaa7baf56fef1","hrfarmer",1
19587402160,604,"2025-11-22T00:38:37Z","2025-11-22T00:40:28Z","2025-11-22T00:38:37Z",111,"pull_request","completed","failure","magnetorquer","054c7fbb30f827ce2dd4d80ba4d713105ff0b931","hrfarmer",1
19589772600,605,"2025-11-22T03:41:22Z","2025-11-24T18:26:53Z","2025-11-24T18:16:22Z",631,"pull_request","completed","success","mode-manager","e4f984671611205e33d4068d956d972ce4640109","yudataguy",4
19600597632,606,"2025-11-22T20:08:25Z","2025-11-22T20:10:24Z","2025-11-22T20:08:25Z",119,"pull_request","completed","failure","CameraManager","cbc1164d68b375230840d1ce98530c593f6d6762","nateinaction",1
19600617524,607,"2025-11-22T20:10:14Z","2025-11-22T20:13:07Z","2025-11-22T20:10:14Z",173,"pull_request","completed","failure","CameraManager","dd5b6d8d86f74528364b01a6313278f21246b02d","nateinaction",1
19601330709,608,"2025-11-22T21:15:48Z","2025-11-22T21:17:40Z","2025-11-22T21:15:48Z",112,"pull_request","completed","failure","set-odr","0671ca85ad01b776073945add2a56af0f6f6969e","hrfarmer",1
19601386038,609,"2025-11-22T21:20:42Z","2025-11-24T18:08:56Z","2025-11-24T18:06:31Z",145,"pull_request","completed","success","set-odr","4b82930834b29ac24e8273e0c7dce520f0fa2eac","hrfarmer",5
19602548700,610,"2025-11-22T23:11:22Z","2025-11-22T23:16:28Z","2025-11-22T23:11:22Z",306,"pull_request","completed","failure","magnetorquer","7973ee22ccea63d46ae4f1ce0803b06c53f79588","hrfarmer",1
19623291578,611,"2025-11-24T04:25:01Z","2025-11-24T04:26:54Z","2025-11-24T04:25:01Z",113,"pull_request","completed","failure","authenticate","912aad8dd4054e3e8abdeba8eb89b86728f2fb82","ineskhou",1
19624057964,612,"2025-11-24T05:11:38Z","2025-11-24T05:15:03Z","2025-11-24T05:11:38Z",205,"pull_request","completed","failure","authenticate","cefae1b296f7f2c9f6c87a27183b9a5a4da21e9c","ineskhou",1
19624257604,613,"2025-11-24T05:23:08Z","2025-11-24T05:26:33Z","2025-11-24T05:23:08Z",205,"pull_request","completed","success","authenticate","20778b8086cc203b1dc336f9730ee6455f1a10dd","ineskhou",1
19624438268,614,"2025-11-24T05:33:58Z","2025-11-24T18:13:13Z","2025-11-24T18:11:09Z",124,"pull_request","completed","failure","authenticate","f7589287cbb88c2d1a1b4e9ba80c329f524ce4a2","ineskhou",2
19644784771,615,"2025-11-24T18:21:32Z","2025-11-24T18:25:08Z","2025-11-24T18:21:32Z",216,"pull_request","completed","failure","authenticate","c41934f1e6f5bc5e043a250bb3f834c618ba0b28","ineskhou",1
19644824937,616,"2025-11-24T18:22:55Z","2025-11-24T18:30:12Z","2025-11-24T18:22:55Z",437,"pull_request","completed","failure","authenticate","da3b935e7c081d9bc73a2e49fd7b48d048785e90","ineskhou",1
19646025383,617,"2025-11-24T19:05:45Z","2025-11-25T01:47:05Z","2025-11-25T01:33:32Z",813,"push","completed","failure","main","30b7568c0453063b232b67423e6d2111a9de85a9","yudataguy",14
19652716858,618,"2025-11-24T23:28:30Z","2025-11-24T23:28:59Z","2025-11-24T23:28:30Z",29,"pull_request","completed","failure","authenticate","1ae38b7103380e994bb6a6eff5ed5a5f8cd8fc82","ineskhou",1
19652851994,619,"2025-11-24T23:34:48Z","2025-11-24T23:35:18Z","2025-11-24T23:34:48Z",30,"pull_request","completed","failure","authenticate","045c250a2753013011e2e9cfb0aad3673fed5ca6","ineskhou",1
19652944669,620,"2025-11-24T23:39:11Z","2025-11-25T00:35:52Z","2025-11-25T00:34:48Z",64,"pull_request","completed","failure","authenticate","552db23da3fae40b02d3e1d645975d49686765e8","ineskhou",4
19653105201,621,"2025-11-24T23:46:53Z","2025-11-25T22:27:00Z","2025-11-25T22:08:42Z",1098,"push","completed","success","main","87883bc2087235d4bc2021e400d85287fc2cbcd2","nateinaction",2
19654279067,622,"2025-11-25T00:45:32Z","2025-11-25T01:32:49Z","2025-11-25T01:31:45Z",64,"pull_request","completed","failure","authenticate","fc9e07d31ed4d469e4c49bbe0e1d48904f15e2e4","ineskhou",2
19655072754,623,"2025-11-25T01:27:58Z","2025-11-25T04:49:46Z","2025-11-25T04:36:56Z",770,"pull_request","completed","failure","authenticate","7fcd5007e36f9aac79f10530af4fffe0d5189e2c","ineskhou",4
19658638333,624,"2025-11-25T04:50:14Z","2025-11-25T05:25:54Z","2025-11-25T05:13:05Z",769,"pull_request","completed","failure","authenticate","1293de211dfdb965b583c800620d1305ce870c16","ineskhou",3
19659275303,625,"2025-11-25T05:26:30Z","2025-11-25T05:40:18Z","2025-11-25T05:26:30Z",828,"pull_request","completed","failure","authenticate","52327051879ebe94ae82c531bccf3476adf6a5e6","ineskhou",1
19659533704,626,"2025-11-25T05:40:32Z","2025-11-25T18:22:53Z","2025-11-25T18:20:34Z",139,"pull_request","completed","success","authenticate","272550be7e52542ed9aa697c570133e9caa7fafc","ineskhou",4
19685099779,627,"2025-11-25T21:48:16Z","2025-11-25T22:16:40Z","2025-11-25T22:06:24Z",616,"pull_request","completed","success","authenticate","dabe0604d868fdead3e9da9d763aaed4488bd752","ineskhou",2
19694868362,628,"2025-11-26T06:38:14Z","2025-11-26T06:40:05Z","2025-11-26T06:38:14Z",111,"pull_request","completed","failure","payload-mode","e02705520f971ce821af32cfd1bd2b8dca6a9ef2","yudataguy",1
19695009449,629,"2025-11-26T06:45:43Z","2025-11-26T06:47:30Z","2025-11-26T06:45:43Z",107,"pull_request","completed","failure","payload-mode","f8336e0d7e76ab4f7f14870ff190208c9a43e6c8","yudataguy",1
19695096886,630,"2025-11-26T06:50:27Z","2025-11-26T06:52:15Z","2025-11-26T06:50:27Z",108,"pull_request","completed","failure","payload-mode","2809b15fe581f6747285b568cf3c6356c42b7bf4","yudataguy",1
19695194151,631,"2025-11-26T06:55:35Z","2025-11-26T19:47:20Z","2025-11-26T19:29:23Z",1077,"pull_request","completed","success","payload-mode","62a100c45e8249b5f26344d74327d60d635b3af0","yudataguy",4
19711638849,632,"2025-11-26T17:03:23Z","2025-11-26T18:50:26Z","2025-11-26T18:40:11Z",615,"pull_request","completed","failure","magnetorquer","0570f9478241322c22d00fde0615a056ab54f953","hrfarmer",2
19717148606,633,"2025-11-26T20:54:25Z","2025-11-26T21:11:08Z","2025-11-26T21:01:05Z",603,"pull_request","completed","success","authenticate","e0202845bbe0e9c186760509abd00ddd34b1ff3f","nateinaction",3
19717802358,634,"2025-11-26T21:24:04Z","2025-11-26T21:25:57Z","2025-11-26T21:24:04Z",113,"push","completed","failure","main","feecd57a11c211d7cc40e1adb9925802bf1b4047","ineskhou",1
19719655783,635,"2025-11-26T22:53:59Z","2025-11-26T22:56:10Z","2025-11-26T22:53:59Z",131,"pull_request","completed","failure","payload-mode","05ff516f88cb393a35d5db454a6501ea0c609c25","yudataguy",1
19721886292,636,"2025-11-27T01:03:17Z","2025-11-27T01:05:15Z","2025-11-27T01:03:17Z",118,"pull_request","completed","failure","temp-sensor","59acff8478e4d85475135f196ef535ba42fe086e","nateinaction",1
19722022725,637,"2025-11-27T01:11:21Z","2025-11-27T01:13:12Z","2025-11-27T01:11:21Z",111,"pull_request","completed","failure","temp-sensor","2898d23543d4a1d75847e8ac3e50252068860d8d","nateinaction",1
19722527713,638,"2025-11-27T01:42:07Z","2025-11-27T05:54:05Z","2025-11-27T05:53:16Z",49,"pull_request","completed","failure","magnetorquer","201a19197c462a08f6ca8f5ebc7a28cf94fb34b6","hrfarmer",2
19723235076,639,"2025-11-27T02:26:03Z","2025-11-27T02:28:02Z","2025-11-27T02:26:03Z",119,"pull_request","completed","failure","temp-sensor","058b6076a8a7997c6cef2597125ca02fb9ae55e6","nateinaction",1
19724637403,640,"2025-11-27T03:52:30Z","2025-11-27T03:54:26Z","2025-11-27T03:52:30Z",116,"pull_request","completed","failure","temp-sensor","47ef8b6b07194da86aebdc10e72fc3b45a0b8c3c","nateinaction",1
19725175267,641,"2025-11-27T04:25:07Z","2025-11-27T04:27:00Z","2025-11-27T04:25:07Z",113,"pull_request","completed","failure","device-tree-faces","8daace1a7dec6e7c78ae31a1eac96586648a5d8f","nateinaction",1
19726332012,642,"2025-11-27T05:35:53Z","2025-11-27T05:37:46Z","2025-11-27T05:35:53Z",113,"pull_request","completed","failure","payload-mode","fddb10f8348db23114dbe5751b7a226c874d0042","yudataguy",1
19726508385,643,"2025-11-27T05:46:05Z","2025-11-28T00:12:14Z","2025-11-28T00:07:53Z",261,"pull_request","completed","cancelled","payload-mode","a7d55082e5a35ac9aa2044e2eff2ae6ee81ee929","yudataguy",2
19749191213,644,"2025-11-27T22:36:34Z","2025-11-27T22:38:35Z","2025-11-27T22:36:34Z",121,"pull_request","completed","failure","router","289ca241c206657e364615594c8936006f09783f","ineskhou",1
19750142236,645,"2025-11-27T23:48:39Z","2025-11-27T23:50:33Z","2025-11-27T23:48:39Z",114,"pull_request","completed","failure","router","ecbdbe0c213e73d8557f720c7649523f50feafaf","ineskhou",1
19750237695,646,"2025-11-27T23:57:45Z","2025-11-28T00:03:02Z","2025-11-27T23:57:45Z",317,"pull_request","completed","failure","router","910d09da9b51624f295ac9abfaf72977dbac69a5","ineskhou",1
19750260338,647,"2025-11-28T00:00:17Z","2025-11-28T00:17:54Z","2025-11-28T00:15:10Z",164,"pull_request","completed","failure","router","8b95e4e020c9d16da99160e60e4af598a1f714be","ineskhou",4
19750459637,648,"2025-11-28T00:14:18Z","2025-11-28T01:04:41Z","2025-11-28T00:58:13Z",388,"push","completed","cancelled","main","201540e2e3cde58d5678a9d6c34b4b67314cd9fc","yudataguy",2
19750623784,649,"2025-11-28T00:25:20Z","2025-11-28T00:49:11Z","2025-11-28T00:29:49Z",1162,"pull_request","completed","failure","router","1ea518e3df5b6c5c0743dcd247b5caf1a34e8e6e","ineskhou",2
19751169684,650,"2025-11-28T01:04:56Z","2025-11-28T01:19:51Z","2025-11-28T01:04:56Z",895,"pull_request","completed","failure","revert-131-payload-mode","41f72301cc43a0d5feeab98415a414da54956958","yudataguy",1
19751408559,651,"2025-11-28T01:21:37Z","2025-11-28T01:23:58Z","2025-11-28T01:21:37Z",141,"push","completed","failure","main","03d5ddd37423ed5c7ae56a18dd4127cfbea4f466","yudataguy",1
19751765933,652,"2025-11-28T01:47:35Z","2025-11-28T01:56:38Z","2025-11-28T01:47:35Z",543,"pull_request","completed","cancelled","router","17d9a3578ea2dc8c1d627fa991f54f7d10f42141","ineskhou",1
19752173168,653,"2025-11-28T02:16:16Z","2025-11-28T02:26:42Z","2025-11-28T02:16:16Z",626,"pull_request","completed","failure","router","2948365383553942dcc82904e7f7cb07e3ea4a87","ineskhou",1
19752335213,654,"2025-11-28T02:27:20Z","2025-11-29T07:29:21Z","2025-11-29T07:26:39Z",162,"pull_request","completed","failure","router","1179027ad712f9fb55cb4526744c169fb891f35d","ineskhou",16
19753408344,655,"2025-11-28T03:40:18Z","2025-11-28T03:47:44Z","2025-11-28T03:46:57Z",47,"pull_request","completed","failure","device-tree-faces","fd98e597cf5d871028a1be1abd1499f546d67b24","nateinaction",2
19753409706,656,"2025-11-28T03:40:24Z","2025-11-29T05:42:26Z","2025-11-29T05:40:52Z",94,"pull_request","completed","failure","device-tree-faces","d918a4837bd5aa9faeae7deda0e5692baa8f34a1","nateinaction",2
19754225219,657,"2025-11-28T04:36:00Z","2025-11-28T04:37:51Z","2025-11-28T04:36:00Z",111,"pull_request","completed","failure","authenticate-router","c538d33522f24f9a7c3e3a43aa0d84fe358f156f","ineskhou",1
19756844041,658,"2025-11-28T07:16:24Z","2025-11-28T07:18:22Z","2025-11-28T07:16:24Z",118,"pull_request","completed","failure","temp-sensor","105d7904a22be64bfe9d3400629772f8c1ca5293","nateinaction",1
19759949871,659,"2025-11-28T09:41:07Z","2025-11-28T09:43:07Z","2025-11-28T09:41:07Z",120,"pull_request","completed","failure","temp-sensor","27fdc9b22a0f541709f3e6e22f314cdb73a16af8","nateinaction",1
19770704193,660,"2025-11-28T17:43:59Z","2025-11-28T17:44:45Z","2025-11-28T17:43:59Z",46,"pull_request","completed","failure","authenticate-router","fbe2c4cf8ece1cc1c413ee3c5b67228051ee3f5b","ineskhou",1
19770862143,661,"2025-11-28T17:54:02Z","2025-11-28T17:54:32Z","2025-11-28T17:54:02Z",30,"pull_request","completed","failure","temp-sensor","5923d5e9abda6957eb68d04c2973dcebcb32cf90","Mikefly123",1
19773090249,662,"2025-11-28T20:15:53Z","2025-11-29T05:25:07Z","2025-11-29T05:23:10Z",117,"pull_request","completed","failure","magnetorquer","858891f698748521087858683cec2964f69a4e0d","hrfarmer",2
19773287246,663,"2025-11-28T20:28:49Z","2025-11-28T20:29:21Z","2025-11-28T20:28:49Z",32,"pull_request","completed","failure","temp-sensor","c3119fe44f3496814bedeaa5e168f4668b6b63b7","nateinaction",1
19774418148,664,"2025-11-28T21:48:05Z","2025-11-29T19:46:45Z","2025-11-29T19:36:30Z",615,"pull_request","completed","failure","temp-sensor","88af688694d6fb2fd6848475c36a0b8ebddce541","nateinaction",3
19776095352,665,"2025-11-29T00:04:49Z","2025-11-29T02:17:22Z","2025-11-29T02:15:27Z",115,"pull_request","completed","failure","payload-mode","a7d55082e5a35ac9aa2044e2eff2ae6ee81ee929","yudataguy",2
19777729937,666,"2025-11-29T02:32:46Z","2025-11-29T02:55:23Z","2025-11-29T02:46:41Z",522,"pull_request","completed","failure","payload-mode","5b0cc7e385fc00b6b597b1ca4f4b2607d78c3880","yudataguy",3
19779877484,667,"2025-11-29T06:00:40Z","2025-11-29T19:30:25Z","2025-11-29T19:18:02Z",743,"pull_request","completed","failure","device-tree-faces","c6aa4d6b32dd88401088f79192314ba0ae7e13fc","Mikefly123",3
19780066666,668,"2025-11-29T06:16:54Z","2025-11-29T06:17:27Z","2025-11-29T06:16:54Z",33,"pull_request","completed","failure","authenticate-router","2b3f93fa8fb87a3fb87dd0049a78e03ca1daa976","ineskhou",1
19780192097,669,"2025-11-29T06:28:42Z","2025-11-29T06:29:13Z","2025-11-29T06:28:42Z",31,"pull_request","completed","failure","authenticate-router","61e31a700ba79fad895592e9f7a223beed7c4d29","ineskhou",1
19780415903,670,"2025-11-29T06:50:30Z","2025-11-29T07:24:50Z","2025-11-29T07:24:23Z",27,"pull_request","completed","cancelled","payload-mode","286cd57f29bbaeaab1498f77ec6361cb40f6864f","yudataguy",3
19781116803,671,"2025-11-29T08:00:24Z","2025-11-29T08:15:13Z","2025-11-29T08:00:24Z",889,"pull_request","completed","failure","antenna_test_fix","7a25d85f265bc088c1564fbf05dda2348dd31426","ineskhou",1
19781312886,672,"2025-11-29T08:18:28Z","2025-11-29T08:22:04Z","2025-11-29T08:18:28Z",216,"pull_request","completed","failure","antenna_test_fix","f4ace6e0cb2ff0fc4636f38537b3c06cc41cf0d6","ineskhou",1
19781349890,673,"2025-11-29T08:22:01Z","2025-11-29T08:25:25Z","2025-11-29T08:22:01Z",204,"pull_request","completed","failure","antenna_test_fix","77037714a66cfc346022b1ace2e44199abb561c0","ineskhou",1
19781397136,674,"2025-11-29T08:26:42Z","2025-11-29T08:45:00Z","2025-11-29T08:42:30Z",150,"pull_request","completed","success","antenna_test_fix","586ac2edd8272b7c4c488048226cf168ed2ff758","ineskhou",5
19781806609,675,"2025-11-29T09:06:23Z","2025-11-29T09:21:10Z","2025-11-29T09:06:23Z",887,"pull_request","completed","failure","antenna_test_fix","a02009e7ce205728be2e193f4aecfebc02ce3ab8","ineskhou",1
19781976750,676,"2025-11-29T09:21:53Z","2025-11-29T09:36:39Z","2025-11-29T09:21:53Z",886,"pull_request","completed","failure","antenna_test_fix","31cce530234abf878d5b3c2021545e45685a0ae7","ineskhou",1
19782150118,677,"2025-11-29T09:38:22Z","2025-11-29T18:17:58Z","2025-11-29T18:15:26Z",152,"pull_request","completed","success","antenna_test_fix","36a32329dac93627893b92c564b23893f9f7c86f","ineskhou",26
19787412268,678,"2025-11-29T18:04:43Z","2025-11-29T18:05:12Z","2025-11-29T18:04:43Z",29,"pull_request","completed","failure","normal-payload","a44949df56a4366f62a88bc463cc442084bff1c1","yudataguy",1
19787699000,679,"2025-11-29T18:30:22Z","2025-11-29T18:39:26Z","2025-11-29T18:30:22Z",544,"pull_request","completed","cancelled","normal-payload","0e6cfed510684d813e29ec80fffe01d5170575fb","yudataguy",1
19787732570,680,"2025-11-29T18:33:17Z","2025-11-29T18:41:51Z","2025-11-29T18:33:17Z",514,"push","completed","success","main","98a5a075e648b44661797b8dc6243aa2043cf794","ineskhou",1
19787767300,681,"2025-11-29T18:36:34Z","2025-11-29T21:03:09Z","2025-11-29T21:01:31Z",98,"pull_request","completed","failure","payload-mode","4886c643f7934fab80012af5ab7b787c55777a83","ineskhou",8
19788474889,682,"2025-11-29T19:43:36Z","2025-11-29T20:04:13Z","2025-11-29T20:02:19Z",114,"pull_request","completed","cancelled","router","a051b53a36fe582c8e1fcfc9c57ec2ff1698f9e1","ineskhou",4
19788768104,683,"2025-11-29T20:13:21Z","2025-11-29T20:13:50Z","2025-11-29T20:13:21Z",29,"pull_request","completed","failure","device-tree-faces","622202d6a065106e665123cf3f95c5718946beb2","nateinaction",1
19788801442,684,"2025-11-29T20:16:31Z","2025-11-29T20:59:39Z","2025-11-29T20:57:04Z",155,"pull_request","completed","failure","device-tree-faces","b693cc31cdd44732ae39c42cf157b6c0e2af8192","nateinaction",2
19789617175,685,"2025-11-29T21:34:19Z","2025-11-29T21:37:32Z","2025-11-29T21:34:19Z",193,"pull_request","completed","failure","device-tree-faces","4b5180800c0a4b62e623540fdbd18283bb1cc847","nateinaction",1
19790060396,686,"2025-11-29T22:18:52Z","2025-11-29T22:20:59Z","2025-11-29T22:18:52Z",127,"pull_request","completed","failure","magnetorquer","39fa3cd237eb750ba6d61ce2be5595d793d4b348","hrfarmer",1
19790068479,687,"2025-11-29T22:19:34Z","2025-11-29T22:20:09Z","2025-11-29T22:19:34Z",35,"pull_request","completed","failure","magnetorquer","d3fc4cb182d8800e6aa3d98e4281b43c99287413","hrfarmer",1
19792272516,688,"2025-11-30T01:56:27Z","2025-11-30T01:58:26Z","2025-11-30T01:56:27Z",119,"pull_request","completed","failure","hibernation-mode","398169191c8886b1165bd0a3a4ab36b838526f69","yudataguy",1
19793545460,689,"2025-11-30T04:03:04Z","2025-11-30T04:05:13Z","2025-11-30T04:03:04Z",129,"pull_request","completed","failure","hibernation-mode","398169191c8886b1165bd0a3a4ab36b838526f69","yudataguy",1
19793892635,690,"2025-11-30T04:37:35Z","2025-11-30T04:38:04Z","2025-11-30T04:37:35Z",29,"pull_request","completed","failure","hibernation-mode","569e0eab636f3a117b878f1f2894c3ecbb0b2a01","yudataguy",1
19793991624,691,"2025-11-30T04:48:04Z","2025-11-30T04:48:32Z","2025-11-30T04:48:04Z",28,"pull_request","completed","failure","hibernation-mode","b9312057fcf75139b003218701fd2a12c7e3b350","yudataguy",1
19793994028,692,"2025-11-30T04:48:17Z","2025-11-30T04:50:17Z","2025-11-30T04:48:17Z",120,"pull_request","completed","failure","hibernation-mode","941a068f34c97eaa0424668f72a465925426b61f","yudataguy",1
19794012977,694,"2025-11-30T04:50:25Z","2025-11-30T04:50:54Z","2025-11-30T04:50:25Z",29,"pull_request","completed","failure","hibernation-mode","4faabc990e12b4f455c20d821206f4224ea73ec3","yudataguy",1
19794015000,695,"2025-11-30T04:50:36Z","2025-11-30T04:52:29Z","2025-11-30T04:50:36Z",113,"pull_request","completed","failure","hibernation-mode","1122b30ecd25c151979f81e01850c7d13c72caa8","yudataguy",1
19794044734,700,"2025-11-30T04:53:53Z","2025-11-30T04:55:49Z","2025-11-30T04:53:53Z",116,"pull_request","completed","failure","hibernation-mode","d9d3d4c23c56d435e0ad4b254837b7b2cfb8e740","yudataguy",1
19794057073,701,"2025-11-30T04:55:11Z","2025-11-30T04:57:06Z","2025-11-30T04:55:11Z",115,"pull_request","completed","failure","hibernation-mode","57f963a4cb47ed30172ee5c90d631b90b79e1990","yudataguy",1
19801783184,706,"2025-11-30T16:34:45Z","2025-12-01T06:16:31Z","2025-11-30T16:34:45Z",49306,"pull_request","completed","failure","magnetorquer","77d6567ff6f1326dbe548e4320f16272d6e92c26","hrfarmer",1
19801887843,707,"2025-11-30T16:44:07Z","2025-11-30T16:45:06Z","2025-11-30T16:44:07Z",59,"pull_request","completed","failure","detumble","983a355a3c5a6ba50133c15cc2f1f439cd2f71fe","hrfarmer",1
19802591614,708,"2025-11-30T17:44:43Z","2025-11-30T17:45:42Z","2025-11-30T17:44:43Z",59,"pull_request","completed","failure","magnetorquer","e9eebc23efc0bbdabf07c8db1f94f8fb47c90769","hrfarmer",1
19803451582,709,"2025-11-30T19:01:44Z","2025-12-01T06:17:54Z","2025-11-30T19:01:44Z",40570,"pull_request","completed","cancelled","magnetorquer","b11f065948e0b4bdbe97f75bb515926c34f4bd0e","hrfarmer",1
19805455868,710,"2025-11-30T22:01:18Z","2025-12-01T06:19:11Z","2025-11-30T22:01:18Z",29873,"pull_request","completed","cancelled","tca-mux-health-2","0cb9b91f691607b79ba6d5805531096203459b63","nateinaction",1
19805471719,711,"2025-11-30T22:02:29Z","2025-12-01T08:10:40Z","2025-12-01T08:09:31Z",69,"pull_request","completed","failure","tca-mux-health-2","59972a7b2bce34f0dd5b32454612b182802538e6","nateinaction",6
19805837169,712,"2025-11-30T22:32:28Z","2025-12-01T06:20:27Z","2025-11-30T22:32:28Z",28079,"pull_request","completed","cancelled","load-manager-get-state","2dc9ed7274a7a068c728d676b3fe1a3ce947a591","nateinaction",1
19805890200,713,"2025-11-30T22:36:57Z","2025-11-30T22:37:40Z","2025-11-30T22:36:57Z",43,"pull_request","completed","failure","temp-sensor","97475a61fd43fcd5dfb8fbc0d19f4a0c3715c48e","nateinaction",1
19805978719,714,"2025-11-30T22:44:56Z","2025-12-01T06:21:30Z","2025-11-30T22:44:56Z",27394,"pull_request","completed","failure","load-manager-get-state","d2034ca5a1ec73176d6de955ff570e188ae1e523","nateinaction",1
19806863849,715,"2025-12-01T00:03:12Z","2025-12-01T06:20:53Z","2025-12-01T00:03:12Z",22661,"pull_request","completed","cancelled","magnetorquer","71c454e06d10dfeda65d6471c656a73f1981e756","hrfarmer",1
19807359962,716,"2025-12-01T00:35:17Z","2025-12-01T06:21:03Z","2025-12-01T00:35:17Z",20746,"pull_request","completed","cancelled","magnetorquer","c095831bcedd5cdefb42c77c4f8a9a22d00e0dc8","hrfarmer",1
19811896323,717,"2025-12-01T05:05:11Z","2025-12-01T05:05:47Z","2025-12-01T05:05:11Z",36,"pull_request","completed","failure","temp-sensor","835381007ba1f2f451d5fac15aacb6c8f7da2719","nateinaction",1
19811969122,718,"2025-12-01T05:09:11Z","2025-12-01T05:09:46Z","2025-12-01T05:09:11Z",35,"pull_request","completed","failure","device-tree-faces","8e679d9814dd1c48433a042ddc5eb80f10b2379c","nateinaction",1
19812010474,719,"2025-12-01T05:11:20Z","2025-12-01T06:15:45Z","2025-12-01T05:11:20Z",3865,"pull_request","completed","cancelled","device-tree-faces","c85bf7adc30152a8d79a5bc3dcd2b554527f1d2b","nateinaction",1
19812361075,720,"2025-12-01T05:30:31Z","2025-12-01T06:29:26Z","2025-12-01T06:27:01Z",145,"pull_request","completed","failure","device-tree-faces","81e8c87f4399b6d2c3dda636d2c5fad61c8d3885","nateinaction",5
19812604505,721,"2025-12-01T05:43:30Z","2025-12-01T06:21:12Z","2025-12-01T05:43:30Z",2262,"pull_request","completed","cancelled","load-manager-get-state","1839bea98500b0944f6303da9f9bbbead3e73a46","nateinaction",1
19813546360,722,"2025-12-01T06:31:12Z","2025-12-01T06:35:11Z","2025-12-01T06:31:12Z",239,"pull_request","completed","success","device-tree-faces","704b296aab8a3a14419187e8193f5297316d689e","ineskhou",1
19814644047,723,"2025-12-01T07:23:22Z","2025-12-01T07:27:10Z","2025-12-01T07:23:22Z",228,"pull_request","completed","success","revert-authenticate","75abc1416b7bf60abbc4cc90a9221151cc92d854","ineskhou",1
19814939301,724,"2025-12-01T07:36:47Z","2025-12-01T07:41:41Z","2025-12-01T07:36:47Z",294,"push","completed","failure","main","d8f257c56c949b7d8331a34760c48294be34bd83","ineskhou",1
19814975719,725,"2025-12-01T07:38:27Z","2025-12-01T07:43:16Z","2025-12-01T07:38:27Z",289,"pull_request","completed","failure","safe-normal-switch","37a29a241539c2444264849b5f8ae9c515dccf4d","yudataguy",1
19816303590,726,"2025-12-01T08:35:33Z","2025-12-01T08:37:27Z","2025-12-01T08:35:33Z",114,"pull_request","completed","failure","antenna-update","05e39cf9a540fa0c6ff2ab20ed43d5a6bd25feb3","ineskhou",1
19816842022,727,"2025-12-01T08:56:11Z","2025-12-01T09:04:33Z","2025-12-01T09:01:53Z",160,"push","completed","success","main","5f0c1f6d62f285e1a4503f484ee525e153ef8645","ineskhou",3
19817152389,728,"2025-12-01T09:07:23Z","2025-12-01T09:11:02Z","2025-12-01T09:07:23Z",219,"pull_request","completed","failure","magnetorquer","14c76896a0e9635cbcc90a25404c864858aa0382","ineskhou",1
19818096326,729,"2025-12-01T09:41:08Z","2025-12-01T09:44:33Z","2025-12-01T09:41:08Z",205,"pull_request","completed","success","antenna-update","0cb0d02513ca1d1594df3435d03ccf3e835085cb","ineskhou",1
19832972354,730,"2025-12-01T18:18:32Z","2025-12-02T09:42:21Z","2025-12-01T18:18:32Z",55429,"pull_request","completed","failure","safe-normal-switch","e629051f4e2b1450f9f1be5ca8a9e3a0db940a6e","yudataguy",1
19841134702,731,"2025-12-01T23:33:46Z","2025-12-02T09:44:14Z","2025-12-01T23:33:46Z",36628,"pull_request","completed","failure","magnetorquer","ddffc6e911c4b9f6ad701cc3b3fca260b0c8bbf0","hrfarmer",1
19842168452,732,"2025-12-02T00:23:21Z","2025-12-02T09:54:49Z","2025-12-02T09:47:52Z",417,"pull_request","completed","failure","magnetorquer","69f7f436b7187ce331bdb6a87a3aeda211738f6e","hrfarmer",2
19842379044,733,"2025-12-02T00:33:27Z","2025-12-02T00:34:06Z","2025-12-02T00:33:27Z",39,"pull_request","completed","failure","temp-sensor","a8b4a081bb20ace202435706ba2134175fe1e65b","nateinaction",1
19842823122,734,"2025-12-02T00:54:39Z","2025-12-02T00:55:16Z","2025-12-02T00:54:39Z",37,"pull_request","completed","failure","temp-sensor","d8c5b7fcf3cdbaa657b094618e83118b310eeb91","nateinaction",1
19843162781,735,"2025-12-02T01:10:38Z","2025-12-02T10:04:08Z","2025-12-02T10:01:33Z",155,"pull_request","completed","success","update-test-integration","b83ec2300302709e1d0028ce0431ca15b7e0865a","hrfarmer",3
19854059269,736,"2025-12-02T09:41:34Z","2025-12-02T10:00:26Z","2025-12-02T09:53:32Z",414,"pull_request","completed","success","antenna-update","5a8f1b3cea3648db01c3585df3c6c6755ca57440","ineskhou",3
19871028256,737,"2025-12-02T19:31:06Z","2025-12-03T19:32:11Z","2025-12-02T19:31:06Z",86465,"push","completed","cancelled","main","bf4ea8b4dfb1999f0148103ff1756f9df4bf216b","hrfarmer",1
19876637184,738,"2025-12-02T23:15:29Z","2025-12-02T23:16:07Z","2025-12-02T23:15:29Z",38,"pull_request","completed","failure","temp-sensor-2","ff132bee081372cb32350eb1da80d2de38d476be","nateinaction",1
19879244680,739,"2025-12-03T01:30:18Z","2025-12-04T04:35:31Z","2025-12-04T04:33:15Z",136,"pull_request","completed","success","antenna-update","98d34e4e871bf3bf4821747a4c4ba3da6d4d5c83","ineskhou",3
19879467492,740,"2025-12-03T01:42:31Z","2025-12-04T01:43:40Z","2025-12-03T01:42:31Z",86469,"pull_request","completed","cancelled","more-deditated-wham","8a0a201cb08d62956267a6c93a178a324bdb45d4","Mikefly123",1
19882610843,741,"2025-12-03T04:41:18Z","2025-12-04T04:28:29Z","2025-12-03T04:41:18Z",85631,"pull_request","completed","failure","load-manager-get-state","a7df803c7efa40d914dc6e18dcb434355a2eaaf6","nateinaction",1
19883600156,742,"2025-12-03T05:35:02Z","2025-12-03T05:35:40Z","2025-12-03T05:35:02Z",38,"pull_request","completed","failure","temp-sensor","c01153830c75c2f95a8fb9580e6ee4905ad570af","nateinaction",1
19883936831,743,"2025-12-03T05:53:14Z","2025-12-03T05:53:52Z","2025-12-03T05:53:14Z",38,"pull_request","completed","failure","temp-sensor","aa1dcd89d33960f6b70ebb67c2aa5d9b0c85ab2a","nateinaction",1
19884664955,744,"2025-12-03T06:29:12Z","2025-12-03T06:29:50Z","2025-12-03T06:29:12Z",38,"pull_request","completed","failure","temp-sensor","797fc7e34a9ba46b8cd4473b6b0dc37f408c9697","nateinaction",1
19887111563,745,"2025-12-03T08:20:42Z","2025-12-04T04:33:10Z","2025-12-03T08:20:42Z",72748,"push","completed","failure","main","a3a67456eed8c02bfc425e742f44c72beae3f271","Mikefly123",1
19917816296,746,"2025-12-04T04:35:54Z","2025-12-04T04:39:34Z","2025-12-04T04:35:54Z",220,"push","completed","success","main","6d9f807785f5e20ce67abf799e8689e4b1740ec7","ineskhou",1
19941716520,747,"2025-12-04T19:41:41Z","2025-12-04T19:42:20Z","2025-12-04T19:41:41Z",39,"pull_request","completed","failure","temp-sensor","8aa4cbc568ca8d858623f405d5f792fadfa9acfb","nateinaction",1
19945541683,748,"2025-12-04T22:08:56Z","2025-12-06T19:17:06Z","2025-12-06T19:14:25Z",161,"pull_request","completed","failure","s-band-working","74338e0cb92db426f485e7606cf98543abdf9285","jrpear",2
19949444394,749,"2025-12-05T01:20:33Z","2025-12-05T01:21:21Z","2025-12-05T01:20:33Z",48,"pull_request","completed","failure","detumble","06b87d94cea7ed5cc353926100b9fa590bd76c6f","hrfarmer",1
19949523752,750,"2025-12-05T01:24:44Z","2025-12-05T01:25:21Z","2025-12-05T01:24:44Z",37,"pull_request","completed","failure","temp-sensor","9011012e97557a97232c78c04bae658d5a1a0202","nateinaction",1
19950437434,751,"2025-12-05T02:16:41Z","2025-12-06T19:53:11Z","2025-12-06T19:41:46Z",685,"pull_request","completed","failure","safe-normal-switch","ae1bd67808ce8f49d7fc78b6dbb4ac2da7b72046","yudataguy",2
19951080904,752,"2025-12-05T02:52:45Z","2025-12-05T02:53:25Z","2025-12-05T02:52:45Z",40,"pull_request","completed","failure","temp-sensor","a0dcb056af472f1d515504cb162d35da083c35dd","nateinaction",1
19953465389,753,"2025-12-05T05:16:01Z","2025-12-05T05:16:35Z","2025-12-05T05:16:01Z",34,"pull_request","completed","failure","updater","f7462ddb59fc5c54bc7bbce30bbad7c2db61e991","LeStarch",1
19953545920,754,"2025-12-05T05:20:51Z","2025-12-05T05:21:26Z","2025-12-05T05:20:51Z",35,"pull_request","completed","failure","updater","77023cee25b10fc29dfb48ad002383c7870f605f","ineskhou",1
19953715080,755,"2025-12-05T05:30:32Z","2025-12-05T05:31:07Z","2025-12-05T05:30:32Z",35,"pull_request","completed","failure","updater","042423444d986740d951e4c1c5ebefa175c8c4de","ineskhou",1
19953896378,756,"2025-12-05T05:40:53Z","2025-12-05T05:41:29Z","2025-12-05T05:40:53Z",36,"pull_request","completed","failure","updater","31aac67288588d3e8939bd856801ec157f69a448","hrfarmer",1
19953970563,757,"2025-12-05T05:45:13Z","2025-12-05T05:45:48Z","2025-12-05T05:45:13Z",35,"pull_request","completed","failure","updater","b71f8f43f095e874a16897c39b568f86984769cd","hrfarmer",1
19954837561,758,"2025-12-05T06:32:00Z","2025-12-06T19:37:01Z","2025-12-06T19:36:45Z",16,"pull_request","completed","failure","updater","ad6ec751fa558550d0b84a92a5de95bf06959f3c","ineskhou",2
19990856006,759,"2025-12-06T16:00:11Z","2025-12-06T19:01:45Z","2025-12-06T16:00:11Z",10894,"pull_request","completed","cancelled","temp-sensor","4f453778b09dc16b2593671fccabd1418b2ffb50","nateinaction",1
19990891950,760,"2025-12-06T16:03:08Z","2025-12-06T19:02:20Z","2025-12-06T16:03:08Z",10752,"pull_request","completed","cancelled","load-manager-get-state","3e6bb434ba20dc1b9d9a0d493ac2a7841df76fbb","Mikefly123",1
19991828576,761,"2025-12-06T17:24:31Z","2025-12-06T19:02:24Z","2025-12-06T17:24:31Z",5873,"pull_request","completed","cancelled","CameraManagerLogs","e70cfdc3fd3dda4ec7e7eda7a00291c5a9dcf7f0","nateinaction",1
19992398598,762,"2025-12-06T18:16:04Z","2025-12-06T19:02:29Z","2025-12-06T18:16:04Z",2785,"pull_request","completed","cancelled","load-manager-get-state","be4c52013aa27dd8803e07b80358270766d46e0e","nateinaction",1
19992857304,763,"2025-12-06T18:56:35Z","2025-12-06T19:04:41Z","2025-12-06T18:59:18Z",323,"pull_request","completed","success","load-manager-get-state","c5fcf67d5d0078d499e1b8e951f3d9215253a760","Mikefly123",2
19992956529,764,"2025-12-06T19:05:34Z","2025-12-06T19:08:59Z","2025-12-06T19:05:34Z",205,"push","completed","success","main","b1c184d977cc7e4f90df8fdf5f8a2d0c670cc652","Mikefly123",1
19993098027,765,"2025-12-06T19:17:31Z","2025-12-06T19:21:34Z","2025-12-06T19:17:31Z",243,"pull_request","completed","success","temp-sensor","9322bbc72b131c3d8d7d4fc685d5482b14c9b058","Mikefly123",1
19993243196,766,"2025-12-06T19:30:57Z","2025-12-06T19:35:43Z","2025-12-06T19:33:25Z",138,"pull_request","completed","success","magnetorquer","508d7f3facd406e68009a7f380fcc4702654789f","Mikefly123",2
19993680278,767,"2025-12-06T20:12:36Z","2025-12-06T20:16:42Z","2025-12-06T20:12:36Z",246,"pull_request","completed","failure","safe-normal-switch","70627558c21da40a254eaadf82d05745e9427bae","yudataguy",1
19994016309,768,"2025-12-06T20:43:00Z","2025-12-06T20:43:46Z","2025-12-06T20:43:00Z",46,"pull_request","completed","failure","detumble","2a3ee0a3ebd46a83f3595dc7b6b7c887c87cb883","Mikefly123",1
19994046310,769,"2025-12-06T20:45:49Z","2025-12-06T20:49:58Z","2025-12-06T20:45:49Z",249,"pull_request","completed","failure","safe-normal-switch","bbc83755a25c1bdd8fac6454f12aff4f69a0e941","yudataguy",1
19994102167,770,"2025-12-06T20:51:00Z","2025-12-06T22:34:16Z","2025-12-06T22:31:14Z",182,"pull_request","completed","failure","safe-normal-switch","8e58677bf2e28fd345d3f79410eb8aaefb2aad1f","yudataguy",2
19994861226,771,"2025-12-06T22:03:17Z","2025-12-06T22:06:45Z","2025-12-06T22:03:17Z",208,"pull_request","completed","success","update-burnwire-test","b28f7baef2b0e3170aaabbdeba3662d6fab77ac4","Mikefly123",1
19994868504,772,"2025-12-06T22:03:50Z","2025-12-06T22:09:50Z","2025-12-06T22:03:50Z",360,"pull_request","completed","success","update-burnwire-test","70ae6865221adaf526ded05a2db36182796cd35e","Mikefly123",1
19995501332,773,"2025-12-06T23:03:29Z","2025-12-06T23:06:50Z","2025-12-06T23:03:29Z",201,"pull_request","completed","success","update-tlm-packets","d28173cdfd538b1e06d5df8365f8ba8e984a7979","Mikefly123",1
19995521351,774,"2025-12-06T23:05:16Z","2025-12-06T23:08:57Z","2025-12-06T23:05:16Z",221,"pull_request","completed","success","update-burnwire-test","555a4d0c4083364e898260534618df41f63ab0d8","Mikefly123",1
19995646977,775,"2025-12-06T23:16:14Z","2025-12-06T23:19:28Z","2025-12-06T23:16:14Z",194,"push","completed","failure","main","2643b66140c3a7009b258919ff1bb985f78e58d3","Mikefly123",1
19995776822,776,"2025-12-06T23:28:24Z","2025-12-06T23:32:20Z","2025-12-06T23:28:24Z",236,"pull_request","completed","success","safe-normal-switch","9dcbfc90cb2000ad73b3686f7c6454ec2cc7dea8","Mikefly123",1
19996410095,777,"2025-12-07T00:29:51Z","2025-12-07T00:34:00Z","2025-12-07T00:29:51Z",249,"pull_request","completed","failure","temp-sensor","2208c3287162fdde3b67ac6d616ec49f1ca74578","nateinaction",1
19996570557,778,"2025-12-07T00:43:44Z","2025-12-07T00:46:56Z","2025-12-07T00:43:44Z",192,"push","completed","success","main","547928c6f9560829f0aedcaab29f9af5b79d0bf2","nateinaction",1
19996637998,779,"2025-12-07T00:49:43Z","2025-12-07T00:52:16Z","2025-12-07T00:49:43Z",153,"pull_request","completed","failure","s-band-working","c27a2299bad8f801b204be04cecf4675ca713cb8","jrpear",1
20000367747,780,"2025-12-07T06:40:00Z","2025-12-07T17:46:23Z","2025-12-07T17:43:22Z",181,"push","completed","success","main","7a5b5e1b28b3d8f42c4bada41cf38ae615326b50","yudataguy",3
20000928752,781,"2025-12-07T07:31:52Z","2025-12-07T17:39:39Z","2025-12-07T07:31:52Z",36467,"pull_request","completed","cancelled","watchdog-tests","cd8fbf40daf60e432fc1d906555e90ac7aee2a35","moisesmata",1
20000984669,782,"2025-12-07T07:36:55Z","2025-12-07T23:28:38Z","2025-12-07T23:24:47Z",231,"pull_request","completed","failure","watchdog-tests","eee6e2f1bf3d2f137e42b88d1a7dbc7fc0e4203b","moisesmata",3
20001099126,783,"2025-12-07T07:48:43Z","2025-12-07T20:48:04Z","2025-12-07T20:47:31Z",33,"pull_request","completed","failure","CameraManagerLogs","99abbddc816a34ff628f0e99d32878ae88b77659","moisesmata",9
20007906502,784,"2025-12-07T17:37:17Z","2025-12-07T17:38:25Z","2025-12-07T17:37:17Z",68,"pull_request","completed","failure","detumble","6adde5604a06a5298242b3ddc389747e437fda29","hrfarmer",1
20007942390,785,"2025-12-07T17:40:13Z","2025-12-07T17:43:04Z","2025-12-07T17:40:13Z",171,"pull_request","completed","failure","temp-sensor","7a18de914cec4c3c7107ad55d3241daab16abd9b","nateinaction",1
20008126910,786,"2025-12-07T17:57:52Z","2025-12-07T18:06:04Z","2025-12-07T18:02:59Z",185,"pull_request","completed","success","filesystem-test","cf8f5e859e793a6de2efbfc8f791afce0fd66ed3","nateinaction",2
20008201467,787,"2025-12-07T18:04:18Z","2025-12-07T18:08:04Z","2025-12-07T18:04:18Z",226,"pull_request","completed","failure","detumble","927c2739b1c0d5200bfe86ee67998f88ffe688ff","hrfarmer",1
20008235627,788,"2025-12-07T18:06:57Z","2025-12-07T18:31:17Z","2025-12-07T18:28:11Z",186,"push","completed","success","main","1a9524893fe6b6aeabe08ce5248ebbbc6beeb336","Mikefly123",2
20008374067,789,"2025-12-07T18:18:19Z","2025-12-07T18:22:25Z","2025-12-07T18:18:19Z",246,"pull_request","completed","failure","detumble","d65b9cec3cabd710457ff73bacfd89893fbdb374","hrfarmer",1
20008517163,790,"2025-12-07T18:30:03Z","2025-12-07T18:34:12Z","2025-12-07T18:30:03Z",249,"pull_request","completed","success","nateinaction-patch-1","8f1e886d108c8e353f896b673d1d546ce417ef6e","nateinaction",1
20008545879,791,"2025-12-07T18:32:20Z","2025-12-07T18:37:16Z","2025-12-07T18:32:20Z",296,"push","completed","success","main","d138ad33f1baea4be14a3cab7d0243791733514e","nateinaction",1
20008831249,792,"2025-12-07T18:56:53Z","2025-12-07T19:00:56Z","2025-12-07T18:56:53Z",243,"pull_request","completed","success","delete-invalid-ina219","51f9577598f8546975f6f8b2acd72f3ade8586de","hrfarmer",1
20008871945,793,"2025-12-07T19:01:05Z","2025-12-07T19:05:10Z","2025-12-07T19:01:05Z",245,"push","completed","success","main","20a0a20b41539ef6d96b3f1dcbe4351fc01cee81","hrfarmer",1
20009397685,794,"2025-12-07T19:45:12Z","2025-12-07T19:49:11Z","2025-12-07T19:45:12Z",239,"pull_request","completed","success","remove-make-target","5ebf87a6ae6afe25821b90efcdf03511624568d3","nateinaction",1
20009473586,795,"2025-12-07T19:52:10Z","2025-12-07T20:10:01Z","2025-12-07T20:07:05Z",176,"push","completed","success","main","12384dc16605cbe8afe65ff88c777b8175118929","Mikefly123",3
20010181397,796,"2025-12-07T20:53:33Z","2025-12-07T20:57:55Z","2025-12-07T20:53:33Z",262,"pull_request","completed","failure","temp-sensor","ca4db19122474d8de5ad663c9a057247556de43a","hrfarmer",1
20010187430,797,"2025-12-07T20:54:07Z","2025-12-07T21:01:39Z","2025-12-07T20:54:07Z",452,"pull_request","completed","success","load-switch-boot-behavior","aa90f39bcef09cf6740ed06630d35ff4be501d94","nateinaction",1
20010247774,798,"2025-12-07T21:00:36Z","2025-12-07T21:04:54Z","2025-12-07T21:00:36Z",258,"pull_request","completed","failure","temp-sensor","84385894356bc37103e126b326b2e0818b35d803","nateinaction",1
20010456506,799,"2025-12-07T21:16:03Z","2025-12-07T21:20:50Z","2025-12-07T21:16:03Z",287,"pull_request","completed","failure","temp-sensor","d58cada4eb4b8bd650a86e286877fbd2d6608f72","nateinaction",1
20010473392,800,"2025-12-07T21:17:29Z","2025-12-07T21:18:19Z","2025-12-07T21:17:29Z",50,"pull_request","completed","failure","CameraManagerLogs","0028a9046210138f48e6d449256c0d147eeed91e","RobertPendergrast",1
20010737407,801,"2025-12-07T21:39:15Z","2025-12-07T21:40:19Z","2025-12-07T21:39:15Z",64,"pull_request","completed","failure","CameraManagerLogs","acc432433a11fd05824386a0c1091a74100f218b","nateinaction",1
20010770505,802,"2025-12-07T21:42:11Z","2025-12-07T21:46:46Z","2025-12-07T21:42:11Z",275,"pull_request","completed","failure","temp-sensor","e027a21eb95065f8fb54529e3ce903edb2d19a17","hrfarmer",1
20010816447,803,"2025-12-07T21:47:09Z","2025-12-07T23:34:18Z","2025-12-07T23:32:41Z",97,"pull_request","completed","failure","CameraManagerLogs","41d0fb5e315bfec5e2b6b233c91f05a0e8bd049f","nateinaction",3
20010962732,804,"2025-12-07T22:01:38Z","2025-12-07T22:05:45Z","2025-12-07T22:01:38Z",247,"push","completed","success","main","dee1d575b658a7f6c50efcd0df1f80046a9eb363","Mikefly123",1
20011006753,805,"2025-12-07T22:04:40Z","2025-12-07T22:09:24Z","2025-12-07T22:04:40Z",284,"pull_request","completed","failure","temp-sensor","52485f7dac1b8853886b025ea85b91e78df6e6d3","hrfarmer",1
20011026346,806,"2025-12-07T22:06:06Z","2025-12-07T23:43:32Z","2025-12-07T23:40:04Z",208,"pull_request","completed","failure","temp-sensor","df4f356dec4ff945e2f07eb5d8fadd58ea124268","hrfarmer",3
20012249183,807,"2025-12-07T23:46:49Z","2025-12-07T23:49:13Z","2025-12-07T23:46:49Z",144,"pull_request","completed","failure","s-band-working","18121b833c958042b0d841618f6910cd167dc944","nateinaction",1
20012253188,808,"2025-12-07T23:47:13Z","2025-12-07T23:50:01Z","2025-12-07T23:47:13Z",168,"pull_request","completed","cancelled","slow-flaky-tests","0b8b42059c2b1e8e47147b55cd120aef8cfa560b","hrfarmer",1
20012262893,809,"2025-12-07T23:48:09Z","2025-12-07T23:53:54Z","2025-12-07T23:48:09Z",345,"pull_request","completed","failure","slow-flaky-tests","d0447a6e3e7c6d2ed94f29f2153af64eac3c0e1a","hrfarmer",1
20012271800,810,"2025-12-07T23:48:59Z","2025-12-07T23:57:48Z","2025-12-07T23:48:59Z",529,"pull_request","completed","failure","temp-sensor","b867aa6dc56eecbd05e8aaba6afa68209c9350c4","nateinaction",1
20012279880,811,"2025-12-07T23:49:44Z","2025-12-08T00:01:03Z","2025-12-07T23:49:44Z",679,"pull_request","completed","success","temp-sensor","02a5eec75a8525d785310cfd48da728262375189","hrfarmer",1
20012332884,812,"2025-12-07T23:54:50Z","2025-12-08T00:05:47Z","2025-12-07T23:54:50Z",657,"pull_request","completed","success","slow-flaky-tests","0748699bc4c185f87740b8532f4ee8bd4d679654","hrfarmer",1
20012356123,813,"2025-12-07T23:57:20Z","2025-12-08T00:08:04Z","2025-12-07T23:57:20Z",644,"pull_request","completed","cancelled","Lex-ari-patch-1","5436be2de217aa6df5752f995a74fabb604068f3","Lex-ari",1
20012375623,814,"2025-12-07T23:59:49Z","2025-12-08T00:09:40Z","2025-12-07T23:59:49Z",591,"push","completed","success","main","bf7241d2d953026f1e722fc3bc43480db4dc408d","Lex-ari",1
20012490692,815,"2025-12-08T00:07:40Z","2025-12-08T00:13:16Z","2025-12-08T00:07:40Z",336,"pull_request","completed","failure","slow-flaky-tests","2ac1c4a039fefcc9f7f424c2e4944ce68d1dbae4","hrfarmer",1
20012600626,816,"2025-12-08T00:14:25Z","2025-12-08T00:19:05Z","2025-12-08T00:14:25Z",280,"pull_request","completed","success","slow-flaky-tests","294632ec2448e20c27d45f63e1332219b8ef5215","hrfarmer",1
20012686877,817,"2025-12-08T00:19:35Z","2025-12-08T00:24:04Z","2025-12-08T00:19:35Z",269,"push","completed","failure","main","92bd1b1d51869d5e2d55f56c14ae7ec2e37c4f7f","hrfarmer",1
20012712397,818,"2025-12-08T00:21:06Z","2025-12-08T19:50:46Z","2025-12-08T19:50:06Z",40,"pull_request","completed","failure","slow-flaky-tests","b0b4c958396156ef2605cb86d7bf710f9fff7364","hrfarmer",5
20012933466,819,"2025-12-08T00:33:54Z","2025-12-08T00:34:41Z","2025-12-08T00:33:54Z",47,"pull_request","completed","failure","CameraManagerLogs","13634dfabfd9a7b4c73c7cc5c07f0bb88053ee83","Mikefly123",1
20013249851,820,"2025-12-08T00:55:04Z","2025-12-08T01:17:29Z","2025-12-08T01:16:41Z",48,"pull_request","completed","failure","CameraManagerLogs","891df19391b926345caf07434fe3b0f25657f11f","Mikefly123",6
20014094571,821,"2025-12-08T01:48:44Z","2025-12-08T01:50:41Z","2025-12-08T01:48:44Z",117,"pull_request","completed","failure","detumble","396f738fd13c1b4234a0a9e9e3403174b58b393e","hrfarmer",1
20014926146,822,"2025-12-08T02:39:38Z","2025-12-08T02:42:50Z","2025-12-08T02:42:03Z",47,"pull_request","completed","failure","watchdog-tests","f5a057d9e48d53b433a12400530d5ab7b40bed2d","moisesmata",2
20015263682,823,"2025-12-08T03:01:53Z","2025-12-08T03:15:56Z","2025-12-08T03:11:58Z",238,"pull_request","completed","failure","CameraManagerLogs","1bbc83584ca2cd2245516326631c92879299f0cb","Mikefly123",3
20015994510,824,"2025-12-08T03:45:22Z","2025-12-08T03:50:08Z","2025-12-08T03:45:22Z",286,"pull_request","completed","failure","CameraManagerLogs","6d52dcb6f287ca5c095c271a2fc143d6d6feb676","RobertPendergrast",1
20016017053,825,"2025-12-08T03:46:56Z","2025-12-08T03:54:26Z","2025-12-08T03:46:56Z",450,"pull_request","completed","failure","CameraManagerLogs","1b04266fc488992c09e594e3a33ff05b58ab167d","RobertPendergrast",1
20019493735,826,"2025-12-08T06:58:56Z","2025-12-08T07:03:26Z","2025-12-08T06:58:56Z",270,"pull_request","completed","success","CameraManagerLogs","5048156c38be0276eeb5779904a8e4678f1453f5","nateinaction",1
20019632588,827,"2025-12-08T07:05:06Z","2025-12-08T07:10:11Z","2025-12-08T07:05:06Z",305,"push","completed","success","main","d81a43a2ab152c09c8f8ee96b1b7fd15609c7bb9","nateinaction",1
20047840087,828,"2025-12-09T00:43:17Z","2025-12-09T00:48:09Z","2025-12-09T00:43:17Z",292,"pull_request","completed","failure","detumble","60687ca9f612d7ee7663789773eb1ae1d438edde","nateinaction",1
20079030727,829,"2025-12-09T21:25:51Z","2025-12-09T21:27:54Z","2025-12-09T21:25:51Z",123,"pull_request","completed","failure","detumble","acf78bfd63f523510f00b0b9676e4ecc482a7209","hrfarmer",1
20080116953,830,"2025-12-09T22:10:48Z","2025-12-09T22:12:46Z","2025-12-09T22:10:48Z",118,"pull_request","completed","failure","detumble","062bcecb4c78e91f97d593956b809816cefc4452","hrfarmer",1
20081213794,831,"2025-12-09T22:57:59Z","2025-12-09T22:59:02Z","2025-12-09T22:57:59Z",63,"pull_request","completed","failure","detumble","b9458902c7859fbef60823449ccb0222f99c9d4a","nateinaction",1
20081331387,832,"2025-12-09T23:03:27Z","2025-12-09T23:05:24Z","2025-12-09T23:03:27Z",117,"pull_request","completed","failure","detumble","33eea2c1bfe44477b3770f5dc86c4fef14f3a134","hrfarmer",1
20085673054,833,"2025-12-10T02:52:54Z","2025-12-10T02:54:47Z","2025-12-10T02:52:54Z",113,"pull_request","completed","failure","call-bootloader-from-opcode","ad9468eea3b6483596e8fa090650d193c17d6573","hrfarmer",1
20085755668,834,"2025-12-10T02:57:50Z","2025-12-10T02:59:41Z","2025-12-10T02:57:50Z",111,"pull_request","completed","failure","call-bootloader-from-opcode","7ed15b87a9d947c40f1c097676d856fc13f4530f","hrfarmer",1
20119938259,835,"2025-12-11T02:29:14Z","2025-12-11T02:35:20Z","2025-12-11T02:34:33Z",47,"pull_request","completed","failure","call-bootloader-from-opcode","e1cf89c10949e4f0df441fef47246d241a600709","hrfarmer",2
20120066338,836,"2025-12-11T02:36:38Z","2025-12-11T02:40:40Z","2025-12-11T02:39:27Z",73,"pull_request","completed","failure","call-bootloader-from-opcode","bbfdb9dc53b726c87f4ccc566123a5dc40037741","hrfarmer",2
20120146745,837,"2025-12-11T02:41:14Z","2025-12-11T03:14:46Z","2025-12-11T03:13:33Z",73,"pull_request","completed","failure","call-bootloader-from-opcode","27a2e022823d9b767782fc875563564d36aefb66","hrfarmer",3
20175013329,838,"2025-12-12T17:40:22Z","2025-12-12T17:43:49Z","2025-12-12T17:40:22Z",207,"pull_request","completed","failure","updater","38b80f745a8b613cb58411564fd209a1e94270c2","ineskhou",1
20175077960,839,"2025-12-12T17:43:01Z","2025-12-12T17:45:55Z","2025-12-12T17:43:01Z",174,"push","completed","failure","main","e7e9c5b98760d0748fab0625862717fff599388f","LeStarch",1
20175217167,840,"2025-12-12T17:48:48Z","2025-12-12T17:51:49Z","2025-12-12T17:48:48Z",181,"pull_request","completed","failure","tlm-packet-cleanup","a99244f49ce9c49fda9ec50fa7f2fa3076bba763","Mikefly123",1
20175694311,841,"2025-12-12T18:08:47Z","2025-12-12T18:11:42Z","2025-12-12T18:08:47Z",175,"pull_request","completed","failure","fix_make","4b3e483e3e4337dc20f13e1a3ee04bf33a3bd518","LeStarch",1
20175736932,842,"2025-12-12T18:10:30Z","2025-12-12T18:14:45Z","2025-12-12T18:10:30Z",255,"pull_request","completed","failure","axis-orientation-param","3445884870e9a2a400c9eb3eba108950ac8756e0","nateinaction",1
20176075834,843,"2025-12-12T18:24:05Z","2025-12-12T18:27:02Z","2025-12-12T18:24:05Z",177,"pull_request","completed","failure","fix_make","25baf38d836090405be1db8ad89953b212cbbfaa","nateinaction",1
20176137591,844,"2025-12-12T18:26:37Z","2025-12-12T18:29:26Z","2025-12-12T18:26:37Z",169,"pull_request","completed","failure","tlm-packet-cleanup","cd0a9191a07dc90333875ae709ac12f2d1462b99","Mikefly123",1
20176183288,845,"2025-12-12T18:28:25Z","2025-12-12T18:31:28Z","2025-12-12T18:28:25Z",183,"push","completed","failure","main","d5b8cbcff494636e95f004be4b69593dabda89d1","LeStarch",1
20176582596,846,"2025-12-12T18:45:06Z","2025-12-12T18:46:55Z","2025-12-12T18:45:06Z",109,"pull_request","completed","failure","tlm-packet-cleanup","d12971bf5261e26a9c5d06a1380253dc8915c498","Mikefly123",1
20176716221,847,"2025-12-12T18:50:56Z","2025-12-12T18:53:47Z","2025-12-12T18:50:56Z",171,"pull_request","completed","failure","tlm-packet-cleanup","ae574b98e30b2138c09d65eb5c5d3a1b9229cb8d","Mikefly123",1
20176899471,848,"2025-12-12T18:58:37Z","2025-12-12T19:01:30Z","2025-12-12T18:58:37Z",173,"pull_request","completed","failure","tlm-packet-cleanup","f1ec1554e8225a57c8393968129652c6a3cd1753","Mikefly123",1
20177022229,849,"2025-12-12T19:03:31Z","2025-12-12T19:06:25Z","2025-12-12T19:03:31Z",174,"pull_request","completed","failure","tlm-packet-cleanup","60580d993684e7a3237ef64f054cf15e246bfd73","Mikefly123",1
20177178281,850,"2025-12-12T19:09:37Z","2025-12-12T19:12:30Z","2025-12-12T19:09:37Z",173,"pull_request","completed","failure","tlm-packet-cleanup","994d6bcfd76cb5b1eee8e9ef308a3f13706fb6d5","Mikefly123",1
20177253316,851,"2025-12-12T19:12:35Z","2025-12-12T19:15:30Z","2025-12-12T19:12:35Z",175,"push","completed","failure","main","c051475004664a3f448ee03d54ba40b8fc705e47","LeStarch",1
20178885356,852,"2025-12-12T20:21:35Z","2025-12-12T20:24:27Z","2025-12-12T20:21:35Z",172,"pull_request","completed","failure","camera_sequence","cb401cd53b1ec20e4d3ca173a1cb7aef1f47f965","ineskhou",1
20178911295,853,"2025-12-12T20:22:41Z","2025-12-12T20:24:45Z","2025-12-12T20:22:41Z",124,"pull_request","completed","failure","telemetry-divider","0cb0cafbbced7aa24b40f2d295d1ae67898452c8","LeStarch",1
20179014748,854,"2025-12-12T20:27:14Z","2025-12-12T20:30:14Z","2025-12-12T20:27:14Z",180,"pull_request","completed","failure","telemetry-divider","0332bd49a1946cd6efe03ac766b070842d94d736","LeStarch",1
20179076733,855,"2025-12-12T20:30:02Z","2025-12-12T20:32:54Z","2025-12-12T20:30:02Z",172,"push","completed","failure","main","0bb7fa270cc4a8a0a00a8d9588d1223c14e2d7f8","LeStarch",1
20179088196,856,"2025-12-12T20:30:26Z","2025-12-12T20:34:58Z","2025-12-12T20:30:26Z",272,"push","completed","failure","main","3f545352d77f75b88f1795320df040f883ec54f2","LeStarch",1
20182442829,857,"2025-12-12T23:09:03Z","2025-12-12T23:12:01Z","2025-12-12T23:09:03Z",178,"pull_request","completed","failure","update/radio-seq","944f04b672001f949623d8b2d0bd09917a6c676d","LeStarch",1
20182597459,858,"2025-12-12T23:17:14Z","2025-12-12T23:20:05Z","2025-12-12T23:17:14Z",171,"pull_request","completed","failure","pics","5d63759cf3176d418cd59d09da4242c4820db9be","LeStarch",1
20182667227,859,"2025-12-12T23:21:09Z","2025-12-12T23:24:06Z","2025-12-12T23:21:09Z",177,"push","completed","failure","main","afed72cdf65a3a2789a8acca75b3f56a0d043298","ineskhou",1
20182669134,860,"2025-12-12T23:21:14Z","2025-12-12T23:24:43Z","2025-12-12T23:21:14Z",209,"push","completed","failure","main","db900b5ac995487cfa6f5378b273b336c5ae0af6","LeStarch",1
20182693116,861,"2025-12-12T23:22:32Z","2025-12-12T23:26:13Z","2025-12-12T23:22:32Z",221,"pull_request","completed","failure","detumble","8ce62ec3b953f0969f81b9def3c72644c4ed3bc3","hrfarmer",1
20183099456,862,"2025-12-12T23:45:42Z","2025-12-12T23:48:38Z","2025-12-12T23:45:42Z",176,"pull_request","completed","failure","update_passthrough","6d4efaf6dd762be9d96e431bb7de50f40e5826da","LeStarch",1
20183329921,863,"2025-12-13T00:01:22Z","2025-12-13T00:04:12Z","2025-12-13T00:01:22Z",170,"pull_request","completed","failure","update_passthrough","5ba7c01d2e766292042690496f2b4675cf41193b","ineskhou",1
20183384691,864,"2025-12-13T00:04:51Z","2025-12-13T00:08:10Z","2025-12-13T00:04:51Z",199,"pull_request","completed","failure","axis-orientation-param","6b1aa8e165f344b5ad5507073bc7e12a532cfe8d","nateinaction",1
20183479472,865,"2025-12-13T00:10:54Z","2025-12-13T00:19:18Z","2025-12-13T00:18:55Z",23,"pull_request","completed","failure","update-integration","46f78de1f545463a3976e0937a4b41cfb8c03d42","hrfarmer",3
20183518654,866,"2025-12-13T00:13:27Z","2025-12-13T00:16:17Z","2025-12-13T00:13:27Z",170,"pull_request","completed","failure","rtc-test-fix","be1948bfe6de18f3297a3931695de3c39719dbab","Mikefly123",1
20183549733,867,"2025-12-13T00:15:22Z","2025-12-13T00:19:08Z","2025-12-13T00:15:22Z",226,"pull_request","completed","failure","rtc-test-fix","865fdf6fab52474f5c51da11b1d30e7dbc59c6e9","Mikefly123",1
20183655309,868,"2025-12-13T00:22:09Z","2025-12-13T00:24:27Z","2025-12-13T00:22:09Z",138,"pull_request","completed","failure","update-integration","ba6409ab81a86c5e939d312d51d3e1281ee2b79b","hrfarmer",1
20183713178,869,"2025-12-13T00:25:52Z","2025-12-13T00:28:40Z","2025-12-13T00:25:52Z",168,"pull_request","completed","failure","update_passthrough","2028ca6a3a75516088421665310ac3810905c6e2","ineskhou",1
20183715017,870,"2025-12-13T00:25:58Z","2025-12-13T01:13:34Z","2025-12-13T01:09:31Z",243,"pull_request","completed","failure","update-integration","b35d58831d8ec911c077464d3fd34bf0db5784a5","hrfarmer",6
20183749028,871,"2025-12-13T00:28:00Z","2025-12-13T00:36:04Z","2025-12-13T00:28:00Z",484,"push","completed","failure","main","0fea392caac3ef1ff12dab91daf9ce762365a88e","ineskhou",1
20183775202,872,"2025-12-13T00:29:38Z","2025-12-13T00:39:18Z","2025-12-13T00:29:38Z",580,"pull_request","completed","failure","axis-orientation-param","732dad1eb141f85ee97ca6f5d813392205066512","nateinaction",1
20183779178,873,"2025-12-13T00:29:55Z","2025-12-13T00:45:55Z","2025-12-13T00:29:55Z",960,"pull_request","completed","failure","axis-orientation-param","3721a86837a58192245d5984f7481bedcff35fae","nateinaction",1
20184319823,874,"2025-12-13T01:05:18Z","2025-12-13T01:06:57Z","2025-12-13T01:05:18Z",99,"pull_request","completed","failure","axis-orientation-param","9c175102a7aab68562754b76777345209703fb64","nateinaction",1
20184414860,875,"2025-12-13T01:12:01Z","2025-12-13T01:26:40Z","2025-12-13T01:12:01Z",879,"pull_request","completed","failure","update-integration","fe53b0eb5ddbcca9d849a070397f1c252fc1f518","hrfarmer",1
20184633917,876,"2025-12-13T01:28:27Z","2025-12-13T01:42:58Z","2025-12-13T01:28:27Z",871,"push","completed","failure","main","b4aa9883656c65e9ba6a8849ea069a615ed376d2","hrfarmer",1
20184669348,877,"2025-12-13T01:31:07Z","2025-12-13T01:55:45Z","2025-12-13T01:31:07Z",1478,"pull_request","completed","failure","axis-orientation-param","6191f19e7891460ba640db498c4e11774f0431e9","hrfarmer",1
20185225002,878,"2025-12-13T02:14:27Z","2025-12-13T02:29:23Z","2025-12-13T02:14:27Z",896,"pull_request","completed","failure","axis-orientation-param","2daac628cedc811289322936eca2577172112007","hrfarmer",1
20185290762,879,"2025-12-13T02:20:51Z","2025-12-13T05:07:47Z","2025-12-13T05:06:54Z",53,"pull_request","completed","failure","axis-orientation-param","d26ef276abbebc4be925583fcc00a900091b6d29","hrfarmer",2
20187786815,880,"2025-12-13T05:54:04Z","2025-12-13T05:57:04Z","2025-12-13T05:54:04Z",180,"pull_request","completed","failure","add-payload-seq","f04dd130f1479fe3384b1dcc0f5060b1a097760a","LeStarch",1
20187953054,881,"2025-12-13T06:09:20Z","2025-12-13T06:12:17Z","2025-12-13T06:09:20Z",177,"pull_request","completed","failure","add-payload-seq","3511562ec4dcb195ec3f95cd576f0d78837629c2","LeStarch",1
20192719598,882,"2025-12-13T13:27:09Z","2025-12-13T13:30:07Z","2025-12-13T13:27:09Z",178,"push","completed","failure","main","88c0466e3c604e52e6f2277d042466d54208e8c2","ineskhou",1
20192756736,883,"2025-12-13T13:30:26Z","2025-12-13T13:33:20Z","2025-12-13T13:30:26Z",174,"push","completed","failure","main","c10e89044ae384d7a34d757df6c98b1517ffd26e","Mikefly123",1
20192851432,884,"2025-12-13T13:38:47Z","2025-12-13T13:39:20Z","2025-12-13T13:38:47Z",33,"pull_request","completed","failure","watchdog-tests","a4877c76b0c3a4e5216422d47d415d6fc6c31ad9","Mikefly123",1
20192855857,885,"2025-12-13T13:39:11Z","2025-12-13T13:40:25Z","2025-12-13T13:39:11Z",74,"pull_request","completed","failure","watchdog-tests","4f7c915651d68504210b9524397332a8cda60f03","Mikefly123",1
20193168459,886,"2025-12-13T14:07:33Z","2025-12-13T14:08:57Z","2025-12-13T14:07:33Z",84,"pull_request","completed","failure","s-band-working","43905176f6df4dfa2180ed59c60203d8a9aa5cf2","Mikefly123",1
20193457868,887,"2025-12-13T14:31:26Z","2025-12-13T14:32:46Z","2025-12-13T14:31:26Z",80,"pull_request","completed","failure","s-band-working","a851e34c66599bd9bb588ed5ce566ea1993c94e5","Mikefly123",1
20193561550,888,"2025-12-13T14:40:06Z","2025-12-13T14:41:22Z","2025-12-13T14:40:06Z",76,"pull_request","completed","failure","s-band-working","99eb9ddf3f957fce4a8e8228e5b26e91981206e8","Mikefly123",1
20194003610,889,"2025-12-13T15:19:39Z","2025-12-13T15:22:40Z","2025-12-13T15:19:39Z",181,"pull_request","completed","failure","to/411","c1d22c06aac256bd9d37504f4876a1a8fec5963b","LeStarch",1
20195534429,890,"2025-12-13T17:37:28Z","2025-12-13T17:40:19Z","2025-12-13T17:37:28Z",171,"pull_request","completed","failure","to/411","b1d860280aeede92a51b36ae59b0e41c0ce07171","LeStarch",1
20195566802,891,"2025-12-13T17:40:11Z","2025-12-13T17:43:04Z","2025-12-13T17:40:11Z",173,"push","completed","failure","main","e379d667f14b6bdd0cdc9ade36dd4bcc36a85eac","hrfarmer",1
20195569434,892,"2025-12-13T17:40:23Z","2025-12-13T17:44:48Z","2025-12-13T17:40:23Z",265,"pull_request","completed","failure","detumble","7a1a980ef2ab809be9dc01e893efb88cbfa75fa5","nateinaction",1
20195571502,893,"2025-12-13T17:40:36Z","2025-12-13T17:47:14Z","2025-12-13T17:40:36Z",398,"pull_request","completed","failure","detumble","550de84e26faad215501ba2987d638beec6519c6","nateinaction",1
20195734501,894,"2025-12-13T17:56:51Z","2025-12-13T17:58:38Z","2025-12-13T17:56:51Z",107,"pull_request","completed","failure","detumble","8c403a01a54c8ba8e72e16e710847905fc14b2e0","nateinaction",1
20195750462,895,"2025-12-13T17:58:59Z","2025-12-13T18:00:54Z","2025-12-13T17:58:59Z",115,"pull_request","completed","failure","detumble","b53943055ff97a1b4583fb28dc339257c5eceb56","nateinaction",1
20195906230,896,"2025-12-13T18:11:58Z","2025-12-13T18:14:51Z","2025-12-13T18:11:58Z",173,"pull_request","completed","failure","detumble","b6cd148a6e3e6a7a61b47a8fa2f8152312ee9d47","hrfarmer",1
20196043280,897,"2025-12-13T18:23:40Z","2025-12-13T18:26:27Z","2025-12-13T18:23:40Z",167,"pull_request","completed","failure","dol-test-radio-fixes","575953aab0697b2b290b9ae5895b1f90c075deb3","ineskhou",1
20196243526,898,"2025-12-13T18:40:42Z","2025-12-13T18:43:31Z","2025-12-13T18:40:42Z",169,"pull_request","completed","failure","detumble","69b4cb916750304f4a5cba86d4c1b27238c7e0ad","hrfarmer",1
20197638434,899,"2025-12-13T20:45:47Z","2025-12-13T20:47:42Z","2025-12-13T20:45:47Z",115,"pull_request","completed","failure","authenticate-router","c230d9ff8a9137c4fb43e3914e69e2b49a2125e4","ineskhou",1
20197758080,900,"2025-12-13T20:57:33Z","2025-12-13T21:00:27Z","2025-12-13T20:57:33Z",174,"pull_request","completed","failure","update-comcfg","664411ed792eb98b4ce96da5ab3428f5af7909cb","hrfarmer",1
20197769714,901,"2025-12-13T20:58:57Z","2025-12-13T21:03:10Z","2025-12-13T20:58:57Z",253,"push","completed","failure","main","6314e2d42f64c24cf0d0ba6ed9f58e8f8b832090","ineskhou",1
20197777508,902,"2025-12-13T20:59:59Z","2025-12-13T21:05:57Z","2025-12-13T20:59:59Z",358,"push","completed","failure","main","e47b7d29fe78693042fffc087f52136782a95a85","Mikefly123",1
20197790605,903,"2025-12-13T21:00:57Z","2025-12-13T21:08:41Z","2025-12-13T21:00:57Z",464,"push","completed","failure","main","7d991d088a6e763f356a0ca268fb06a679d3cefa","hrfarmer",1
20197861261,904,"2025-12-13T21:06:33Z","2025-12-13T21:10:40Z","2025-12-13T21:06:33Z",247,"pull_request","completed","failure","authenticate-router","7082cc72fcf9f5bdf13c61bee5bd544fe194f4ed","ineskhou",1
20199928373,905,"2025-12-14T00:18:19Z","2025-12-14T00:21:10Z","2025-12-14T00:18:19Z",171,"pull_request","completed","failure","retry","8f3194de70cda8f3f2b286b468740fe7636cc959","LeStarch",1
20199951391,906,"2025-12-14T00:20:25Z","2025-12-14T00:23:06Z","2025-12-14T00:20:25Z",161,"push","completed","failure","main","a395295773e2af8352b299ce2b39beef01b92ccc","ineskhou",1
20200512659,907,"2025-12-14T01:10:05Z","2025-12-14T01:12:53Z","2025-12-14T01:10:05Z",168,"pull_request","completed","failure","dol_test_fixes_2","8ef6950474ae4600b910ba6e8428adb1c1048c1b","ineskhou",1
20204084366,908,"2025-12-14T06:40:35Z","2025-12-14T06:43:29Z","2025-12-14T06:40:35Z",174,"pull_request","completed","failure","up-lora-band","7edc33e8e024a265ab69f3f9ef7e0cb9a24939c4","LeStarch",1
20204143279,909,"2025-12-14T06:46:14Z","2025-12-14T06:49:03Z","2025-12-14T06:46:14Z",169,"push","completed","failure","main","bf0326643c2faaba1232d351864a7a73bb57ce03","ineskhou",1
20204171098,910,"2025-12-14T06:49:01Z","2025-12-14T06:51:47Z","2025-12-14T06:49:01Z",166,"pull_request","completed","failure","dol_test_fixes_2","f2b1beca7cb36ef3adf898c270462130f6dc0c6a","LeStarch",1
20204193129,911,"2025-12-14T06:51:12Z","2025-12-16T19:11:22Z","2025-12-16T18:58:35Z",767,"push","completed","failure","main","d684782bcbb3dcc811f3f00c6206c93d12c0603f","ineskhou",6
20204371824,912,"2025-12-14T07:06:51Z","2025-12-14T07:08:40Z","2025-12-14T07:06:51Z",109,"pull_request","completed","failure","authenticate-router","9ac9cf9e1fdb0ce7baa68bbb03cf445d8e4bdf34","ineskhou",1
20204510810,913,"2025-12-14T07:18:46Z","2025-12-14T07:20:36Z","2025-12-14T07:18:46Z",110,"pull_request","completed","failure","authenticate-router","3d1fb45a9e5b4f7de009f6cfce31aac8ede28a42","ineskhou",1
20211903417,914,"2025-12-14T17:57:02Z","2025-12-14T18:00:02Z","2025-12-14T17:57:02Z",180,"pull_request","completed","failure","detumble","cd722530938224a7bcd0940c5e95309751a4ad4f","hrfarmer",1
20212351554,915,"2025-12-14T18:33:38Z","2025-12-14T18:36:37Z","2025-12-14T18:33:38Z",179,"pull_request","completed","failure","detumble","828b268e669e75bc9ace379b50ddd13e91813d84","hrfarmer",1
20212582842,916,"2025-12-14T18:52:48Z","2025-12-14T18:55:41Z","2025-12-14T18:52:48Z",173,"pull_request","completed","failure","detumble","2d7924239836041a231506dc5750000e3f77b368","hrfarmer",1
20212652389,917,"2025-12-14T18:59:06Z","2025-12-14T19:01:00Z","2025-12-14T18:59:06Z",114,"pull_request","completed","failure","authenticate-router","947370ccdaa0f00a8711171c3f9f88fd3b6a15db","ineskhou",1
20212939480,918,"2025-12-14T19:22:03Z","2025-12-14T19:24:03Z","2025-12-14T19:22:03Z",120,"pull_request","completed","failure","authenticate-router","1de819334a61515247052df69466c4d3170c366a","ineskhou",1
20212956858,919,"2025-12-14T19:23:31Z","2025-12-14T19:27:52Z","2025-12-14T19:23:31Z",261,"pull_request","completed","failure","authenticate-router","8bbb15f4397662a7c1c09ae1ea58579f59e47bdd","ineskhou",1
20213113442,920,"2025-12-14T19:36:51Z","2025-12-14T19:39:45Z","2025-12-14T19:36:51Z",174,"pull_request","completed","failure","authenticate-router","f179b049b55f21b3415875cfcde787e7f392f9f7","ineskhou",1
20214282976,921,"2025-12-14T21:17:27Z","2025-12-14T21:40:18Z","2025-12-14T21:39:29Z",49,"pull_request","completed","failure","authenticate-router","6d51a27471217582a5342f3420bb79687ce9529d","ineskhou",4
20214587092,922,"2025-12-14T21:43:26Z","2025-12-14T21:46:09Z","2025-12-14T21:43:26Z",163,"pull_request","completed","failure","authenticate-router","1b4a317632103bfcf7864bd88fb1e81fca0815ed","ineskhou",1
20214659347,923,"2025-12-14T21:50:35Z","2025-12-14T21:53:43Z","2025-12-14T21:50:35Z",188,"pull_request","completed","failure","authenticate-router","2837b67b53a827f9f45ac1355db52d7782cef5ae","ineskhou",1
20214704558,924,"2025-12-14T21:55:00Z","2025-12-14T22:10:06Z","2025-12-14T22:09:17Z",49,"pull_request","completed","failure","authenticate-router","6c31d066659dd1556c9194b3d83c85793ddc889c","ineskhou",4
20217316236,925,"2025-12-15T01:12:26Z","2025-12-15T01:18:11Z","2025-12-15T01:16:51Z",80,"pull_request","completed","failure","authenticate-router","c1400f4d21c7823a558aee7ba1ad2da298110ffa","ineskhou",3
20223140585,926,"2025-12-15T06:50:18Z","2025-12-15T06:53:56Z","2025-12-15T06:50:18Z",218,"pull_request","completed","failure","authenticate-router","518ae22556394fa83676bd77346032b3aa95d9ee","ineskhou",1
20223377342,927,"2025-12-15T07:02:21Z","2025-12-15T07:05:06Z","2025-12-15T07:02:21Z",165,"pull_request","completed","failure","authenticate-router","4246a42cb29409e98c69cd037ee55761204a1c26","ineskhou",1
20223664667,928,"2025-12-15T07:14:21Z","2025-12-15T07:17:07Z","2025-12-15T07:14:21Z",166,"pull_request","completed","failure","authenticate-router","012bb11ad51db9352a314d85bb72878891b0da44","ineskhou",1
20223790385,929,"2025-12-15T07:19:43Z","2025-12-15T07:22:34Z","2025-12-15T07:19:43Z",171,"pull_request","completed","failure","authenticate-router","5e58930ceb0d3bbab2d7043fafcb31c3b0eeaf53","ineskhou",1
20223939805,930,"2025-12-15T07:25:48Z","2025-12-15T07:28:35Z","2025-12-15T07:25:48Z",167,"pull_request","completed","failure","authenticate-router","3546ab92c88714f31083d1bbd7c0657816d76843","ineskhou",1
20224002773,931,"2025-12-15T07:28:24Z","2025-12-15T07:31:08Z","2025-12-15T07:28:24Z",164,"pull_request","completed","failure","authenticate-router","4ea7a3e1be79b78ece4095e838ab3c1babba6c57","ineskhou",1
20224523704,932,"2025-12-15T07:52:44Z","2025-12-15T07:55:32Z","2025-12-15T07:52:44Z",168,"pull_request","completed","failure","authenticate-router","2d5ad9f81fc12b488befd4ac6723d6083f9da8ca","ineskhou",1
20246531091,933,"2025-12-15T20:30:55Z","2025-12-15T20:34:04Z","2025-12-15T20:30:55Z",189,"pull_request","completed","failure","authenticate-router","21c511d50436a3cfdda7e39a1fae0f3cf82c47f2","ineskhou",1
20278710569,934,"2025-12-16T18:33:57Z","2025-12-16T18:36:50Z","2025-12-16T18:33:57Z",173,"pull_request","completed","failure","test_addmm","f1de7f8b82bfb03a475c3bb228bc9d629667f22b","ineskhou",1
20287031717,935,"2025-12-17T00:13:45Z","2025-12-18T00:15:46Z","2025-12-17T00:13:45Z",86521,"pull_request","completed","cancelled","authenticate-router","16d90d2f10318f511fe5fe7a06fdb04219f62c8b","hrfarmer",1
20287127641,936,"2025-12-17T00:18:29Z","2025-12-18T00:20:30Z","2025-12-17T00:18:29Z",86521,"push","completed","cancelled","main","b6956d9dcf7b77431006de391e57a8f69d250924","ineskhou",1
20288642221,937,"2025-12-17T01:37:40Z","2025-12-18T00:29:21Z","2025-12-17T01:37:40Z",82301,"pull_request","completed","cancelled","detumble","132bc6627ed3cca31bf941ca160f311b019cd856","nateinaction",1
20289249826,938,"2025-12-17T02:12:01Z","2025-12-18T00:29:27Z","2025-12-17T02:12:01Z",80246,"pull_request","completed","cancelled","test_addmm","0c1af2f502fc98cb66a248f324d41920103c017e","ineskhou",1
20289329006,939,"2025-12-17T02:16:20Z","2025-12-18T00:29:30Z","2025-12-17T02:16:20Z",79990,"pull_request","completed","cancelled","test_addmm","40f0cb4136398979b9b185eda3c8708164740c3f","ineskhou",1
20296097571,940,"2025-12-17T08:13:55Z","2025-12-17T08:14:24Z","2025-12-17T08:13:55Z",29,"pull_request","completed","failure","OTA/lora","2a4423949c3fdbc21ec0bb93601c7d9dda100851","LeStarch",1
20314158317,941,"2025-12-17T19:03:57Z","2025-12-18T00:29:34Z","2025-12-17T19:03:57Z",19537,"pull_request","completed","cancelled","OTA/lora","d3189544fe2867ca391edde06234b2bee64f6c3a","ineskhou",1
20315854734,942,"2025-12-17T20:09:51Z","2025-12-18T00:29:37Z","2025-12-17T20:09:51Z",15586,"push","completed","cancelled","main","3befc7810297c93ff59567778430ca416d3498ed","ineskhou",1
20315862667,943,"2025-12-17T20:10:09Z","2025-12-18T00:29:39Z","2025-12-17T20:10:09Z",15570,"push","completed","cancelled","main","7973ee0cd510e174da6abec4fe1b6f87c0928118","ineskhou",1
20316821351,944,"2025-12-17T20:49:07Z","2025-12-18T00:29:41Z","2025-12-17T20:49:07Z",13234,"pull_request","completed","cancelled","unthrottle","e16dd2e9e18c5aa8e456500904c8cd2fba27b48b","hrfarmer",1
20317984884,945,"2025-12-17T21:34:49Z","2025-12-18T00:29:44Z","2025-12-17T21:34:49Z",10495,"push","completed","cancelled","main","30023286b4e469cfc5ccfe047d0f853265b6b9d7","hrfarmer",1
20321459044,946,"2025-12-18T00:15:35Z","2025-12-18T00:29:46Z","2025-12-18T00:15:35Z",851,"pull_request","completed","cancelled","save-sequence-increment","bc0dc2c76fa2ba5d3cfa3e24a6a30d55401ae9f6","hrfarmer",1
20321611838,947,"2025-12-18T00:23:03Z","2025-12-18T00:29:47Z","2025-12-18T00:23:03Z",404,"pull_request","completed","cancelled","sync-sequence-number","2f2b87db79df5b187e1e82f4448c2c96c861f60a","hrfarmer",1
20321690993,948,"2025-12-18T00:27:05Z","2025-12-18T00:29:50Z","2025-12-18T00:27:05Z",165,"pull_request","completed","cancelled","sync-sequence-number","6118f217705fff78cccea35cc9720143454d24e7","hrfarmer",1
20322425457,949,"2025-12-18T01:05:57Z","2025-12-18T01:41:40Z","2025-12-18T01:05:57Z",2143,"pull_request","completed","cancelled","update-ci","b9d217bb428ce921e4f5926af86950d3a1dbc5a9","hrfarmer",1
20322970227,950,"2025-12-18T01:34:34Z","2025-12-18T01:41:36Z","2025-12-18T01:34:34Z",422,"push","completed","cancelled","main","b712c58c7c3d97562865161c241c5a0028074be7","hrfarmer",1
20323062924,951,"2025-12-18T01:39:22Z","2025-12-18T01:41:48Z","2025-12-18T01:39:22Z",146,"push","completed","cancelled","main","0219a55a23159332a2087d7840a63357961682b1","hrfarmer",1
20323073090,952,"2025-12-18T01:39:54Z","2025-12-18T01:46:04Z","2025-12-18T01:45:11Z",53,"pull_request","completed","failure","update-ci","8963aa7ae7fa7fd362287d33ed55f81ee8a0d8b1","hrfarmer",2
20323359682,953,"2025-12-18T01:56:19Z","2025-12-18T02:05:36Z","2025-12-18T01:56:19Z",557,"pull_request","completed","failure","update-ci","406b5817f03801384d1520c9779a5a7528307c2b","hrfarmer",1
20323359706,954,"2025-12-18T01:56:19Z","2025-12-18T02:04:58Z","2025-12-18T01:56:19Z",519,"pull_request","completed","cancelled","update-ci","406b5817f03801384d1520c9779a5a7528307c2b","hrfarmer",1
20323457630,955,"2025-12-18T02:01:41Z","2025-12-18T02:06:52Z","2025-12-18T02:01:41Z",311,"pull_request","completed","failure","remove-key-from-output","83fe9d60507901e66e8e34862a823a748ef2bec1","nateinaction",1
20323598941,956,"2025-12-18T02:09:13Z","2025-12-18T02:13:14Z","2025-12-18T02:12:54Z",20,"pull_request","completed","failure","update-ci","ce95459e9b5320549892bdd080bd66141da3cdaa","hrfarmer",2
20323620894,957,"2025-12-18T02:10:23Z","2025-12-18T02:14:46Z","2025-12-18T02:10:23Z",263,"push","completed","failure","main","cd413207d19f4cc0065dbedf7c3bcfba8d38381a","nateinaction",1
20323683483,958,"2025-12-18T02:13:50Z","2025-12-18T02:19:34Z","2025-12-18T02:13:50Z",344,"pull_request","completed","failure","update-ci","476ee073ffe72025203f9308917741c940ade534","hrfarmer",1
20324136678,959,"2025-12-18T02:38:38Z","2025-12-18T02:52:32Z","2025-12-18T02:51:51Z",41,"pull_request","completed","failure","update-ci","2acbaeb3bb0ad08ce5ffc57cb97dce17f8166fe0","hrfarmer",2
20324414117,960,"2025-12-18T02:53:43Z","2025-12-18T03:04:15Z","2025-12-18T03:01:07Z",188,"pull_request","completed","failure","update-ci","243514aa3515c0c4b6431d90a7a5a8192e18b1d9","hrfarmer",2
20327942641,961,"2025-12-18T06:16:18Z","2025-12-18T06:22:02Z","2025-12-18T06:16:18Z",344,"push","completed","failure","main","4a68d977e360c5395b577ba3ea026a7223b26025","hrfarmer",1
20346686333,962,"2025-12-18T18:12:45Z","2025-12-18T18:18:11Z","2025-12-18T18:12:45Z",326,"pull_request","completed","failure","command-loss-router","798dec7ad7f8ef5c90e5bcc21c79a9afc69022c6","ineskhou",1
20349179504,963,"2025-12-18T19:41:32Z","2025-12-18T19:43:25Z","2025-12-18T19:41:32Z",113,"pull_request","completed","failure","kick-planned-reboot","f99d66df8e15e9b00ea82323bad54994d4f40d17","ineskhou",1
20349512613,964,"2025-12-18T19:55:06Z","2025-12-18T20:00:28Z","2025-12-18T19:55:06Z",322,"pull_request","completed","failure","command-loss-router","9a3393a064b7d70ae94d8eb3b55dfd513b2b6ee5","ineskhou",1
20349839323,965,"2025-12-18T20:08:06Z","2025-12-18T20:14:16Z","2025-12-18T20:08:06Z",370,"pull_request","completed","failure","kick-planned-reboot","6548885eb4956c4843e581841e0031db6b5abec1","ineskhou",1
20351917045,966,"2025-12-18T21:30:09Z","2025-12-18T21:30:46Z","2025-12-18T21:30:09Z",37,"pull_request","completed","failure","file-system-test","57f5e5d60091fa666ece3c863a3996a630df5cd3","yudataguy",1
20354953396,967,"2025-12-18T23:50:25Z","2025-12-18T23:58:03Z","2025-12-18T23:50:25Z",458,"push","completed","failure","main","01e2851dccac9d956d6af2224312cc749bc6fd99","ineskhou",1
20356936128,968,"2025-12-19T01:37:19Z","2025-12-19T01:46:08Z","2025-12-19T01:37:19Z",529,"pull_request","completed","failure","detumble","dbd18ab885eb684754faa89d021ac94bdfdd0eb1","nateinaction",1
20357535113,969,"2025-12-19T02:12:05Z","2025-12-19T02:22:17Z","2025-12-19T02:12:05Z",612,"pull_request","completed","failure","detumble","acbd784062977f09cad008ad4963f3b005303f84","nateinaction",1
20358312429,970,"2025-12-19T02:57:18Z","2025-12-19T03:07:27Z","2025-12-19T02:57:18Z",609,"pull_request","completed","failure","command-loss-router","580bc8cc147fcfd6ba2c779aa740a1f2ca9a28bd","ineskhou",1
20360811054,971,"2025-12-19T05:27:34Z","2025-12-19T05:33:57Z","2025-12-19T05:27:34Z",383,"pull_request","completed","failure","OTA/lora","b3a472a52c541a48249a93369829a9be75f939db","LeStarch",1
20360879312,972,"2025-12-19T05:31:21Z","2025-12-19T05:38:32Z","2025-12-19T05:31:21Z",431,"push","completed","failure","main","7102b7020d8bd43d7d3d66333a23b8705a2b5208","ineskhou",1
20374680182,973,"2025-12-19T15:34:20Z","2025-12-19T15:44:36Z","2025-12-19T15:34:20Z",616,"pull_request","completed","failure","file-int-tests","3d843d33d18f3b534d4023238082c373d60e3619","yudataguy",1
20380617185,974,"2025-12-19T19:38:05Z","2025-12-19T19:43:46Z","2025-12-19T19:38:05Z",341,"pull_request","completed","failure","command-loss-router","e9f3ed0421799bacb0054c3568cb250632b1cfd8","ineskhou",1
20381102563,975,"2025-12-19T20:00:46Z","2025-12-19T20:02:37Z","2025-12-19T20:00:46Z",111,"pull_request","completed","failure","command-loss-router","54ccbb2a571c5e25420a64fae963da783990b6a5","ineskhou",1
20381353749,976,"2025-12-19T20:10:51Z","2025-12-19T20:18:02Z","2025-12-19T20:10:51Z",431,"pull_request","completed","failure","safe_sequenecer","0aedbeadb2f909a4e42844a0e1945c3f83c799aa","ineskhou",1
20381477146,977,"2025-12-19T20:16:20Z","2025-12-19T20:22:25Z","2025-12-19T20:16:20Z",365,"pull_request","completed","failure","safe_sequenecer","421e73eff69f9f134c1e852993ca2562e3eefee5","ineskhou",1
20381545029,978,"2025-12-19T20:19:19Z","2025-12-19T20:31:11Z","2025-12-19T20:19:19Z",712,"push","completed","failure","main","d7a9a0c1163db33db07a4a242128c57874554cde","yudataguy",1
20381682531,979,"2025-12-19T20:25:45Z","2025-12-19T20:37:29Z","2025-12-19T20:25:45Z",704,"pull_request","completed","failure","safe_sequenecer","c3b97692e72e76d6ad4b727affe90aac804fd6cd","ineskhou",1
20383296213,980,"2025-12-19T21:42:18Z","2025-12-19T21:58:54Z","2025-12-19T21:42:18Z",996,"pull_request","completed","failure","detumble","5045f9cafc424469eb77693b8e5797c6137d77a5","nateinaction",1
20384689118,981,"2025-12-19T22:56:38Z","2025-12-19T22:58:36Z","2025-12-19T22:56:38Z",118,"pull_request","completed","failure","detumble","7fbd28c90c018f3f208492c09a8f1631b4aeb0b9","nateinaction",1
20384734719,982,"2025-12-19T22:59:39Z","2025-12-19T23:01:36Z","2025-12-19T22:59:39Z",117,"pull_request","completed","failure","detumble","2803968d9f68f91eb8436e2637b0dda375be4246","nateinaction",1
20384737021,983,"2025-12-19T22:59:49Z","2025-12-19T23:04:16Z","2025-12-19T22:59:49Z",267,"pull_request","completed","failure","detumble","bc21e50760ef28db4342fa4038838f3d3284cb95","nateinaction",1
20385294108,984,"2025-12-19T23:30:28Z","2025-12-19T23:39:43Z","2025-12-19T23:30:28Z",555,"pull_request","completed","failure","detumble","f82f757dadb4c09377ae47d73c34ffe8fa2d1295","nateinaction",1
20387793766,985,"2025-12-20T02:33:07Z","2025-12-20T02:35:04Z","2025-12-20T02:33:07Z",117,"pull_request","completed","failure","s-band-working","b1fd582567bd8315ab494915642f2b969bc84f98","hrfarmer",1
20387874327,986,"2025-12-20T02:39:33Z","2025-12-20T02:41:34Z","2025-12-20T02:39:33Z",121,"pull_request","completed","failure","s-band-working","2bc9b39408fe6d356db1c0d37645cb2817f3ae02","hrfarmer",1
20388160708,987,"2025-12-20T03:04:01Z","2025-12-20T03:19:30Z","2025-12-20T03:04:01Z",929,"pull_request","completed","failure","detumble","7dd49f7b03087d87ee20e2465f3345ab2b40d4c4","nateinaction",1
20388243059,988,"2025-12-20T03:11:07Z","2025-12-20T03:26:57Z","2025-12-20T03:11:07Z",950,"pull_request","completed","failure","s-band-working","424acde9ba79ff62a28299a85470526b3fa141da","jrpear",1
20388269772,989,"2025-12-20T03:13:22Z","2025-12-20T03:34:09Z","2025-12-20T03:13:22Z",1247,"push","completed","failure","main","ef3760e03e1545e8cf9e97f8f4d75171e3d59185","hrfarmer",1
20389028172,990,"2025-12-20T04:16:40Z","2025-12-20T04:22:00Z","2025-12-20T04:16:40Z",320,"pull_request","completed","failure","revert-226-file-int-tests","989ce2ec1807ecfd1ba10915ddf7339f8a42b5fa","hrfarmer",1
20389331205,991,"2025-12-20T04:45:14Z","2025-12-20T04:50:36Z","2025-12-20T04:45:14Z",322,"push","completed","failure","main","ea9c0180bc3c92de758958aa20e7d50fed4f8622","hrfarmer",1
20397810376,992,"2025-12-20T17:38:08Z","2025-12-20T17:43:39Z","2025-12-20T17:38:08Z",331,"pull_request","completed","failure","file-int-tests","b9226765cf9578014ef45ef45f19e839a8f72688","yudataguy",1
20401231198,993,"2025-12-20T23:00:50Z","2025-12-20T23:11:12Z","2025-12-20T23:00:50Z",622,"pull_request","completed","failure","detumble","88bb93dca4cba4fed01b721b671b5726a7c078f9","nateinaction",1
20401429890,994,"2025-12-20T23:18:35Z","2025-12-20T23:29:56Z","2025-12-20T23:18:35Z",681,"pull_request","completed","failure","detumble","dd4ba989e9205b3a7c5d7939f24c93cb847ffffd","nateinaction",1
20401671229,995,"2025-12-20T23:41:32Z","2025-12-20T23:52:42Z","2025-12-20T23:41:32Z",670,"pull_request","completed","failure","detumble","98812a2992a97dc4cdd86a18fba2f02cf5074afd","nateinaction",1
20423012593,996,"2025-12-22T05:42:36Z","2025-12-22T05:45:46Z","2025-12-22T05:42:36Z",190,"pull_request","completed","failure","fix/uplink","c12025a1905dd4042b11ab31111389c37f1fdd67","LeStarch",1
20441813756,997,"2025-12-22T19:23:20Z","2025-12-22T19:26:21Z","2025-12-22T19:23:20Z",181,"push","completed","failure","main","a675383e333c7a43b27dacb85874974b29893f27","LeStarch",1
20448010587,998,"2025-12-23T00:47:13Z","2025-12-23T00:50:09Z","2025-12-23T00:47:13Z",176,"pull_request","completed","failure","fix/2021-12-22","6f729fc5333755e1b0d8cd95baa4932b1e64f0bf","LeStarch",1
20448130647,999,"2025-12-23T00:55:01Z","2025-12-23T00:57:54Z","2025-12-23T00:55:01Z",173,"push","completed","failure","main","479a70acea986f4d8e740464f1125d18b860d4ba","Mikefly123",1
20475175586,1000,"2025-12-24T00:55:51Z","2025-12-24T00:57:53Z","2025-12-24T00:55:51Z",122,"pull_request","completed","failure","detumble","01a01b0459dfbba7e9e3aa425be7d910cda11274","nateinaction",1
20475178396,1001,"2025-12-24T00:56:03Z","2025-12-24T01:00:32Z","2025-12-24T00:56:03Z",269,"pull_request","completed","failure","detumble","b5b5795f2474e9e1e63580405e60da027ccdb1c5","nateinaction",1
20475247499,1002,"2025-12-24T01:00:58Z","2025-12-24T01:04:08Z","2025-12-24T01:00:58Z",190,"pull_request","completed","failure","detumble","464c2264f4861f3aa2badd8690fa0790e39c6be5","nateinaction",1
20476865240,1003,"2025-12-24T02:52:23Z","2025-12-24T02:55:44Z","2025-12-24T02:52:23Z",201,"pull_request","completed","failure","detumble","202e11d629b703d3ab6d8c3b4af146e783e2237d","nateinaction",1
20476948353,1004,"2025-12-24T02:58:13Z","2025-12-24T03:01:27Z","2025-12-24T02:58:13Z",194,"pull_request","completed","failure","detumble","f200fc6d66dcfc6492ada8da9b5a1c99b3042734","nateinaction",1
20477091436,1005,"2025-12-24T03:07:41Z","2025-12-24T03:22:19Z","2025-12-24T03:07:41Z",878,"pull_request","completed","failure","detumble","5c42e59f11359c85030386f24968c0f1635a7c1b","nateinaction",1
20477499161,1006,"2025-12-24T03:36:13Z","2025-12-24T03:38:30Z","2025-12-24T03:36:13Z",137,"pull_request","completed","failure","detumble","1a81c87e9743ad00c9e23fef0709f37e2ec5f7da","nateinaction",1
20477556057,1007,"2025-12-24T03:40:32Z","2025-12-24T03:51:06Z","2025-12-24T03:40:32Z",634,"pull_request","completed","failure","detumble","a2de72fe07a55bc00359bbad95f3893a98c21b44","nateinaction",1
20477850893,1008,"2025-12-24T04:02:09Z","2025-12-24T04:05:27Z","2025-12-24T04:02:09Z",198,"pull_request","completed","failure","delete-second-payload-component","4aea5776d65505ae57a277b98ed526d1bd844e31","nateinaction",1
20479059587,1009,"2025-12-24T05:27:41Z","2025-12-24T05:31:13Z","2025-12-24T05:27:41Z",212,"pull_request","completed","failure","fix-subsecond-time","fd5735b2057ce052820d12bdc471605c2d481d92","nateinaction",1
20479075039,1010,"2025-12-24T05:28:47Z","2025-12-24T05:34:21Z","2025-12-24T05:28:47Z",334,"pull_request","completed","failure","fix-subsecond-time","ee8901de96cde06d1adff0c92e80a036fff90ec3","nateinaction",1
20481259112,1011,"2025-12-24T07:44:36Z","2025-12-24T07:56:23Z","2025-12-24T07:44:36Z",707,"pull_request","completed","failure","detumble-10Hz","954405c16147e2e45013f4bfd5ee948962ba7be8","nateinaction",1
20482984615,1012,"2025-12-24T09:22:03Z","2025-12-24T09:25:21Z","2025-12-24T09:22:03Z",198,"pull_request","completed","failure","command-loss-router","5d8844ec64541531c857659b090c4294db6eb12f","ineskhou",1
20484446240,1013,"2025-12-24T10:43:13Z","2025-12-24T10:46:40Z","2025-12-24T10:43:13Z",207,"pull_request","completed","failure","safe_sequenecer","d22bfa9f124abb0bf33c6ebc2e855df94b696d1c","ineskhou",1
20487509708,1014,"2025-12-24T13:46:56Z","2025-12-24T13:50:09Z","2025-12-24T13:46:56Z",193,"push","completed","failure","main","85b54e09b8113a6db77b71128023eb9a924adc46","yudataguy",1
20490924969,1015,"2025-12-24T17:22:38Z","2025-12-24T17:33:01Z","2025-12-24T17:22:38Z",623,"pull_request","completed","failure","detumble","2b3fbe9a8c86527cf4ebbb674cd959f3e320f5a4","hrfarmer",1
20492889155,1016,"2025-12-24T19:46:23Z","2025-12-24T19:49:31Z","2025-12-24T19:46:23Z",188,"pull_request","completed","failure","fix-subsecond-time","b386a934855e594644d8866ce56eee3a1389d379","nateinaction",1
20503531326,1017,"2025-12-25T10:22:04Z","2025-12-25T10:25:15Z","2025-12-25T10:22:04Z",191,"pull_request","completed","failure","command-loss-router","d5951a98ba463c07921a7e33675a5a302decdd06","ineskhou",1
20503685910,1018,"2025-12-25T10:34:07Z","2025-12-25T10:37:09Z","2025-12-25T10:34:07Z",182,"pull_request","completed","failure","command-loss-router","02921c9123c1045a9ecf9fbd8690bb4076123002","ineskhou",1
20515727099,1019,"2025-12-26T04:10:54Z","2025-12-26T04:15:54Z","2025-12-26T04:10:54Z",300,"pull_request","completed","failure","fix-subsecond-time","70daa9f50d7fea780c2e3b4697fc983b02828d2b","nateinaction",1
20515974150,1020,"2025-12-26T04:30:25Z","2025-12-26T04:33:50Z","2025-12-26T04:30:25Z",205,"pull_request","completed","failure","fix-subsecond-time","bd9f0d0537c29c973a86405e90e6c592af7e8075","nateinaction",1
20516106857,1021,"2025-12-26T04:41:48Z","2025-12-26T04:44:56Z","2025-12-26T04:41:48Z",188,"push","completed","failure","main","49c6db85acc774d9a5e627cc3d9bf4541aad5cf5","nateinaction",1
20518699613,1022,"2025-12-26T07:54:31Z","2025-12-26T07:57:45Z","2025-12-26T07:54:31Z",194,"pull_request","completed","failure","safe_sequenecer","aff4c81cbb142f489dabef965f8b4f725bcbb391","ineskhou",1
20527428229,1023,"2025-12-26T18:35:44Z","2025-12-26T18:38:55Z","2025-12-26T18:35:44Z",191,"pull_request","completed","failure","fix-subsecond-time","e3de1f6470875bb694f81cd97c307fd61c056ec8","hrfarmer",1
20527962400,1024,"2025-12-26T19:14:35Z","2025-12-26T19:17:37Z","2025-12-26T19:14:35Z",182,"push","completed","failure","main","8bdf457e965aea4950e4e9003dde91ea8d48f823","nateinaction",1
20527991884,1025,"2025-12-26T19:16:39Z","2025-12-26T19:28:11Z","2025-12-26T19:16:39Z",692,"pull_request","completed","failure","detumble","3c5167f9cb6e96a7cca08e27c1b61dadc65765be","nateinaction",1
20528035037,1026,"2025-12-26T19:19:40Z","2025-12-26T19:36:16Z","2025-12-26T19:19:40Z",996,"pull_request","completed","failure","detumble","81a823f083541743d7323f355fbfbd78565c24c9","nateinaction",1
20528214536,1027,"2025-12-26T19:33:13Z","2025-12-26T19:46:09Z","2025-12-26T19:33:13Z",776,"pull_request","completed","failure","fix-ci","8df1e61a7e26b188c32096ac88de93795c35bfe2","nateinaction",1
20529025414,1028,"2025-12-26T20:37:02Z","2025-12-26T20:42:09Z","2025-12-26T20:37:02Z",307,"pull_request","completed","cancelled","fix-ci","d891f4e2581e321eccaeb9a9402ebe9b2c802e4a","nateinaction",1
20529060415,1029,"2025-12-26T20:39:38Z","2025-12-26T20:51:59Z","2025-12-26T20:39:38Z",741,"pull_request","completed","failure","fix-ci","21aa9591269674f8291b3d254e03756afe21e2f7","nateinaction",1
20529520580,1030,"2025-12-26T21:14:21Z","2025-12-26T21:25:10Z","2025-12-26T21:14:21Z",649,"pull_request","completed","cancelled","fix-ci","7c3245a70e64a0699818a8e7b765ce94a69cbb36","nateinaction",1
20529594662,1031,"2025-12-26T21:19:32Z","2025-12-26T21:25:07Z","2025-12-26T21:19:32Z",335,"pull_request","completed","cancelled","unit-test-change","0b48071f91dacbc706f1082f558a821ea8638ed1","nateinaction",1
20529619286,1032,"2025-12-26T21:21:19Z","2025-12-26T23:09:34Z","2025-12-26T23:01:21Z",493,"pull_request","completed","failure","fix-ci","522be0a311bd03af275b2adca4201f4216fed95f","nateinaction",2
20546317900,1033,"2025-12-28T00:24:00Z","2025-12-28T00:35:31Z","2025-12-28T00:24:00Z",691,"push","completed","failure","main","2530fc46a145fa3e5978998938fb07586b0a77f9","hrfarmer",1
20549551048,1034,"2025-12-28T05:41:58Z","2025-12-28T05:55:52Z","2025-12-28T05:41:58Z",834,"pull_request","completed","failure","detumble","21513c348c70bb3fd3a9b9c1163dacd5a1456d4f","nateinaction",1
20549806563,1035,"2025-12-28T06:06:56Z","2025-12-28T06:20:49Z","2025-12-28T06:06:56Z",833,"pull_request","completed","failure","detumble","4c77d8605a314206735dc0107e508eb6760d3a46","nateinaction",1
20549876024,1036,"2025-12-28T06:13:23Z","2025-12-28T06:32:15Z","2025-12-28T06:13:23Z",1132,"pull_request","completed","failure","detumble","c4d50c1262ca0eb846aded13ae53c9750d97e7de","nateinaction",1
20549945314,1037,"2025-12-28T06:20:20Z","2025-12-28T06:43:44Z","2025-12-28T06:20:20Z",1404,"pull_request","completed","failure","detumble","61b72902b0ca1e3989c57f086c8bc3486fb1b9db","nateinaction",1
20550020477,1038,"2025-12-28T06:27:57Z","2025-12-28T06:55:12Z","2025-12-28T06:27:57Z",1635,"pull_request","completed","failure","detumble","bd4682536a164ec9915492d9680af241c79003d3","nateinaction",1
20557825986,1039,"2025-12-28T18:27:32Z","2025-12-28T18:41:22Z","2025-12-28T18:27:32Z",830,"pull_request","completed","failure","safe_sequenecer","f7f14aab4f760066c0e94fe458085db3cc13f11c","hrfarmer",1
20557964361,1040,"2025-12-28T18:39:55Z","2025-12-28T18:50:32Z","2025-12-28T18:39:55Z",637,"pull_request","completed","failure","command-loss-router","cf4ebc23d4d71403292ebef15aa61c5edabadb35","hrfarmer",1
20559669918,1041,"2025-12-28T21:16:49Z","2025-12-28T21:28:49Z","2025-12-28T21:16:49Z",720,"pull_request","completed","failure","detumble","7312d385973e70f1360bc02ab277317668d4ba8c","nateinaction",1
20561601363,1042,"2025-12-29T00:18:16Z","2025-12-29T00:29:53Z","2025-12-29T00:18:16Z",697,"pull_request","completed","failure","detumble","c55c3076eaed80f386fd58c983b57b57bec9ebe9","nateinaction",1
20563571515,1043,"2025-12-29T02:54:59Z","2025-12-29T03:06:42Z","2025-12-29T02:54:59Z",703,"pull_request","completed","failure","detumble","216afaa2861005c51bb05f0e90edee9a345ad292","nateinaction",1
20563757532,1044,"2025-12-29T03:09:00Z","2025-12-29T03:19:32Z","2025-12-29T03:09:00Z",632,"pull_request","completed","failure","detumble","74f5de2fe66f62200701f0a99c6eb9f9652917ad","nateinaction",1
20584268156,1045,"2025-12-29T22:39:44Z","2025-12-29T22:49:59Z","2025-12-29T22:39:44Z",615,"push","completed","failure","main","be4aa15a5069aee9429a2fa2dafb5a965de9d31b","ineskhou",1
20585363977,1046,"2025-12-29T23:56:09Z","2025-12-30T00:06:31Z","2025-12-29T23:56:09Z",622,"pull_request","completed","failure","command-loss-router","5071a1ba022439f90428f54a891f1df258d34181","ineskhou",1
20592410371,1047,"2025-12-30T08:33:45Z","2025-12-30T08:45:25Z","2025-12-30T08:33:45Z",700,"pull_request","completed","failure","detumble-100Hz-3","3256793cd000e5cc6044ebc4fbee76caf8f8e13e","nateinaction",1
20592621001,1048,"2025-12-30T08:46:58Z","2025-12-30T08:48:48Z","2025-12-30T08:46:58Z",110,"pull_request","completed","failure","command-loss-router","16ca71b70e215524190103e781f6017cb8f3fed6","ineskhou",1
20592812298,1049,"2025-12-30T08:58:12Z","2025-12-30T09:10:33Z","2025-12-30T08:58:12Z",741,"pull_request","completed","failure","command-loss-router","3f9cb56d33e1ad2462522c7e8cd04d36ea25abcc","ineskhou",1
20607354752,1050,"2025-12-30T22:35:11Z","2025-12-30T22:46:40Z","2025-12-30T22:35:11Z",689,"pull_request","completed","failure","detumble-100Hz-3","32e2d58f20480295c1ec1d59a894094cf30b3474","nateinaction",1
20608529414,1051,"2025-12-30T23:55:39Z","2025-12-31T00:07:06Z","2025-12-30T23:55:39Z",687,"pull_request","completed","failure","detumble-100Hz-3","d0a398f6855d2466b8d03865fad8cd27ed4da8cc","nateinaction",1
20608764037,1052,"2025-12-31T00:13:32Z","2025-12-31T00:24:54Z","2025-12-31T00:13:32Z",682,"pull_request","completed","failure","detumble-100Hz-3","56c4000b6afbb2fcd5d8bc188822266f01f07421","nateinaction",1
20608782987,1053,"2025-12-31T00:14:50Z","2025-12-31T00:41:13Z","2025-12-31T00:14:50Z",1583,"pull_request","completed","failure","detumble-100Hz-3","d478d531dd2ce04b1f78d2b3e110dadc416b74dc","nateinaction",1
20608843944,1054,"2025-12-31T00:19:01Z","2025-12-31T00:33:04Z","2025-12-31T00:19:01Z",843,"pull_request","completed","failure","detumble","1ef6a717ca95c5c20e545e0b74357d1574f298a1","nateinaction",1
20609480370,1055,"2025-12-31T01:06:01Z","2025-12-31T01:16:10Z","2025-12-31T01:06:01Z",609,"push","completed","failure","main","b28d19283fac6924c7ca83a29aa2c239432e6d9a","ineskhou",1
20609698708,1056,"2025-12-31T01:22:43Z","2025-12-31T01:33:05Z","2025-12-31T01:22:43Z",622,"pull_request","completed","failure","ignore-bin","94cb52abb8fac4dc0d5769f47e83dc4b2b97ba65","hrfarmer",1
20612082684,1057,"2025-12-31T04:30:47Z","2025-12-31T04:42:13Z","2025-12-31T04:30:47Z",686,"pull_request","completed","failure","detumble","296f48ffa6118736e12b8672ec72eba01491c2ef","nateinaction",1
20612174036,1058,"2025-12-31T04:38:56Z","2025-12-31T04:53:41Z","2025-12-31T04:38:56Z",885,"pull_request","completed","failure","detumble","9b1081eabf88e5fcd83117655384a47c1102d6c3","nateinaction",1
20612347331,1059,"2025-12-31T04:54:11Z","2025-12-31T05:07:53Z","2025-12-31T04:54:11Z",822,"pull_request","completed","failure","detumble","6c90f2d677274d13f5237139f7e3e2416ec9bb68","nateinaction",1
20613234424,1060,"2025-12-31T06:03:53Z","2025-12-31T06:14:15Z","2025-12-31T06:03:53Z",622,"pull_request","completed","failure","unleash-the-useconds","4d8a1b355d85c7d61f56f1323b607cbb2733f4ff","nateinaction",1
20613517023,1061,"2025-12-31T06:23:38Z","2025-12-31T06:37:09Z","2025-12-31T06:23:38Z",811,"pull_request","completed","failure","detumble","3fdd46fef3f83c697ac2f7ccd927956b469cfae0","nateinaction",1
20620465166,1062,"2025-12-31T13:58:01Z","2025-12-31T14:11:46Z","2025-12-31T13:58:01Z",825,"pull_request","completed","failure","add/packet-detector","f02ba7d8a2da90331ee8c7fd2811cf70b0d6f3fd","LeStarch",1
20620473961,1063,"2025-12-31T13:58:35Z","2025-12-31T14:23:13Z","2025-12-31T13:58:35Z",1478,"pull_request","completed","failure","add/packet-detector","817a5da0dc081f03b8d1726f90593b1b99e4f8c7","LeStarch",1
20624034586,1064,"2025-12-31T17:34:58Z","2025-12-31T17:48:59Z","2025-12-31T17:34:58Z",841,"pull_request","completed","failure","detumble","bf1548ad99ec0a0110a290ffc122f742cc464e82","nateinaction",1
20624089052,1065,"2025-12-31T17:38:21Z","2025-12-31T17:40:14Z","2025-12-31T17:38:21Z",113,"pull_request","completed","failure","detumble","934480753b3b3387637de74fe2a4792ab1783b16","nateinaction",1
20624543238,1066,"2025-12-31T18:08:16Z","2025-12-31T18:21:50Z","2025-12-31T18:08:16Z",814,"pull_request","completed","failure","detumble","c7471dd1a9065f7e88c5f8bd2a49fcca284f4757","nateinaction",1
20625518869,1067,"2025-12-31T19:10:39Z","2025-12-31T19:24:20Z","2025-12-31T19:10:39Z",821,"pull_request","completed","failure","evan_detumble","6d39119bef176529cd597c247a5e65fe8ed87ce9","evanjellison",1
20625854720,1068,"2025-12-31T19:32:47Z","2025-12-31T19:44:18Z","2025-12-31T19:32:47Z",691,"pull_request","completed","failure","evan_detumble","de45e25e21ea168b378068f1fefedb9f3f9fc379","evanjellison",1
20625897165,1069,"2025-12-31T19:35:38Z","2025-12-31T19:52:38Z","2025-12-31T19:35:38Z",1020,"pull_request","completed","failure","evan_detumble","fc0aca9b3f31e710f80db9fe370150cf49705e8e","evanjellison",1
20625923679,1070,"2025-12-31T19:37:23Z","2025-12-31T20:01:01Z","2025-12-31T19:37:23Z",1418,"pull_request","completed","failure","evan_detumble","673c62e8903dc26bf86883b78a3be7ad6a9ff7a0","evanjellison",1
20625962570,1071,"2025-12-31T19:40:15Z","2025-12-31T20:12:23Z","2025-12-31T19:40:15Z",1928,"pull_request","completed","failure","evan_detumble","2b0dbbb2c487b793b1bb24e5cfd9e1ecbb7cafa4","evanjellison",1
20625980172,1072,"2025-12-31T19:41:27Z","2025-12-31T20:22:40Z","2025-12-31T19:41:27Z",2473,"pull_request","completed","failure","evan_detumble","2c742245e4cc7fcdcfaf0b8b083258723a723815","evanjellison",1
20626009883,1073,"2025-12-31T19:43:19Z","2025-12-31T20:42:25Z","2025-12-31T19:43:19Z",3546,"pull_request","completed","failure","evan_detumble","1354a2469755929236f9207b554c2af8b6acbdb7","evanjellison",1
20626016439,1074,"2025-12-31T19:43:57Z","2025-12-31T20:30:57Z","2025-12-31T19:43:57Z",2820,"push","completed","failure","main","dc9ced51fde602bafd053e0d031e74902b9515de","nateinaction",1
20626169518,1075,"2025-12-31T19:55:31Z","2025-12-31T20:54:31Z","2025-12-31T19:55:31Z",3540,"pull_request","completed","failure","evan_detumble","562cedfaa29ef5f61eea254ff5bba6b706a5a422","nateinaction",1
20626281181,1076,"2025-12-31T20:03:45Z","2025-12-31T21:06:10Z","2025-12-31T20:03:45Z",3745,"push","completed","failure","main","ac8420063babf31ff6db139357238e28f89d8f1b","evanjellison",1
20627818623,1077,"2025-12-31T21:52:18Z","2025-12-31T22:06:02Z","2025-12-31T21:52:18Z",824,"pull_request","completed","failure","nateinaction-patch-1","0d695fcd57fdb42d836952f99dcfb9d7835c9c78","nateinaction",1
20628668391,1078,"2025-12-31T23:01:06Z","2025-12-31T23:14:37Z","2025-12-31T23:01:06Z",811,"push","completed","failure","main","99ba3cb4c4dcd3366ca527e65e80d9245f4a41b3","Mikefly123",1
20629338762,1079,"2025-12-31T23:59:10Z","2026-01-01T00:10:30Z","2025-12-31T23:59:10Z",680,"pull_request","completed","failure","Update-ReadMe","57946762b7cda2f72601f4b370551959643db0d9","DavidUniack",1
20629363862,1080,"2026-01-01T00:01:15Z","2026-01-01T00:18:40Z","2026-01-01T00:01:15Z",1045,"push","completed","failure","main","a85da9744b0ce2b8be19c53ee6dbea83732146ce","Mikefly123",1
20664305761,1081,"2026-01-02T18:40:46Z","2026-01-02T18:54:29Z","2026-01-02T18:40:46Z",823,"push","completed","failure","main","24538df68d20cb65bd38c09225493b6c0e468d52","Mikefly123",1
20664724217,1082,"2026-01-02T19:05:02Z","2026-01-02T19:15:34Z","2026-01-02T19:05:02Z",632,"pull_request","completed","failure","add/packet-detector","aeaa825de5aff695c34f90f69a576ad1795df750","ineskhou",1
20665164655,1083,"2026-01-02T19:29:51Z","2026-01-02T19:43:22Z","2026-01-02T19:29:51Z",811,"push","completed","failure","main","3a4e57ef18922b02bcdafb1a7c4b89c1c137cb61","ineskhou",1
20671651360,1084,"2026-01-03T03:32:12Z","2026-01-03T22:38:48Z","2026-01-03T03:32:12Z",68796,"pull_request","completed","cancelled","watchdog-command-loss","0b9827fe4ecd2dd53243087a52a19ed26811c023","ineskhou",1
20671864010,1085,"2026-01-03T03:51:55Z","2026-01-03T22:39:15Z","2026-01-03T03:51:55Z",67640,"pull_request","completed","cancelled","watchdog-command-loss","4717d4acf4230a99311cb083749a5d228375e882","ineskhou",1
20672015658,1086,"2026-01-03T04:05:53Z","2026-01-03T22:38:38Z","2026-01-03T04:05:53Z",66765,"pull_request","completed","cancelled","watchdog-command-loss","226877038cf44d8ed4796d50e161ae83b3690e9f","ineskhou",1
20672284285,1087,"2026-01-03T04:30:47Z","2026-01-03T22:39:07Z","2026-01-03T04:30:47Z",65300,"pull_request","completed","cancelled","watchdog-command-loss","2c5c0f4cbd75e817b33d8f221fc4eb9c5956d9c0","ineskhou",1
20672418960,1088,"2026-01-03T04:43:56Z","2026-01-03T22:38:57Z","2026-01-03T04:43:56Z",64501,"pull_request","completed","cancelled","watchdog-command-loss","175ec408e03ed2e775a8d5ef12a19b5b0d78b39e","ineskhou",1
20683487904,1089,"2026-01-03T22:00:15Z","2026-01-03T22:38:50Z","2026-01-03T22:00:15Z",2315,"pull_request","completed","cancelled","watchdog-command-loss","0248a1a367715ce8204e7d6a97cf365daa32bcf4","ineskhou",1
20683738678,1090,"2026-01-03T22:22:42Z","2026-01-03T23:13:24Z","2026-01-03T22:39:32Z",2032,"pull_request","completed","failure","watchdog-command-loss","e991d663dc5395d35558edc3d90c6755580153c7","ineskhou",2
20683880549,1091,"2026-01-03T22:36:14Z","2026-01-03T23:01:57Z","2026-01-03T22:36:14Z",1543,"pull_request","completed","failure","WTF","f45a70453a33d9352582d955238d38bfd35c8a2f","LeStarch",1
20684018913,1092,"2026-01-03T22:49:23Z","2026-01-03T23:24:55Z","2026-01-03T22:49:23Z",2132,"pull_request","completed","failure","WTF","7be2e2ba0a35722983907104f732346669d13409","LeStarch",1
20684022999,1093,"2026-01-03T22:49:41Z","2026-01-03T23:25:46Z","2026-01-03T22:49:41Z",2165,"push","completed","failure","main","adebaa0a3ca5d808928b0bd57a96e81f2e2b8604","hrfarmer",1
20684029241,1094,"2026-01-03T22:50:18Z","2026-01-03T23:27:28Z","2026-01-03T22:50:18Z",2230,"pull_request","completed","failure","WTF","9b10bd9fa96c1baa34376147f312b43f2fa8cfc9","LeStarch",1
20684086324,1095,"2026-01-03T22:56:05Z","2026-01-03T23:30:09Z","2026-01-03T22:56:05Z",2044,"pull_request","completed","failure","slow-flaky-tests","0476aaf2ad1bd0ffe48d66e6be494dc438620f78","hrfarmer",1
20684652741,1096,"2026-01-03T23:49:19Z","2026-01-03T23:52:23Z","2026-01-03T23:49:19Z",184,"pull_request","completed","failure","WTF","b5b8ce85fd06f0a4d874f660f8b685064c058821","ineskhou",1
20684748177,1097,"2026-01-04T00:00:23Z","2026-01-04T00:03:39Z","2026-01-04T00:00:23Z",196,"pull_request","completed","failure","jokes","e8750c2b6914e6b82dfbf8b682a0de2cfd0f1c5a","yudataguy",1
20684957095,1098,"2026-01-04T00:19:28Z","2026-01-04T00:22:46Z","2026-01-04T00:19:28Z",198,"pull_request","completed","failure","jokes","2139723b1dca55a34835758c9a9d6ee1a2fd196c","yudataguy",1
20685186892,1099,"2026-01-04T00:40:26Z","2026-01-04T00:43:37Z","2026-01-04T00:40:26Z",191,"pull_request","completed","failure","jokes","d5d716efef55d9fc558e19aef956974630c7f571","yudataguy",1
20685298531,1100,"2026-01-04T00:50:29Z","2026-01-04T00:53:35Z","2026-01-04T00:50:29Z",186,"pull_request","completed","failure","jokes","ec89cc61a28eaa4d127a435c3e0fa86d87c6e162","yudataguy",1
20685427739,1101,"2026-01-04T01:02:46Z","2026-01-04T01:05:58Z","2026-01-04T01:02:46Z",192,"pull_request","completed","failure","WTF","86cf2b4ea66d23cff12181ffdb0210a4c647dd56","ineskhou",1
20685996483,1102,"2026-01-04T01:56:21Z","2026-01-04T01:59:35Z","2026-01-04T01:56:21Z",194,"pull_request","completed","failure","rework-passthrough","465d917775265b58b30b9a0784135548bc16b178","hrfarmer",1
20686017973,1103,"2026-01-04T01:58:29Z","2026-01-04T02:02:39Z","2026-01-04T01:58:29Z",250,"pull_request","completed","failure","rework-passthrough","ed1d7b2cfd026a73bd4be69af3be744a74de8da8","hrfarmer",1
20686037462,1104,"2026-01-04T02:00:17Z","2026-01-04T02:04:55Z","2026-01-04T02:00:17Z",278,"pull_request","completed","failure","rework-passthrough","9b6ca602bc8ea33ec3eda3ac0148b509d0c7c4ea","hrfarmer",1
20686064206,1105,"2026-01-04T02:02:15Z","2026-01-04T02:08:02Z","2026-01-04T02:02:15Z",347,"pull_request","completed","failure","rework-passthrough","1c09ab5a8cf2aae91f4619c3936411a9cd347026","hrfarmer",1
20686348016,1106,"2026-01-04T02:29:07Z","2026-01-04T02:32:22Z","2026-01-04T02:29:07Z",195,"pull_request","completed","failure","jokes","fcba53a69befa85ad2d815106c21aa4cf21e8fd8","ineskhou",1
20686375791,1107,"2026-01-04T02:31:49Z","2026-01-04T02:35:00Z","2026-01-04T02:31:49Z",191,"pull_request","completed","failure","jokes","3e39811c85bdd34f6208b17c2509396c2b1674d6","ineskhou",1
20686513912,1108,"2026-01-04T02:46:32Z","2026-01-04T02:49:51Z","2026-01-04T02:46:32Z",199,"pull_request","completed","failure","WTF-ngay","a726fdae2122227c319e783460cf618c52bdbba0","nateinaction",1
20687202247,1109,"2026-01-04T03:50:44Z","2026-01-04T03:53:42Z","2026-01-04T03:50:44Z",178,"push","completed","failure","main","dc9e2c27718931e80a3d7afea6df55f15647bc04","ineskhou",1
20687635699,1110,"2026-01-04T04:30:36Z","2026-01-04T04:33:46Z","2026-01-04T04:30:36Z",190,"pull_request","completed","failure","jokes","ff920174bb6ca80d354df3110f0e4cbcf992aae4","ineskhou",1
20688131741,1111,"2026-01-04T05:19:24Z","2026-01-04T05:22:26Z","2026-01-04T05:19:24Z",182,"push","completed","failure","main","641d38bd36102bba4b8aec412a1a532cbae5f27f","ineskhou",1
20695755716,1112,"2026-01-04T16:21:57Z","2026-01-04T16:25:54Z","2026-01-04T16:21:57Z",237,"pull_request","completed","failure","slow-flaky-tests","d6642ae07d2eaf530713df104a1ae9bfba4c431c","hrfarmer",1
20696552851,1113,"2026-01-04T17:27:13Z","2026-01-04T17:29:22Z","2026-01-04T17:27:13Z",129,"pull_request","completed","success","no-integration","e215f351f4c732d679ad3024bb20daf8d304bec7","hrfarmer",1
20696656658,1114,"2026-01-04T17:35:40Z","2026-01-04T17:37:53Z","2026-01-04T17:35:40Z",133,"push","completed","success","main","88e0b0c455ebd2fd1575106909b5726aba82ecba","hrfarmer",1
20697466165,1115,"2026-01-04T18:45:36Z","2026-01-04T18:47:45Z","2026-01-04T18:45:36Z",129,"pull_request","completed","success","jokes","a3245da6b391bb165c0c4925c8301bc7628ce09f","ineskhou",1
20697910065,1116,"2026-01-04T19:22:08Z","2026-01-04T19:24:24Z","2026-01-04T19:22:08Z",136,"pull_request","completed","success","revert-safe-seq","ea81055c98466f3c50e42f18b26afa0af80331ea","nateinaction",1
20698347423,1117,"2026-01-04T20:00:06Z","2026-01-04T20:02:08Z","2026-01-04T20:00:06Z",122,"pull_request","completed","success","fix-safe-seq","f26aca57055f8e4a9be125dfde1dbb8e75c59c6a","nateinaction",1
20698384594,1118,"2026-01-04T20:03:01Z","2026-01-04T20:05:08Z","2026-01-04T20:03:01Z",127,"pull_request","completed","success","throttle_auth","17fe1b266fc66173fbe03aa878b198b05ca3b6c3","ineskhou",1
20698387572,1119,"2026-01-04T20:03:17Z","2026-01-04T20:09:59Z","2026-01-04T20:03:17Z",402,"push","completed","success","main","b91d35a9d9d099a327651293827d21d7a8c670f7","nateinaction",1
20698401695,1120,"2026-01-04T20:04:21Z","2026-01-04T20:07:08Z","2026-01-04T20:04:21Z",167,"pull_request","completed","success","throttle_auth","28ffef5ef71724df08a742b813645c093a8c8881","ineskhou",1
20698533560,1121,"2026-01-04T20:15:24Z","2026-01-04T20:17:29Z","2026-01-04T20:15:24Z",125,"push","completed","success","main","b5f2e1a7a991dae43701dd3e46e53e7153825868","ineskhou",1
20699054138,1122,"2026-01-04T21:01:53Z","2026-01-04T21:03:25Z","2026-01-04T21:01:53Z",92,"pull_request","completed","failure","add-signing","bdfffb8c04c0506afad2e2df68429cdf646d39f6","LeStarch",1
20699230401,1123,"2026-01-04T21:15:43Z","2026-01-04T21:17:53Z","2026-01-04T21:15:43Z",130,"pull_request","completed","success","add-signing","392a290938ca9b8e9955844db064f74308f0e078","ineskhou",1
20699261141,1124,"2026-01-04T21:18:17Z","2026-01-04T21:20:22Z","2026-01-04T21:18:17Z",125,"push","completed","success","main","86bcc55fd3bdf9256b5bf5e9c9ae4316becea2e5","ineskhou",1
20700191837,1125,"2026-01-04T22:38:44Z","2026-01-04T22:40:52Z","2026-01-04T22:38:44Z",128,"pull_request","completed","success","um","22fac0121febb773cf777901644eb93a26c23331","nateinaction",1
20700300488,1126,"2026-01-04T22:48:23Z","2026-01-04T22:50:36Z","2026-01-04T22:48:23Z",133,"pull_request","completed","success","update-param-detumble","a28dbe17cba1bb306b7cfece74f7b8e13e902c72","nateinaction",1
20700351492,1127,"2026-01-04T22:52:44Z","2026-01-04T22:54:45Z","2026-01-04T22:52:44Z",121,"push","completed","success","main","3c6e82acedcc5803ea7801c823f81a5acf2781af","hrfarmer",1
20700908440,1128,"2026-01-04T23:40:06Z","2026-01-04T23:42:11Z","2026-01-04T23:40:06Z",125,"pull_request","completed","success","support-disconnected-faces-detumble","dcd18a395f56540f98e7d9ac158c96631175bb8c","nateinaction",1
20700938745,1129,"2026-01-04T23:42:45Z","2026-01-04T23:44:46Z","2026-01-04T23:42:45Z",121,"push","completed","success","main","d0370c456bb64dcd3a1ec7887a3932edead86a42","nateinaction",1
20706227982,1130,"2026-01-05T05:39:06Z","2026-01-05T05:43:09Z","2026-01-05T05:39:06Z",243,"pull_request","completed","failure","stress-test","5c0c33e26a698532680b9377277995312cc7320b","yudataguy",1
20731029296,1131,"2026-01-05T22:24:19Z","2026-01-05T22:26:41Z","2026-01-05T22:24:19Z",142,"pull_request","completed","success","update_startup_sequence","41a78d616dda79aa25b26939849910264994544b","ineskhou",1
20731665601,1132,"2026-01-05T22:53:09Z","2026-01-05T22:55:26Z","2026-01-05T22:53:09Z",137,"push","completed","success","main","dd8005bc4f80e385cde16af961a0ad35f3f2f664","ineskhou",1
20731939022,1133,"2026-01-05T23:06:27Z","2026-01-05T23:08:44Z","2026-01-05T23:06:27Z",137,"pull_request","completed","success","seq-dir","5354513829b5ac777bed685bae869844b3a5b882","nateinaction",1
20732145782,1134,"2026-01-05T23:15:48Z","2026-01-05T23:18:07Z","2026-01-05T23:15:48Z",139,"push","completed","success","main","6f2563d53b26d70e68b7b602a1c27acef69fce1f","nateinaction",1
20733816350,1135,"2026-01-06T00:39:49Z","2026-01-06T00:42:04Z","2026-01-06T00:39:49Z",135,"pull_request","completed","success","secrets-target","5aea2cd5f708e2ba35a9903ed7ac384e9c30722a","hrfarmer",1
20733837548,1136,"2026-01-06T00:40:50Z","2026-01-06T00:44:14Z","2026-01-06T00:40:50Z",204,"pull_request","completed","failure","update-startup2","3e90bc5aef72e677f077e0da65dc748784dc9b17","ineskhou",1
20734003493,1137,"2026-01-06T00:48:57Z","2026-01-06T00:51:08Z","2026-01-06T00:48:57Z",131,"pull_request","completed","success","add-amateur-bypass","77f635d24a57514fbcdf3fbc2c0b8dbe3ccc599f","wrong-formatt",1
20734049617,1138,"2026-01-06T00:51:11Z","2026-01-06T00:53:25Z","2026-01-06T00:51:11Z",134,"push","completed","success","main","085b1770f249ca707b8404009858cbcb3c19bdc6","wrong-formatt",1
20735715061,1139,"2026-01-06T02:17:53Z","2026-01-06T02:20:10Z","2026-01-06T02:17:53Z",137,"pull_request","completed","success","update-startup2","887a10cdb8157251b3680ce4c741c727444d4129","ineskhou",1
20736793593,1140,"2026-01-06T03:17:20Z","2026-01-06T03:19:37Z","2026-01-06T03:17:20Z",137,"pull_request","completed","success","update-startup2","77bf998880e58763f296fbf738d796d3abb8a038","ineskhou",1
20737394108,1141,"2026-01-06T03:52:19Z","2026-01-06T03:54:41Z","2026-01-06T03:52:19Z",142,"push","completed","success","main","e43fc1d785a43c3d7042e0f2cce9b3be20b47e19","hrfarmer",1
20737400648,1142,"2026-01-06T03:52:42Z","2026-01-06T03:57:48Z","2026-01-06T03:52:42Z",306,"push","completed","success","main","29b760617d022d3bc148ee64d97d43dc5932ac46","hrfarmer",1
20755844323,1143,"2026-01-06T17:07:32Z","2026-01-06T17:09:36Z","2026-01-06T17:07:32Z",124,"pull_request","completed","success","Update-Startup-Sequence","18c49a9ad7d36d788dc610bd997be159ee1ceb00","Mikefly123",1
20755883092,1144,"2026-01-06T17:08:54Z","2026-01-06T17:12:29Z","2026-01-06T17:08:54Z",215,"pull_request","completed","success","Update-Startup-Sequence","a949f3d10d6b714c2d1f9616b67f3bdf8536bd1e","Mikefly123",1
20755984739,1145,"2026-01-06T17:12:33Z","2026-01-06T17:14:33Z","2026-01-06T17:12:33Z",120,"push","completed","success","main","f00bdacb3d861fd3c93777e58ab3b12d24db28ad","Mikefly123",1
20756196917,1146,"2026-01-06T17:20:19Z","2026-01-06T17:22:17Z","2026-01-06T17:20:19Z",118,"pull_request","completed","success","Update-Startup-Sequence","6b85d8f28efb7d26152315c9e286ba6a3d525091","Mikefly123",1
20756254174,1147,"2026-01-06T17:22:21Z","2026-01-06T17:24:22Z","2026-01-06T17:22:21Z",121,"push","completed","success","main","ac77b4676c0355735e03f4c214aeb02f43d4b306","Mikefly123",1
20756494436,1148,"2026-01-06T17:31:07Z","2026-01-06T17:33:12Z","2026-01-06T17:31:07Z",125,"pull_request","completed","success","ota-stuff","6da30fc068e37013f924986974fcb486b7b6d8f1","hrfarmer",1
20756551451,1149,"2026-01-06T17:33:16Z","2026-01-06T17:35:19Z","2026-01-06T17:33:16Z",123,"push","completed","success","main","595280acf5be39ba64f1c3e53f9fe216a186827c","hrfarmer",1
20756811364,1150,"2026-01-06T17:43:09Z","2026-01-06T17:45:09Z","2026-01-06T17:43:09Z",120,"pull_request","completed","success","rework-passthrough","78f335acc3f99062e8e49d743554b05f89444291","nateinaction",1
20756905767,1151,"2026-01-06T17:46:50Z","2026-01-06T17:48:53Z","2026-01-06T17:46:50Z",123,"push","completed","success","main","9369fcf2dc6684996867e655ff9ab61ec684bfa9","hrfarmer",1
20762402230,1152,"2026-01-06T21:18:45Z","2026-01-06T21:20:46Z","2026-01-06T21:18:45Z",121,"pull_request","completed","success","startup_update3","149a00d4818b3876b8fce69269ceeb948d5c6c2e","Nidhi-R-Shah",1
20762493552,1153,"2026-01-06T21:22:27Z","2026-01-06T21:26:17Z","2026-01-06T21:22:27Z",230,"push","completed","success","main","f25e72b010aa7c2bcc198856fc6e3a1d43cccd4c","Nidhi-R-Shah",1
20763900704,1154,"2026-01-06T22:19:42Z","2026-01-06T22:21:48Z","2026-01-06T22:19:42Z",126,"pull_request","completed","success","edit_radio_safe_seq","57cee8926ed5dbc698d2d8e39b347aef623f0514","ineskhou",1
20764094805,1155,"2026-01-06T22:27:58Z","2026-01-06T22:29:56Z","2026-01-06T22:27:58Z",118,"pull_request","completed","success","edit_radio_safe_seq","24d3fb8fe40dba036a2591fdd96e298f16870d3f","ineskhou",1
20764516600,1156,"2026-01-06T22:47:43Z","2026-01-06T22:49:43Z","2026-01-06T22:47:43Z",120,"push","completed","success","main","635537df090d0f787cd64171e0d1d53b56c9dfb3","hrfarmer",1
20770676700,1157,"2026-01-07T04:31:37Z","2026-01-07T04:33:56Z","2026-01-07T04:31:37Z",139,"pull_request","completed","success","fs-format","21fb060de6b4440a3bdcda32051c5071f88ab410","nateinaction",1
20770716475,1158,"2026-01-07T04:34:00Z","2026-01-07T04:36:03Z","2026-01-07T04:34:00Z",123,"push","completed","success","main","843793431dbd03923d45665150a8b2104873fdb2","nateinaction",1
20863357337,1159,"2026-01-09T19:36:43Z","2026-01-09T19:38:25Z","2026-01-09T19:36:43Z",102,"pull_request","completed","failure","improve-face-response","2c41f0c38b2e2b283340660ce93c2e8d7811c16f","nateinaction",1
20863379888,1160,"2026-01-09T19:37:35Z","2026-01-09T19:39:29Z","2026-01-09T19:37:35Z",114,"pull_request","completed","failure","improve-face-response","ccb8d9f63e65a4da77a1e720395df67d4b14c922","nateinaction",1
20904992122,1161,"2026-01-12T01:02:38Z","2026-01-12T01:04:57Z","2026-01-12T01:02:38Z",139,"pull_request","completed","success","improve-face-response","cd3b6fecb7db592581626a4d2ba96bde435ff19a","nateinaction",1
21373887108,1162,"2026-01-26T21:03:40Z","2026-01-26T21:05:45Z","2026-01-26T21:03:40Z",125,"pull_request","completed","failure","jokes","7916c7186e9ef33c78234ab47ab6735904398754","ineskhou",1
21374103675,1163,"2026-01-26T21:10:45Z","2026-01-26T21:12:58Z","2026-01-26T21:10:45Z",133,"pull_request","completed","success","jokes","84f0e7490b5e5e9cd5eaf20e28429a1eb2b5a038","ineskhou",1
21374176419,1164,"2026-01-26T21:13:08Z","2026-01-26T21:15:21Z","2026-01-26T21:13:08Z",133,"push","completed","success","main","98089b044ed5a55b27ee01f8a212b29fbbae88b4","ineskhou",1
21374352795,1165,"2026-01-26T21:19:10Z","2026-01-26T21:26:02Z","2026-01-26T21:19:10Z",412,"pull_request","completed","failure","watchdog-tests","13dc16cb390cfe9a03f9a53eb3905ee69e417881","ineskhou",1
21374438339,1166,"2026-01-26T21:22:09Z","2026-01-26T21:23:58Z","2026-01-26T21:22:09Z",109,"pull_request","completed","failure","watchdog-tests","c75c903fd83404e2e89ca2667e4332b9bf7c0f81","ineskhou",1
21374602027,1167,"2026-01-26T21:27:47Z","2026-01-26T21:29:56Z","2026-01-26T21:27:47Z",129,"pull_request","completed","success","watchdog-tests","beed941e71466de31ad7bd84d7509a14210744d4","ineskhou",1
21375124830,1168,"2026-01-26T21:45:02Z","2026-01-26T21:47:11Z","2026-01-26T21:45:02Z",129,"push","completed","success","main","20064bedea2e3a0f3ecdbc6d2dc93b136f337b21","ineskhou",1
21375817766,1169,"2026-01-26T22:07:42Z","2026-01-26T22:10:09Z","2026-01-26T22:07:42Z",147,"pull_request","completed","success","stress-test","01aafd4f374c7352be2685d18ac2e986596830a0","ineskhou",1
21375974206,1170,"2026-01-26T22:12:50Z","2026-01-26T22:14:57Z","2026-01-26T22:12:50Z",127,"push","completed","success","main","934a6d02cd6d488e0581893f57b40341fdf115cd","ineskhou",1
21381295329,1171,"2026-01-27T01:45:39Z","2026-01-27T01:48:55Z","2026-01-27T01:45:39Z",196,"pull_request","completed","failure","file-system-test-new","a4bd584b9562ba41314031c34515c1e08cdf97fb","yudataguy",1
21381638186,1172,"2026-01-27T02:01:50Z","2026-01-27T02:03:54Z","2026-01-27T02:01:50Z",124,"pull_request","completed","failure","file-system-test-new","1ce85ab210f565cd7605d9d17d084d0a567bac94","yudataguy",1
21381796422,1173,"2026-01-27T02:09:31Z","2026-01-27T02:11:35Z","2026-01-27T02:09:31Z",124,"pull_request","completed","success","file-system-test-new","ece25f40dc2ad68d5a43b38c4f480ec6675ffc15","yudataguy",1
21382260327,1174,"2026-01-27T02:31:59Z","2026-01-27T02:34:03Z","2026-01-27T02:31:59Z",124,"pull_request","completed","failure","file-system-test-new","dc31d00a4beafc3e62b29bfbfa2587a6edd8c471","yudataguy",1
21382414648,1175,"2026-01-27T02:40:27Z","2026-01-27T02:42:28Z","2026-01-27T02:40:27Z",121,"pull_request","completed","success","file-system-test-new","0ff8a8a2ed5f2bd6cedcb46730de1f7245b15256","yudataguy",1
21382541205,1176,"2026-01-27T02:46:36Z","2026-01-27T02:51:08Z","2026-01-27T02:46:36Z",272,"push","completed","success","main","0fed8f370172a41942363e692d3dabc2ec399adb","yudataguy",1
21383317886,1177,"2026-01-27T03:25:33Z","2026-01-27T03:27:40Z","2026-01-27T03:25:33Z",127,"pull_request","completed","success","command-loss-fix","5b88ed4e909a0f21f6cc020212b58f117b61e0df","ineskhou",1
21383340653,1178,"2026-01-27T03:26:49Z","2026-01-27T03:30:41Z","2026-01-27T03:26:49Z",232,"pull_request","completed","success","command-loss-fix","f3bb800b83791a1bca404f0c3be089266e89c4ab","ineskhou",1
21383696059,1179,"2026-01-27T03:44:56Z","2026-01-27T03:46:57Z","2026-01-27T03:44:56Z",121,"pull_request","completed","success","file-system-test-fire-and-forget","f6739210f1ca0a8cefbce25581a6ec7cbdc84dac","yudataguy",1
21386487470,1180,"2026-01-27T06:04:26Z","2026-01-27T06:06:31Z","2026-01-27T06:04:26Z",125,"push","completed","success","main","0d775fe71503d33ef96dc60fdd311d5bef359c3b","yudataguy",1
21422515436,1181,"2026-01-28T02:28:13Z","2026-01-28T02:30:22Z","2026-01-28T02:28:13Z",129,"pull_request","completed","success","command-loss-fix","4ceee8a8df71eeeaf787c2208a9bfac1ae12f059","ineskhou",1
21451660066,1184,"2026-01-28T19:01:25Z","2026-01-28T19:11:07Z","2026-01-28T19:09:01Z",126,"pull_request","completed","failure","copilot/deploy-sddmd-files-to-githubio","fffef8f593008d0f26435d1caca105e3159c5131","Copilot",2
21452048885,1185,"2026-01-28T19:13:43Z","2026-01-28T19:35:36Z","2026-01-28T19:33:30Z",126,"pull_request","completed","success","copilot/deploy-sddmd-files-to-githubio","ef1018449eb04285a7a453dc4ee4843263bef23b","Copilot",2
21452939398,1186,"2026-01-28T19:42:12Z","2026-01-28T19:44:24Z","2026-01-28T19:42:12Z",132,"pull_request","completed","success","update_readme","96480490e5e530b45622126eac5a314c80026f11","ineskhou",1
21453644760,1188,"2026-01-28T20:05:09Z","2026-01-28T20:07:18Z","2026-01-28T20:05:09Z",129,"pull_request","completed","success","update_readme","a1f486cacc2865578ceea28623da0787dc55c2f6","Mikefly123",1
21453677106,1189,"2026-01-28T20:06:13Z","2026-01-28T20:10:10Z","2026-01-28T20:06:13Z",237,"pull_request","completed","success","update_readme","8820cfe0c56ba5ca2e1baec7f4a374904dcb2f58","Mikefly123",1
21453794753,1190,"2026-01-28T20:10:00Z","2026-01-28T20:13:07Z","2026-01-28T20:10:00Z",187,"pull_request","completed","success","copilot/deploy-sddmd-files-to-githubio","b8255d8cf81f16edb3e0fe8a95d0db06cae274b8","ineskhou",1
21453802344,1191,"2026-01-28T20:10:14Z","2026-01-28T20:15:59Z","2026-01-28T20:10:14Z",345,"push","completed","success","main","b2e3468e50fe8a0bd85d9d7501a86ff17e5022df","hrfarmer",1
21454133281,1193,"2026-01-28T20:21:40Z","2026-01-28T20:25:48Z","2026-01-28T20:23:43Z",125,"pull_request","completed","success","copilot/deploy-sddmd-files-to-githubio","3301f98f7afaadc7c11203333ef43ab6183a48cc","Copilot",2
21454596952,1195,"2026-01-28T20:37:43Z","2026-01-28T20:42:22Z","2026-01-28T20:40:08Z",134,"pull_request","completed","success","copilot/deploy-sddmd-files-to-githubio","6176994672b62e9a879c1bcfdd232af9a25241ca","Copilot",2
21454729302,1196,"2026-01-28T20:42:26Z","2026-01-28T20:44:32Z","2026-01-28T20:42:26Z",126,"push","completed","success","main","5f2ffde4b23eef69fa4a1f226a6cf04ede23e92f","Mikefly123",1
21456407280,1200,"2026-01-28T21:37:35Z","2026-01-28T21:39:40Z","2026-01-28T21:37:35Z",125,"pull_request","completed","success","command-loss-fix","66f6751fbcea51a099c904170861cd6c7cc293e6","ineskhou",1
21456576132,1201,"2026-01-28T21:42:57Z","2026-01-28T21:45:01Z","2026-01-28T21:42:57Z",124,"pull_request","completed","success","command-loss-fix","d44089d17f8107afa12becd75cf327750a4d5083","ineskhou",1
21457219254,1202,"2026-01-28T22:04:59Z","2026-01-29T18:48:42Z","2026-01-29T18:46:30Z",132,"pull_request","completed","failure","copilot/add-finite-state-machine-diagram","81d1029ee1d95131ec32064ea0c5ba9fc03c68e7","Copilot",2
21457364396,1203,"2026-01-28T22:09:47Z","2026-01-28T22:11:53Z","2026-01-28T22:09:47Z",126,"pull_request","completed","success","command-loss-fix","f8b650e443f7117ddb16664cc947c140e51e9099","ineskhou",1
21458598318,1208,"2026-01-28T22:55:45Z","2026-01-28T22:59:14Z","2026-01-28T22:57:11Z",123,"pull_request","completed","failure","copilot/modify-rtc-component-behavior","badd95398adaa7303ff2541722624b8f3536ccf4","Copilot",2
21458838734,1209,"2026-01-28T23:05:08Z","2026-01-28T23:10:14Z","2026-01-28T23:08:02Z",132,"pull_request","completed","success","copilot/modify-rtc-component-behavior","f2b002813d89508a1d4925c906d41b673ab72959","Copilot",2
21459649698,1210,"2026-01-28T23:38:11Z","2026-01-29T03:57:04Z","2026-01-29T03:54:58Z",126,"pull_request","completed","failure","copilot/modify-rtc-component-behavior","860f5f62bd44a39f6ccfadace182f8c18eefdc09","Copilot",2
21459653012,1211,"2026-01-28T23:38:20Z","2026-01-28T23:40:24Z","2026-01-28T23:38:20Z",124,"pull_request","completed","success","command-loss-fix","9e3fef011efbb4b4c3d78da81f6f64a7e7c9e3da","ineskhou",1
21465202092,1212,"2026-01-29T04:05:05Z","2026-01-29T04:07:09Z","2026-01-29T04:05:05Z",124,"push","completed","success","main","962b3c95a92cd57e632ddb8521f29b3196634701","ineskhou",1
21465316749,1213,"2026-01-29T04:10:27Z","2026-01-29T04:48:56Z","2026-01-29T04:46:48Z",128,"pull_request","completed","failure","copilot/modify-rtc-component-behavior","1e7066f2ecbce6151845d749c4407bfa9a99c16f","Copilot",2
21466099205,1214,"2026-01-29T04:50:40Z","2026-01-29T04:52:43Z","2026-01-29T04:50:40Z",123,"pull_request","completed","success","copilot/modify-rtc-component-behavior","52c5bdf2789aa7dd4259fa7bf7c76cd55f5d4a92","Mikefly123",1
21466382717,1215,"2026-01-29T05:05:38Z","2026-01-29T05:07:45Z","2026-01-29T05:05:38Z",127,"pull_request","completed","success","copilot/modify-rtc-component-behavior","ce5df3384373d56df563141902839811a8388351","Mikefly123",1
21490683981,1216,"2026-01-29T18:49:45Z","2026-01-29T18:51:50Z","2026-01-29T18:49:45Z",125,"pull_request","completed","success","copilot/add-finite-state-machine-diagram","7d214da55fdd1aea65d5480bc4e04d285b7da87c","Mikefly123",1
21491750050,1217,"2026-01-29T19:24:33Z","2026-01-29T19:26:46Z","2026-01-29T19:24:33Z",133,"pull_request","completed","success","update_ket_make","e6d6ec1e8b86919bd46554b8105a1ead3fa7e588","ineskhou",1
21492431446,1218,"2026-01-29T19:47:26Z","2026-01-29T19:49:36Z","2026-01-29T19:47:26Z",130,"push","completed","success","main","4d0cfbdd25bda9e9f86939be1d3dbc82d409df44","Mikefly123",1
21492528744,1219,"2026-01-29T19:50:46Z","2026-01-29T20:42:15Z","2026-01-29T20:40:05Z",130,"pull_request","completed","success","copilot/add-finite-state-machine-diagram","0c807d56a2398d80bb30daf23a27979dcc30e136","Copilot",2
21497663841,1220,"2026-01-29T22:54:23Z","2026-01-29T22:58:01Z","2026-01-29T22:54:23Z",218,"push","completed","success","main","0b9edfc89f44dba5faf7d8c20608749339bf4a76","Mikefly123",1
21499827873,1221,"2026-01-30T00:29:24Z","2026-01-30T00:31:33Z","2026-01-30T00:29:24Z",129,"pull_request","completed","success","update_ket_make","a0c1a031d4b198b7b6d468bb709f063ced425c60","ineskhou",1
21499877761,1222,"2026-01-30T00:31:42Z","2026-01-30T00:33:51Z","2026-01-30T00:31:42Z",129,"push","completed","success","main","57ae01a506e92f54bc863f95e8cedc9a6d741af3","ineskhou",1
21535375499,1223,"2026-01-31T00:27:06Z","2026-01-31T00:29:15Z","2026-01-31T00:27:06Z",129,"pull_request","completed","success","update-param-detumble","8f0976d0a038dbbbd8072a4f2468dba09a627d7e","hrfarmer",1
21535867510,1224,"2026-01-31T00:55:12Z","2026-01-31T00:57:23Z","2026-01-31T00:55:12Z",131,"pull_request","completed","success","comment-safe-mode","d8cf88737ea9a7e20729965c467da88345b988cc","hrfarmer",1
21535905699,1225,"2026-01-31T00:57:26Z","2026-01-31T00:59:32Z","2026-01-31T00:57:26Z",126,"push","completed","success","main","ccb1d9309bf33c749e83f09389350b693d0f4cbc","hrfarmer",1
21535916326,1226,"2026-01-31T00:58:07Z","2026-01-31T01:02:30Z","2026-01-31T00:58:07Z",263,"pull_request","completed","success","update-param-detumble","cea80575151b1e0bcc1f6dbe4bd284f83cea012f","hrfarmer",1
21537795910,1227,"2026-01-31T03:14:21Z","2026-01-31T03:16:26Z","2026-01-31T03:14:21Z",125,"pull_request","completed","success","rtc-changes","e3f11e4010acf1800ff9998ff1b5c4872db49fd3","nateinaction",1
21537949861,1228,"2026-01-31T03:26:13Z","2026-01-31T03:28:17Z","2026-01-31T03:26:13Z",124,"pull_request","completed","success","copy-keys","e76bf820bdea6dd7ea3c71cce1ffc0692ff464df","nateinaction",1
21537962767,1229,"2026-01-31T03:27:18Z","2026-01-31T03:30:15Z","2026-01-31T03:27:18Z",177,"push","completed","success","main","dd9cf3aaa1f54e8f5aabeac738410d17c4e3a4d7","nateinaction",1
21549361262,1230,"2026-01-31T19:02:17Z","2026-01-31T19:04:18Z","2026-01-31T19:02:17Z",121,"pull_request","completed","success","rtc-changes","0b9a7ba732101f708e3b472bf2e97867a0501ac8","Mikefly123",1
21549848669,1231,"2026-01-31T19:40:22Z","2026-01-31T19:42:30Z","2026-01-31T19:40:22Z",128,"pull_request","completed","success","update-telemetry-packets","411bd2f640552f7a2fc740770e501f2cc34bea43","Mikefly123",1
21549885206,1232,"2026-01-31T19:43:17Z","2026-01-31T19:45:19Z","2026-01-31T19:43:17Z",122,"pull_request","completed","success","update-telemetry-packets","3c71557b958bb6ba4a00ce15d75c19b62693a4c1","Mikefly123",1
21551954253,1237,"2026-01-31T22:27:08Z","2026-01-31T22:33:48Z","2026-01-31T22:31:55Z",113,"pull_request","completed","failure","copilot/expand-pattern-in-all-parameters","b81bcb2a46d685aa3caa2f4c420f23c20ec936a3","Copilot",2
21551993077,1238,"2026-01-31T22:30:20Z","2026-01-31T22:36:42Z","2026-01-31T22:32:42Z",240,"pull_request","completed","failure","copilot/add-data-budget-tool","278c26a0e0b247a67c05ba43f9183a8225528c78","Copilot",2
21552575318,1240,"2026-01-31T23:19:04Z","2026-01-31T23:23:25Z","2026-01-31T23:21:30Z",115,"pull_request","completed","failure","copilot/expand-pattern-in-all-parameters","73cd5bae8cd77a5be517fdd6c31a61ea9cac0f39","Copilot",2
21552718064,1241,"2026-01-31T23:30:52Z","2026-02-01T08:30:19Z","2026-02-01T08:28:24Z",115,"pull_request","completed","failure","copilot/expand-pattern-in-all-parameters","5370c6ef0c5d0b8ef28fb3921fa076cbaee1d9f9","Copilot",2
21552733761,1242,"2026-01-31T23:32:08Z","2026-01-31T23:35:15Z","2026-01-31T23:33:08Z",127,"pull_request","completed","failure","copilot/add-data-budget-tool","c5f2cee1533d586e31c0f502df1c76bd8f5fa66b","Copilot",2
21552764190,1243,"2026-01-31T23:34:57Z","2026-01-31T23:38:03Z","2026-01-31T23:34:57Z",186,"pull_request","completed","success","copilot/add-data-budget-tool","738cd2a53c8ed2da473d0a494692bd6e50f888bc","Mikefly123",1
21554268232,1244,"2026-02-01T01:30:59Z","2026-02-01T01:32:59Z","2026-02-01T01:30:59Z",120,"pull_request","completed","success","copilot/add-data-budget-tool","952cee71eea97e272a41f3f5b56ab5a9aa421611","Mikefly123",1
21554333791,1245,"2026-02-01T01:35:52Z","2026-02-01T19:23:27Z","2026-02-01T19:21:25Z",122,"pull_request","completed","failure","copilot/add-data-budget-tool","5ceb1a85e56d09995d393ccec2a20376c400ecb0","Copilot",2
21568829992,1246,"2026-02-01T19:27:10Z","2026-02-01T19:37:19Z","2026-02-01T19:35:28Z",111,"pull_request","completed","failure","copilot/expand-pattern-in-all-parameters","90184d0c31bf15f374422ebf5016700a9bc67967","Copilot",2
21568959176,1247,"2026-02-01T19:36:16Z","2026-02-01T19:40:08Z","2026-02-01T19:36:16Z",232,"pull_request","completed","success","copilot/add-data-budget-tool","3d1b3b1b06710714d3176222a3c6e2be3919d330","Mikefly123",1
21569106870,1248,"2026-02-01T19:46:54Z","2026-02-01T19:51:11Z","2026-02-01T19:49:15Z",116,"pull_request","completed","failure","copilot/expand-pattern-in-all-parameters","0371a401f5c427598b81dedffb88db44379477e9","Copilot",2
21569479368,1251,"2026-02-01T20:12:22Z","2026-02-01T20:14:33Z","2026-02-01T20:12:22Z",131,"pull_request","completed","success","copilot/expand-pattern-in-all-parameters","efef7c21020965edb6ef6eab22ac17c0a2d13c02","Mikefly123",1
21570301013,1252,"2026-02-01T21:10:15Z","2026-02-01T21:12:15Z","2026-02-01T21:10:15Z",120,"push","completed","success","main","66b89dafd0d7d19946ff0f65464bf45f5a40a68b","nateinaction",1
21570323543,1253,"2026-02-01T21:11:47Z","2026-02-01T21:15:06Z","2026-02-01T21:11:47Z",199,"pull_request","completed","success","copy-keys","420acb03ac4430f4241dc1bfb74d23a981a63ca2","nateinaction",1
21601646134,1254,"2026-02-02T18:05:52Z","2026-02-02T18:07:56Z","2026-02-02T18:05:52Z",124,"pull_request","completed","success","update-telemetry-packets","f6f03ee7042b63584e9f6a7cc410d7f7be9cf693","Mikefly123",1
21601716801,1255,"2026-02-02T18:08:00Z","2026-02-02T18:10:04Z","2026-02-02T18:08:00Z",124,"push","completed","success","main","377ded6c62493147e13550eddb87eb8351e5b1a7","Mikefly123",1
21601839320,1256,"2026-02-02T18:11:41Z","2026-02-02T18:13:45Z","2026-02-02T18:11:41Z",124,"pull_request","completed","success","copilot/add-data-budget-tool","2e13ebd37c8db320309a6143cd92bace613ff927","Mikefly123",1
21602181106,1257,"2026-02-02T18:22:04Z","2026-02-02T18:24:17Z","2026-02-02T18:22:04Z",133,"pull_request","completed","success","copilot/expand-pattern-in-all-parameters","dccc0ada362c08e1315b69deddd26abbc6c9e8fb","ineskhou",1
21602547901,1262,"2026-02-02T18:33:22Z","2026-02-02T19:07:01Z","2026-02-02T19:01:36Z",325,"pull_request","completed","success","copilot/fix-fprime-gds-version-mismatch","a9a1ba84f5503f99c011b3057ef99834a9d76f3a","Copilot",2
21603709769,1263,"2026-02-02T19:09:12Z","2026-02-02T19:11:19Z","2026-02-02T19:09:12Z",127,"push","completed","success","main","ae39de9251746911bfe69a0cd8bf0af9790c72ba","Mikefly123",1
21603752100,1264,"2026-02-02T19:10:28Z","2026-02-02T19:14:47Z","2026-02-02T19:10:28Z",259,"pull_request","completed","success","copilot/fix-fprime-gds-version-mismatch","81e570e35d1681fd3f026d9e541145dde42631af","Mikefly123",1
21603926388,1265,"2026-02-02T19:15:52Z","2026-02-02T19:17:48Z","2026-02-02T19:15:52Z",116,"pull_request","completed","success","copilot/fix-fprime-gds-version-mismatch","d588009713503cb7eacf7952b6e6c5faf2a6bcd3","Mikefly123",1
21605962031,1266,"2026-02-02T20:30:50Z","2026-02-02T20:45:54Z","2026-02-02T20:30:50Z",904,"push","completed","failure","main","41806a0ce4e9da5c89b3659066788bc2d8036967","Mikefly123",1
21606083394,1267,"2026-02-02T20:36:01Z","2026-02-02T20:51:04Z","2026-02-02T20:36:01Z",903,"pull_request","completed","failure","copy-keys","7d38fdfb3676a5609854b3aade17e9ada6e960e3","hrfarmer",1
21606831541,1268,"2026-02-02T21:07:05Z","2026-02-02T23:48:14Z","2026-02-02T23:46:34Z",100,"pull_request","completed","success","copy-keys","91f129efaaab8faa32d396792eb3f69379a5cf3f","Mikefly123",2
21607444925,1269,"2026-02-02T21:32:45Z","2026-02-02T21:47:49Z","2026-02-02T21:32:45Z",904,"pull_request","completed","failure","int-test-fix","d2d17f5c62f12fa954dfd98668aeca2663b49647","yudataguy",1
21607493194,1270,"2026-02-02T21:34:52Z","2026-02-02T21:49:55Z","2026-02-02T21:34:52Z",903,"pull_request","completed","failure","int-test-fix","17e537409fe58f853ad333f030bf41ae322af523","yudataguy",1
21607511366,1271,"2026-02-02T21:35:34Z","2026-02-03T17:34:12Z","2026-02-03T17:32:05Z",127,"pull_request","completed","success","int-test-fix","7a28becc9356bca1a8458ba23e8142e5d5baf5bd","yudataguy",2
21610558957,1272,"2026-02-02T23:48:18Z","2026-02-02T23:50:22Z","2026-02-02T23:48:18Z",124,"push","completed","success","main","b5700593f1c52c945cbc2e1924a4f515ded085a8","Mikefly123",1
21611091279,1273,"2026-02-03T00:08:08Z","2026-02-03T00:10:16Z","2026-02-03T00:08:08Z",128,"pull_request","completed","success","iloveintegrationtests","d51c01611f7a0a0c3175ec8110841879f11fbda4","hrfarmer",1
21611797105,1274,"2026-02-03T00:35:03Z","2026-02-03T00:37:13Z","2026-02-03T00:35:03Z",130,"pull_request","completed","success","iloveintegrationtests","9990b837e4476771708b45c7dd80a62b29815389","hrfarmer",1
21611889550,1275,"2026-02-03T00:38:36Z","2026-02-03T00:40:44Z","2026-02-03T00:38:36Z",128,"pull_request","completed","success","iloveintegrationtests","1f48b9c44570de4e61ae03add8c3fb32785299d4","hrfarmer",1
21612104521,1276,"2026-02-03T00:47:00Z","2026-02-03T00:49:09Z","2026-02-03T00:47:00Z",129,"pull_request","completed","success","iloveintegrationtests","cfc28c9f5cafe9f237f752ba7f68aa756a11e30b","hrfarmer",1
21612272536,1277,"2026-02-03T00:53:35Z","2026-02-03T00:55:40Z","2026-02-03T00:53:35Z",125,"pull_request","completed","success","iloveintegrationtests","02fd4e0ff1dffae401475a696001c7a976d1b3c0","hrfarmer",1
21612363096,1278,"2026-02-03T00:57:20Z","2026-02-03T00:59:26Z","2026-02-03T00:57:20Z",126,"pull_request","completed","success","iloveintegrationtests","f1a752ea9bc9708365b2721e884868d92ca16e05","hrfarmer",1
21612533746,1279,"2026-02-03T01:04:24Z","2026-02-03T01:06:35Z","2026-02-03T01:04:24Z",131,"pull_request","completed","success","iloveintegrationtests","b6b7028ae2d24a3ed3fa1cd3adffc58db18a9df4","hrfarmer",1
21612998703,1280,"2026-02-03T01:24:30Z","2026-02-03T01:26:38Z","2026-02-03T01:24:30Z",128,"pull_request","completed","success","iloveintegrationtests","45fcf3e8a2e3df9030265c59e7b7ac180d5cfee5","hrfarmer",1
21613058801,1281,"2026-02-03T01:27:05Z","2026-02-03T01:29:06Z","2026-02-03T01:27:05Z",121,"pull_request","completed","success","iloveintegrationtests","3c3406fdf3144c81e2671550e34737fddc8a71d4","hrfarmer",1
21613153547,1282,"2026-02-03T01:31:02Z","2026-02-03T01:33:04Z","2026-02-03T01:31:02Z",122,"pull_request","completed","success","iloveintegrationtests","ee9bbdc9175d471cf315d6f5a8a2b68f4450a986","hrfarmer",1
21642772065,1283,"2026-02-03T18:33:55Z","2026-02-03T18:35:59Z","2026-02-03T18:33:55Z",124,"pull_request","completed","success","int-test-fix","be4e52252d441cd20c6a74d13409a782877a698b","ineskhou",1
21650792608,1284,"2026-02-03T22:46:03Z","2026-02-03T23:14:59Z","2026-02-03T23:11:15Z",224,"pull_request","completed","cancelled","iloveintegrationtests","069d32b6097b28240207923960c97f94b2339e95","hrfarmer",5
21652210911,1285,"2026-02-03T23:41:48Z","2026-02-03T23:43:55Z","2026-02-03T23:41:48Z",127,"pull_request","completed","success","int-test-fix","58917e82b29541fc948a243715ed814e820a95fa","yudataguy",1
21652755108,1286,"2026-02-04T00:04:39Z","2026-02-04T00:06:43Z","2026-02-04T00:04:39Z",124,"pull_request","completed","success","int-test-fix","41886e64a93f8f0e0e5def743454a4814319ddd5","yudataguy",1
21655992236,1287,"2026-02-04T02:26:27Z","2026-02-04T02:28:43Z","2026-02-04T02:26:27Z",136,"pull_request","completed","success","radio-sensor-fault-manage","2273dc31a53a5edc055f782fa96caccbc03a7998","yudataguy",1
21656142460,1288,"2026-02-04T02:33:37Z","2026-02-04T02:35:42Z","2026-02-04T02:33:37Z",125,"pull_request","completed","success","radio-sensor-fault-manage","25f0e77a67a82d0cef30d9ed7668a44f50da1364","yudataguy",1
21688896332,1289,"2026-02-04T21:23:07Z","2026-02-04T21:25:13Z","2026-02-04T21:23:07Z",126,"pull_request","completed","success","update-fprime-zephyr-submodule","d83fd69e33c891ac21d0a9aa94f452388e61b55e","yudataguy",1
21694640674,1290,"2026-02-05T01:03:39Z","2026-02-05T01:05:36Z","2026-02-05T01:03:39Z",117,"push","completed","success","main","d174860b942dc78e133c38e172b486356250a3e6","yudataguy",1
21728275987,1291,"2026-02-05T21:00:10Z","2026-02-05T21:02:24Z","2026-02-05T21:00:10Z",134,"pull_request","completed","success","update-malloc","482341b9d1f14b416dc78acfc1e76dacc491fba3","yudataguy",1
21763202026,1293,"2026-02-06T19:29:28Z","2026-02-06T21:58:00Z","2026-02-06T21:55:57Z",123,"pull_request","completed","success","copilot/unify-docs-and-docs-site","93a92b3a7ae61552b1a5181223313c16e9a30715","Copilot",2
21768170518,1294,"2026-02-06T22:28:26Z","2026-02-06T22:33:36Z","2026-02-06T22:31:25Z",131,"pull_request","completed","success","copilot/unify-docs-and-docs-site","285ed417d4809590a30474fe32a6acedfd8c02e3","Copilot",2
21768358296,1295,"2026-02-06T22:36:00Z","2026-02-06T22:38:11Z","2026-02-06T22:36:00Z",131,"pull_request","completed","failure","copilot/unify-docs-and-docs-site","176a2e8e6501c810471d92e2cad23ff2c68c5cbf","Lex-ari",1
21768917476,1296,"2026-02-06T22:59:09Z","2026-02-06T23:01:17Z","2026-02-06T22:59:09Z",128,"pull_request","completed","success","docs-unification","0725154e9b09738f450c4d97063b576558911646","Mikefly123",1
21770338366,1297,"2026-02-07T00:08:27Z","2026-02-07T00:16:40Z","2026-02-07T00:08:27Z",493,"pull_request","completed","success","int-test-fix","8e1a250c9629ab996e3af85bc24d151d65b41d87","Mikefly123",1
21776478339,1298,"2026-02-07T07:31:31Z","2026-02-07T07:33:33Z","2026-02-07T07:31:31Z",122,"push","completed","success","main","bdf76ef23bd08a93004d86a90753f3bded1156db","Mikefly123",1
21805191414,1299,"2026-02-08T20:54:06Z","2026-02-09T19:41:20Z","2026-02-09T19:40:07Z",73,"pull_request","completed","failure","iloveintegrationtests","67f2bf5480c6a21df4c60b0a7c261c7e2de3b63d","hrfarmer",3
21838893916,1300,"2026-02-09T20:12:05Z","2026-02-09T20:15:06Z","2026-02-09T20:12:05Z",181,"pull_request","completed","failure","iloveintegrationtests","9e13a9a9615cb21cffb2b6436849512850d77013","Mikefly123",1
21879232418,1301,"2026-02-10T19:24:41Z","2026-02-10T20:31:30Z","2026-02-10T20:30:54Z",36,"pull_request","completed","success","docs-unification","848f1fd196c68e507a0c289afee80e90332bdb28","Mikefly123",2
21881696098,1302,"2026-02-10T20:43:13Z","2026-02-10T20:45:19Z","2026-02-10T20:43:13Z",126,"push","completed","success","main","e45b16d233e01438f41ad5cc1f6502affc159ddc","Mikefly123",1
21914497650,1303,"2026-02-11T16:55:36Z","2026-02-11T16:59:12Z","2026-02-11T16:55:36Z",216,"pull_request","completed","failure","iloveintegrationtests","f23b6caff3c2808e13d1552354f8eb4b47fc8a1b","hrfarmer",1
21937586660,1304,"2026-02-12T07:32:56Z","2026-02-12T07:35:16Z","2026-02-12T07:32:56Z",140,"pull_request","completed","success","partial-revert-pr-320","6694d346ecbfe24cae2ca48babb3188b08b9f1f5","nateinaction",1
21937669589,1305,"2026-02-12T07:36:14Z","2026-02-12T07:38:32Z","2026-02-12T07:36:14Z",138,"pull_request","completed","success","partial-revert-pr-320","f30ded7bd321102b5131d3db1b990dbf3ba6283c","nateinaction",1
21937727855,1306,"2026-02-12T07:38:36Z","2026-02-12T07:40:53Z","2026-02-12T07:38:36Z",137,"push","completed","success","main","d418f81b93728231f572234e8c607037cb9801e5","nateinaction",1
21975327986,1307,"2026-02-13T05:01:30Z","2026-02-13T05:03:51Z","2026-02-13T05:01:30Z",141,"pull_request","completed","success","RenameDeployment","d9c37e80c5faa4c85585a6cce87864e329260cc8","Mikefly123",1
21975345515,1308,"2026-02-13T05:02:23Z","2026-02-13T05:06:45Z","2026-02-13T05:02:23Z",262,"pull_request","completed","success","RenameDeployment","aedb4a6ddcc79942bf2c12643878cc22842a81ad","Mikefly123",1
21975415076,1309,"2026-02-13T05:05:44Z","2026-02-13T05:08:45Z","2026-02-13T05:05:44Z",181,"pull_request","completed","success","RenameDeployment","5b3a675ca264a46f665d173ff80c57acc05f5cde","Mikefly123",1
21975530905,1310,"2026-02-13T05:11:53Z","2026-02-13T05:13:58Z","2026-02-13T05:11:53Z",125,"push","completed","success","main","293a04b01d1f701a1a481d205061111194a86eaf","Mikefly123",1
21975700703,1311,"2026-02-13T05:20:46Z","2026-02-17T00:44:00Z","2026-02-17T00:38:50Z",310,"pull_request","completed","failure","iloveintegrationtests","7ddd9c32d679673f69a50aaaa7a92dd472839d8e","Mikefly123",2
22082215055,1312,"2026-02-17T00:58:00Z","2026-02-17T01:10:38Z","2026-02-17T01:05:40Z",298,"pull_request","completed","success","iloveintegrationtests","edc80fdfe3bc20d2bc0f73f4e20690c3f50b1382","hrfarmer",3
22083227844,1313,"2026-02-17T01:53:40Z","2026-02-21T02:34:04Z","2026-02-21T02:33:10Z",54,"push","completed","failure","main","bdbb906888f9efcf428a42684475208f5dab7310","hrfarmer",4
22164579322,1315,"2026-02-19T01:17:17Z","2026-02-19T01:19:19Z","2026-02-19T01:17:17Z",122,"pull_request","completed","failure","pico-temp-manager","4ec806549adecd6fb3577f58018cfec9fdb45501","JamesDCowley",1
22167996251,1316,"2026-02-19T04:02:33Z","2026-02-19T04:04:39Z","2026-02-19T04:02:33Z",126,"pull_request","completed","failure","pico-temp-manager","a29da49f154ff4f8fdfaf44860b1c3c51090755b","JamesDCowley",1
22169008207,1317,"2026-02-19T04:51:13Z","2026-02-19T04:54:23Z","2026-02-19T04:51:13Z",190,"pull_request","completed","failure","pico-temp-manager","2a8196580b7a2502bd9dbade8523d612b5f4368d","JamesDCowley",1
22169515919,1318,"2026-02-19T05:15:25Z","2026-02-19T05:17:21Z","2026-02-19T05:15:25Z",116,"pull_request","completed","failure","pico-temp-manager","fec7532661bdf4003c589f3fa0268a78cf4274b5","JamesDCowley",1
22237682475,1319,"2026-02-20T19:15:53Z","2026-02-20T19:18:07Z","2026-02-20T19:15:53Z",134,"pull_request","completed","failure","pico-temp-manager","bb075174d6bf5ad7e1d928767bff37cf904dd680","JamesDCowley",1
22237807886,1320,"2026-02-20T19:19:47Z","2026-02-20T19:21:51Z","2026-02-20T19:19:47Z",124,"pull_request","completed","failure","pico-temp-manager","ab94d00e1031b472a0c228c75ffb5102a3a0aedf","JamesDCowley",1
22247316887,1321,"2026-02-21T01:09:15Z","2026-02-21T01:23:08Z","2026-02-21T01:09:15Z",833,"pull_request","completed","failure","pico-temp-manager","6a0ed55461db18d30cdc3b8f4c41fed2822a69a7","nateinaction",1
22247402070,1322,"2026-02-21T01:13:54Z","2026-02-21T01:28:54Z","2026-02-21T01:13:54Z",900,"pull_request","completed","success","issue-6-7","6b30a9f6fb894e0737152697b0c1bc688757af26","Mikefly123",1
22247853731,1323,"2026-02-21T01:39:46Z","2026-02-21T01:43:11Z","2026-02-21T01:39:46Z",205,"pull_request","completed","failure","issue-6-7","7171042ecd50de3805e3fad7967fc7d877331c34","Mikefly123",1
22247985205,1324,"2026-02-21T01:47:46Z","2026-02-21T01:49:18Z","2026-02-21T01:47:46Z",92,"pull_request","completed","failure","issue-6-7","3e75403438b5dabefcfe777f50195482d1ba0b93","Mikefly123",1
22248026419,1325,"2026-02-21T01:50:08Z","2026-02-21T01:51:40Z","2026-02-21T01:50:08Z",92,"pull_request","completed","failure","issue-6-7","0c7049fe2c5506466f0f93205f22e8beaa61e24b","Mikefly123",1
22248087177,1326,"2026-02-21T01:53:48Z","2026-02-24T01:17:32Z","2026-02-24T01:12:34Z",298,"pull_request","completed","success","issue-6-7","4a979b7cd5c1580be23a4cc8eed00f5c4c65a8e5","Mikefly123",7
22248182933,1327,"2026-02-21T01:59:51Z","2026-02-21T02:02:54Z","2026-02-21T01:59:51Z",183,"pull_request","completed","failure","pico-temp-manager","6dd4c2abd1b790d1d63b3944e074930f773e7ebb","nateinaction",1
22330564257,1328,"2026-02-24T00:10:35Z","2026-02-24T00:13:39Z","2026-02-24T00:10:35Z",184,"pull_request","completed","failure","pico-temp-manager","8067d8e21e4a2cf3595d928d10b409655030fbf4","JamesDCowley",1
22330683197,1329,"2026-02-24T00:14:56Z","2026-03-05T01:15:57Z","2026-03-05T01:15:00Z",57,"pull_request","completed","failure","pico-temp-manager","be28276d670a1f385b0163c9f14c36bf8bca2654","JamesDCowley",2
22332291722,1330,"2026-02-24T01:14:33Z","2026-02-27T02:51:52Z","2026-02-27T02:50:58Z",54,"push","completed","failure","main","0313eba0f80005ee3f93419fa17be3ee6e21d2a3","hrfarmer",4
22421971614,1331,"2026-02-26T00:15:50Z","2026-02-26T00:17:32Z","2026-02-26T00:15:50Z",102,"pull_request","completed","failure","update-malloc","50611929e784ad26c8cce7e43272196790f394a6","yudataguy",1
22422353607,1332,"2026-02-26T00:30:22Z","2026-02-26T00:32:21Z","2026-02-26T00:30:22Z",119,"pull_request","completed","failure","update-malloc","4ea434f6fc5ea5f0e87d54438e8277b1802ab71c","yudataguy",1
22422496692,1333,"2026-02-26T00:35:45Z","2026-02-26T00:37:39Z","2026-02-26T00:35:45Z",114,"pull_request","completed","failure","update-malloc","90a130917396d8f2b675a03568f58fa32b9b8785","yudataguy",1
22422596661,1334,"2026-02-26T00:39:40Z","2026-02-27T02:36:06Z","2026-02-27T02:31:15Z",291,"pull_request","completed","failure","update-malloc","8cb22f6fb4878122947367ac30045949e02de444","yudataguy",3
22422849901,1335,"2026-02-26T00:49:38Z","2026-02-26T00:52:46Z","2026-02-26T00:49:38Z",188,"pull_request","completed","failure","test-integration-main","b105434735b893d80bc326cbac3315c9ecfa14a3","yudataguy",1
22470847655,1336,"2026-02-27T02:58:48Z","2026-02-27T03:11:25Z","2026-02-27T03:06:00Z",325,"pull_request","completed","failure","deprecation-warning-fix","f7b146266f0ecb1b6727d6eee6b195972f8c4d20","xsvmmy",2
22471091137,1337,"2026-02-27T03:09:10Z","2026-02-28T00:09:33Z","2026-02-28T00:04:23Z",310,"pull_request","completed","success","deprecation-warning-fix","1a959a78d85b7e222f3325a731dcca9071f38259","xsvmmy",4
22471851617,1338,"2026-02-27T03:45:03Z","2026-02-27T03:46:55Z","2026-02-27T03:45:03Z",112,"pull_request","completed","cancelled","update-malloc","8454df28625440bcde40a8b3099662007d0966d8","yudataguy",1
22473217070,1339,"2026-02-27T04:48:09Z","2026-02-28T03:04:55Z","2026-02-28T02:56:49Z",486,"pull_request","completed","failure","update-malloc","48c24d76db007f8fe233bca54e1c0204bfb4a8cd","yudataguy",2
22494404603,1340,"2026-02-27T16:24:08Z","2026-02-28T00:22:58Z","2026-02-28T00:18:01Z",297,"pull_request","completed","success","uv-bug-fix-333","1c843a9885b9690c8a3a7dc86e72ad6ba32e162e","jordaneburton",3
22503241589,1342,"2026-02-27T20:48:26Z","2026-02-27T21:00:34Z","2026-02-27T20:52:49Z",465,"pull_request","completed","failure","copilot/remove-file-creation-constructors","e7edaba4c0be622c18f9c75cd230e30dee997b4c","Copilot",2
22503455568,1344,"2026-02-27T20:55:20Z","2026-03-04T23:46:04Z","2026-03-04T23:45:15Z",49,"pull_request","completed","cancelled","copilot/update-copilot-instructions","c294c7f29d2865e797623fb1c1293326b55d0ee4","Copilot",3
22510030334,1345,"2026-02-28T01:09:24Z","2026-02-28T01:26:50Z","2026-02-28T01:21:40Z",310,"push","completed","success","main","8d2f971a3631f07571613bc951ba3b1ffb7d9be1","xsvmmy",2
22510092544,1346,"2026-02-28T01:12:39Z","2026-02-28T02:02:07Z","2026-02-28T01:56:42Z",325,"pull_request","completed","failure","uv-bug-fix-333","44ee23a1c7d1de5a9d39af5ab85612995fed5c1c","jordaneburton",5
22510999833,1347,"2026-02-28T02:02:58Z","2026-03-03T00:23:03Z","2026-03-03T00:17:33Z",330,"push","completed","failure","main","3baac7cc228cbdd9466d8e870827f8da38f72f61","hrfarmer",5
22515709698,1348,"2026-02-28T06:57:03Z","2026-02-28T07:04:58Z","2026-02-28T06:57:03Z",475,"pull_request","completed","failure","auth-refactor","708c0543aefa8d17ffb5323809cd08c491234e31","ineskhou",1
22591150202,1349,"2026-03-02T19:00:35Z","2026-03-02T20:26:57Z","2026-03-02T20:25:46Z",71,"pull_request","completed","failure","update_readme","698d0eef8edc102feb5edd4aac76989023db216f","ineskhou",3
22594208526,1350,"2026-03-02T20:24:07Z","2026-03-02T20:29:23Z","2026-03-02T20:24:07Z",316,"pull_request","completed","failure","auth-refactor","78ad0ae4ba75cd9c2628c0dce348cf2d5dbe0abf","ineskhou",1
22594232604,1351,"2026-03-02T20:24:49Z","2026-03-02T20:42:26Z","2026-03-02T20:24:49Z",1057,"pull_request","completed","failure","auth-refactor","6b67b23c8ef06cec01b2d7e082b1757a989be126","ineskhou",1
22595450724,1352,"2026-03-02T20:59:17Z","2026-03-02T22:34:55Z","2026-03-02T22:33:58Z",57,"pull_request","completed","failure","copilot/remove-file-creation-constructors","454ca67d9cffb0251eddba5263242fe6a3b952f0","Mikefly123",2
22595738304,1353,"2026-03-02T21:07:26Z","2026-03-02T23:35:02Z","2026-03-02T23:32:21Z",161,"pull_request","completed","failure","update_readme","6e42c6aefa70a99cc41c27b16ec05f8114d76347","ineskhou",4
22598813647,1354,"2026-03-02T22:33:06Z","2026-03-02T22:36:29Z","2026-03-02T22:33:06Z",203,"pull_request","completed","failure","auth-refactor","00484c0d95954436e536a2f4f526d84d5cd8f972","ineskhou",1
22599353630,1355,"2026-03-02T22:49:33Z","2026-03-02T22:52:55Z","2026-03-02T22:49:33Z",202,"pull_request","completed","failure","update-malloc","6af460c3dcf4261a8f777b4c3c89ffda15d50207","yudataguy",1
22599511220,1356,"2026-03-02T22:54:18Z","2026-03-02T23:14:25Z","2026-03-02T23:13:30Z",55,"pull_request","completed","failure","update-malloc","e210cb38fa3e9100ea6fb2b4dc1b5fa4cf8031f2","yudataguy",3
22601937197,1357,"2026-03-03T00:14:59Z","2026-03-03T00:28:31Z","2026-03-03T00:14:59Z",812,"push","completed","failure","main","208027f53e809403aa60bd02da170ea30ec86e58","ineskhou",1
22602183079,1358,"2026-03-03T00:23:28Z","2026-03-03T00:34:09Z","2026-03-03T00:23:28Z",641,"pull_request","completed","failure","update_readme","a906643bb88df891a82707e7533121636399fa46","ineskhou",1
22602901933,1359,"2026-03-03T00:48:50Z","2026-03-04T01:54:01Z","2026-03-04T01:51:57Z",124,"pull_request","completed","cancelled","ignore-cache","aae7097763790538bfc31344b6dcd1ad7447fc25","hrfarmer",3
22603333773,1360,"2026-03-03T01:04:24Z","2026-03-04T01:54:04Z","2026-03-04T01:53:23Z",41,"pull_request","completed","cancelled","auth-refactor","e6cbbf6ec636852dc2ab7bcc49dad98cbbc6f6ad","ineskhou",2
22603451826,1361,"2026-03-03T01:08:45Z","2026-03-03T01:18:33Z","2026-03-03T01:08:45Z",588,"push","completed","failure","main","3ed4c80da2470ff3063b10f98f001445ac65ec4a","ineskhou",1
22603819422,1362,"2026-03-03T01:22:47Z","2026-03-03T01:23:21Z","2026-03-03T01:22:47Z",34,"pull_request","completed","cancelled","test-fixes","aa4b7c53e7c6d0df408a437b94b709f4a65a763c","hrfarmer",1
22603822551,1363,"2026-03-03T01:22:54Z","2026-03-03T23:28:55Z","2026-03-03T23:21:05Z",470,"pull_request","completed","failure","test-fixes","ecf596b70a97f3432c8e52297a8e0fc5282802e2","hrfarmer",3
22649820720,1364,"2026-03-04T00:48:48Z","2026-03-04T00:55:34Z","2026-03-04T00:48:48Z",406,"pull_request","completed","failure","test-fixes","098f2d2767091f925a37b140b6da85d90b62bf22","hrfarmer",1
22650162311,1365,"2026-03-04T01:01:41Z","2026-03-04T01:16:32Z","2026-03-04T01:12:46Z",226,"pull_request","completed","cancelled","test-fixes","ecf596b70a97f3432c8e52297a8e0fc5282802e2","hrfarmer",3
22651009144,1366,"2026-03-04T01:33:43Z","2026-03-04T01:49:20Z","2026-03-04T01:44:56Z",264,"pull_request","completed","success","test-fixes","74ba5cdda18811a77ce28e189e435cbef1388568","hrfarmer",2
22651421915,1367,"2026-03-04T01:50:16Z","2026-03-04T01:59:03Z","2026-03-04T01:50:16Z",527,"push","completed","success","main","8f9ed69ccf447e9d37d9899339aea2a87559d42b","hrfarmer",1
22651511616,1368,"2026-03-04T01:53:55Z","2026-03-04T05:02:41Z","2026-03-04T04:58:25Z",256,"pull_request","completed","success","ignore-cache","ff916130e811abbc0b1bb7b15dd31766008d52b3","hrfarmer",3
22651519350,1369,"2026-03-04T01:54:14Z","2026-03-04T02:14:51Z","2026-03-04T02:10:16Z",275,"pull_request","completed","success","auth-refactor","e7d19163bf5bec0199cc25e26a61f25595e98e0f","hrfarmer",2
22652019277,1370,"2026-03-04T02:14:55Z","2026-03-04T02:21:27Z","2026-03-04T02:14:55Z",392,"push","completed","success","main","f6277b55a34b38a75b00ab2c5bf8b4f33350a666","hrfarmer",1
22655880766,1371,"2026-03-04T05:03:16Z","2026-03-04T05:09:41Z","2026-03-04T05:03:16Z",385,"pull_request","completed","success","ignore-cache","103b8fa910dfb4c69b2f24431b5cf605f0676367","Mikefly123",1
22656026340,1372,"2026-03-04T05:09:45Z","2026-03-04T05:16:17Z","2026-03-04T05:09:45Z",392,"push","completed","success","main","2845a3dfbe3a60e58e71b4913b110c9146c9f8f3","hrfarmer",1
22682013651,1373,"2026-03-04T17:51:45Z","2026-03-04T17:58:21Z","2026-03-04T17:51:45Z",396,"pull_request","completed","success","copilot/remove-file-creation-constructors","e2e8a9523aa9c8f293f8d58eee53800fa007b408","Mikefly123",1
22682264203,1374,"2026-03-04T17:58:25Z","2026-03-06T18:59:00Z","2026-03-06T18:58:02Z",58,"push","completed","failure","main","ca88f21b81948959d44d45114a84bf1697064141","Mikefly123",3
22695955608,1375,"2026-03-05T00:18:59Z","2026-03-05T00:25:32Z","2026-03-05T00:18:59Z",393,"pull_request","completed","success","remove-unused-light-sensor","9f8de596a05225bd2b0c38811c474436bff7902d","JamesDCowley",1
22698760515,1376,"2026-03-05T02:01:43Z","2026-03-05T02:08:23Z","2026-03-05T02:01:43Z",400,"pull_request","completed","success","copilot/update-copilot-instructions","df6abc4c8f91780b892aae8eab7dc6c7db750753","Mikefly123",1
22713257000,1377,"2026-03-05T10:18:52Z","2026-03-05T10:23:07Z","2026-03-05T10:18:52Z",255,"pull_request","completed","failure","entropy-fix","799e1299e8bf0458016b56f757046d8bfb0f0fb7","collinc04",1
22713890667,1378,"2026-03-05T10:35:48Z","2026-03-05T10:38:54Z","2026-03-05T10:35:48Z",186,"pull_request","completed","failure","entropy-fix","987fb5e70e617244efc090d9000a6a608b021073","collinc04",1
22732144086,1379,"2026-03-05T19:02:36Z","2026-03-05T23:07:07Z","2026-03-05T22:58:09Z",538,"pull_request","completed","failure","entropy-fix","b3b761e84152ab8bd0494f7167e5c46f4c654e24","hrfarmer",2
22742655553,1380,"2026-03-06T00:12:47Z","2026-03-06T00:15:03Z","2026-03-06T00:12:47Z",136,"pull_request","completed","success","manual-integration","cb162a62d1a74b2a6b99d5c600a92416a8b5b8bd","hrfarmer",1
22742989566,1381,"2026-03-06T00:24:35Z","2026-03-06T00:27:38Z","2026-03-06T00:24:35Z",183,"pull_request","completed","failure","codex/manual-integration-additive","a1402a148e0a3a94aef9b80496a473754146b2e6","hrfarmer",1
22743050523,1382,"2026-03-06T00:26:41Z","2026-03-06T00:26:41Z","2026-03-06T00:26:41Z",0,"push","completed","failure","codex/manual-integration-additive","7edc7724b6107fd1ef13d66f8e24843c40f12fc0","hrfarmer",1
22743278617,1383,"2026-03-06T00:34:38Z","2026-03-06T00:34:38Z","2026-03-06T00:34:38Z",0,"push","completed","failure","codex/manual-integration-additive","2b5907db1cf4910dd3226293427e6795540c616c","hrfarmer",1
22743288843,1384,"2026-03-06T00:35:00Z","2026-03-06T00:35:00Z","2026-03-06T00:35:00Z",0,"push","completed","failure","codex/manual-integration-additive","50de97724af3eca8ae87d254e703f253f0148b0d","hrfarmer",1
22743351881,1385,"2026-03-06T00:37:11Z","2026-03-06T00:45:12Z","2026-03-06T00:37:11Z",481,"pull_request","completed","failure","codex/manual-integration-additive","7be6cf37d6a132edef70fc26ba6c00c28d1fca20","hrfarmer",1
22744177806,1386,"2026-03-06T01:05:26Z","2026-03-06T01:11:36Z","2026-03-06T01:05:26Z",370,"pull_request","completed","failure","entropy-fix","eb6564e1b803267c8136ab7a3d590759f0e190a6","nateinaction",1
22877582317,1387,"2026-03-09T22:24:32Z","2026-03-09T22:27:41Z","2026-03-09T22:24:32Z",189,"pull_request","completed","failure","copilot/update-copilot-instructions","36618c5bbced42b51adfa0546fad76dd195c6ab4","hrfarmer",1
22877669499,1388,"2026-03-09T22:27:13Z","2026-03-09T22:42:30Z","2026-03-09T22:38:15Z",255,"pull_request","completed","success","copilot/update-copilot-instructions","591af59cec22f7bf93f467dfa7bb67ddf1ebb2f6","hrfarmer",2
23076370300,1389,"2026-03-14T00:43:10Z","2026-03-14T00:50:23Z","2026-03-14T00:43:10Z",433,"pull_request","completed","success","ci-pico-debug-tool","5678a75ff8aeb5ab6b444a65da92887de84da83e","nateinaction",1
23173083641,1390,"2026-03-17T00:49:39Z","2026-03-17T00:52:56Z","2026-03-17T00:49:39Z",197,"pull_request","completed","failure","ci-pico-debug-tool","46bab69456ac3352e6792279d2447b779df4f5f1","hrfarmer",1
23173276218,1391,"2026-03-17T00:57:05Z","2026-03-17T00:58:28Z","2026-03-17T00:57:05Z",83,"pull_request","completed","cancelled","ci-pico-debug-tool","dd1eb4e472e6607c911c85b8a0d849f0b5bd1da6","hrfarmer",1
23173359268,1392,"2026-03-17T01:00:20Z","2026-03-17T01:07:57Z","2026-03-17T01:06:47Z",70,"pull_request","completed","failure","ci-pico-debug-tool","7ab44b29a34d2a61defbe22822d5e0bff513a989","hrfarmer",3
23173578811,1393,"2026-03-17T01:08:29Z","2026-03-17T01:29:17Z","2026-03-17T01:20:00Z",557,"pull_request","completed","failure","ci-pico-debug-tool","bb665db39de3dd355fe61286a913ba3a00d1f258","hrfarmer",6
23274387547,1394,"2026-03-19T00:50:09Z","2026-03-19T01:01:35Z","2026-03-19T00:50:09Z",686,"pull_request","completed","failure","ci-pico-debug-tool","9b777a038d8ade4a9d2c822391eab1afd156bd74","hrfarmer",1
23274894033,1395,"2026-03-19T01:09:31Z","2026-03-19T01:37:03Z","2026-03-19T01:23:59Z",784,"pull_request","completed","failure","ci-pico-debug-tool","4b5096a2b06b63f55f075e8adbd45bc82a5d1fdb","hrfarmer",3
23275478432,1396,"2026-03-19T01:32:44Z","2026-03-19T06:13:44Z","2026-03-19T06:12:49Z",55,"pull_request","completed","failure","pico-temp-manager","4ec2d4073580d48e197e87f35bcc863818850925","JamesDCowley",2
23278930637,1397,"2026-03-19T03:50:10Z","2026-03-19T03:53:43Z","2026-03-19T03:50:10Z",213,"pull_request","completed","failure","ci-pico-debug-tool","2bc7eeb90958d31bdbbc21b7356f3d1d44cc47a5","hrfarmer",1
23279097425,1398,"2026-03-19T03:56:39Z","2026-03-19T04:03:22Z","2026-03-19T03:56:39Z",403,"pull_request","completed","success","ci-pico-debug-tool","fbe15c9bdbc5845cbecf84f3fd433ece2583c113","hrfarmer",1
23322016457,1399,"2026-03-19T23:33:54Z","2026-03-19T23:41:40Z","2026-03-19T23:33:54Z",466,"pull_request","completed","failure","ci-pico-debug-tool","5c371f21049e761c65b64b6a44dae26a9f32c7e0","hrfarmer",1
23322294137,1400,"2026-03-19T23:43:23Z","2026-03-19T23:50:18Z","2026-03-19T23:43:23Z",415,"pull_request","completed","success","ci-pico-debug-tool","79099cd14d76d7183261f3afb1ae3f47fe2024f4","hrfarmer",1
23323349307,1401,"2026-03-20T00:20:31Z","2026-03-20T00:27:21Z","2026-03-20T00:20:31Z",410,"pull_request","completed","success","ci-pico-debug-tool","57a0c21939691fc81b207d1be02f31a93ed07562","hrfarmer",1
23323510948,1402,"2026-03-20T00:26:30Z","2026-03-20T00:33:17Z","2026-03-20T00:26:30Z",407,"pull_request","completed","success","ci-pico-debug-tool","8369a7a419bd76cd742b0eeb031bac20f78217d4","hrfarmer",1
23324049277,1403,"2026-03-20T00:45:58Z","2026-03-20T00:52:52Z","2026-03-20T00:45:58Z",414,"push","completed","success","main","1721d157a04a525a017460f831ee79bf7ea3eada","hrfarmer",1
23325093837,1404,"2026-03-20T01:26:31Z","2026-03-21T02:26:44Z","2026-03-21T02:22:31Z",253,"pull_request","completed","success","copilot/update-copilot-instructions","7d5e70453f564690a280e8fd1db71da876e7d367","Mikefly123",2
23370622869,1405,"2026-03-21T03:01:13Z","2026-03-21T05:49:04Z","2026-03-21T05:44:50Z",254,"pull_request","completed","success","copilot/update-copilot-instructions","12b1757f1172139f39c1f0bb04a753ed01a0a503","Mikefly123",2
23372882535,1406,"2026-03-21T05:24:19Z","2026-03-21T05:31:58Z","2026-03-21T05:24:19Z",459,"pull_request","completed","failure","update-malloc","a1aeac702c889f5da241ad7f72971d63251221ca","yudataguy",1
23373034977,1407,"2026-03-21T05:33:27Z","2026-03-21T05:40:21Z","2026-03-21T05:33:27Z",414,"pull_request","completed","success","update-malloc","0cb03b24729a166d1d8ea559b4c31d3ae063281a","yudataguy",1
23569783528,1408,"2026-03-25T23:40:06Z","2026-03-25T23:47:08Z","2026-03-25T23:40:06Z",422,"pull_request","completed","failure","issue-307-attempt2","c2baba1981f1f61be9497006e02bb36ed5340323","jordaneburton",1
23573386255,1409,"2026-03-26T01:46:05Z","2026-03-26T01:53:02Z","2026-03-26T01:46:05Z",417,"pull_request","completed","failure","issue-307-attempt2","b102b7a26d873d269e49290ac352156881015b08","jordaneburton",1
23577537082,1410,"2026-03-26T04:28:41Z","2026-03-26T04:31:57Z","2026-03-26T04:28:41Z",196,"pull_request","completed","failure","nicla-vision-test","0fe71bb1c6aeeac54b0b58de8fc9dc6506cb1401","ineskhou",1
23577964918,1411,"2026-03-26T04:45:57Z","2026-03-26T04:48:57Z","2026-03-26T04:45:57Z",180,"pull_request","completed","failure","nicla-vision-test","bd5ef13a6d5133f042381b8f91c311c08e692009","ineskhou",1
23622715679,1412,"2026-03-26T23:15:04Z","2026-03-27T00:34:59Z","2026-03-27T00:30:45Z",254,"pull_request","completed","success","thermal-limit-events","4b3b232892d80a2d9c0703a1dffefd80835d2cde","JamesDCowley",3
23666161789,1413,"2026-03-27T20:29:45Z","2026-03-27T20:36:49Z","2026-03-27T20:29:45Z",424,"pull_request","completed","success","thermal-limit-events","930b7772d2c3a3b59c2ab05df75ac0c8f91b749a","JamesDCowley",1
23666594590,1414,"2026-03-27T20:41:10Z","2026-03-27T20:48:14Z","2026-03-27T20:41:10Z",424,"pull_request","completed","success","thermal-limit-events","4b3b232892d80a2d9c0703a1dffefd80835d2cde","JamesDCowley",1
23666863571,1415,"2026-03-27T20:48:22Z","2026-03-27T22:58:15Z","2026-03-27T22:54:00Z",255,"pull_request","completed","success","thermal-limit-events","40f78d50717d14c97e7cc9bcd4335cdca47b2aa9","JamesDCowley",2
23671847518,1416,"2026-03-27T23:29:55Z","2026-03-27T23:36:55Z","2026-03-27T23:29:55Z",420,"pull_request","completed","success","thermal-limit-events","f5597ac89ede55595de6a5e89c187d4f0cb77a4f","JamesDCowley",1
23672261656,1417,"2026-03-27T23:46:25Z","2026-03-27T23:53:21Z","2026-03-27T23:46:25Z",416,"pull_request","completed","success","thermal-limit-events","81271b209517f0904f0571946f69807fd87bd99f","JamesDCowley",1
23673701783,1418,"2026-03-28T00:52:07Z","2026-03-28T00:59:21Z","2026-03-28T00:52:07Z",434,"pull_request","completed","failure","pico-temp-manager","d71cb5010710e07129903d7b5d2aab836e3a014a","nateinaction",1
23673900277,1419,"2026-03-28T01:01:59Z","2026-03-28T01:08:54Z","2026-03-28T01:01:59Z",415,"pull_request","completed","failure","pico-temp-manager","999bd6dda0540e5994884fa388e8cc384f4a2c2c","JamesDCowley",1
23674072093,1420,"2026-03-28T01:10:48Z","2026-03-28T01:18:31Z","2026-03-28T01:10:48Z",463,"pull_request","completed","failure","pico-temp-manager","7aabe10a63adcdcf3c142c061dff825c2fb3cab1","JamesDCowley",1
23675673257,1421,"2026-03-28T02:40:15Z","2026-03-28T02:47:05Z","2026-03-28T02:40:15Z",410,"pull_request","completed","success","pico-temp-manager","f6dab6cdb063358cc283b3f4349d8728b4c35460","nateinaction",1
23773032108,1422,"2026-03-30T23:38:24Z","2026-03-30T23:45:23Z","2026-03-30T23:38:24Z",419,"pull_request","completed","success","pico-temp-manager","b65ead56bf8e0797a9594a3f700aac59f3ea2616","JamesDCowley",1
23773401376,1423,"2026-03-30T23:50:55Z","2026-03-30T23:57:56Z","2026-03-30T23:50:55Z",421,"pull_request","completed","success","thermal-limit-events","7f04d92b25e6ae76aadc79d0acc17f73491c93cc","JamesDCowley",1
23774069853,1424,"2026-03-31T00:13:58Z","2026-03-31T00:20:49Z","2026-03-31T00:13:58Z",411,"pull_request","completed","success","thermal-limit-events","d225f8a5dec335f79c211dadaa8ca1fcb83ced67","JamesDCowley",1
23774263648,1425,"2026-03-31T00:20:53Z","2026-03-31T23:53:09Z","2026-03-31T23:47:50Z",319,"push","completed","success","main","2df892f933f421630951731a63fa59e8defad7c4","JamesDCowley",2
23774290556,1426,"2026-03-31T00:21:49Z","2026-03-31T00:32:44Z","2026-03-31T00:21:49Z",655,"pull_request","completed","success","pico-temp-manager","18867863059375eaed711a28f6a90f7f71fd5e90","JamesDCowley",1
23774546208,1427,"2026-03-31T00:31:09Z","2026-03-31T00:38:29Z","2026-03-31T00:31:09Z",440,"pull_request","completed","failure","issue-307-attempt2","2a649f130d08ed29540e9f57845ab83a0cce3bb6","jordaneburton",1
23775073232,1428,"2026-03-31T00:50:13Z","2026-03-31T23:58:41Z","2026-03-31T23:52:28Z",373,"pull_request","completed","failure","upgrade-zephyr-2.4.0","450812299ac097307fc99dce362a51de6b30294f","nateinaction",4
23775255265,1429,"2026-03-31T00:57:14Z","2026-03-31T01:20:43Z","2026-03-31T01:16:29Z",254,"pull_request","completed","success","pico-temp-manager","e2e1fadd24f511e58524e36527489b0d21b7898a","JamesDCowley",2
23826958429,1430,"2026-04-01T01:08:38Z","2026-04-01T01:16:47Z","2026-04-01T01:08:38Z",489,"pull_request","completed","failure","upgrade-zephyr-2.4.0","8c2d948a9850a72e7eb95413321da3b971386906","nateinaction",1
23831460874,1431,"2026-04-01T04:08:36Z","2026-04-01T04:15:47Z","2026-04-01T04:08:36Z",431,"pull_request","completed","success","copilot/update-copilot-instructions","1804649150255c3dd8196990b466759f79799961","Mikefly123",1
23833936112,1432,"2026-04-01T05:44:20Z","2026-04-02T00:14:54Z","2026-04-02T00:10:38Z",256,"push","completed","success","main","a718e96d45635f79508e42ee8bc6b7bdf6557278","Mikefly123",2
23872415341,1433,"2026-04-01T21:46:04Z","2026-04-01T21:53:14Z","2026-04-01T21:46:04Z",430,"pull_request","completed","failure","RTC_alarm","3da2f8ef1c80dda3f7ddcb729390aba6cafabe45","collinc04",1
23876338120,1434,"2026-04-01T23:44:18Z","2026-04-01T23:51:52Z","2026-04-01T23:44:18Z",454,"pull_request","completed","failure","upgrade-zephyr-2.4.0","254a6ad614d02b50d2a171cdad7482fbf9e329a5","hrfarmer",1
23881151761,1435,"2026-04-02T02:43:37Z","2026-04-02T02:51:17Z","2026-04-02T02:43:37Z",460,"pull_request","completed","success","RTC_alarm","e1dc894aa93827a18218907c8f06bf26b50db0e0","collinc04",1
23881886845,1436,"2026-04-02T03:11:50Z","2026-04-02T03:18:41Z","2026-04-02T03:11:50Z",411,"pull_request","completed","success","RTC_alarm","476fb7c4287ead2af9ac7255f338bd014cb0c8ff","collinc04",1
23882075019,1437,"2026-04-02T03:18:59Z","2026-04-02T06:13:57Z","2026-04-02T06:09:43Z",254,"pull_request","completed","success","RTC_alarm","3ffe107be8d0ce27aa98846efe1221fffe58ec0b","collinc04",2
23888766405,1438,"2026-04-02T07:13:59Z","2026-04-02T07:20:53Z","2026-04-02T07:13:59Z",414,"pull_request","completed","failure","RTC_alarm","461b4ea1adbd5fc0fa7b5588e65adc439a827ded","collinc04",1
23925268440,1439,"2026-04-02T22:38:22Z","2026-04-02T22:45:34Z","2026-04-02T22:38:22Z",432,"pull_request","completed","failure","RTC_alarm","476492e3a5929fcaa0f793b75bf7dfec5f5f42d0","collinc04",1
23925630467,1440,"2026-04-02T22:50:16Z","2026-04-02T22:57:38Z","2026-04-02T22:50:16Z",442,"pull_request","completed","success","RTC_alarm","797bbb9de68fb06e6ceb85de3796dd45421e0101","collinc04",1
23926848417,1441,"2026-04-02T23:32:41Z","2026-04-02T23:40:05Z","2026-04-02T23:32:41Z",444,"pull_request","completed","success","RTC_alarm","e528aa295bb7bc467ea425aed62200f72a47a79e","collinc04",1
23966051540,1442,"2026-04-03T23:30:33Z","2026-04-03T23:37:35Z","2026-04-03T23:30:33Z",422,"pull_request","completed","success","pico-temp-manager","1fe1f3506485004c8948a734b12111f7c49f4536","JamesDCowley",1
23966311742,1443,"2026-04-03T23:42:15Z","2026-04-03T23:49:08Z","2026-04-03T23:42:15Z",413,"pull_request","completed","success","pico-temp-manager","4f4c76f7724919b11f53089b699dcb42e26a835c","JamesDCowley",1
23966463058,1444,"2026-04-03T23:49:14Z","2026-04-03T23:56:04Z","2026-04-03T23:49:14Z",410,"push","completed","success","main","2dd33db9c72a7f1becbd0f37ea784471c9d09c02","JamesDCowley",1
24053550974,1445,"2026-04-06T22:05:46Z","2026-04-06T22:13:23Z","2026-04-06T22:05:46Z",457,"pull_request","completed","success","RTC_alarm","a2314ed7d08906f0b4d329124263ccdb8eb5fae5","collinc04",1
24066419081,1446,"2026-04-07T05:45:28Z","2026-04-07T05:52:27Z","2026-04-07T05:45:28Z",419,"pull_request","completed","success","update-malloc","89b4c30aa8909f95435e192cc1b346aefdc08536","Mikefly123",1
24068381600,1447,"2026-04-07T06:49:03Z","2026-04-07T06:51:35Z","2026-04-07T06:49:03Z",152,"pull_request","completed","failure","RTC_alarm","4e30e940f76403e3ef30debc2322e170f0742b17","collinc04",1
24069409548,1448,"2026-04-07T07:19:11Z","2026-04-07T07:21:43Z","2026-04-07T07:19:11Z",152,"pull_request","completed","failure","RTC_alarm","29bdf20d59526f1f2534f96aac0164b4373d192a","collinc04",1
24069594132,1449,"2026-04-07T07:24:28Z","2026-04-07T07:31:40Z","2026-04-07T07:24:28Z",432,"pull_request","completed","success","RTC_alarm","aa43a0b18bc518ae48c2dc41187f8536b96e83bf","collinc04",1
24070044145,1450,"2026-04-07T07:36:54Z","2026-04-07T07:43:57Z","2026-04-07T07:36:54Z",423,"pull_request","completed","success","RTC_alarm","33b5221befa5c16e1172c1d6197da5e2559770b2","collinc04",1
24073505045,1451,"2026-04-07T09:06:59Z","2026-04-07T09:14:08Z","2026-04-07T09:06:59Z",429,"pull_request","completed","success","RTC_alarm","118f037b97395360a680111311e371bb5c5f8c11","collinc04",1
24104782435,1452,"2026-04-07T21:15:17Z","2026-04-07T21:17:28Z","2026-04-07T21:15:17Z",131,"pull_request","completed","failure","entropy-fix","ef3a7f669762036c305076914a36096b635ffa50","collinc04",1
24122425633,1453,"2026-04-08T07:01:03Z","2026-04-08T07:07:57Z","2026-04-08T07:01:03Z",414,"pull_request","completed","success","initial-yamcs-integration","7a33070b0ee090d00b303110bcb6efe54bfe3d8f","Mikefly123",1
24123203128,1454,"2026-04-08T07:22:55Z","2026-04-08T07:30:32Z","2026-04-08T07:22:55Z",457,"pull_request","completed","failure","initial-yamcs-integration","8327fe797f31c3bf9bb1228509818780d811c983","Mikefly123",1
24163520336,1455,"2026-04-08T23:13:37Z","2026-04-08T23:20:33Z","2026-04-08T23:13:37Z",416,"pull_request","completed","failure","issue-307-attempt2","664f84d9657e9fbc4a8cb6b007d8cc0bf1407b16","jordaneburton",1
24163769558,1456,"2026-04-08T23:21:19Z","2026-04-08T23:28:21Z","2026-04-08T23:21:19Z",422,"pull_request","completed","success","issue-307-attempt2","d8f540e49b43e8a77b250fba72dc5fd05aef5f3c","jordaneburton",1
24165658714,1457,"2026-04-09T00:20:43Z","2026-04-09T00:35:07Z","2026-04-09T00:20:43Z",864,"pull_request","completed","failure","upgrade-zephyr-2.4.0","81f91fe3f2a7196c693d1742f80fa75d04ebd641","nateinaction",1
24165671569,1458,"2026-04-09T00:21:10Z","2026-04-09T00:40:27Z","2026-04-09T00:21:10Z",1157,"pull_request","completed","failure","upgrade-zephyr-2.4.0","f97332a680a7d4e2f006878a299d9db4c05467b8","nateinaction",1
24167318499,1459,"2026-04-09T01:17:37Z","2026-04-09T01:24:53Z","2026-04-09T01:17:37Z",436,"pull_request","completed","success","initial-yamcs-integration","c44958286791261e4efff5d4dc53d382bb383a3f","Mikefly123",1
24171239280,1460,"2026-04-09T03:45:30Z","2026-04-09T03:52:24Z","2026-04-09T03:45:30Z",414,"pull_request","completed","success","initial-yamcs-integration","fa24059cb99f30f31f3c3d33194de12cda505df1","Mikefly123",1
24174963889,1461,"2026-04-09T05:56:58Z","2026-04-09T06:04:44Z","2026-04-09T05:56:58Z",466,"pull_request","completed","failure","upgrade-zephyr-2.4.0","2fd2ac2ff5c8cef936bc317a97319f731d616a02","nateinaction",1
24175114896,1462,"2026-04-09T06:01:46Z","2026-04-09T06:09:14Z","2026-04-09T06:01:46Z",448,"pull_request","completed","failure","upgrade-zephyr-2.4.0","d4f857af20cb15844f8e5717cebc72528d689ad2","nateinaction",1
24178026174,1463,"2026-04-09T07:26:33Z","2026-04-09T07:34:02Z","2026-04-09T07:26:33Z",449,"pull_request","completed","failure","upgrade-zephyr-2.4.0","3cd1d8201eddb1ce846f6cb02e5bf3b99401cc4c","nateinaction",1
24217121892,1464,"2026-04-09T22:49:17Z","2026-04-09T22:56:37Z","2026-04-09T22:49:17Z",440,"pull_request","completed","success","RTC_alarm","0bc11f5ab9f3b9a94fadc6ab3c1fd0cfac865d5c","collinc04",1
24221675825,1465,"2026-04-10T01:24:42Z","2026-04-10T01:31:36Z","2026-04-10T01:24:42Z",414,"pull_request","completed","success","issue-307-attempt2","5830803a83f82ef117e70a4704744bff61d76130","Mikefly123",1
24221854908,1466,"2026-04-10T01:31:42Z","2026-04-10T01:38:37Z","2026-04-10T01:31:42Z",415,"push","completed","success","main","08c25565a4dadba7d34f524bc4c9a83a8165ed44","Mikefly123",1
24229333182,1467,"2026-04-10T06:14:41Z","2026-04-10T06:27:30Z","2026-04-10T06:14:41Z",769,"pull_request","completed","failure","upgrade-zephyr-2.4.0","ecd366f3cf10937dd89017f638406e0dcf9f63dc","nateinaction",1
24229393498,1468,"2026-04-10T06:16:39Z","2026-04-10T06:32:26Z","2026-04-10T06:16:39Z",947,"pull_request","completed","failure","rtc-hardening","6c33a6bbe045265e28af0b8f6028755e302b9479","nateinaction",1
24229560069,1469,"2026-04-10T06:22:04Z","2026-04-10T06:37:50Z","2026-04-10T06:22:04Z",946,"pull_request","completed","failure","upgrade-zephyr-2.4.0","1dbb7acda588452cc6356d3086cf303fc94defd9","nateinaction",1
24229571798,1470,"2026-04-10T06:22:26Z","2026-04-10T06:42:53Z","2026-04-10T06:22:26Z",1227,"pull_request","completed","failure","rtc-hardening","9089e2cd88d62efab37325ce2b64d2f0e5de8976","nateinaction",1
24229673629,1471,"2026-04-10T06:25:47Z","2026-04-10T06:48:20Z","2026-04-10T06:25:47Z",1353,"pull_request","completed","failure","upgrade-zephyr-2.4.0","f81f4b4d2c8a67180d979e1b255af6af55bfa992","nateinaction",1
24229685559,1472,"2026-04-10T06:26:11Z","2026-04-10T07:02:25Z","2026-04-10T06:26:11Z",2174,"pull_request","completed","failure","rtc-hardening","07b9b3c1f7433eae7d70903a4570cf1f0da97777","nateinaction",1
24229738943,1473,"2026-04-10T06:27:51Z","2026-04-10T06:53:40Z","2026-04-10T06:27:51Z",1549,"pull_request","completed","failure","upgrade-zephyr-2.4.0","73e109c45d82c24b5baa6b25bcd75ade4ad24d16","nateinaction",1
24229771560,1474,"2026-04-10T06:28:53Z","2026-04-10T07:07:25Z","2026-04-10T06:28:53Z",2312,"pull_request","completed","failure","rtc-hardening","8ce97713b045229cef6841b7e7a49e8287b1251c","nateinaction",1
24230362571,1475,"2026-04-10T06:46:50Z","2026-04-10T06:58:11Z","2026-04-10T06:46:50Z",681,"pull_request","completed","failure","upgrade-zephyr-2.4.0","458a4a2e93e43ef967c8dd57952eaf6ed7c05de1","nateinaction",1
24230382170,1476,"2026-04-10T06:47:26Z","2026-04-10T07:11:35Z","2026-04-10T06:47:26Z",1449,"pull_request","completed","failure","rtc-hardening","7e94590de89fe57d2e416f5ff51fd01c4e6a3314","nateinaction",1
24271544254,1477,"2026-04-11T01:30:02Z","2026-04-11T01:37:35Z","2026-04-11T01:30:02Z",453,"pull_request","completed","success","authenticate-change","c29e85adac2bc9c64469424b50adedd90716dd71","nateinaction",1
24271690134,1478,"2026-04-11T01:37:40Z","2026-04-11T01:45:11Z","2026-04-11T01:37:40Z",451,"push","completed","success","main","4482ad1604e2e25700b1e4c240be31a42e403252","nateinaction",1
24293730811,1479,"2026-04-11T23:12:27Z","2026-04-11T23:20:03Z","2026-04-11T23:12:35Z",448,"pull_request","completed","failure","copilot/add-visualization-for-telemetry-packets","29674a37e9c0273aa7ec2924f490bb7dc3f90e67","Copilot",2
24293736237,1480,"2026-04-11T23:12:45Z","2026-04-11T23:25:05Z","2026-04-11T23:12:45Z",740,"pull_request","completed","failure","copilot/add-visualization-for-telemetry-packets","fb9f3e2dc9ec2da6178c9e78e58ce49d669190eb","Mikefly123",1
24313809718,1481,"2026-04-12T18:48:37Z","2026-04-12T18:56:00Z","2026-04-12T18:48:37Z",443,"pull_request","completed","success","copilot/add-visualization-for-telemetry-packets","5b639b4a80e2d76812d3925f7a381d6c6c60a90b","Mikefly123",1
24314293736,1482,"2026-04-12T19:13:50Z","2026-04-12T19:20:39Z","2026-04-12T19:13:50Z",409,"pull_request","completed","success","revert-zephyr-change","df138d9cc4729a67a1ec22e30f6f563b74002eeb","nateinaction",1
24315127300,1483,"2026-04-12T19:58:02Z","2026-04-12T20:04:52Z","2026-04-12T19:58:02Z",410,"push","completed","success","main","7435639c4ba4708859846eb2716c755abce14274","nateinaction",1
24315357478,1484,"2026-04-12T20:09:59Z","2026-04-12T20:16:58Z","2026-04-12T20:09:59Z",419,"pull_request","completed","success","initial-yamcs-integration","ac6bf821ac08db42066f0514b304bcfe9c0c453c","Mikefly123",1
24315418084,1485,"2026-04-12T20:13:10Z","2026-04-12T20:21:09Z","2026-04-12T20:13:10Z",479,"pull_request","completed","success","initial-yamcs-integration","f5c77eca12bc415943b65218316c0caf31680348","Mikefly123",1
24315430604,1486,"2026-04-12T20:13:54Z","2026-04-12T20:25:19Z","2026-04-12T20:13:54Z",685,"pull_request","completed","success","initial-yamcs-integration","8e6e342aa33317c1ef2cc20aeb48239d6dd163e2","Mikefly123",1
24331185450,1487,"2026-04-13T07:29:47Z","2026-04-13T07:37:03Z","2026-04-13T07:29:47Z",436,"pull_request","completed","success","RTC_alarm","aacfd35ba90c9385bde4b944e57e46df86657f37","collinc04",1
24331505995,1488,"2026-04-13T07:38:08Z","2026-04-13T07:44:59Z","2026-04-13T07:38:08Z",411,"pull_request","completed","success","initial-yamcs-integration","e1a85a598d660469c8503357226974b1c98b15c2","Mikefly123",1
24331779444,1489,"2026-04-13T07:45:11Z","2026-04-13T07:52:55Z","2026-04-13T07:45:11Z",464,"pull_request","completed","success","RTC_alarm","d0599a9ebea587117323e2cc16036da34832264d","collinc04",1
24331984484,1490,"2026-04-13T07:50:29Z","2026-04-13T07:57:45Z","2026-04-13T07:50:29Z",436,"pull_request","completed","success","RTC_alarm","1d91a71c5ecf5f140ef519e37ac112ed290a27c4","collinc04",1
24370648568,1491,"2026-04-13T22:42:10Z","2026-04-13T22:44:18Z","2026-04-13T22:42:10Z",128,"pull_request","completed","failure","entropy-fix","3a77bfdf83d30889fbed6bb0186747bc5d0d6833","collinc04",1
24371293998,1492,"2026-04-13T23:00:51Z","2026-04-13T23:29:58Z","2026-04-13T23:00:51Z",1747,"pull_request","completed","success","RTC_alarm","7e2dd653a7f2609fed122150a7a6daf4759153d8","collinc04",1
24371383475,1493,"2026-04-13T23:03:30Z","2026-04-13T23:05:59Z","2026-04-13T23:03:30Z",149,"pull_request","completed","failure","RTC_alarm","bd18a141d7bb8888096e1d6a83ce4dd30a19eb73","collinc04",1
24371663023,1494,"2026-04-13T23:11:50Z","2026-04-13T23:34:09Z","2026-04-13T23:24:32Z",577,"pull_request","completed","success","fix-zephyr-make","f80ccdf3e46bd29e0bca47158d1ac672fd3af61f","hrfarmer",2
24372404589,1495,"2026-04-13T23:34:14Z","2026-04-13T23:41:02Z","2026-04-13T23:34:14Z",408,"push","completed","success","main","3b137859f119bf9fff710fe1acb15482e71f1158","nateinaction",1
24372455812,1496,"2026-04-13T23:35:41Z","2026-04-13T23:46:16Z","2026-04-13T23:35:41Z",635,"pull_request","completed","success","initial-yamcs-integration","6ab54f90fe859a8590717960a6e9659236738824","hrfarmer",1
24372753450,1497,"2026-04-13T23:44:19Z","2026-04-13T23:51:26Z","2026-04-13T23:44:19Z",427,"pull_request","completed","success","RTC_alarm","36e167f5bb2fe304ef9b5fc83d8359b5c2ea37f6","hrfarmer",1
24372762493,1498,"2026-04-13T23:44:37Z","2026-04-13T23:56:41Z","2026-04-13T23:44:37Z",724,"pull_request","completed","success","RTC_alarm","a94fb0b08fc31bcf2441a0ba0c805c4d6c6954a6","hrfarmer",1
24373179681,1499,"2026-04-13T23:56:47Z","2026-04-14T00:03:54Z","2026-04-13T23:56:47Z",427,"push","completed","success","main","c8d9175d7540e6c12be9ca735631f526258c724c","collinc04",1
24377322274,1500,"2026-04-14T02:15:09Z","2026-04-14T02:22:25Z","2026-04-14T02:15:09Z",436,"pull_request","completed","success","initial-yamcs-integration","51033f2b4d1bd37c78479a25ac2db236397d2535","Mikefly123",1
24377533085,1501,"2026-04-14T02:22:30Z","2026-04-14T23:48:01Z","2026-04-14T23:39:44Z",497,"push","completed","success","main","58ad2630c38fce8461065358b7fbf97ac5289d26","Mikefly123",3
24379583667,1502,"2026-04-14T03:34:43Z","2026-04-14T03:41:51Z","2026-04-14T03:34:43Z",428,"pull_request","completed","success","copilot/add-visualization-for-telemetry-packets","def92d64a7ad40202421617bbb2b2285d0960dbf","Mikefly123",1
24385348373,1503,"2026-04-14T06:54:30Z","2026-04-14T06:56:43Z","2026-04-14T06:54:30Z",133,"pull_request","completed","failure","entropy-fix","a0c42c1208f1897f089db19753a1b1431f4565ac","collinc04",1
24480063842,1504,"2026-04-15T21:46:37Z","2026-04-15T21:48:14Z","2026-04-15T21:46:37Z",97,"pull_request","completed","failure","entropy-fix","eaa39d358b239ebc8a82f48375229ef6998bd528","collinc04",1
24482493092,1505,"2026-04-15T22:52:30Z","2026-04-15T22:54:47Z","2026-04-15T22:52:30Z",137,"pull_request","completed","failure","entropy-fix","3c3f9d038efd49ab64a9c32d22c2051ee627d1c1","collinc04",1
24482814586,1506,"2026-04-15T23:02:18Z","2026-04-15T23:11:24Z","2026-04-15T23:02:18Z",546,"pull_request","completed","failure","upgrade-zephyr-2.4.0","a647ed1135163f3937fa48961686ff7439d6f772","nateinaction",1
24482935768,1507,"2026-04-15T23:05:54Z","2026-04-15T23:08:20Z","2026-04-15T23:05:54Z",146,"pull_request","completed","failure","upgrade-zephyr-2.4.0","46be9999e2897db8290a60328ecd721c637aaebc","nateinaction",1
24483349629,1508,"2026-04-15T23:18:46Z","2026-04-15T23:26:23Z","2026-04-15T23:18:46Z",457,"pull_request","completed","failure","rtc-hardening","208e96926226d017771c35b4384313f02f67757b","nateinaction",1
24496903060,1509,"2026-04-16T07:05:06Z","2026-04-16T07:12:35Z","2026-04-16T07:05:06Z",449,"pull_request","completed","success","copilot/add-yamcs-opcode-recognition","ae1f2517dba3205812e71f35d1967e6c5288859e","Mikefly123",1
24497473582,1510,"2026-04-16T07:20:27Z","2026-04-22T05:07:11Z","2026-04-22T05:01:28Z",343,"pull_request","completed","failure","yamcs-ci-checks","8e4ee385817bf71455621ea3e832eea0625f0bf9","Mikefly123",2
24574584679,1511,"2026-04-17T16:03:06Z","2026-04-17T16:10:28Z","2026-04-17T16:03:06Z",442,"pull_request","completed","failure","rtc-hardening","01a8d3de0b41b42c5511b115b3fb7580eab9cbd2","nateinaction",1
24575844807,1512,"2026-04-17T16:32:30Z","2026-04-17T16:40:48Z","2026-04-17T16:32:30Z",498,"pull_request","completed","failure","rtc-hardening","191a77a93066646df963fb0cb8ef3212b7aa0682","nateinaction",1
24589087523,1513,"2026-04-17T22:17:12Z","2026-04-17T22:25:23Z","2026-04-17T22:17:12Z",491,"pull_request","completed","failure","rtc-hardening","39a09cfde74a598444eaa7e84d4182e7b7000735","nateinaction",1
24589251254,1514,"2026-04-17T22:22:34Z","2026-04-17T22:30:42Z","2026-04-17T22:22:34Z",488,"pull_request","completed","success","rtc-hardening","f8b58a68f23ba892747f8fb0a03e3421b37fd4cd","nateinaction",1
24589993203,1515,"2026-04-17T22:46:46Z","2026-04-17T22:54:56Z","2026-04-17T22:46:46Z",490,"pull_request","completed","success","rtc-hardening","0cef2b3dfca183e2470c65e8ddc017436d1b94ea","nateinaction",1
24607721629,1516,"2026-04-18T15:21:39Z","2026-04-25T13:44:38Z","2026-04-25T13:40:06Z",272,"push","completed","success","main","7a9b8e937057b788a1b8f82926921f653a45304a","nateinaction",4
24610319731,1517,"2026-04-18T17:45:48Z","2026-04-18T17:48:25Z","2026-04-18T17:45:48Z",157,"pull_request","completed","failure","entropy-fix","3926e93ba146d772d992bed90f919d31fa88d706","collinc04",1
24761120461,1518,"2026-04-22T05:02:05Z","2026-04-22T05:12:43Z","2026-04-22T05:02:05Z",638,"pull_request","completed","failure","yamcs-ci-checks","f5976c0924da0def32cbcd70b6b22a0d1aadfe3b","Mikefly123",1
24761715373,1519,"2026-04-22T05:22:42Z","2026-04-24T00:00:58Z","2026-04-24T00:00:28Z",30,"pull_request","completed","failure","yamcs-ci-checks","b8e79bbc5d854263b9e4cd32f813a96ac4e45ea6","Mikefly123",4
24865126444,1520,"2026-04-24T00:05:07Z","2026-04-24T00:05:55Z","2026-04-24T00:05:07Z",48,"pull_request","completed","cancelled","yamcs-ci-checks","315ecccfdcd3b36d4a5e32ece9eb6b0e68ea6f3f","hrfarmer",1
24865195633,1521,"2026-04-24T00:07:23Z","2026-04-24T05:45:02Z","2026-04-24T05:39:25Z",337,"pull_request","completed","failure","yamcs-ci-checks","8bc8a52f9f03d5c2ded78ccc22c6105e032af560","hrfarmer",2
24940247360,1522,"2026-04-25T20:43:35Z","2026-04-25T20:46:36Z","2026-04-25T20:43:35Z",181,"pull_request","completed","failure","change-passthrough-default","8cde34e9d76837930fad37d75b4ad3a94d0fe1bf","hrfarmer",1
24940393190,1523,"2026-04-25T20:51:23Z","2026-04-25T20:55:18Z","2026-04-25T20:51:23Z",235,"pull_request","completed","failure","change-passthrough-default","7097405c2bae4c042f82bd4653b53c6d3fcad077","hrfarmer",1
24940488064,1524,"2026-04-25T20:56:23Z","2026-05-10T22:00:58Z","2026-05-10T21:56:18Z",280,"push","completed","failure","main","1db227d9791f0992e4de1e336a46bf108344db63","hrfarmer",2
24942220927,1525,"2026-04-25T22:30:47Z","2026-04-25T22:49:24Z","2026-04-25T22:30:47Z",1117,"pull_request","completed","failure","comment-battery-event","1ed1dab46420e2c5b10264d63b72f54c957a983e","hrfarmer",1
24942273398,1526,"2026-04-25T22:33:42Z","2026-05-10T01:11:30Z","2026-05-10T01:06:46Z",284,"push","completed","success","main","8fe25898137dfb92d165e90ae50fd0c48349e2b7","hrfarmer",11
24943337040,1527,"2026-04-25T23:36:07Z","2026-04-26T02:06:48Z","2026-04-25T23:36:07Z",9041,"pull_request","completed","failure","fix-thermal-manager-throttle","850889812aa817c63ecf48465362b7617197aad7","hrfarmer",1
24943512143,1528,"2026-04-25T23:45:52Z","2026-04-26T02:09:12Z","2026-04-25T23:45:52Z",8600,"pull_request","completed","failure","fix-thermal-manager-throttle","8146a94b93f6584de6c2dfa78bccd4fe28880fd0","coderabbitai[bot]",1
24943628824,1529,"2026-04-25T23:52:06Z","2026-04-26T00:00:27Z","2026-04-25T23:52:06Z",501,"pull_request","completed","cancelled","fix-thermal-manager-throttle","0f1f13f15e4d75d45b176c6d6687e73254a470ac","hrfarmer",1
24945949031,1530,"2026-04-26T02:08:25Z","2026-04-26T03:07:43Z","2026-04-26T02:53:45Z",838,"pull_request","completed","success","radio-integration-tests","1e20e01863774ccb219aaaa11bffc349b3f6cc4a","hrfarmer",6
24946992752,1531,"2026-04-26T03:11:32Z","2026-04-26T14:29:36Z","2026-04-26T14:15:54Z",822,"pull_request","completed","failure","radio-integration-tests","9b08e1e322a6754e724b0aebb56e041c897d816e","coderabbitai[bot]",2
24959310637,1532,"2026-04-26T14:43:45Z","2026-04-26T17:41:52Z","2026-04-26T17:29:43Z",729,"pull_request","completed","failure","radio-integration-tests","5127126965bfd49ddc261bf14eb7465918d23e6b","hrfarmer",5
24963082963,1533,"2026-04-26T17:48:32Z","2026-05-10T01:16:04Z","2026-05-10T01:14:25Z",99,"pull_request","completed","failure","radio-integration-tests","e080e4daa690469fb1a73c5905cbc5ce14bed081","hrfarmer",8
24967850450,1534,"2026-04-26T21:47:00Z","2026-04-26T21:49:18Z","2026-04-26T21:47:00Z",138,"pull_request","completed","failure","entropy-fix","1d14e222eb1247bc7749f17134b0c75c24d4d3ff","collinc04",1
25234111360,1535,"2026-05-01T21:33:00Z","2026-05-01T23:09:58Z","2026-05-01T21:33:00Z",5818,"pull_request","completed","failure","authenticate-testing","200ba1112d63f36a3f31640496ae0e1d4079ecdf","nateinaction",1
25234304471,1536,"2026-05-01T21:38:41Z","2026-05-01T22:32:42Z","2026-05-01T22:31:16Z",86,"pull_request","completed","cancelled","authenticate-testing","6b3686d34e1f10f24776734598cf0a9c38d5766a","nateinaction",2
25236201737,1537,"2026-05-01T22:38:47Z","2026-05-01T23:11:03Z","2026-05-01T22:38:47Z",1936,"pull_request","completed","failure","authenticate-testing","bab27458c24239de35900b014a4df0ed85bad54c","nateinaction",1
25236508137,1538,"2026-05-01T22:49:23Z","2026-05-01T23:11:17Z","2026-05-01T22:49:23Z",1314,"pull_request","completed","failure","authenticate-testing","9fbda2600bd7b674dac97ef5340dd44191eda1d6","nateinaction",1
25236893116,1539,"2026-05-01T23:03:07Z","2026-05-01T23:11:30Z","2026-05-01T23:03:07Z",503,"pull_request","completed","failure","authenticate-testing","84a0da631860d25cfe44b11e93cdd136d30c39c7","nateinaction",1
25237530117,1540,"2026-05-01T23:26:30Z","2026-05-01T23:29:33Z","2026-05-01T23:26:30Z",183,"pull_request","completed","failure","fix-thermal-manager","1a018914d44a3bb1f7cf2d7a5b2a1fd78dd0fcb6","JamesDCowley",1
25237660964,1541,"2026-05-01T23:31:24Z","2026-05-04T04:18:42Z","2026-05-04T04:18:23Z",19,"pull_request","completed","failure","fix-thermal-manager","395ec8305423c942d473a955f6c16df6a691b966","JamesDCowley",2
25240550750,1542,"2026-05-02T01:37:44Z","2026-05-02T01:40:45Z","2026-05-02T01:37:44Z",181,"pull_request","completed","failure","authenticate-testing","2a1cd6d06c8bc4feaaaeef5f132c26004ccf6e3f","nateinaction",1
25240603572,1543,"2026-05-02T01:40:13Z","2026-05-02T01:44:05Z","2026-05-02T01:40:13Z",232,"pull_request","completed","failure","authenticate-testing","6a84662f797a96990dacf1d52712854280f94310","nateinaction",1
25302553084,1544,"2026-05-04T05:24:11Z","2026-05-04T05:28:07Z","2026-05-04T05:24:11Z",236,"pull_request","completed","cancelled","create-v5e-device-tree","a3ef4adef8ae945c2ad7d10fb35facfa7d033709","Mikefly123",1
25352369786,1545,"2026-05-05T01:07:20Z","2026-05-05T01:11:16Z","2026-05-05T01:07:20Z",236,"pull_request","completed","failure","fix-thermal-manager","0509195931ca5a07001302ac94571b4d154020f0","JamesDCowley",1
25352667347,1546,"2026-05-05T01:17:51Z","2026-05-05T01:20:59Z","2026-05-05T01:17:51Z",188,"pull_request","completed","failure","fix-thermal-manager","366b8176681e8c90eadc88ca3d7c97769bf0e0da","JamesDCowley",1
25352757289,1547,"2026-05-05T01:21:03Z","2026-05-05T01:24:00Z","2026-05-05T01:21:03Z",177,"pull_request","completed","failure","fix-thermal-manager","d825ec8bc7445808e43e1f5703d04e21f97a8a3c","JamesDCowley",1
25353770558,1548,"2026-05-05T01:57:09Z","2026-05-05T02:01:04Z","2026-05-05T01:57:09Z",235,"pull_request","completed","failure","fix-thermal-manager","42e1b196831ba50d8058a74e3a1e08ecb8501b57","JamesDCowley",1
25410183953,1549,"2026-05-06T00:38:41Z","2026-05-06T00:42:46Z","2026-05-06T00:38:41Z",245,"pull_request","completed","failure","codex/add-makefile-commands-for-openocd","8175a39cc183436d37e2c7c7ef2b8ad7225b953c","hrfarmer",1
25410501971,1550,"2026-05-06T00:49:36Z","2026-05-06T00:53:40Z","2026-05-06T00:49:36Z",244,"pull_request","completed","failure","codex/add-makefile-commands-for-openocd","724d6afedfc45a8ace77629f119b0e952f19df58","coderabbitai[bot]",1
25410671108,1551,"2026-05-06T00:55:28Z","2026-05-06T00:58:33Z","2026-05-06T00:55:28Z",185,"pull_request","completed","failure","codex/add-makefile-commands-for-openocd","325d8847dce8db81e21a609b689c60b2d92fa213","hrfarmer",1
25410864228,1552,"2026-05-06T01:02:14Z","2026-05-06T04:46:35Z","2026-05-06T04:44:40Z",115,"pull_request","completed","failure","codex/add-makefile-commands-for-openocd","7c372efae91c8bc6cfc8b0206e21f60228f5d38a","hrfarmer",2
25468701145,1553,"2026-05-07T00:22:25Z","2026-05-07T00:26:17Z","2026-05-07T00:22:25Z",232,"pull_request","completed","failure","upgrade-zephyr-2.4.0","428b4250110ad786b18a606501fa08204da5793e","collinc04",1
25475339717,1554,"2026-05-07T04:00:25Z","2026-05-07T04:04:57Z","2026-05-07T04:00:25Z",272,"pull_request","completed","failure","authenticate-testing","e5adfd73c46d4ce95a31c625aaa5d46229e6cf96","nateinaction",1
25475988911,1555,"2026-05-07T04:24:16Z","2026-05-07T04:28:45Z","2026-05-07T04:24:16Z",269,"pull_request","completed","failure","authenticate-testing","fef036f83a76801deb4a6e05e63e385d609a0e66","nateinaction",1
25476340815,1556,"2026-05-07T04:37:23Z","2026-05-07T04:41:45Z","2026-05-07T04:37:23Z",262,"pull_request","completed","failure","authenticate-testing","1c05ad1045fee0dbaa56d07061cad9df93708966","nateinaction",1
25477679922,1557,"2026-05-07T05:26:29Z","2026-05-07T05:31:50Z","2026-05-07T05:26:29Z",321,"pull_request","completed","failure","authenticate-testing","4904a8749b281092faf5d4d9ffba7d89957dcd14","nateinaction",1
25478187315,1558,"2026-05-07T05:44:31Z","2026-05-07T05:48:34Z","2026-05-07T05:44:31Z",243,"pull_request","completed","failure","authenticate-testing","62d49bb9a4a9f1cd9f075be6b2678d3796ab0a49","nateinaction",1
25481817776,1559,"2026-05-07T07:18:34Z","2026-05-10T02:00:59Z","2026-05-10T01:56:28Z",271,"pull_request","completed","success","fix-thermal-manager","130d4750d4214e69a70d954c9df8901901536d41","JamesDCowley",3
25529908593,1560,"2026-05-08T00:37:28Z","2026-05-08T00:42:38Z","2026-05-08T00:37:28Z",310,"pull_request","completed","failure","longer-reboot","c07f789e855b51017714fde2e45d51320f19b607","nateinaction",1
25530127984,1561,"2026-05-08T00:44:52Z","2026-05-09T01:50:01Z","2026-05-09T01:44:39Z",322,"pull_request","completed","success","longer-reboot","5c05ab757412b44faf847fe0e1141508d476cc78","nateinaction",12
25612687912,1562,"2026-05-09T21:50:38Z","2026-05-09T21:54:46Z","2026-05-09T21:50:38Z",248,"pull_request","completed","failure","authenticate-testing","1f0452e6df1240f78a0030aef1668b80057c73c7","nateinaction",1
25612974238,1563,"2026-05-09T22:05:29Z","2026-05-09T22:09:17Z","2026-05-09T22:05:29Z",228,"pull_request","completed","failure","authenticate-testing","f7b7983f0c3713b384e87797c8313ac38c276eab","nateinaction",1
25616827767,1564,"2026-05-10T01:42:36Z","2026-05-10T02:17:48Z","2026-05-10T02:13:18Z",270,"pull_request","completed","success","fix/uart-rx-pullup-boot-hang","8c6d8734bd8257a844f754f7fbfb6095cfc31967","Mikefly123",4
25617213272,1565,"2026-05-10T02:04:42Z","2026-05-10T02:12:55Z","2026-05-10T02:04:42Z",493,"push","completed","success","main","b6f5f83f4d0de1f503e01ffa249110b60b5b7e7b","nateinaction",1
25617488435,1566,"2026-05-10T02:18:38Z","2026-05-10T02:26:46Z","2026-05-10T02:18:38Z",488,"push","completed","success","main","00887fccd29f12ec4fdad32247dad5d3da7a0256","Mikefly123",1
25617511927,1567,"2026-05-10T02:19:53Z","2026-05-10T02:31:54Z","2026-05-10T02:19:53Z",721,"push","completed","success","main","c9990f8cf841e7f937228d76e360d139c21b9930","Mikefly123",1
25617536315,1568,"2026-05-10T02:21:11Z","2026-05-10T02:36:21Z","2026-05-10T02:21:11Z",910,"pull_request","completed","success","copilot/add-yamcs-opcode-recognition","5a9054495685183928fd0c4ec70521793b9d941d","Mikefly123",1
25618083215,1569,"2026-05-10T02:51:58Z","2026-05-10T03:00:08Z","2026-05-10T02:51:58Z",490,"pull_request","completed","success","copilot/add-visualization-for-telemetry-packets","2dff55d71773398f7af949dd94a1b882bdf80c90","Mikefly123",1
25618218035,1570,"2026-05-10T03:00:13Z","2026-05-10T03:08:21Z","2026-05-10T03:00:13Z",488,"push","completed","success","main","9f6919c1cd67d7a7ba659b7a0d00a2a0a50ab308","Mikefly123",1
25621295888,1571,"2026-05-10T05:58:11Z","2026-05-10T21:21:08Z","2026-05-10T21:13:45Z",443,"pull_request","completed","failure","create-v5e-device-tree","f9cd7c6fd6c58794a7ae60b7346784647a20ba22","Mikefly123",2
25621344985,1572,"2026-05-10T06:00:53Z","2026-05-10T06:12:44Z","2026-05-10T06:00:53Z",711,"pull_request","completed","failure","yamcs-ci-checks","8d7cefb5049698f26013f72eea57a7f86ba27b2b","Mikefly123",1
25621823155,1573,"2026-05-10T06:27:51Z","2026-05-10T06:36:03Z","2026-05-10T06:33:48Z",135,"pull_request","completed","cancelled","yamcs-ci-checks","2491757382482c038fc390d8df234b38f956267f","Mikefly123",2
25621846939,1574,"2026-05-10T06:29:13Z","2026-05-11T02:37:42Z","2026-05-11T02:29:36Z",486,"pull_request","completed","success","copilot/address-deprecated-nodejs-actions","a94d05d772441ddb9c0747118eae3dfc46daa0db","Copilot",2
25622022064,1575,"2026-05-10T06:39:14Z","2026-05-10T06:46:32Z","2026-05-10T06:39:14Z",438,"pull_request","completed","failure","yamcs-ci-checks","140aadf50c41800f49473762bc2cf57044eefddc","Mikefly123",1
25623019930,1576,"2026-05-10T07:33:50Z","2026-05-10T07:42:01Z","2026-05-10T07:33:50Z",491,"pull_request","completed","failure","yamcs-ci-checks","9400e418a81026e0e3273ed778f9a9a7c8d3651c","Mikefly123",1
25642101055,1577,"2026-05-10T22:57:14Z","2026-05-10T23:08:24Z","2026-05-10T22:57:14Z",670,"pull_request","completed","failure","yamcs-ci-checks","7bad613437934158eb7cc2f848deb987499ed112","Mikefly123",1
25642656768,1578,"2026-05-10T23:24:29Z","2026-05-10T23:32:47Z","2026-05-10T23:24:29Z",498,"pull_request","completed","failure","yamcs-ci-checks","1a6addaeb930ba395c0db5ee237d6dd2e8d9309c","Mikefly123",1
25642914863,1579,"2026-05-10T23:36:59Z","2026-05-10T23:44:53Z","2026-05-10T23:36:59Z",474,"pull_request","completed","failure","yamcs-ci-checks","f76bc402da3ba9801744846490681bcb9755ddbf","Mikefly123",1
25643583779,1580,"2026-05-11T00:09:03Z","2026-05-11T00:18:13Z","2026-05-11T00:09:03Z",550,"pull_request","completed","failure","yamcs-ci-checks","1008cf32337ec47ce48af00f4a3e1d8df12461ec","Mikefly123",1
25643899791,1581,"2026-05-11T00:22:30Z","2026-05-11T00:31:42Z","2026-05-11T00:22:30Z",552,"pull_request","completed","failure","yamcs-ci-checks","6dd64540c632885078d18f7954850790ae7f077d","Mikefly123",1
25644935082,1582,"2026-05-11T01:03:32Z","2026-05-11T01:11:47Z","2026-05-11T01:03:32Z",495,"pull_request","completed","failure","yamcs-ci-checks","b7d03b8287e7ee1849b1f1c85e46c690b4b7645a","Mikefly123",1
25645902074,1583,"2026-05-11T01:40:55Z","2026-05-11T01:49:10Z","2026-05-11T01:40:55Z",495,"pull_request","completed","failure","yamcs-ci-checks","18d939de3ee757646dc11a3f367aa32389945ae8","Mikefly123",1
25646201582,1584,"2026-05-11T01:52:26Z","2026-05-11T02:01:28Z","2026-05-11T01:52:26Z",542,"pull_request","completed","failure","yamcs-ci-checks","3737ea5acb1975eec9ee221d2763748c2a1e7ca8","Mikefly123",1
25646880533,1585,"2026-05-11T02:18:39Z","2026-05-11T02:28:41Z","2026-05-11T02:18:39Z",602,"pull_request","completed","failure","yamcs-ci-checks","3374221b4106f0ae7f909c8c7cea977dffbbd698","Mikefly123",1
25647220438,1586,"2026-05-11T02:31:22Z","2026-05-11T02:42:11Z","2026-05-11T02:31:22Z",649,"pull_request","completed","success","make-format","399d5965deb9f74f69de65f54740c16fc800cbb7","hrfarmer",1
25647338265,1587,"2026-05-11T02:35:47Z","2026-05-11T02:50:50Z","2026-05-11T02:35:47Z",903,"pull_request","completed","failure","yamcs-ci-checks","a3b47f3015e6359998fcb8825995ea11fba4914f","Mikefly123",1
25647392615,1588,"2026-05-11T02:37:46Z","2026-05-11T02:55:55Z","2026-05-11T02:37:46Z",1089,"push","completed","success","main","15c6b800b23e1ea7b5d28fb76f97b9dffab01537","hrfarmer",1
25647469590,1589,"2026-05-11T02:40:36Z","2026-05-11T03:00:24Z","2026-05-11T02:40:36Z",1188,"pull_request","completed","success","make-format","3c7590dfdb047d7b63ae5c3f95d62fceb1f730e9","hrfarmer",1
25647915142,1590,"2026-05-11T02:57:32Z","2026-05-11T03:06:09Z","2026-05-11T02:57:32Z",517,"pull_request","completed","success","yamcs-ci-checks","4301df09cd4164d51e078c2aee4bd99046375c50","Mikefly123",1
25648573470,1591,"2026-05-11T03:22:32Z","2026-05-11T03:31:08Z","2026-05-11T03:22:32Z",516,"pull_request","completed","success","yamcs-ci-checks","6c486d40c965106560f03f4c230cade0f6931685","Mikefly123",1
25650173524,1592,"2026-05-11T04:23:43Z","2026-05-11T04:30:56Z","2026-05-11T04:23:43Z",433,"pull_request","completed","success","make-format","ec19a1b651577c27f1539629a2b6515e2c582467","Mikefly123",1
25650376740,1593,"2026-05-11T04:31:01Z","2026-05-11T04:39:11Z","2026-05-11T04:31:01Z",490,"push","completed","success","main","cbb974e218a5f1b5de1340435d20148f05e5abff","Mikefly123",1
25653667471,1594,"2026-05-11T06:16:49Z","2026-05-11T06:16:49Z","2026-05-11T06:16:49Z",0,"push","completed","failure","yamcs-ci-checks","b27acc8ea8506e024fe8097affdcc783df849f02","Mikefly123",1
25656880194,1595,"2026-05-11T07:38:50Z","2026-05-11T07:46:03Z","2026-05-11T07:38:50Z",433,"pull_request","completed","success","create-v5e-device-tree","d84cb9810350ba0950f8e944b1e63a4790614f65","Mikefly123",1
25706475523,1596,"2026-05-12T00:55:00Z","2026-05-12T01:02:57Z","2026-05-12T00:55:00Z",477,"pull_request","completed","failure","create-v5e-device-tree","4435cbf2d4cc9ec8271eb6fa51eef6d4ace6944b","nateinaction",1
25708796222,1597,"2026-05-12T02:04:00Z","2026-05-12T02:11:48Z","2026-05-12T02:04:00Z",468,"pull_request","completed","failure","create-v5e-device-tree","0680a8dcaa426c468039cb6b06a6857d804581df","Mikefly123",1
25709242175,1598,"2026-05-12T02:17:46Z","2026-05-12T02:28:04Z","2026-05-12T02:17:46Z",618,"pull_request","completed","failure","create-v5e-device-tree","7e56e8062aaf7e5a8171f8f61b51fe9c1e187ba7","Mikefly123",1
25709693399,1599,"2026-05-12T02:31:45Z","2026-05-12T02:33:12Z","2026-05-12T02:31:45Z",87,"pull_request","completed","failure","create-v5e-device-tree","abc473f7644814ebe139d692cb382196193ca93c","Mikefly123",1
25709962089,1600,"2026-05-12T02:40:07Z","2026-05-12T02:41:58Z","2026-05-12T02:40:07Z",111,"pull_request","completed","failure","create-v5e-device-tree","63484ef9ebd042d990e378076241470c949ab075","nateinaction",1
25710148680,1601,"2026-05-12T02:45:54Z","2026-05-12T02:50:48Z","2026-05-12T02:45:54Z",294,"pull_request","completed","failure","create-v5e-device-tree","2b8661d2564626b891b2e5f3244095c2f5ddbc8a","Mikefly123",1
25710362791,1602,"2026-05-12T02:52:31Z","2026-05-12T02:57:24Z","2026-05-12T02:52:31Z",293,"pull_request","completed","failure","create-v5e-device-tree","729aa0e7e8364c9445159a960282ec56f34b3f57","Mikefly123",1
25710660658,1603,"2026-05-12T03:01:36Z","2026-05-12T03:06:23Z","2026-05-12T03:01:36Z",287,"pull_request","completed","failure","create-v5e-device-tree","eaf5de73a001813c09f657ea79e21805900d05c7","Mikefly123",1
25710910014,1604,"2026-05-12T03:09:33Z","2026-05-12T03:14:30Z","2026-05-12T03:09:33Z",297,"pull_request","completed","failure","create-v5e-device-tree","20c59d97331b67d16f20dbd7d5aa611298ee3a46","Mikefly123",1
25711123459,1605,"2026-05-12T03:16:15Z","2026-05-12T03:22:07Z","2026-05-12T03:16:15Z",352,"pull_request","completed","failure","create-v5e-device-tree","b9359d41f56499e6fc60bca5b6d104a293f3b1af","Mikefly123",1
25711522365,1606,"2026-05-12T03:28:44Z","2026-05-12T03:33:41Z","2026-05-12T03:28:44Z",297,"pull_request","completed","failure","create-v5e-device-tree","bfd53efc11344a540c09092b35fda761ac45940e","Mikefly123",1
25711803215,1607,"2026-05-12T03:37:34Z","2026-05-12T03:51:34Z","2026-05-12T03:49:21Z",133,"pull_request","completed","failure","create-v5e-device-tree","bcd704059d7704f560d22da712d2a490647eb55f","Mikefly123",2
25712424329,1608,"2026-05-12T03:57:48Z","2026-05-12T04:03:42Z","2026-05-12T03:57:48Z",354,"pull_request","completed","failure","create-v5e-device-tree","975ad003883deee0713f5fa8774f232243beaaff","Mikefly123",1
25712971936,1609,"2026-05-12T04:15:33Z","2026-05-12T04:20:42Z","2026-05-12T04:15:33Z",309,"pull_request","completed","failure","create-v5e-device-tree","574151326027b51ae41da79b34a7baafb539072a","Mikefly123",1
25713217504,1610,"2026-05-12T04:23:26Z","2026-05-12T04:28:26Z","2026-05-12T04:23:26Z",300,"pull_request","completed","failure","create-v5e-device-tree","f5c16a253c744b80107c0be1acf647d209767e89","Mikefly123",1
25713438576,1611,"2026-05-12T04:30:12Z","2026-05-12T04:37:33Z","2026-05-12T04:30:12Z",441,"pull_request","completed","failure","create-v5e-device-tree","9dae078cb9c9a7a21202ccffdb77bef4f761f981","Mikefly123",1
25713936239,1612,"2026-05-12T04:45:26Z","2026-05-12T04:53:42Z","2026-05-12T04:45:26Z",496,"pull_request","completed","failure","create-v5e-device-tree","6d67041e435023d60b57c0f5fae44b4813881a07","Mikefly123",1
25714106389,1613,"2026-05-12T04:50:47Z","2026-05-12T04:59:02Z","2026-05-12T04:50:47Z",495,"pull_request","completed","failure","create-v5e-device-tree","b0870025930189838baf102d78248e56e63e94bf","Mikefly123",1
25714605888,1614,"2026-05-12T05:06:03Z","2026-05-12T05:17:13Z","2026-05-12T05:12:32Z",281,"pull_request","completed","failure","create-v5e-device-tree","ae4fc9e7ff0622410d8506fecd24af7ed4b3d3df","Mikefly123",2
25714984040,1615,"2026-05-12T05:17:37Z","2026-05-12T06:31:09Z","2026-05-12T06:27:28Z",221,"pull_request","completed","success","create-v5e-device-tree","c21ecc4f400ebc0c8e262f724e083df59104790d","Mikefly123",2
25715312572,1616,"2026-05-12T05:27:20Z","2026-05-12T05:34:55Z","2026-05-12T05:27:20Z",455,"pull_request","completed","failure","create-v5e-device-tree","214e56db12b4847cd2d992961087df805f8f271f","Mikefly123",1
25715681808,1617,"2026-05-12T05:37:45Z","2026-05-12T06:03:56Z","2026-05-12T05:59:50Z",246,"pull_request","completed","failure","create-v5e-device-tree","6232cb651592f5b3eeca7a401bcb60709bc53523","Mikefly123",2
25716777862,1618,"2026-05-12T06:08:10Z","2026-05-12T06:15:53Z","2026-05-12T06:08:10Z",463,"pull_request","completed","failure","V5e-Radio-Integration-Tests","4bec6d48da33522f239ad6fb48e2fa3086e92613","Mikefly123",1
25717146496,1619,"2026-05-12T06:18:05Z","2026-05-12T06:25:56Z","2026-05-12T06:23:48Z",128,"pull_request","completed","failure","V5e-Radio-Integration-Tests","cf7d613b2baa58c78a8b70618f1a87b43ed8fdbb","Mikefly123",2
25717836999,1620,"2026-05-12T06:35:47Z","2026-05-12T06:41:37Z","2026-05-12T06:35:47Z",350,"pull_request","completed","failure","V5e-Radio-Integration-Tests","9805031bf83a92b89171b241e07f8c9632ed9136","Mikefly123",1
25718484997,1621,"2026-05-12T06:51:51Z","2026-05-12T07:10:35Z","2026-05-12T06:51:51Z",1124,"pull_request","completed","failure","V5e-Radio-Integration-Tests","b93c4477542f7e8134ae7ca1e5d85ee5bbdbae11","Mikefly123",1
25719465443,1622,"2026-05-12T07:14:51Z","2026-05-12T07:53:01Z","2026-05-12T07:39:02Z",839,"pull_request","completed","failure","V5e-Radio-Integration-Tests","a1baf0c37395efe0a7163b112d92c7d8cdcbaf69","Mikefly123",2
25767265457,1623,"2026-05-12T23:00:47Z","2026-05-12T23:09:00Z","2026-05-12T23:00:47Z",493,"pull_request","completed","success","create-v5e-device-tree","e7e7f9961b1e94190c75499c9720a667453e2ff0","nateinaction",1
25767776395,1624,"2026-05-12T23:14:24Z","2026-05-12T23:22:39Z","2026-05-12T23:14:24Z",495,"pull_request","completed","success","create-v5e-device-tree","5751085213fc291358513f84315acddcdd48fc7d","nateinaction",1
25770388742,1625,"2026-05-13T00:27:31Z","2026-05-13T00:28:45Z","2026-05-13T00:27:31Z",74,"pull_request","completed","failure","create-v5e-device-tree","2d526ccf1d236d7276af017032765ef31bc98482","nateinaction",1
25770631642,1626,"2026-05-13T00:34:27Z","2026-05-13T00:35:48Z","2026-05-13T00:34:27Z",81,"pull_request","completed","failure","create-v5e-device-tree","d2f87eda8f078d4d017a95acdfad6010889ecc3b","nateinaction",1
25770852678,1627,"2026-05-13T00:40:54Z","2026-05-13T00:42:55Z","2026-05-13T00:40:54Z",121,"pull_request","completed","cancelled","create-v5e-device-tree","47dc9717ec09ed4759775b7a77db64be382f7871","nateinaction",1
25770901395,1628,"2026-05-13T00:42:17Z","2026-05-13T00:43:38Z","2026-05-13T00:42:17Z",81,"pull_request","completed","failure","create-v5e-device-tree","b4ee961bf4383390ab35e8cfb084c6508c502e1f","nateinaction",1
25770971485,1629,"2026-05-13T00:44:16Z","2026-05-13T01:50:26Z","2026-05-13T01:44:57Z",329,"pull_request","completed","success","create-v5e-device-tree","acb88abf23d9d7b3daffd900e14832d73fc6e8e1","nateinaction",3
25773674807,1630,"2026-05-13T02:03:06Z","2026-05-13T02:23:53Z","2026-05-13T02:18:35Z",318,"pull_request","completed","success","create-v5e-device-tree","1bdd0bda1c93009f7e507e8c1972602885738739","Mikefly123",2
25775626007,1631,"2026-05-13T03:02:16Z","2026-05-13T03:07:00Z","2026-05-13T03:02:16Z",284,"pull_request","completed","failure","main","cbb974e218a5f1b5de1340435d20148f05e5abff","Mikefly123",1
25775773182,1632,"2026-05-13T03:06:52Z","2026-05-13T03:11:35Z","2026-05-13T03:06:52Z",283,"pull_request","completed","failure","v1.0.0-rc1","cbb974e218a5f1b5de1340435d20148f05e5abff","Mikefly123",1
25782040014,1633,"2026-05-13T06:17:48Z","2026-05-15T01:10:17Z","2026-05-15T01:05:06Z",311,"push","completed","success","main","92f7f21140d702706a2a36dea206dc212038d4b5","Mikefly123",6
25896728786,1634,"2026-05-15T02:19:57Z","2026-05-15T03:22:26Z","2026-05-15T03:17:19Z",307,"pull_request","completed","failure","V5e-Radio-Integration-Tests","653020217fdc74d493794a5d8090978c07401c09","Copilot",3
25951679239,1636,"2026-05-16T03:31:39Z","2026-05-16T03:42:21Z","2026-05-16T03:32:46Z",575,"pull_request","completed","failure","V5e-Radio-Integration-Tests","6baeaf5b6436a70fc6e9e29dee14c714623e01df","Copilot",2
25951745643,1637,"2026-05-16T03:34:59Z","2026-05-16T03:34:59Z","2026-05-16T03:34:59Z",0,"push","completed","failure","yamcs-ci-checks","c0e848fdcf7ebc5964d2bd927bc611cc87777be9","Mikefly123",1
25951805747,1638,"2026-05-16T03:38:14Z","2026-05-16T04:07:14Z","2026-05-16T03:40:35Z",1599,"pull_request","completed","failure","V5e-Radio-Integration-Tests","4b90db97e5050498fd02c4967b46ff0fc3d5f683","Copilot",2
25951821983,1639,"2026-05-16T03:39:07Z","2026-05-16T04:13:09Z","2026-05-16T03:43:07Z",1802,"pull_request","completed","failure","yamcs-ci-checks","8704dee9ba38eac37497ab8b0580a8782d732182","Copilot",2
25952306607,1640,"2026-05-16T04:05:18Z","2026-05-16T04:18:32Z","2026-05-16T04:05:18Z",794,"pull_request","completed","failure","improve-burnwire-test","00ce5d17d7d6566fff42a8434f41b18ac8ee90cf","Mikefly123",1
25955088011,1641,"2026-05-16T06:32:46Z","2026-05-16T07:47:47Z","2026-05-16T07:38:15Z",572,"pull_request","completed","failure","yamcs-ci-checks","3b41e29dac13f98f4de17a2f508e368d4a44bab9","Copilot",2
25955840630,1642,"2026-05-16T07:11:51Z","2026-05-16T07:20:16Z","2026-05-16T07:11:51Z",505,"pull_request","completed","failure","improve-burnwire-test","687eead7a396f2e9b8a8cba1f23375d57cd57049","Mikefly123",1
25956919439,1643,"2026-05-16T08:07:04Z","2026-05-16T16:30:35Z","2026-05-16T16:21:58Z",517,"pull_request","completed","failure","yamcs-ci-checks","08ba70332e0fd70e5d6316470294cd0285189bc4","Copilot",2
25969326165,1644,"2026-05-16T18:16:57Z","2026-05-16T18:46:09Z","2026-05-16T18:34:51Z",678,"pull_request","completed","failure","yamcs-ci-checks","7010941a8cdede4a6a42f1c39a1e9f6fb658d451","Copilot",2
25971007065,1645,"2026-05-16T19:36:25Z","2026-05-21T05:29:03Z","2026-05-21T05:23:03Z",360,"pull_request","completed","success","yamcs-ci-checks","e3481ea8765c4ab2907c11ac0ae559d071328afe","Copilot",4
25971819508,1646,"2026-05-16T20:14:59Z","2026-05-16T20:23:02Z","2026-05-16T20:14:59Z",483,"pull_request","completed","success","proves-router","26fcca437d9b665772d7efbfc2dbfebe9bdc17a9","nateinaction",1
25973716963,1647,"2026-05-16T21:43:39Z","2026-05-16T21:53:37Z","2026-05-16T21:43:39Z",598,"pull_request","completed","failure","proves-router","98bf31b57f8b6e52fe50f9a00ef56744708a330f","nateinaction",1
25975037871,1648,"2026-05-16T22:48:56Z","2026-05-16T22:52:33Z","2026-05-16T22:48:56Z",217,"pull_request","completed","cancelled","proves-router","2c64b532ce440c08131d8f77bbc193a0fc6faac8","nateinaction",1
25975098552,1649,"2026-05-16T22:52:04Z","2026-05-16T23:01:13Z","2026-05-16T22:52:04Z",549,"pull_request","completed","success","proves-router","ad886375de8730a399e77e2787008eb7e9b294e5","nateinaction",1
25975216375,1650,"2026-05-16T22:58:29Z","2026-05-16T23:08:38Z","2026-05-16T22:58:29Z",609,"pull_request","completed","success","proves-router","f66f7abf6bb6d9d7cd3e003d5daa4eb5e8b59d48","nateinaction",1
25975426226,1651,"2026-05-16T23:09:36Z","2026-05-16T23:33:48Z","2026-05-16T23:27:25Z",383,"pull_request","completed","success","proves-router","084523b5677d257fcb97d21b1082c18ad4ce7f87","nateinaction",2
25985889209,1654,"2026-05-17T08:29:21Z","2026-05-17T19:33:51Z","2026-05-17T19:27:06Z",405,"pull_request","completed","failure","V5e-Radio-Integration-Tests","f1c43740e5b5c3a86d91109c7da677acde7edf38","Copilot",3
26000670975,1655,"2026-05-17T19:36:42Z","2026-05-17T20:04:09Z","2026-05-17T19:36:48Z",1641,"pull_request","completed","cancelled","V5e-Radio-Integration-Tests","c1032624f3c34404084c2a3499a688584be3dcd7","Copilot",2
26001363910,1656,"2026-05-17T20:07:12Z","2026-05-17T20:38:29Z","2026-05-17T20:26:40Z",709,"pull_request","completed","failure","V5e-Radio-Integration-Tests","68f2ce8e498f4d291ea7b5b62b57c1f89692e737","Copilot",2
26003333398,1657,"2026-05-17T21:33:44Z","2026-05-18T02:31:07Z","2026-05-18T02:23:09Z",478,"pull_request","completed","failure","V5e-Radio-Integration-Tests","208e600e598c8db602c09eb4832fac17b8d07314","Copilot",5
26007519162,1658,"2026-05-18T00:41:48Z","2026-05-18T00:43:17Z","2026-05-18T00:41:48Z",89,"pull_request","completed","failure","fprime-v4.2.2","ffac4fd27f5badb910b347d72355cb55c461d242","nateinaction",1
26007604198,1659,"2026-05-18T00:45:11Z","2026-05-18T00:46:56Z","2026-05-18T00:45:11Z",105,"pull_request","completed","failure","fprime-v4.2.2","17c742f8d135dbfe67432022cff6c55772413e9a","nateinaction",1
26008244172,1660,"2026-05-18T01:10:39Z","2026-05-18T01:12:03Z","2026-05-18T01:10:39Z",84,"pull_request","completed","failure","fprime-v4.2.2","7d13b3003842f21e7ad4b59e67891bb047886fef","nateinaction",1
26067788652,1661,"2026-05-19T00:05:26Z","2026-05-19T00:15:50Z","2026-05-19T00:05:26Z",624,"pull_request","completed","failure","V5e-Radio-Integration-Tests","ab456d0a4021f913a17671ca4481bed69e1e1fa0","nateinaction",1
26067913997,1662,"2026-05-19T00:09:07Z","2026-05-19T00:21:13Z","2026-05-19T00:09:07Z",726,"pull_request","completed","failure","V5e-Radio-Integration-Tests","b6b6fdb98afb9071fde14dbf934251e5b6592d81","nateinaction",1
26069153561,1663,"2026-05-19T00:45:22Z","2026-05-19T00:46:57Z","2026-05-19T00:45:22Z",95,"pull_request","completed","cancelled","V5e-Radio-Integration-Tests","640325c18a1d4c7e6951d2c2e9aa3a542f5fc43f","nateinaction",1
26069271243,1664,"2026-05-19T00:48:56Z","2026-05-19T00:53:42Z","2026-05-19T00:48:56Z",286,"pull_request","completed","failure","V5e-Radio-Integration-Tests","4e008327a38239b12b2a853ed4d02564d475833f","nateinaction",1
26069343941,1665,"2026-05-19T00:51:06Z","2026-05-19T01:02:34Z","2026-05-19T00:51:06Z",688,"pull_request","completed","failure","V5e-Radio-Integration-Tests","3de7f35c21616ab0d89fc2f02de0bd83d1375ffe","nateinaction",1
26070002090,1666,"2026-05-19T01:11:27Z","2026-05-19T01:23:40Z","2026-05-19T01:11:27Z",733,"pull_request","completed","failure","V5e-Radio-Integration-Tests","d5368b2fdf292b0451bde0186a04fb339f171da0","nateinaction",1
26074263170,1667,"2026-05-19T03:25:04Z","2026-05-19T03:28:55Z","2026-05-19T03:25:04Z",231,"pull_request","completed","failure","V5e-Radio-Integration-Tests","25860e3ff99c88d814331c303e74a8dfaae2f493","nateinaction",1
26074691679,1668,"2026-05-19T03:38:47Z","2026-05-19T03:49:41Z","2026-05-19T03:38:47Z",654,"pull_request","completed","failure","V5e-Radio-Integration-Tests","66413544403770ed51e802497715c161cb0afba1","nateinaction",1
26075282919,1669,"2026-05-19T03:58:04Z","2026-05-19T04:03:21Z","2026-05-19T03:58:04Z",317,"pull_request","completed","failure","V5e-Radio-Integration-Tests","806a9d61a8f1719aa3a5faada8911d20668b4c6e","nateinaction",1
26076207837,1670,"2026-05-19T04:28:18Z","2026-05-19T04:39:30Z","2026-05-19T04:28:18Z",672,"pull_request","completed","failure","V5e-Radio-Integration-Tests","3e950791cf09b84fb8a26eb2ed8244c450fe3656","nateinaction",1
26077775933,1671,"2026-05-19T05:16:27Z","2026-05-19T05:21:13Z","2026-05-19T05:16:27Z",286,"pull_request","completed","failure","V5e-Radio-Integration-Tests","9db9e1b44a41abfd953911f63fad08af4e542107","nateinaction",1
26078365963,1672,"2026-05-19T05:33:38Z","2026-05-19T05:44:46Z","2026-05-19T05:33:38Z",668,"pull_request","completed","failure","V5e-Radio-Integration-Tests","9532bd152a5135bd9b0caac860de0f9f54746c68","nateinaction",1
26079082399,1673,"2026-05-19T05:54:16Z","2026-05-19T06:05:04Z","2026-05-19T05:54:16Z",648,"pull_request","completed","failure","V5e-Radio-Integration-Tests","624c0f8ddc889b2bdd701129cb1ecd9ff3f2e3f9","nateinaction",1
26079809553,1674,"2026-05-19T06:14:14Z","2026-05-19T06:20:15Z","2026-05-19T06:14:14Z",361,"pull_request","completed","failure","V5e-Radio-Integration-Tests","07ca4648bd2af7bb3c31b783f64093b107680d17","nateinaction",1
26084280728,1675,"2026-05-19T07:59:56Z","2026-05-19T08:04:58Z","2026-05-19T07:59:56Z",302,"pull_request","completed","failure","V5e-Radio-Integration-Tests","10ce171e2b98013ee05cb6865407b65f04b10ef7","nateinaction",1
26205403680,1676,"2026-05-21T04:27:13Z","2026-05-21T05:40:21Z","2026-05-21T05:32:54Z",447,"pull_request","completed","failure","V5e-Radio-Integration-Tests","c7d974969d07f65cd7a2cb70d974935f04422830","Mikefly123",2
26207420125,1677,"2026-05-21T05:30:32Z","2026-05-24T01:01:17Z","2026-05-24T00:53:11Z",486,"pull_request","completed","success","fix/startup-manager-quiescence-corruption","05f15ce304a7840c869402cf611696a996888d87","Mikefly123",3
26208429233,1678,"2026-05-21T06:00:15Z","2026-05-21T06:22:46Z","2026-05-21T06:00:15Z",1351,"pull_request","completed","cancelled","V5e-Radio-Integration-Tests","6a356ff4a481204265e58cca8333266a529e3e71","Mikefly123",1
26209363075,1679,"2026-05-21T06:25:55Z","2026-05-21T06:33:32Z","2026-05-21T06:25:55Z",457,"pull_request","completed","cancelled","V5e-Radio-Integration-Tests","f46bdeee844cb988d0644e4aad997ae4077d8432","Mikefly123",1
26210147131,1680,"2026-05-21T06:45:47Z","2026-05-21T06:52:39Z","2026-05-21T06:45:47Z",412,"pull_request","completed","cancelled","V5e-Radio-Integration-Tests","a85f9c02d171cc02a8538a368d38b66d05c8f006","Mikefly123",1
26210489346,1681,"2026-05-21T06:54:15Z","2026-05-23T17:49:25Z","2026-05-23T17:31:42Z",1063,"pull_request","completed","failure","V5e-Radio-Integration-Tests","a20ad78556b4b87cbbd352a56605ca41486d84e7","Mikefly123",4
26340730880,1682,"2026-05-23T18:49:55Z","2026-05-23T19:00:36Z","2026-05-23T18:49:55Z",641,"pull_request","completed","failure","V5e-Radio-Integration-Tests","382160a9d499373402ee1aa49ffef4334a4f9d21","Mikefly123",1
26341302125,1683,"2026-05-23T19:17:58Z","2026-05-23T19:42:24Z","2026-05-23T19:17:58Z",1466,"pull_request","completed","failure","V5e-Radio-Integration-Tests","9fdc38fe93d7e3957363b07e11a469158d624158","Mikefly123",1
26342435727,1684,"2026-05-23T20:12:58Z","2026-05-23T20:37:15Z","2026-05-23T20:24:50Z",745,"pull_request","completed","cancelled","V5e-Radio-Integration-Tests","498cc323c59c8752eebe402202539b00736888b6","Mikefly123",2
26343919963,1685,"2026-05-23T21:23:58Z","2026-05-23T21:44:13Z","2026-05-23T21:23:58Z",1215,"pull_request","completed","failure","V5e-Radio-Integration-Tests","c20b2c6d645ef2ec5e5db7e4e21d265823379b13","Mikefly123",1
26344499828,1686,"2026-05-23T21:52:29Z","2026-05-23T23:02:55Z","2026-05-23T22:46:50Z",965,"pull_request","completed","failure","V5e-Radio-Integration-Tests","e1ae08e6b78de6857901cb8e417d23d65c7225f8","Mikefly123",5
26345888432,1687,"2026-05-23T23:02:54Z","2026-05-23T23:20:10Z","2026-05-23T23:02:54Z",1036,"pull_request","completed","failure","V5e-Radio-Integration-Tests","f3d18b1beeb31a9b2ee85fb182dc5bae5b3aa5a1","Mikefly123",1
26347137984,1688,"2026-05-24T00:10:20Z","2026-05-24T00:22:49Z","2026-05-24T00:10:20Z",749,"pull_request","completed","failure","V5e-Radio-Integration-Tests","b443b8998e6bfbb6b19c6170ee985a9094f71f17","Mikefly123",1
26347670725,1689,"2026-05-24T00:40:00Z","2026-05-24T01:37:34Z","2026-05-24T01:22:47Z",887,"pull_request","completed","failure","V5e-Radio-Integration-Tests","4fa121181013b3e941545866694c5654f362745d","Mikefly123",4
26349322162,1690,"2026-05-24T02:09:45Z","2026-05-24T03:41:25Z","2026-05-24T03:19:44Z",1301,"pull_request","completed","failure","V5e-Radio-Integration-Tests","450cccf4ce53e540117d95d790a33c424722f47b","Copilot",4
26352132643,1691,"2026-05-24T04:42:56Z","2026-05-24T04:51:30Z","2026-05-24T04:42:56Z",514,"push","completed","success","main","87824f9b5612bcb6cf9dc0d34a6f3291788128a0","Mikefly123",1
26352138609,1692,"2026-05-24T04:43:17Z","2026-05-24T04:57:19Z","2026-05-24T04:43:17Z",842,"pull_request","completed","success","fix/startup-manager-quiescence-corruption","74ed5347d4e2da2330bf4c0938952a932f1d94fd","Mikefly123",1
26352390767,1693,"2026-05-24T04:57:23Z","2026-05-24T06:31:19Z","2026-05-24T06:25:27Z",352,"push","completed","success","main","eb2df706c32da05f3fd600c5374fae40ea6d0069","Mikefly123",2
26353712459,1694,"2026-05-24T06:11:53Z","2026-05-24T06:45:30Z","2026-05-24T06:24:01Z",1289,"pull_request","completed","failure","V5e-Radio-Integration-Tests","757eaa19dc116b8bfe14e55f4c2ea42e209339a2","Copilot",2
26366274114,1695,"2026-05-24T16:13:15Z","2026-05-24T16:33:07Z","2026-05-24T16:14:06Z",1141,"pull_request","completed","failure","V5e-Radio-Integration-Tests","f2f25578e893ce69d3c048691e443456ce0ae6f9","Copilot",2
26372921012,1697,"2026-05-24T21:13:31Z","2026-05-24T21:50:23Z","2026-05-24T21:33:09Z",1034,"pull_request","completed","failure","V5e-Radio-Integration-Tests","3be3f8128e37be6a414ae33276e9f5eae019c9ec","Copilot",2
26373805117,1698,"2026-05-24T21:55:21Z","2026-05-24T22:25:10Z","2026-05-24T22:15:59Z",551,"pull_request","completed","failure","V5e-Radio-Integration-Tests","03129956ffba84908b82e231d46138a1a32ce695","Copilot",3
26374560020,1700,"2026-05-24T22:30:46Z","2026-05-24T22:48:11Z","2026-05-24T22:31:06Z",1025,"pull_request","completed","failure","V5e-Radio-Integration-Tests","47efa31155055a9f8e2aaa29ecb7ac81e80a89da","Copilot",2
26375190322,1701,"2026-05-24T23:01:20Z","2026-05-24T23:22:59Z","2026-05-24T23:01:28Z",1291,"pull_request","completed","success","V5e-Radio-Integration-Tests","b9de4fd4a29bdae47bd8b0b05475cde8d249d6ad","Copilot",2
26375202887,1702,"2026-05-24T23:01:56Z","2026-05-24T23:57:13Z","2026-05-24T23:49:11Z",482,"pull_request","completed","success","V5e-Radio-Integration-Tests","260e9864c526906c38780608ad7e605261d45be1","Copilot",3
26411620545,1703,"2026-05-25T17:06:58Z","2026-05-25T17:29:55Z","2026-05-25T17:06:58Z",1377,"pull_request","completed","failure","restore-tests-in-rf","8f3a7e5c07ae24ebded84c904089f1a6ae4ce6c7","Mikefly123",1
26413039175,1704,"2026-05-25T17:47:30Z","2026-05-25T18:09:31Z","2026-05-25T17:47:30Z",1321,"pull_request","completed","failure","restore-tests-in-rf","7c01ce5905045787d0ea168e8b55e3c41f1a6022","Mikefly123",1
26413549605,1705,"2026-05-25T18:02:04Z","2026-05-25T18:29:58Z","2026-05-25T18:02:04Z",1674,"pull_request","completed","failure","restore-tests-in-rf","7016648bb44fb755813c79aeba04599bc1ad4538","Mikefly123",1
26414083074,1706,"2026-05-25T18:17:27Z","2026-05-25T20:11:38Z","2026-05-25T19:57:59Z",819,"pull_request","completed","failure","restore-tests-in-rf","395d1e9ce35b4ee14f28798813d24708bb33c86b","Mikefly123",5
26418606056,1707,"2026-05-25T20:30:40Z","2026-05-25T20:49:56Z","2026-05-25T20:30:40Z",1156,"pull_request","completed","failure","restore-tests-in-rf","c1b556647cbb96307700ebbca33f0680171f4ad9","Mikefly123",1
26418919296,1708,"2026-05-25T20:39:57Z","2026-05-25T20:55:22Z","2026-05-25T20:53:00Z",142,"pull_request","completed","failure","tca-mux-reset","4291ab69d497768e73a1ee561b7e78d155a5d528","nateinaction",2
26419429308,1709,"2026-05-25T20:55:05Z","2026-05-25T21:03:36Z","2026-05-25T20:55:05Z",511,"pull_request","completed","success","ignore-openocd","a8a505f3b7b2f9107b148bcedb373779357c71a1","hrfarmer",1
26419709529,1710,"2026-05-25T21:03:40Z","2026-05-25T21:12:11Z","2026-05-25T21:03:40Z",511,"push","completed","success","main","9bb0602bfd8a0b5537c64b354a698e0f10c64301","hrfarmer",1
26419880270,1711,"2026-05-25T21:09:21Z","2026-05-25T21:18:17Z","2026-05-25T21:09:21Z",536,"pull_request","completed","success","tca-mux-reset","c15a1752c17df9da1662d115720dc15866b635a5","nateinaction",1
26420013547,1712,"2026-05-25T21:13:35Z","2026-05-25T21:23:40Z","2026-05-25T21:13:35Z",605,"pull_request","completed","failure","RTC_test_fix","94a06e59a4a0701f3898f1f3b66db9c137005a63","collinc04",1
26420451329,1713,"2026-05-25T21:27:45Z","2026-05-25T21:37:07Z","2026-05-25T21:27:45Z",562,"pull_request","completed","failure","tca-mux-reset","ed1a38520a655a94f571644b991908cc008c5b8b","nateinaction",1
26420792766,1714,"2026-05-25T21:38:34Z","2026-05-25T22:04:49Z","2026-05-25T21:38:34Z",1575,"pull_request","completed","cancelled","restore-tests-in-rf","adda072f0c3ede3e3629116623b7143133dea1de","Mikefly123",1
26420798511,1715,"2026-05-25T21:38:46Z","2026-05-25T23:02:21Z","2026-05-25T22:56:31Z",350,"pull_request","completed","failure","RTC_test_fix","bfc9356c9156c8943bbe7f4ffedce91768618e90","collinc04",3
26421683373,1716,"2026-05-25T22:08:18Z","2026-05-25T22:17:56Z","2026-05-25T22:08:18Z",578,"pull_request","completed","success","skip-cam-test-temp","343a303d28b73419639c41abe44db3f1452e13ec","Mikefly123",1
26422018502,1717,"2026-05-25T22:20:14Z","2026-05-25T22:26:20Z","2026-05-25T22:20:14Z",366,"pull_request","completed","cancelled","V5e-Radio-Integration-Tests","9c0ed94e826ff2ac5e0b4821404c0a0fb6d70fe0","Mikefly123",1
26422176569,1718,"2026-05-25T22:25:48Z","2026-05-25T22:53:42Z","2026-05-25T22:45:17Z",505,"pull_request","completed","success","restore-tests-in-rf","c007baedf6d8fd74c05e94b50c5a1da1d7ff95c6","Mikefly123",2
26423030554,1719,"2026-05-25T22:56:44Z","2026-05-25T23:16:11Z","2026-05-25T22:56:44Z",1167,"pull_request","completed","success","V5e-Radio-Integration-Tests","89840b8cb388ac6197e575a587e26284d489c8cf","Mikefly123",1
26423924403,1720,"2026-05-25T23:30:44Z","2026-05-25T23:59:22Z","2026-05-25T23:30:44Z",1718,"pull_request","completed","success","V5e-Radio-Integration-Tests","df59f6b63b9780eb5cee18d7501ea56748a352c3","Mikefly123",1
26423948692,1721,"2026-05-25T23:31:36Z","2026-05-25T23:44:34Z","2026-05-25T23:31:36Z",778,"push","completed","success","main","ae1e09eb3b3a3ed6250e561df9ca425ebf319d46","Mikefly123",1
26423972776,1722,"2026-05-25T23:32:32Z","2026-05-26T00:07:33Z","2026-05-25T23:32:32Z",2101,"pull_request","completed","success","V5e-Radio-Integration-Tests","baf6e511895227ebd5c0a4fd9dc5ce0a8c1c6cf5","Mikefly123",1
26430207427,1723,"2026-05-26T03:17:06Z","2026-05-30T04:37:45Z","2026-05-30T04:26:38Z",667,"pull_request","completed","failure","V5e-Radio-Integration-Tests","308595b0b5bd2f4b8781dcedbc1c30b62319471f","nateinaction",5
26431274231,1724,"2026-05-26T03:53:56Z","2026-06-03T15:51:00Z","2026-06-03T15:37:04Z",836,"push","completed","success","main","d3df5c5afd896b749374905e4317d3538747504b","Mikefly123",11
26553863178,1725,"2026-05-28T04:00:34Z","2026-05-28T04:15:07Z","2026-05-28T04:09:44Z",323,"pull_request","completed","failure","RTC_test_fix","51904cfe563f37195b4642cd4ee3f20292f0069d","Mikefly123",2
26612675133,1726,"2026-05-29T01:34:39Z","2026-05-29T01:42:45Z","2026-05-29T01:34:39Z",486,"pull_request","completed","failure","RTC_test_fix","4d14cf5799e0aa8e9c2c3e8ce9c88621442a0fde","Mikefly123",1
26613239978,1727,"2026-05-29T01:52:45Z","2026-05-29T04:51:55Z","2026-05-29T04:46:30Z",325,"pull_request","completed","failure","RTC_test_fix","435ce42fdcaed197cf0558642360a9579aa591b7","Mikefly123",4
26672209627,1728,"2026-05-30T02:38:20Z","2026-05-30T02:47:21Z","2026-05-30T02:38:35Z",526,"pull_request","completed","failure","copilot/day-in-the-life-test-ci-target","8dd62f6f67695804439070162ad76db4f90d5c11","Copilot",2
26672753401,1729,"2026-05-30T03:04:34Z","2026-05-30T04:08:43Z","2026-05-30T04:05:55Z",168,"pull_request","completed","failure","copilot/day-in-the-life-test-ci-target","e40d477bc6133b74ccde3a47293ee9da0dc2b72d","Copilot",3
26895788532,1730,"2026-06-03T15:41:07Z","2026-06-03T16:28:08Z","2026-06-03T16:18:28Z",580,"pull_request","completed","success","independent-radio-tests","641586b04246047860cfe67fe46e1757e0022bdf","nateinaction",2
26899588382,1731,"2026-06-03T16:49:49Z","2026-06-04T03:44:14Z","2026-06-04T03:38:47Z",327,"push","completed","success","main","638f8e2f7071e771be3f1563daecce075f75af19","nateinaction",2
26994574878,1732,"2026-06-05T04:02:18Z","2026-06-05T04:06:57Z","2026-06-05T04:02:18Z",279,"pull_request","completed","failure","bump/fprime-yamcs-0.1.3","847db72fa98bd19318bfb9f8e4022d888821a553","yudataguy",1
26994647324,1733,"2026-06-05T04:04:33Z","2026-06-10T05:13:42Z","2026-06-10T05:12:46Z",56,"pull_request","completed","failure","bump/fprime-yamcs-0.1.3","43bb6a9a5617880984ebeb4876c07bb35963bf44","yudataguy",4
27895772851,1734,"2026-06-21T06:19:00Z","2026-06-21T06:24:48Z","2026-06-21T06:19:00Z",348,"pull_request","completed","failure","test/issue-207-continuous-wave-regression","db1a98ca9c8dcfb2d7d407c0786464513d591b16","Mikefly123",1
28423879629,1735,"2026-06-30T06:03:29Z","2026-07-11T16:31:02Z","2026-07-11T16:26:01Z",301,"pull_request","completed","failure","feat/yamcs-promiscuous-scid","e03cc255b8ff2191ae1cc66ee46e9d4f9a4b70e3","Mikefly123",4
28565095755,1736,"2026-07-02T04:19:21Z","2026-07-02T04:24:49Z","2026-07-02T04:19:21Z",328,"pull_request","completed","failure","codex/multi-scid","206ea45ccad02c581a81a00e22a18d7c1cc6247b","hrfarmer",1
28566667531,1737,"2026-07-02T05:02:02Z","2026-07-02T05:07:36Z","2026-07-02T05:02:02Z",334,"pull_request","completed","failure","codex/multi-scid","188352d32fa21b2e24ad0f9e6193dd21aa55e04f","Mikefly123",1
28567274612,1738,"2026-07-02T05:18:04Z","2026-07-10T01:56:47Z","2026-07-10T01:56:14Z",33,"pull_request","completed","failure","codex/multi-scid","cd4b1af5d17505f07040d418853b285128cba127","Mikefly123",2
28747359075,1739,"2026-07-05T16:28:52Z","2026-07-05T16:34:22Z","2026-07-05T16:28:52Z",330,"pull_request","completed","failure","sc-time","c541f68f1f11d8a53eb70d3b5113201634a17d20","nateinaction",1
29065404731,1740,"2026-07-10T02:47:05Z","2026-07-10T02:49:06Z","2026-07-10T02:47:05Z",121,"pull_request","completed","failure","fprime-v4.2.2","bbe7dc9a3e34debea8206a05f52c1ab5079d07f8","nateinaction",1
29065650856,1741,"2026-07-10T02:53:58Z","2026-07-10T02:59:11Z","2026-07-10T02:53:58Z",313,"pull_request","completed","failure","fprime-v4.2.2","9f97e6104dde6847bfb996b5713b427da1c9a8f9","nateinaction",1
29069022527,1742,"2026-07-10T04:25:33Z","2026-07-11T18:55:35Z","2026-07-11T18:53:20Z",135,"pull_request","completed","failure","upgrade-zephyr-4.4.1","ee129f8c211f145bacb753dc3dda1826cf389e1b","nateinaction",2
29072282776,1743,"2026-07-10T05:49:53Z","2026-07-10T05:55:47Z","2026-07-10T05:49:53Z",354,"pull_request","completed","failure","fprime-v4.2.2","e4aeb9267965d9cd600bd0b7a827e0f39c925d29","nateinaction",1
29074260447,1744,"2026-07-10T06:35:55Z","2026-07-10T21:31:25Z","2026-07-10T21:30:22Z",63,"pull_request","completed","failure","fprime-v4.2.2","e87b3a9b4f7433e23323003d2386ab09acbedb02","nateinaction",3
29075272462,1745,"2026-07-10T06:58:12Z","2026-07-10T07:03:09Z","2026-07-10T06:58:12Z",297,"pull_request","completed","failure","fprime-v4.2.2","6a169d4d9d55466dd1327b86f435f9bfbd85919f","nateinaction",1
29076258317,1746,"2026-07-10T07:18:00Z","2026-07-10T21:18:34Z","2026-07-10T21:16:46Z",108,"pull_request","completed","failure","fprime-v4.2.2","ca68e03e11b492c4e14ec6025a37e1784ef1f06f","nateinaction",2
29119778212,1747,"2026-07-10T19:57:55Z","2026-07-10T20:03:45Z","2026-07-10T19:57:55Z",350,"pull_request","completed","failure","fix-uv-dep","93df6bcd3de3c339866b245393e4e2a024ef0995","hrfarmer",1
29119953428,1748,"2026-07-10T20:00:56Z","2026-07-10T20:09:15Z","2026-07-10T20:00:56Z",499,"pull_request","completed","failure","fix-uv-dep","22ccc7e6b4b15d7e9192b1e66f48518f077744b4","hrfarmer",1
29120189865,1749,"2026-07-10T20:05:07Z","2026-07-11T22:50:07Z","2026-07-11T22:26:51Z",1396,"pull_request","completed","failure","fix-uv-dep","601024d4d8245e4883e3785127f1c70dd8d73bed","hrfarmer",3
29125200862,1750,"2026-07-10T21:35:59Z","2026-07-10T21:53:53Z","2026-07-10T21:35:59Z",1074,"pull_request","completed","failure","fprime-v4.2.2","b44db3293c57235eeeac892248d6798a1a93b7bc","nateinaction",1
29164403748,1751,"2026-07-11T18:57:37Z","2026-07-11T19:13:59Z","2026-07-11T19:08:52Z",307,"pull_request","completed","failure","empty-test","2ea47c75439383fbac86f94edbd14cec4db54804","nateinaction",3
29164992966,1752,"2026-07-11T19:17:26Z","2026-07-11T19:37:36Z","2026-07-11T19:17:26Z",1210,"pull_request","completed","failure","empty-test","5635d7e3af38e7b4161f5259a4a7120200c7321f","nateinaction",1
29165181551,1753,"2026-07-11T19:23:52Z","2026-07-11T19:53:08Z","2026-07-11T19:23:52Z",1756,"pull_request","completed","failure","feat/psram-v5d","a39cc4e55747192083670a079aef24d8f3f05021","Mikefly123",1
29165672579,1754,"2026-07-11T19:40:21Z","2026-07-11T20:09:43Z","2026-07-11T19:40:21Z",1762,"pull_request","completed","success","empty-test","407adee5b40897f4783e5ac004c811801bd5b55d","nateinaction",1
29165944402,1755,"2026-07-11T19:49:48Z","2026-07-11T20:04:38Z","2026-07-11T19:49:48Z",890,"pull_request","completed","cancelled","feat/psram-v5d","184979478e4d8cb2f3fb38bcfa8db7259dc616f4","Mikefly123",1
29166064451,1756,"2026-07-11T19:53:54Z","2026-07-11T20:10:32Z","2026-07-11T19:53:54Z",998,"pull_request","completed","cancelled","empty-test","49d406f957969ca6f0b1820f8a9b0cf3daf01f2e","nateinaction",1
29166084029,1757,"2026-07-11T19:54:35Z","2026-07-11T20:25:01Z","2026-07-11T19:54:35Z",1826,"pull_request","completed","success","empty-test","933485f3ca9c2b267bac1c4c35b93f0117110583","nateinaction",1
29166316558,1758,"2026-07-11T20:02:28Z","2026-07-11T20:10:51Z","2026-07-11T20:02:28Z",503,"pull_request","completed","cancelled","feat/psram-v5d","74faac60b6bacc3e51e2b78410b1b3d8b7750e64","Mikefly123",1
29166395278,1759,"2026-07-11T20:05:12Z","2026-07-11T20:10:53Z","2026-07-11T20:05:12Z",341,"pull_request","completed","cancelled","fix/rtc-test01-pytest-datetime","156b2167428567266319e55f38cd9cf418127aa4","Mikefly123",1
29167240645,1760,"2026-07-11T20:33:12Z","2026-07-11T20:51:50Z","2026-07-11T20:33:12Z",1118,"pull_request","completed","failure","feat/psram-v5d","7cf2f56c9fce108a3f9985870658ad5366f8368b","Mikefly123",1
29167497662,1761,"2026-07-11T20:42:03Z","2026-07-11T21:34:22Z","2026-07-11T21:29:03Z",319,"pull_request","completed","success","empty-test","f9bc569f64f0ffe72d81801da496f69f4130d24b","nateinaction",2
29168918632,1762,"2026-07-11T21:30:36Z","2026-07-11T21:31:23Z","2026-07-11T21:30:36Z",47,"pull_request","completed","cancelled","fix/rtc-helper-seconds-carry","937552ed432ce7a9bc6b39d5b5582c0c76c8d1c3","nateinaction",1
29168964010,1763,"2026-07-11T21:32:07Z","2026-07-11T21:32:40Z","2026-07-11T21:32:07Z",33,"pull_request","completed","cancelled","fix/rtc-helper-seconds-carry","97929d02823e4f53e8661b3079df065de9769ab2","nateinaction",1
29170280609,1764,"2026-07-11T22:18:26Z","2026-07-11T22:36:28Z","2026-07-11T22:18:26Z",1082,"push","completed","success","main","8726bfe49b7b43ca9036446e5251b20b000f17b3","nateinaction",1
29170378957,1765,"2026-07-11T22:21:59Z","2026-07-11T22:45:12Z","2026-07-11T22:21:59Z",1393,"pull_request","completed","failure","littlefs","96d35756313a2f19a7c81b34193c00ec04002226","nateinaction",1
29170474585,1766,"2026-07-11T22:25:24Z","2026-07-12T00:12:54Z","2026-07-11T23:42:15Z",1839,"pull_request","completed","failure","fprime-v4.2.2","f2b14a69545be9d8192dfad9fce781199d9dd414","nateinaction",2
29170533395,1767,"2026-07-11T22:27:33Z","2026-07-11T22:32:53Z","2026-07-11T22:27:33Z",320,"pull_request","completed","failure","upgrade-zephyr-4.4.1","6c3a944428b3f052d43019ac1e6a392d3d7c7025","nateinaction",1
29171745665,1768,"2026-07-11T23:12:11Z","2026-07-11T23:30:10Z","2026-07-11T23:12:11Z",1079,"pull_request","completed","success","feat/psram-v5d","784cb4d61ff64fdf538761b9d159a8a9c4efb9c2","Mikefly123",1
29171861471,1769,"2026-07-11T23:16:31Z","2026-07-11T23:45:57Z","2026-07-11T23:16:31Z",1766,"pull_request","completed","success","feat/psram-v5d","d25c44642f17b3a5819cf0bbfbc05645a00f7349","Mikefly123",1
29171995514,1770,"2026-07-11T23:21:32Z","2026-07-12T00:00:21Z","2026-07-11T23:33:49Z",1592,"pull_request","completed","success","fix-uv-dep","88387d4ae6fcddd58e248994a1271c565fda5a00","Mikefly123",2
29173012720,1771,"2026-07-12T00:00:26Z","2026-07-12T00:27:31Z","2026-07-12T00:00:26Z",1625,"push","completed","success","main","1cc18b2959a43e0d2d41bce0d352f657016b9f22","nateinaction",1
29198752793,1772,"2026-07-12T15:43:49Z","2026-07-12T16:02:00Z","2026-07-12T15:43:49Z",1091,"pull_request","completed","success","fix/rtc-helper-seconds-carry","e30a8fa8e48c11cdd0efe13d3cd815a1243e0429","nateinaction",1
29202405724,1773,"2026-07-12T17:39:34Z","2026-07-12T17:41:41Z","2026-07-12T17:39:34Z",127,"pull_request","completed","failure","feat/usp-radio","ef19015937c6482b6343eb9453cd493e64f986bd","Mikefly123",1
29202792352,1774,"2026-07-12T17:51:49Z","2026-07-12T17:53:46Z","2026-07-12T17:51:49Z",117,"pull_request","completed","failure","feat/usp-radio","a7d0e7d22b6aede07387d0eca7d479d26ef6aed9","Mikefly123",1
29203203531,1775,"2026-07-12T18:05:07Z","2026-07-12T18:06:51Z","2026-07-12T18:05:07Z",104,"pull_request","completed","failure","feat/usp-radio","11ec65902ca9750ba9a3b43f9ce35fd6c09c287d","Mikefly123",1
29203641943,1776,"2026-07-12T18:18:59Z","2026-07-12T18:22:05Z","2026-07-12T18:18:59Z",186,"pull_request","completed","failure","feat/usp-radio","39bc6930aa023084230d4f857395a649bd436b2a","Mikefly123",1
29203981093,1777,"2026-07-12T18:29:52Z","2026-07-12T18:42:53Z","2026-07-12T18:29:52Z",781,"pull_request","completed","failure","feat/usp-radio","976d510c0dd62f4e4b6b6ee51197d51ec20b41f6","Mikefly123",1
29204512494,1778,"2026-07-12T18:46:29Z","2026-07-13T03:14:40Z","2026-07-13T02:30:21Z",2659,"pull_request","completed","failure","feat/usp-radio","d83cd91064baefdf1cab0112c08732f174c688cb","Mikefly123",6
29212863224,1779,"2026-07-12T23:08:44Z","2026-07-12T23:11:21Z","2026-07-12T23:08:44Z",157,"pull_request","completed","failure","add-tlm-storage","64e951712ae067cbbcd51f6566639ee6575a9fd5","hrfarmer",1
29212902121,1780,"2026-07-12T23:10:02Z","2026-07-12T23:14:39Z","2026-07-12T23:10:02Z",277,"pull_request","completed","failure","add-tlm-storage","166ff12d5cf554ad00a8c2831c73747731dd5ec3","hrfarmer",1
29213090530,1781,"2026-07-12T23:16:03Z","2026-07-12T23:19:06Z","2026-07-12T23:16:03Z",183,"pull_request","completed","failure","add-tlm-storage","858569915b429547daa29007d1ca2e3a00ef11f6","hrfarmer",1
29213527161,1782,"2026-07-12T23:30:40Z","2026-07-12T23:33:10Z","2026-07-12T23:30:40Z",150,"pull_request","completed","failure","add-tlm-storage","be2aa3a9a08e537827397108860a3961a42d349f","hrfarmer",1
29213678429,1783,"2026-07-12T23:35:32Z","2026-07-13T00:10:51Z","2026-07-12T23:48:28Z",1343,"pull_request","completed","failure","add-tlm-storage","0bbf1909b189c324500ae1f25a2afbb0d644258a","hrfarmer",2
29219672819,1784,"2026-07-13T02:30:56Z","2026-07-13T15:25:25Z","2026-07-13T15:09:18Z",967,"pull_request","completed","failure","add-tlm-storage","f378a96b6987f1c4f199889e8dd1e344dd1168a4","hrfarmer",2
29220046081,1785,"2026-07-13T02:41:53Z","2026-07-13T03:29:25Z","2026-07-13T02:41:53Z",2852,"pull_request","completed","success","ci-reset-submodule-state","de252cbe6021e9639a0e9d51e929995e51016a98","hrfarmer",1
29220671414,1786,"2026-07-13T02:59:58Z","2026-07-13T03:20:45Z","2026-07-13T02:59:58Z",1247,"pull_request","completed","success","ci-reset-submodule-state","b7c4d66fa34c08684b771ee8cfc86e8f49bfaaff","hrfarmer",1
29222947936,1787,"2026-07-13T04:01:37Z","2026-07-13T04:20:20Z","2026-07-13T04:01:37Z",1123,"push","completed","success","main","e5e0a1c75334c1c744690af24f282a1da3e61692","hrfarmer",1
29222972434,1788,"2026-07-13T04:02:16Z","2026-07-13T04:30:03Z","2026-07-13T04:02:16Z",1667,"pull_request","completed","failure","feat/usp-radio","c03173b4a97ae1d805b2d0da17ed062c4e8e81f4","Mikefly123",1
29226330269,1789,"2026-07-13T05:26:41Z","2026-07-13T06:18:37Z","2026-07-13T06:13:11Z",326,"pull_request","completed","success","feat/usp-radio","39e5857acb6edcd67ee2fff7bfc16ca9e9f5a368","Mikefly123",2
29307298443,1790,"2026-07-14T04:58:33Z","2026-07-14T05:19:45Z","2026-07-14T04:58:33Z",1272,"pull_request","completed","failure","hard_coded_startup","4d569f39766dfd542086b9808554145a922fbc07","ineskhou",1
29373586865,1791,"2026-07-14T22:37:14Z","2026-07-14T22:54:20Z","2026-07-14T22:37:14Z",1026,"pull_request","completed","success","sc-time","7f2420e2c226bf965b999e73443026bf757516dc","nateinaction",1
29376508461,1792,"2026-07-14T23:33:55Z","2026-07-14T23:36:09Z","2026-07-14T23:33:55Z",134,"pull_request","completed","failure","upgrade-zephyr-4.4.1","97d27d75bd22db365f248f43e44df1870bba3f9c","nateinaction",1
29376855656,1793,"2026-07-14T23:41:12Z","2026-07-15T00:12:47Z","2026-07-15T00:10:31Z",136,"pull_request","completed","failure","upgrade-zephyr-4.4.1","d323b4a5b3f0d685ea5d742771e2b1f37c948e9d","nateinaction",2
29377451264,1794,"2026-07-14T23:53:19Z","2026-07-14T23:56:51Z","2026-07-14T23:53:19Z",212,"pull_request","completed","failure","new-branch-2","5fb311a0bb349dd72a61958d8f699f1d09d600f0","collinc04",1
29378970311,1795,"2026-07-15T00:24:51Z","2026-07-15T00:27:30Z","2026-07-15T00:24:51Z",159,"pull_request","completed","failure","upgrade-zephyr-4.4.1","e092de3f5448de03a6f2d94b5f400ca374eb05f3","nateinaction",1
29379159143,1796,"2026-07-15T00:28:58Z","2026-07-15T00:34:49Z","2026-07-15T00:28:58Z",351,"pull_request","completed","failure","new-branch-2","1017c06d76d7b17149bdace17b8aa89d0a1227f6","collinc04",1
29379406232,1797,"2026-07-15T00:34:22Z","2026-07-15T00:36:52Z","2026-07-15T00:34:22Z",150,"pull_request","completed","failure","upgrade-zephyr-4.4.1","408d9e56086a99cb920e43d71e6f649e8fb60a67","nateinaction",1
29380299786,1798,"2026-07-15T00:54:39Z","2026-07-15T00:56:52Z","2026-07-15T00:54:39Z",133,"pull_request","completed","failure","upgrade-zephyr-4.4.1","5d24ee9b1ec086e84542150c29df818688bc7f5b","nateinaction",1
29384326719,1799,"2026-07-15T02:32:17Z","2026-07-15T02:45:28Z","2026-07-15T02:32:17Z",791,"pull_request","completed","failure","upgrade-zephyr-4.4.1","2c8d9d3564d76b6bff609eb226aceb8c7e715270","nateinaction",1
29386425461,1800,"2026-07-15T03:23:51Z","2026-07-15T03:55:05Z","2026-07-15T03:37:21Z",1064,"pull_request","completed","failure","upgrade-zephyr-4.4.1","d8207b175f54f0fc9c8cb1590692887b7c88f8c0","nateinaction",2
29389687100,1801,"2026-07-15T04:44:12Z","2026-07-15T04:57:29Z","2026-07-15T04:44:12Z",797,"pull_request","completed","failure","upgrade-zephyr-4.4.1","6e4f1a489631a914ec2aabd696e1023ad8b614fb","nateinaction",1
29391463603,1802,"2026-07-15T05:26:42Z","2026-07-16T23:26:23Z","2026-07-16T23:21:03Z",320,"push","completed","success","main","dc3e0aff239ad14d5db55b2d695b0975c5f211f4","nateinaction",2
29395111447,1803,"2026-07-15T06:44:44Z","2026-07-15T06:50:33Z","2026-07-15T06:44:44Z",349,"pull_request","completed","failure","new-branch-2","51777f33e2ac3cea90412f084b1afaef40104624","collinc04",1
29443958813,1804,"2026-07-15T19:17:39Z","2026-07-15T19:45:44Z","2026-07-15T19:40:17Z",327,"pull_request","completed","success","fix/i2c-dw-clock-speed-rp2350","cf8fd35307b96599fb39e430fe6269379e2decaf","Mikefly123",2
29471382518,1805,"2026-07-16T04:26:40Z","2026-07-16T04:55:57Z","2026-07-16T04:50:48Z",309,"pull_request","completed","failure","fix/ci-format-before-tests","809f66b25a72772210d2a61a44122454b494f68f","Mikefly123",2
29472842771,1806,"2026-07-16T05:02:26Z","2026-07-16T05:21:04Z","2026-07-16T05:02:26Z",1118,"pull_request","completed","success","fix/ci-format-before-tests","cbbd30a9b66a454a1c622f7a1348bdb403d1c7ca","Mikefly123",1
29474498987,1807,"2026-07-16T05:40:06Z","2026-07-16T05:58:23Z","2026-07-16T05:40:06Z",1097,"pull_request","completed","failure","hard_coded_startup","739b28eafa4974b7f7c320131a9462966fd92ea0","ineskhou",1
29485818350,1808,"2026-07-16T09:05:06Z","2026-07-16T21:04:26Z","2026-07-16T21:02:11Z",135,"pull_request","completed","failure","new-branch-2","d2e17a9a2fc2554283467fb7b1cf4dec997c2a13","collinc04",3
29542468941,1809,"2026-07-16T23:34:10Z","2026-07-16T23:52:22Z","2026-07-16T23:34:10Z",1092,"pull_request","completed","failure","proves-router","70c3b27fb35e11fc7f5938930db8f056abf54f80","nateinaction",1
29542487972,1810,"2026-07-16T23:34:39Z","2026-07-17T00:07:39Z","2026-07-16T23:34:39Z",1980,"pull_request","completed","failure","proves-router","67a331c8615fdc1d2b3281a1b96dbbb18fc1572b","nateinaction",1
29546976521,1811,"2026-07-17T01:15:26Z","2026-07-17T01:36:47Z","2026-07-17T01:15:26Z",1281,"pull_request","completed","success","proves-router","667921c0e53b50047aa101194c2010d81f779baf","nateinaction",1
29548366633,1812,"2026-07-17T01:48:19Z","2026-07-17T02:09:19Z","2026-07-17T01:48:19Z",1260,"pull_request","completed","success","proves-router","137a3b9fe1ba730da0716a7519ef4acb0f7e24d5","nateinaction",1
29550056903,1813,"2026-07-17T02:29:50Z","2026-07-17T02:32:13Z","2026-07-17T02:29:50Z",143,"pull_request","completed","cancelled","authenticate-testing","298c3e02b27bcb12b3c0385f49112d791733cf04","nateinaction",1
29553985143,1814,"2026-07-17T04:05:27Z","2026-07-17T04:24:36Z","2026-07-17T04:05:27Z",1149,"pull_request","completed","success","bump/fprime-yamcs-0.1.3","44922d4b95d6ff023fa316e1241f4de6475698ad","Mikefly123",1
29556550263,1815,"2026-07-17T05:08:08Z","2026-07-17T05:27:44Z","2026-07-17T05:08:08Z",1176,"pull_request","completed","success","fix/ci-format-before-tests","fc3f840b947cacb18768055962b246ba483d40c3","hrfarmer",1
29558450160,1816,"2026-07-17T05:52:18Z","2026-07-17T06:11:23Z","2026-07-17T05:52:18Z",1145,"push","completed","success","main","65f8cb4dc21c04a92038faef27b58c1d75198d1a","Mikefly123",1
29558472696,1817,"2026-07-17T05:52:50Z","2026-07-17T06:27:30Z","2026-07-17T05:52:50Z",2080,"pull_request","completed","success","bump/fprime-yamcs-0.1.3","94157d53e8f47b9b92dc799038a185c24e3ec348","Mikefly123",1
29559504064,1818,"2026-07-17T06:15:00Z","2026-07-17T06:17:59Z","2026-07-17T06:15:00Z",179,"pull_request","completed","cancelled","proves-router","16120b8a86d1fe2872a219f98a78de4495eb23eb","nateinaction",1
29559626956,1819,"2026-07-17T06:17:38Z","2026-07-17T06:22:32Z","2026-07-17T06:17:38Z",294,"pull_request","completed","cancelled","proves-router","f2817d6c0266618f0be56e89b2c71a27ff20fb23","nateinaction",1
29559826089,1820,"2026-07-17T06:21:59Z","2026-07-17T06:47:21Z","2026-07-17T06:21:59Z",1522,"pull_request","completed","success","proves-router","7a15948a4d8f7663b0f657dc0d190003095d7ec2","nateinaction",1
29560356170,1821,"2026-07-17T06:33:05Z","2026-07-17T15:59:47Z","2026-07-17T15:49:43Z",604,"pull_request","completed","failure","upgrade-zephyr-4.4.1","7d6c78a58a24056be0f5ece99908563a5ab2e7b7","nateinaction",2
29561132508,1822,"2026-07-17T06:49:02Z","2026-07-17T15:55:11Z","2026-07-17T15:47:49Z",442,"push","completed","success","main","1af2a0c5637a22daaa8c2d72e117979e65723c56","nateinaction",2
29631369330,1823,"2026-07-18T04:55:47Z","2026-07-18T05:04:06Z","2026-07-18T04:55:47Z",499,"pull_request","completed","failure","tc-security-deframer-3","9fe39640e6df35dd852deb8de1bcb96b456eab29","nateinaction",1
29632299617,1824,"2026-07-18T05:27:54Z","2026-07-18T05:37:02Z","2026-07-18T05:27:54Z",548,"pull_request","completed","failure","tc-security-deframer-3","9df0eae6e7348a194301cbffca66f1e2bac69311","nateinaction",1
29633099630,1825,"2026-07-18T05:55:35Z","2026-07-18T06:03:31Z","2026-07-18T05:55:35Z",476,"pull_request","completed","failure","tc-security-deframer-3","ef27a70a8e3fb6869d2e3483ce05284ccf881663","nateinaction",1
29633396311,1826,"2026-07-18T06:05:38Z","2026-07-18T06:12:42Z","2026-07-18T06:05:38Z",424,"pull_request","completed","failure","tc-security-deframer-3","a52f9241ce6ace21eca75b1feda7947ddd47f4e1","nateinaction",1
29633710341,1827,"2026-07-18T06:16:32Z","2026-07-18T06:24:26Z","2026-07-18T06:16:32Z",474,"pull_request","completed","failure","tc-security-deframer-3","9179596868beb8cfb1c810376c3dcd20baa3580d","nateinaction",1
29634066996,1828,"2026-07-18T06:29:01Z","2026-07-18T06:36:57Z","2026-07-18T06:29:01Z",476,"pull_request","completed","failure","tc-security-deframer-3","a7401094ffa381892decbb028f92997ed88ca238","nateinaction",1
29634393562,1829,"2026-07-18T06:40:32Z","2026-07-18T07:03:19Z","2026-07-18T06:40:32Z",1367,"pull_request","completed","success","hard_coded_startup","e169dc80b206bd3a9adb6badd441d2fd83e05717","ineskhou",1
29652037954,1830,"2026-07-18T16:28:44Z","2026-07-18T16:36:04Z","2026-07-18T16:28:44Z",440,"pull_request","completed","failure","tc-security-deframer-3","1a6f9106b0b821ad565c080e0a50cd3d75fcc080","nateinaction",1
29652378576,1831,"2026-07-18T16:38:53Z","2026-07-18T16:57:31Z","2026-07-18T16:38:53Z",1118,"pull_request","completed","success","feat/sband-pr2-component","f11d4bab7b6e78bf9192927f1289f84200a6afca","Mikefly123",1
29652395080,1832,"2026-07-18T16:39:26Z","2026-07-18T17:10:45Z","2026-07-18T16:39:26Z",1879,"pull_request","completed","failure","feat/sband-pr3-topology","90a1b8ad9d6cb629bec128861a7402eb322f9146","Mikefly123",1
29652506495,1833,"2026-07-18T16:42:51Z","2026-07-18T17:22:14Z","2026-07-18T16:42:51Z",2363,"pull_request","completed","failure","feat/sband-pr3-topology","9f8bc74890167db7653044f3a9f6d24d3bd0a84f","Mikefly123",1
29652609918,1834,"2026-07-18T16:45:58Z","2026-07-18T17:24:27Z","2026-07-18T16:45:58Z",2309,"pull_request","completed","failure","tc-security-deframer-3","1167db0ec175afafe1bff1a4724b87cecdadde12","nateinaction",1
29653398144,1835,"2026-07-18T17:10:20Z","2026-07-18T18:01:29Z","2026-07-18T17:10:20Z",3069,"pull_request","completed","success","codex/restore-make-sync-sequence-number-command","97375c36f5c7c94302eb9f55319f7f9c384a58a7","hrfarmer",1
29653438165,1836,"2026-07-18T17:11:35Z","2026-07-18T18:09:44Z","2026-07-18T17:11:35Z",3489,"pull_request","completed","failure","add-tlm-storage","a6bdaa30bec02b478cdd41190742a9580f2fdf6b","hrfarmer",1
29653658485,1837,"2026-07-18T17:18:32Z","2026-07-18T18:31:42Z","2026-07-18T17:18:32Z",4390,"pull_request","completed","failure","feat/sband-pr3-topology","042a11d606de671fd1dde8ec68dec8711fe62153","Mikefly123",1
29654116947,1838,"2026-07-18T17:32:38Z","2026-07-18T18:36:25Z","2026-07-18T18:35:16Z",69,"pull_request","completed","failure","tc-security-deframer-3","cc7cd52d47a614b579f2f0b63a8074a451bfa348","nateinaction",2
29656256180,1839,"2026-07-18T18:38:22Z","2026-07-18T19:01:51Z","2026-07-18T18:38:22Z",1409,"pull_request","completed","failure","tc-security-deframer-3","1b2bf2b5f3b530e10dbc81841c45eed94a851e04","nateinaction",1
29657221360,1840,"2026-07-18T19:08:29Z","2026-07-18T19:31:44Z","2026-07-18T19:08:29Z",1395,"pull_request","completed","success","tc-security-deframer-3","397cb42a5b6a74996db26e2922af34b525a656fd","nateinaction",1
29658718189,1841,"2026-07-18T19:55:36Z","2026-07-18T20:19:10Z","2026-07-18T19:55:36Z",1414,"pull_request","completed","success","tc-security-deframer-3","8ab24d8b80d33426bf940f93c93f80aa7a1ceb75","nateinaction",1
29666252527,1842,"2026-07-19T00:01:54Z","2026-07-19T00:39:33Z","2026-07-19T00:01:54Z",2259,"pull_request","completed","success","tc-security-deframer-3","6d85a3ad12dc06706cfd8829330cd7bb4a82f26c","nateinaction",1
29666465915,1843,"2026-07-19T00:08:57Z","2026-07-19T00:45:44Z","2026-07-19T00:08:57Z",2207,"push","completed","failure","main","482611b238d8027312c892bc95e006d7e4cf076d","hrfarmer",1
29666745290,1844,"2026-07-19T00:18:57Z","2026-07-19T01:46:02Z","2026-07-19T00:18:57Z",5225,"pull_request","completed","success","fix/i2c-dw-clock-speed-rp2350","4f3b173612f17aa90df51db509a503efed1d04fd","nateinaction",1
29666872116,1845,"2026-07-19T00:23:42Z","2026-07-19T01:03:10Z","2026-07-19T00:23:42Z",2368,"pull_request","completed","cancelled","tc-security-deframer-3","9c66861cf8ad6985a744aab090b5094722369ff2","nateinaction",1
29667271438,1846,"2026-07-19T00:38:13Z","2026-07-19T01:02:55Z","2026-07-19T00:38:13Z",1482,"pull_request","completed","cancelled","keep-docs-up-to-date","c31f20352ee1021c3c9177f6c0ba62a25404e7e4","nateinaction",1
29669110792,1847,"2026-07-19T01:46:06Z","2026-07-19T02:09:16Z","2026-07-19T01:46:06Z",1390,"push","completed","success","main","04c9db855c70098bb8d5ada003c3cba7f51558c5","Mikefly123",1
29669536415,1848,"2026-07-19T02:02:10Z","2026-07-19T02:29:27Z","2026-07-19T02:02:10Z",1637,"pull_request","completed","success","tc-security-deframer-3","c814b19d8f8d72c9d12943a19efe55c3f5b66db7","nateinaction",1
29676411127,1849,"2026-07-19T06:25:14Z","2026-07-19T06:48:16Z","2026-07-19T06:25:14Z",1382,"pull_request","completed","success","keep-docs-up-to-date","5ad220baa9bd995e399788b6c3310ef1ed41216a","Mikefly123",1
29679164871,1850,"2026-07-19T08:03:42Z","2026-07-19T08:25:46Z","2026-07-19T08:03:42Z",1324,"pull_request","completed","success","bump/fprime-yamcs-0.1.3","3b41f1309b89b8fd09ba39e94e00a9b771e61b7e","Mikefly123",1
29679807705,1851,"2026-07-19T08:25:51Z","2026-07-19T08:47:57Z","2026-07-19T08:25:51Z",1326,"push","completed","success","main","e13330ced7be91635feec557ec1884a6b5f0f76a","Mikefly123",1
29680751449,1852,"2026-07-19T08:58:42Z","2026-07-19T09:21:41Z","2026-07-19T08:58:42Z",1379,"pull_request","completed","failure","update_sequences","8309ac88c3b8b0aa24724e7d01b734bc4edf4ea3","ineskhou",1
29681076723,1853,"2026-07-19T09:09:25Z","2026-07-19T09:40:01Z","2026-07-19T09:09:25Z",1836,"pull_request","completed","success","update_sequences","1e21e0797978a41ec09031255d6437ce61e2e00a","ineskhou",1
29694801828,1854,"2026-07-19T16:24:42Z","2026-07-19T16:25:24Z","2026-07-19T16:24:42Z",42,"pull_request","completed","cancelled","tc-security-deframer-3","ba8d9dda3877bcfecd4112a42a2d0c65c90d79e2","nateinaction",1
29694822644,1855,"2026-07-19T16:25:20Z","2026-07-19T16:28:39Z","2026-07-19T16:25:20Z",199,"pull_request","completed","failure","tc-security-deframer-3","a8718a428a614480beaa9ac459e01727d0c4fa4c","nateinaction",1
29695694193,1856,"2026-07-19T16:51:47Z","2026-07-19T17:14:36Z","2026-07-19T16:51:47Z",1369,"pull_request","completed","success","tc-security-deframer-3","3b1a812062f5ec5e44a67ff12b53795cbd7d0aa1","nateinaction",1
29703347935,1857,"2026-07-19T20:53:16Z","2026-07-19T21:16:02Z","2026-07-19T20:53:16Z",1366,"push","completed","success","main","b2437a9da1c41b77e3f732bad16aea51d6d28c57","nateinaction",1
29705989386,1858,"2026-07-19T22:21:04Z","2026-07-19T22:43:55Z","2026-07-19T22:21:04Z",1371,"pull_request","completed","failure","keep-docs-up-to-date","d074f1e6977d76af18244ca24d6cbb1021cd9fe8","ineskhou",1
29707805585,1859,"2026-07-19T23:22:16Z","2026-07-20T02:54:17Z","2026-07-19T23:28:03Z",12374,"pull_request","completed","success","update_sequences","65f3989e0230ee781db719a6cb57694575bcde3e","Mikefly123",2
29710755216,1860,"2026-07-20T01:19:24Z","2026-07-20T01:35:04Z","2026-07-20T01:19:24Z",940,"pull_request","completed","cancelled","feat/usp-radio","2cb083c97fc4ebd408daacc62cd8e3f70778d2c5","Mikefly123",1
29710787978,1861,"2026-07-20T01:20:45Z","2026-07-20T02:33:59Z","2026-07-20T01:20:45Z",4394,"pull_request","completed","success","time_toggle","989a4f5e537857076e0f4c1f56c905ed577b97f4","collinc04",1
29711147803,1862,"2026-07-20T01:35:30Z","2026-07-20T03:14:05Z","2026-07-20T01:35:30Z",5915,"pull_request","completed","success","feat/usp-radio","33424fa226a355de95e970bc5305d730b1f2cd4f","Mikefly123",1
29711210494,1863,"2026-07-20T01:38:06Z","2026-07-20T02:25:08Z","2026-07-20T01:38:06Z",2822,"pull_request","completed","failure","upgrade-zephyr-4.4.1","e572ee82559b862979aa4197cdc3101222cb43ad","ineskhou",1
29711469542,1864,"2026-07-20T01:48:51Z","2026-07-20T02:33:38Z","2026-07-20T01:48:51Z",2687,"pull_request","completed","failure","time_toggle","d92e6cfd4fddcc7aef167db09ddb43d96b49f6ce","collinc04",1
29712533445,1865,"2026-07-20T02:24:40Z","2026-07-20T03:34:19Z","2026-07-20T02:24:40Z",4179,"pull_request","completed","success","RTC_test_fix","9302e89cbba916c877227181968635e1251b7e2c","collinc04",1
29713462178,1866,"2026-07-20T02:54:21Z","2026-07-20T03:52:41Z","2026-07-20T02:54:21Z",3500,"push","completed","failure","main","5c67bae2fde7a2c43807d6e9b4e04fd89db45cd3","ineskhou",1
29715315035,1867,"2026-07-20T03:44:41Z","2026-07-20T03:56:19Z","2026-07-20T03:44:41Z",698,"pull_request","completed","failure","upgrade-zephyr-4.4.1","d73df20f8d476ca3c7c4d302dae68ac7971a8426","nateinaction",1
29716088834,1868,"2026-07-20T04:06:16Z","2026-07-20T04:41:18Z","2026-07-20T04:30:21Z",657,"pull_request","completed","success","upgrade-zephyr-4.4.1","5f2cff4db090d26c265177c2b266ab421828e0eb","nateinaction",2
29717470905,1869,"2026-07-20T04:41:22Z","2026-07-20T07:23:42Z","2026-07-20T07:16:44Z",418,"push","completed","success","main","606eb0ab9e786951a1b12f26ea78cca26e4cb880","nateinaction",2
29718579731,1870,"2026-07-20T05:12:09Z","2026-07-20T05:16:38Z","2026-07-20T05:12:09Z",269,"pull_request","completed","failure","fprime-v4.2.2","1d70f11d74e9ae666549ba0aa835281d93eccd2f","nateinaction",1
29719284770,1871,"2026-07-20T05:30:10Z","2026-07-20T05:54:18Z","2026-07-20T05:30:10Z",1448,"pull_request","completed","failure","fprime-v4.2.2","419dc3c8eccc020ce97d58e91499ac0066c12548","nateinaction",1
29719963686,1872,"2026-07-20T05:47:36Z","2026-07-20T06:14:44Z","2026-07-20T05:47:36Z",1628,"pull_request","completed","failure","fprime-v4.2.2","0fb16466e45c2541b26aec59aee9cc5d03ca8c90","ineskhou",1
29725434461,1873,"2026-07-20T07:42:01Z","2026-07-20T08:03:26Z","2026-07-20T07:42:01Z",1285,"pull_request","completed","failure","fprime-v4.2.2","ab74e910e7bd8509b9186f8ed04a3301b78632f6","nateinaction",1
29726356951,1874,"2026-07-20T07:59:39Z","2026-07-20T17:22:15Z","2026-07-20T17:16:30Z",345,"pull_request","completed","cancelled","RTC_test_fix","4e04d63ecc98b7c22cd49a97fcf626eb376d9e47","collinc04",2
29726749115,1875,"2026-07-20T08:06:32Z","2026-07-20T08:28:15Z","2026-07-20T08:18:15Z",600,"pull_request","completed","cancelled","fprime-v4.2.2","0fe2d7838bff70ffcab589eb4e70a1918680e0a4","nateinaction",3
29727916165,1876,"2026-07-20T08:26:53Z","2026-07-20T08:44:15Z","2026-07-20T08:34:31Z",584,"pull_request","completed","cancelled","fprime-v4.2.2","12243d03a081e88123702347806c7ea32148b63a","ineskhou",2
29728812057,1877,"2026-07-20T08:43:07Z","2026-07-20T09:02:17Z","2026-07-20T08:52:23Z",594,"pull_request","completed","cancelled","fprime-v4.2.2","3457017119f6b28d6cfbfddf2798b8ee7e899ba7","ineskhou",2
29729302353,1878,"2026-07-20T08:51:42Z","2026-07-20T09:22:52Z","2026-07-20T08:51:42Z",1870,"pull_request","completed","failure","fprime-v4.2.2","6ff58ae35d22213bfa11b3e9e29bf9f7b0a0f04f","Mikefly123",1
29732605396,1879,"2026-07-20T09:45:15Z","2026-07-20T10:09:52Z","2026-07-20T09:45:15Z",1477,"pull_request","completed","failure","fprime-v4.2.2","647c23473ea9b2fc95bf6d722c9b510b3382194b","Mikefly123",1
29734470419,1880,"2026-07-20T10:16:04Z","2026-07-20T11:33:17Z","2026-07-20T11:15:31Z",1066,"pull_request","completed","success","fprime-v4.2.2","2d35b1724175bf007b270a0c163692ca38fbdbe9","Mikefly123",2
29748506256,1881,"2026-07-20T13:57:32Z","2026-07-20T14:18:55Z","2026-07-20T13:57:32Z",1283,"pull_request","completed","success","fprime-v4.2.2","c6931f37e97a609c74943d1f15c0b1902f61ae3a","nateinaction",1
29753984678,1882,"2026-07-20T15:10:42Z","2026-07-20T15:42:31Z","2026-07-20T15:35:13Z",438,"push","completed","success","main","3d761fca73d1967771c25d10ada0a63ae44eb6a2","nateinaction",2
29763032701,1883,"2026-07-20T17:16:16Z","2026-07-20T17:39:58Z","2026-07-20T17:16:16Z",1422,"pull_request","completed","failure","RTC_test_fix","d6000b127a47162850c34366546ee8df2b8bf247","collinc04",1
29771569504,1884,"2026-07-20T19:20:22Z","2026-07-21T07:35:35Z","2026-07-21T07:31:16Z",259,"pull_request","completed","failure","RTC_test_fix","7aaf4302f237ce9fc0b5a49f65ca356b64d65538","collinc04",3
29786982788,1885,"2026-07-20T23:22:12Z","2026-07-21T07:05:06Z","2026-07-21T06:58:14Z",412,"pull_request","completed","cancelled","dont-die-mode-manager","f220cbb3c44a55824492d836d7d5dcc1fe3d6427","nateinaction",3
29803177645,1886,"2026-07-21T05:09:10Z","2026-07-21T05:10:45Z","2026-07-21T05:09:10Z",95,"pull_request","completed","failure","hard_coded_startup","3d1035172aa2536c8726d8291d634e3c055d5b41","ineskhou",1
29803177989,1887,"2026-07-21T05:09:11Z","2026-07-21T05:10:45Z","2026-07-21T05:09:11Z",94,"pull_request","completed","failure","hard_coded_startup","3d1035172aa2536c8726d8291d634e3c055d5b41","ineskhou",1
29803248707,1888,"2026-07-21T05:10:39Z","2026-07-21T05:14:10Z","2026-07-21T05:10:39Z",211,"pull_request","completed","failure","hard_coded_startup","3f1a360bf6c610362012df0f5b0f5a5eb61e11ce","ineskhou",1
29805581065,1889,"2026-07-21T05:58:55Z","2026-07-21T06:04:21Z","2026-07-21T05:58:55Z",326,"pull_request","completed","failure","hard_coded_startup","ce650f71e23a5c986f6b05cc1de640509b486b94","ineskhou",1
29806593125,1890,"2026-07-21T06:18:00Z","2026-07-21T06:39:47Z","2026-07-21T06:18:00Z",1307,"pull_request","completed","success","hard_coded_startup","c2b8b93ed8ec3acf36869ec7c308b7a408683d4b","ineskhou",1
29808816207,1891,"2026-07-21T06:59:38Z","2026-07-21T07:23:13Z","2026-07-21T06:59:38Z",1415,"pull_request","completed","failure","keep-docs-up-to-date","abe2a66e08ea93898b595707ad91e01dbe799419","Mikefly123",1
29810526998,1892,"2026-07-21T07:27:37Z","2026-07-21T07:49:54Z","2026-07-21T07:27:37Z",1337,"pull_request","completed","failure","test/issue-207-continuous-wave-regression","06c3411a64130456bf66ae588854ea898991bc6e","Mikefly123",1
29840066916,1893,"2026-07-21T14:38:33Z","2026-07-21T14:48:27Z","2026-07-21T14:38:33Z",594,"pull_request","completed","failure","feat/usp-radio","220d357d618aa8e8ba76d03c7cad8f8e21c1d728","Mikefly123",1
29850432470,1894,"2026-07-21T16:51:18Z","2026-07-21T17:17:50Z","2026-07-21T16:51:18Z",1592,"pull_request","completed","success","feat/usp-radio","2b997f8dc22c8b149c8508a6c7c373f3161ba297","Mikefly123",1
29865890458,1895,"2026-07-21T20:28:19Z","2026-07-21T20:33:57Z","2026-07-21T20:28:19Z",338,"pull_request","completed","failure","tlm-archive","bd45c990fa181de40bbea4b610db82ae84e6cc87","hrfarmer",1
29866402072,1896,"2026-07-21T20:35:23Z","2026-07-21T21:28:01Z","2026-07-21T21:07:09Z",1252,"pull_request","completed","failure","tlm-archive","ad90a15ba536525c4e225f7cf9ef5e1b2c41cec8","hrfarmer",2
29876003470,1897,"2026-07-21T23:05:48Z","2026-07-21T23:38:03Z","2026-07-21T23:05:48Z",1935,"pull_request","completed","failure","tlm-archive","c9d5171d76f29c1c4dcabb49b163ac1f7e06227c","hrfarmer",1
29877597248,1898,"2026-07-21T23:35:42Z","2026-07-22T00:05:33Z","2026-07-21T23:35:42Z",1791,"pull_request","completed","failure","tlm-archive","d7e0a49afe0561d90eb93b5370d5b53e35176624","hrfarmer",1
29879472724,1899,"2026-07-22T00:10:51Z","2026-07-22T00:31:04Z","2026-07-22T00:16:35Z",869,"pull_request","completed","cancelled","tlm-archive","5d66a29aa39638d0667ce6f9273ef227978016d8","hrfarmer",2
29890169135,1900,"2026-07-22T04:06:09Z","2026-07-22T04:43:00Z","2026-07-22T04:35:47Z",433,"pull_request","completed","success","keep-docs-up-to-date","8a7f27e29fedd8be63b52031f9ca75cee61b02bc","Mikefly123",2
29890826418,1901,"2026-07-22T04:21:04Z","2026-07-22T04:28:19Z","2026-07-22T04:21:04Z",435,"pull_request","completed","failure","test/issue-207-continuous-wave-regression","4d37dd2e9e70988034ad24eab35008436b53737d","Mikefly123",1
29890912428,1902,"2026-07-22T04:23:04Z","2026-07-22T04:37:45Z","2026-07-22T04:34:12Z",213,"pull_request","completed","failure","test/issue-207-continuous-wave-regression","46948844daa63015481678cbab14f7aa6e4d9e4a","Mikefly123",2
29891912158,1903,"2026-07-22T04:45:42Z","2026-07-22T05:12:24Z","2026-07-22T04:45:42Z",1602,"push","completed","success","main","c222dd8ad3ca478cb851b51ee29390573395df5f","Mikefly123",1
29891945521,1904,"2026-07-22T04:46:29Z","2026-07-22T05:37:17Z","2026-07-22T05:29:27Z",470,"pull_request","completed","success","test/issue-207-continuous-wave-regression","259bc6a8b4158927dadd0028361aa6349850b701","Mikefly123",2
29894110572,1905,"2026-07-22T05:33:21Z","2026-07-22T05:58:04Z","2026-07-22T05:33:21Z",1483,"pull_request","completed","failure","dont-die-mode-manager","c84e3f651e333239c65e1711a53be14ff3a36484","Mikefly123",1
29896990994,1906,"2026-07-22T06:30:48Z","2026-07-22T07:11:10Z","2026-07-22T06:56:43Z",867,"pull_request","completed","cancelled","ci/restore-reset-step","344e71bd57c2bac9e51d1657e5cbcb814828a9d3","Mikefly123",2
29897502838,1907,"2026-07-22T06:40:19Z","2026-07-22T07:11:56Z","2026-07-22T06:40:19Z",1897,"pull_request","completed","success","hard_coded_startup","035ad6da2d2a1ad7c178cc1ddd1a2cdabd0ea6b7","ineskhou",1
29898842726,1908,"2026-07-22T07:03:52Z","2026-07-22T16:37:00Z","2026-07-22T16:27:10Z",590,"pull_request","completed","success","hard_coded_startup","8faf76e2d505e34382170ce4eae300871d323cea","ineskhou",2
29938820021,1909,"2026-07-22T16:37:26Z","2026-07-22T16:59:35Z","2026-07-22T16:37:26Z",1329,"pull_request","completed","success","ci/restore-reset-step","8d5b6edf02b7f52c3b0c7ed4f9c36d2a754e5c09","hrfarmer",1
29939163855,1910,"2026-07-22T16:42:09Z","2026-07-22T17:15:39Z","2026-07-22T16:42:09Z",2010,"pull_request","completed","failure","ci/restore-reset-step","7bca1ef424f483cac211e4f488d7b458d5a6aa57","hrfarmer",1
29975979513,1911,"2026-07-23T03:03:25Z","2026-07-23T03:25:28Z","2026-07-23T03:03:25Z",1323,"pull_request","completed","success","fix/mbedtls-heap-size","766359d98f2421306c3d5d67000f7c3dd1e58ee9","Mikefly123",1
29977220683,1912,"2026-07-23T03:31:39Z","2026-07-23T03:53:06Z","2026-07-23T03:31:39Z",1287,"pull_request","completed","success","fix/mbedtls-heap-size","4a12a5427040c1332fe7fe5d0bf26d7ab5977df9","Mikefly123",1
29979002023,1913,"2026-07-23T04:13:22Z","2026-07-23T04:35:52Z","2026-07-23T04:13:22Z",1350,"pull_request","completed","failure","dont-die-mode-manager","b1b4235db5a268c9f2d50f41528c369c562a158e","Mikefly123",1
29979359072,1914,"2026-07-23T04:21:50Z","2026-07-23T04:53:06Z","2026-07-23T04:21:50Z",1876,"push","completed","success","main","6944fcab87895c89ab0f112b9954482c3cc00f6b","Mikefly123",1
29980581181,1915,"2026-07-23T04:50:52Z","2026-07-23T05:20:09Z","2026-07-23T05:13:05Z",424,"pull_request","completed","success","fix/tlmpacketizer-i16-offset","4ebdfbf58b147d7cd31b3eafbe49749b94d06435","Mikefly123",2
29981489459,1916,"2026-07-23T05:11:29Z","2026-07-23T05:49:13Z","2026-07-23T05:39:33Z",580,"pull_request","completed","success","test/issue-207-continuous-wave-regression","8b003d57c90bbccd2344f2a90062495c40469af6","ineskhou",2
29982624080,1917,"2026-07-23T05:36:47Z","2026-07-23T06:06:18Z","2026-07-23T05:36:47Z",1771,"pull_request","completed","failure","harden/boot-count-persistence","a99b4a7c53f61e16a53daed6cd98e28ce5d542ea","Mikefly123",1
29983198334,1918,"2026-07-23T05:49:29Z","2026-07-23T16:04:41Z","2026-07-23T15:54:21Z",620,"pull_request","completed","failure","harden/boot-count-persistence","f426f7cbd08e16cf5e5085e1fa39a43b6a247dc4","Mikefly123",5
29983213378,1919,"2026-07-23T05:49:49Z","2026-07-24T01:41:46Z","2026-07-24T01:32:04Z",582,"push","completed","success","main","24968faae3cc547917521a32bcf46da5be61b785","ineskhou",2
29983896449,1920,"2026-07-23T06:03:49Z","2026-07-23T13:57:54Z","2026-07-23T13:49:54Z",480,"pull_request","completed","failure","feat/usp-radio","b7931b1d649c6180577b783c9fabc0217e34f944","Mikefly123",2
29984417560,1921,"2026-07-23T06:14:06Z","2026-07-23T07:10:55Z","2026-07-23T06:14:06Z",3409,"pull_request","completed","failure","dont-die-mode-manager","52ed1b86ae92376a762bfdb0204578c34cdc8e0b","Mikefly123",1
29985404817,1922,"2026-07-23T06:33:23Z","2026-07-23T07:15:01Z","2026-07-23T06:33:23Z",2498,"pull_request","completed","failure","hmac-to-storage","69dcec747d69974446feb2132011cb2c157d9192","nateinaction",1
29987809055,1923,"2026-07-23T07:17:58Z","2026-07-23T13:44:41Z","2026-07-23T07:17:58Z",23203,"pull_request","completed","failure","hmac-to-storage","1ff5d8bb21fb56e3cc5043c7d8932ba4607154b6","nateinaction",1
30012684959,1924,"2026-07-23T13:46:17Z","2026-07-23T14:00:43Z","2026-07-23T13:46:17Z",866,"pull_request","completed","failure","hmac-to-storage","78ca10f7700a2be4501cb83696f28f442a46fcd2","nateinaction",1
30014307502,1925,"2026-07-23T14:07:02Z","2026-07-23T14:22:59Z","2026-07-23T14:07:02Z",957,"pull_request","completed","failure","hmac-to-storage","0949dfbd90fd5d3c1b8fbbf66604c421442512c4","nateinaction",1
30016128554,1926,"2026-07-23T14:30:20Z","2026-07-23T14:39:24Z","2026-07-23T14:30:20Z",544,"pull_request","completed","failure","hmac-to-storage","693eb5d8a5330ab782f69ab04a3e3dd6370c8c6d","nateinaction",1
30026433728,1927,"2026-07-23T16:44:43Z","2026-07-23T16:53:55Z","2026-07-23T16:44:43Z",552,"pull_request","completed","failure","hmac-to-storage","5570974c7d457c4457d4009da8b6617e83c42b31","nateinaction",1
30034861047,1928,"2026-07-23T18:42:20Z","2026-07-23T18:51:56Z","2026-07-23T18:42:20Z",576,"pull_request","completed","failure","hmac-to-storage","a9245d9ce658373c9294f2017d4b36e6d73e4e31","nateinaction",1
30036653676,1929,"2026-07-23T19:07:09Z","2026-07-23T19:17:22Z","2026-07-23T19:07:09Z",613,"pull_request","completed","failure","hmac-to-storage","77708d002001c969097ec33995eedfb2064a2f6c","nateinaction",1
30037840026,1930,"2026-07-23T19:24:37Z","2026-07-23T19:34:35Z","2026-07-23T19:24:37Z",598,"pull_request","completed","failure","hmac-to-storage","3cdfa541926be339c6d5cb40160f096a61428377","nateinaction",1
30043983799,1931,"2026-07-23T20:53:33Z","2026-07-23T21:03:00Z","2026-07-23T20:53:33Z",567,"pull_request","completed","failure","hmac-to-storage","f5c3a124353b1cc74ec7950fe37a2de8dad96a44","nateinaction",1
30045016783,1932,"2026-07-23T21:08:53Z","2026-07-23T21:18:05Z","2026-07-23T21:08:53Z",552,"pull_request","completed","failure","hmac-to-storage","59b8178cd0d5797d3759483306348ae914e0f3ea","nateinaction",1
30051402310,1933,"2026-07-23T22:53:01Z","2026-07-23T23:03:43Z","2026-07-23T22:53:01Z",642,"pull_request","completed","failure","hmac-to-storage","683c2f8e3b8a8765272aa598a4d63d0720787532","nateinaction",1
30052303346,1934,"2026-07-23T23:09:19Z","2026-07-23T23:18:38Z","2026-07-23T23:09:19Z",559,"pull_request","completed","failure","hmac-to-storage","07a78c79a467f6186223c2f3de84daa8ed50544f","nateinaction",1
30059278666,1935,"2026-07-24T01:33:24Z","2026-07-24T01:59:02Z","2026-07-24T01:33:24Z",1538,"pull_request","completed","success","harden/boot-count-persistence","1fe28c3efe40bead1622e3f61e7d3fd154a4f31a","Mikefly123",1
30061156802,1936,"2026-07-24T02:15:28Z","2026-07-24T02:19:10Z","2026-07-24T02:15:28Z",222,"pull_request","completed","failure","fix/461-seq-persistence","b7dbcfa3cf57d0e27da94d64ea19d6adb236bb29","Mikefly123",1
30061402466,1937,"2026-07-24T02:21:10Z","2026-07-24T02:25:30Z","2026-07-24T02:21:10Z",260,"pull_request","completed","failure","fix/461-seq-persistence","18541c78c27152b13707e9e8fdaeee989e328ae5","Mikefly123",1
30061715354,1938,"2026-07-24T02:28:20Z","2026-07-24T03:38:26Z","2026-07-24T02:28:20Z",4206,"pull_request","completed","failure","fix/461-seq-persistence","fba5f70c121f341733cb03d354ebb658b4aef74f","Mikefly123",1
30066476688,1939,"2026-07-24T04:18:59Z","2026-07-24T04:28:42Z","2026-07-24T04:18:59Z",583,"pull_request","completed","cancelled","test/rf-profile-matrix-int","3caf3f5f3feabf57864d1444ab517d4c34feaff6","Mikefly123",1
30066612661,1940,"2026-07-24T04:22:09Z","2026-07-24T05:02:44Z","2026-07-24T04:22:09Z",2435,"pull_request","completed","failure","fix/461-seq-persistence","b0bc46d57bc0dda754ddd4e726d53142769c1ee6","Mikefly123",1
30066871916,1941,"2026-07-24T04:28:09Z","2026-07-24T04:31:02Z","2026-07-24T04:28:09Z",173,"pull_request","completed","failure","hard_coded_startup","f1466cd73864c4503dc69f1248350fc9cd872b77","ineskhou",1
30067292715,1942,"2026-07-24T04:37:52Z","2026-07-24T05:20:11Z","2026-07-24T04:37:52Z",2539,"pull_request","completed","success","hard_coded_startup","b032854b01809672452c6e6db9ab5ae40d26292b","ineskhou",1
30067561113,1943,"2026-07-24T04:44:04Z","2026-07-24T05:51:24Z","2026-07-24T04:44:04Z",4040,"pull_request","completed","success","hard_coded_startup","7ec6ac5571955ddb9f78161517db11b2d5329d74","ineskhou",1
30068871643,1944,"2026-07-24T05:13:45Z","2026-07-24T06:02:23Z","2026-07-24T05:13:45Z",2918,"pull_request","completed","failure","fix/461-seq-persistence","45ec7f2e5d4b42173844ce8c1349ce2e555e0b81","Mikefly123",1
30069378637,1945,"2026-07-24T05:25:12Z","2026-07-24T05:55:45Z","2026-07-24T05:25:12Z",1833,"pull_request","completed","cancelled","hmac-to-storage","b336f5f741eba520689d105828c7edc6545ba650","nateinaction",1
30071452887,1946,"2026-07-24T06:09:40Z","2026-07-24T07:08:57Z","2026-07-24T06:09:40Z",3557,"pull_request","completed","success","hard_coded_startup","62e11dc30577742aae2b5fe086317bd16c3ef162","ineskhou",1
30071506670,1947,"2026-07-24T06:10:45Z","2026-07-24T06:42:13Z","2026-07-24T06:10:45Z",1888,"pull_request","completed","failure","fix/461-seq-persistence","b7a8570d08d00d897e634b4deb7dd557dda2813a","Mikefly123",1
30072168549,1948,"2026-07-24T06:24:22Z","2026-07-24T07:37:23Z","2026-07-24T06:24:22Z",4381,"pull_request","completed","success","hard_coded_startup","7c38b8e476a5d1340987516cf649dc699bff65d7","ineskhou",1
30072715017,1949,"2026-07-24T06:35:20Z","2026-07-24T06:59:16Z","2026-07-24T06:35:20Z",1436,"pull_request","completed","failure","perf/comdelay-divider0-passthrough","3f89a2ab97d68c3ab85a0fae1b64e7baab7e2378","Mikefly123",1
30073375519,1950,"2026-07-24T06:48:19Z","2026-07-24T07:50:53Z","2026-07-24T06:48:19Z",3754,"pull_request","completed","failure","fix/461-seq-persistence","0efd521a0b3befe8ff070b6715eb87026dfbc4bc","Mikefly123",1
30076986086,1951,"2026-07-24T07:53:34Z","2026-07-24T08:22:00Z","2026-07-24T07:53:34Z",1706,"pull_request","completed","failure","fix/461-seq-persistence","65c068bf1e20f399bcbc95fa99cae2b9c67d0e6b","Mikefly123",1
30078830090,1952,"2026-07-24T08:24:45Z","2026-07-24T08:59:39Z","2026-07-24T08:48:38Z",661,"pull_request","completed","success","fix/461-seq-persistence","c40790f26054c01dea69a196d188e9e3288c65bc","Mikefly123",2
30110069280,1953,"2026-07-24T16:42:20Z","2026-07-27T06:56:35Z","2026-07-27T06:45:26Z",669,"pull_request","completed","failure","perf/v5e-sx1262-spi-tcxo-timing","2fbc5737389592b84c1df21911bfd157c4e5e6df","Mikefly123",2
30131084081,1954,"2026-07-24T22:29:21Z","2026-07-24T22:30:16Z","2026-07-24T22:29:21Z",55,"pull_request","completed","cancelled","tlm-archive","f132ee3f22cb9181a6dd0bc47d23388b48505a4f","hrfarmer",1
30131104739,1955,"2026-07-24T22:29:47Z","2026-07-24T23:11:02Z","2026-07-24T22:58:11Z",771,"pull_request","completed","failure","tlm-archive","c1a8448c7bb91474735637a10a33ca5501271a80","hrfarmer",2
30133117690,1956,"2026-07-24T23:11:28Z","2026-07-25T01:30:12Z","2026-07-25T00:58:48Z",1884,"pull_request","completed","failure","tlm-archive","6f262e69c783e93998bd333c52d311bc76fd0c54","hrfarmer",5
30139043691,1957,"2026-07-25T01:42:55Z","2026-07-25T01:45:37Z","2026-07-25T01:42:55Z",162,"pull_request","completed","failure","time_toggle","2240804a7526ea10dab63d2a114f30464351e5b2","collinc04",1
30142139320,1958,"2026-07-25T03:22:34Z","2026-07-25T03:25:01Z","2026-07-25T03:22:34Z",147,"pull_request","completed","failure","time_toggle","e4a68d79cec2523a22fec7707b6e862da8f19383","collinc04",1
30142358630,1959,"2026-07-25T03:30:06Z","2026-07-25T03:45:27Z","2026-07-25T03:30:06Z",921,"pull_request","completed","failure","tlm-archive","a80e238f3dfada197d7ca7baff233fb330c1c476","hrfarmer",1
30143764519,1960,"2026-07-25T04:17:27Z","2026-07-25T04:40:10Z","2026-07-25T04:17:27Z",1363,"pull_request","completed","success","time_toggle","61edc637060f6373e7b2724cf522d8f02c856dc7","collinc04",1
30144121052,1961,"2026-07-25T04:29:44Z","2026-07-25T04:59:05Z","2026-07-25T04:29:44Z",1761,"pull_request","completed","success","tlm-archive","6b82a52994e43c307478372100ae7019f4b588a6","hrfarmer",1
30144367686,1962,"2026-07-25T04:38:06Z","2026-07-25T05:19:00Z","2026-07-25T04:38:06Z",2454,"pull_request","completed","success","time_toggle","f7f6fa6057ef2177b739aa1d234654e3df2465d0","collinc04",1
30147172410,1963,"2026-07-25T06:15:00Z","2026-07-25T06:18:43Z","2026-07-25T06:15:00Z",223,"pull_request","completed","failure","hard_coded_startup","af437eb307f5dbc137bf3d7437f6c7ac4512d5bc","ineskhou",1
30147296689,1964,"2026-07-25T06:19:22Z","2026-07-25T06:42:28Z","2026-07-25T06:19:22Z",1386,"pull_request","completed","success","hard_coded_startup","b57258c964f26c699e4f621bd0daf712324e6249","ineskhou",1
30168802436,1965,"2026-07-25T18:01:31Z","2026-07-25T20:10:27Z","2026-07-25T20:00:47Z",580,"push","completed","success","main","87e40c939bbec6de082fa663db113b055b0534d7","Mikefly123",2
30182676492,1966,"2026-07-26T01:18:36Z","2026-07-26T01:41:53Z","2026-07-26T01:18:36Z",1397,"pull_request","completed","success","time_toggle","55aedcfffb181d3a71d8cfa6c9b34154848cf4b5","collinc04",1
30185596729,1967,"2026-07-26T03:05:12Z","2026-07-26T03:10:56Z","2026-07-26T03:05:12Z",344,"pull_request","completed","cancelled","time_toggle","dc987080973a524a7102f2d183a5e7d45e09aad9","collinc04",1
30185765873,1968,"2026-07-26T03:11:26Z","2026-07-26T03:34:25Z","2026-07-26T03:11:26Z",1379,"pull_request","completed","success","time_toggle","e7541914a692cf178f9e96d89bb2975a87e52182","collinc04",1
30194854552,1969,"2026-07-26T08:34:06Z","2026-07-26T08:57:49Z","2026-07-26T08:34:06Z",1423,"pull_request","completed","success","time_toggle","2f673c864c74b5038f60e7ec42b9d29e7b4d715a","collinc04",1
30210784613,1970,"2026-07-26T16:35:40Z","2026-07-26T16:59:17Z","2026-07-26T16:35:40Z",1417,"pull_request","completed","success","tlm-archive","139991eb30be41225fedde9f20aa1cc0464288e8","hrfarmer",1
30212527274,1971,"2026-07-26T17:25:03Z","2026-07-26T17:48:34Z","2026-07-26T17:25:03Z",1411,"pull_request","completed","success","harden/boot-count-persistence","9dd274ddac7caf95201ffef462c97316b08718d3","Mikefly123",1
30214373816,1972,"2026-07-26T18:16:34Z","2026-07-26T18:41:22Z","2026-07-26T18:16:34Z",1488,"pull_request","completed","success","harden/boot-count-persistence","92beea07d578c600022434684e5257d78ba93854","Mikefly123",1
30216838725,1973,"2026-07-26T19:26:05Z","2026-07-26T19:49:21Z","2026-07-26T19:26:05Z",1396,"pull_request","completed","failure","feat/usp-radio-depatch","3010b856e4236ed34cac23dba96e2e3f1f1feda2","Mikefly123",1
30219527092,1974,"2026-07-26T20:41:54Z","2026-07-26T21:03:49Z","2026-07-26T20:41:54Z",1315,"pull_request","completed","failure","tlm-archive","b4e359c1eac9693944e894c08a7f983bfe2aa321","hrfarmer",1
30219892880,1975,"2026-07-26T20:52:24Z","2026-07-26T21:23:27Z","2026-07-26T20:52:24Z",1863,"pull_request","completed","success","tlm-archive","fc06f3518dd53b021a6d028a44a0f8ed21925c4f","hrfarmer",1
30220240784,1976,"2026-07-26T21:02:30Z","2026-07-26T21:49:27Z","2026-07-26T21:41:55Z",452,"pull_request","completed","success","feat/usp-radio-depatch","1a805db1213dcc882187b8a3bfefdbc3de07de97","Mikefly123",2
30226638885,1977,"2026-07-27T00:05:49Z","2026-07-27T00:30:42Z","2026-07-27T00:05:49Z",1493,"pull_request","completed","failure","test/comdelay-ut","d7ed9520380bc60e3936875c5b2eb399071304ae","Mikefly123",1
30226732709,1978,"2026-07-27T00:08:11Z","2026-07-27T01:27:10Z","2026-07-27T00:08:11Z",4739,"pull_request","completed","failure","test/comdelay-ut","a91b95eeffae2cd0c6d2913ec6fb43b71909bef6","Mikefly123",1
30226775472,1979,"2026-07-27T00:09:13Z","2026-07-27T01:07:20Z","2026-07-27T00:09:13Z",3487,"pull_request","completed","success","chore/fz-pin-wedge-uts","fdb8a151f917d34b2ae2d06dcd6d045b710dd16e","Mikefly123",1
30227695831,1980,"2026-07-27T00:33:14Z","2026-07-27T01:38:15Z","2026-07-27T00:33:14Z",3901,"pull_request","completed","success","test/rf-profile-matrix-int","963be357b30f21fb6e1e5490885b3742c7d892d0","Mikefly123",1
30230541017,1981,"2026-07-27T01:45:17Z","2026-07-27T02:09:08Z","2026-07-27T01:45:17Z",1431,"pull_request","completed","success","time_toggle","a97296e2b481dd1f33ab01882f792751497a3908","collinc04",1
30232471699,1982,"2026-07-27T02:33:45Z","2026-07-27T02:55:15Z","2026-07-27T02:33:45Z",1290,"pull_request","completed","failure","tlm-archive","44a37e4cb878f92d23d5bc7ac859c7a86f122671","hrfarmer",1
30237747483,1983,"2026-07-27T04:40:43Z","2026-07-27T05:03:02Z","2026-07-27T04:40:43Z",1339,"pull_request","completed","failure","tlm-archive","c5b3349ead7b3947ab74945928724421d9505df3","hrfarmer",1
30239243384,1984,"2026-07-27T05:15:22Z","2026-08-01T07:08:48Z","2026-08-01T06:59:07Z",581,"push","completed","success","main","c03b206715ec35dbbb7acfc135bfd1768239e4b5","ineskhou",2
30243939252,1985,"2026-07-27T06:48:33Z","2026-07-27T07:24:07Z","2026-07-27T06:48:33Z",2134,"pull_request","completed","success","chore/fz-pin-wedge-uts","55dc0d98b3f3e3e6addb2513efeca66f649b8339","Mikefly123",1
30250286997,1986,"2026-07-27T08:32:22Z","2026-07-27T08:55:14Z","2026-07-27T08:32:22Z",1372,"pull_request","completed","success","time_toggle","0e0589db839779b24d153a9b012fe3cf2b25d7f3","collinc04",1
30251468316,1987,"2026-07-27T08:50:54Z","2026-07-27T09:13:44Z","2026-07-27T08:50:54Z",1370,"pull_request","completed","success","time_toggle","779e77a8002a18511068f1b9258a714f6a2e375f","collinc04",1
30284575915,1988,"2026-07-27T16:24:34Z","2026-07-27T16:47:41Z","2026-07-27T16:24:34Z",1387,"pull_request","completed","success","tlm-archive","44be94f54372c66c36250b4ee5152ed56b290a3d","hrfarmer",1
30284589188,1989,"2026-07-27T16:24:45Z","2026-07-27T17:07:07Z","2026-07-27T16:24:45Z",2542,"pull_request","completed","success","tlm-archive","29ec02d7f84dc2f70eeecd8c5c01fe6d5855bcc3","hrfarmer",1
30290063385,1990,"2026-07-27T17:37:23Z","2026-07-27T18:00:09Z","2026-07-27T17:37:23Z",1366,"pull_request","completed","success","tlm-archive","aff88a573cb6445ad4484373d9c14ea803ab3237","hrfarmer",1
30294579100,1991,"2026-07-27T18:37:15Z","2026-07-27T19:13:34Z","2026-07-27T18:55:00Z",1114,"pull_request","completed","success","time_toggle","3d5dd0fb5d9755d1f8efba241262ee1d3766c856","collinc04",2
30316568128,1992,"2026-07-28T00:11:37Z","2026-07-28T01:46:27Z","2026-07-28T01:20:35Z",1552,"pull_request","completed","failure","hmac-to-storage","cb1d743c2d39c708b7101db8c1cf522d16e66cfe","nateinaction",2
30321256393,1993,"2026-07-28T01:47:10Z","2026-07-28T02:11:34Z","2026-07-28T01:47:10Z",1464,"pull_request","completed","success","hmac-to-storage","622d866178db757396d086c06d54fb797feb923f","nateinaction",1
30322477702,1994,"2026-07-28T02:13:02Z","2026-07-28T02:37:00Z","2026-07-28T02:13:02Z",1438,"pull_request","completed","success","hmac-to-storage","30ffaef043457e3462ecd55877f3d053cc25477b","nateinaction",1
30362705906,1995,"2026-07-28T13:16:18Z","2026-07-28T13:40:19Z","2026-07-28T13:16:18Z",1441,"pull_request","completed","success","hmac-to-storage","7dcd9421b100e53c4673e0f74b0eda3cf4adcb3e","nateinaction",1
30362949189,1996,"2026-07-28T13:19:33Z","2026-07-28T13:58:33Z","2026-07-28T13:19:33Z",2340,"pull_request","completed","success","hmac-to-storage","1572f10a54e56b83ea78284909b30c2822c7d657","nateinaction",1
30382828056,1997,"2026-07-28T17:25:38Z","2026-07-28T18:03:01Z","2026-07-28T17:55:36Z",445,"pull_request","completed","failure","tlm-archive","2571b1a5f0cd427f8fb801ce4e60f84c4e368c3a","hrfarmer",3
30405831916,1998,"2026-07-28T22:47:33Z","2026-07-28T23:10:20Z","2026-07-28T22:47:33Z",1367,"pull_request","completed","success","hmac-to-storage","7c13d5d50f219e6f7000084633e693f13c027323","nateinaction",1
30408763128,1999,"2026-07-28T23:41:17Z","2026-07-29T00:03:28Z","2026-07-28T23:41:17Z",1331,"pull_request","completed","failure","hmac-to-storage","b214dd88c26f338fda10307903bdc21cd67f89cd","nateinaction",1
30410305836,2000,"2026-07-29T00:09:57Z","2026-07-29T00:43:19Z","2026-07-29T00:35:25Z",474,"pull_request","completed","success","hmac-to-storage","5e81efd823844f2229389e16f99757de942ca9f4","nateinaction",2
30429982748,2001,"2026-07-29T06:58:55Z","2026-07-29T07:21:40Z","2026-07-29T06:58:55Z",1365,"pull_request","completed","failure","time_toggle","45fc6feba597b26da8189af74ea08927b77a1582","collinc04",1
30436635970,2002,"2026-07-29T08:43:10Z","2026-07-29T09:18:17Z","2026-07-29T09:10:16Z",481,"pull_request","completed","success","time_toggle","d200b45b69cfc699a80e05b08ba38557eddd3d76","collinc04",2
30550264644,2003,"2026-07-30T14:08:40Z","2026-07-30T17:48:35Z","2026-07-30T17:40:55Z",460,"pull_request","completed","success","tlm-archive","2e04e37f5039af8e38d9e4b4cc9d1d744142f668","hrfarmer",4
30588170519,2004,"2026-07-30T22:44:07Z","2026-07-30T23:09:16Z","2026-07-30T22:44:07Z",1509,"pull_request","completed","success","v5e-passthrough","9e7e531d6d86c7792b3b74e6f9955c5c2972ba3a","hrfarmer",1
30600783620,2005,"2026-07-31T03:07:51Z","2026-07-31T03:40:05Z","2026-07-31T03:07:51Z",1934,"pull_request","completed","failure","test/comdelay-ut","4a2bfcdc55d04e4f34c32b95a2c240cf80255274","Mikefly123",1
30600783634,2006,"2026-07-31T03:07:51Z","2026-07-31T04:14:44Z","2026-07-31T03:07:51Z",4013,"pull_request","completed","cancelled","perf/comdelay-divider0-passthrough","e6d22bce14469d6e4ffc2335c34282718e9ea1b0","Mikefly123",1
30601858060,2007,"2026-07-31T03:33:03Z","2026-07-31T08:13:51Z","2026-07-31T03:33:03Z",16848,"pull_request","completed","success","fix/c1-cold-provision","60d7db6fccbe5336a6d67df61cdfa174223e4f91","Mikefly123",1
30637261054,2008,"2026-07-31T14:07:12Z","2026-07-31T14:45:31Z","2026-07-31T14:07:12Z",2299,"pull_request","completed","success","hmac-to-storage","42534c03b141147cf847e6086abf8896876eb1c4","nateinaction",1
30673590121,2009,"2026-07-31T23:41:53Z","2026-08-01T00:14:37Z","2026-07-31T23:57:33Z",1024,"pull_request","completed","failure","time_toggle","7d1c3ac8e37abc2a0c2bf52a3df8751d70da7056","collinc04",2
30674658297,2010,"2026-08-01T00:06:04Z","2026-08-01T00:44:00Z","2026-08-01T00:34:20Z",580,"pull_request","completed","success","time_toggle","320727bc413a1e866f88dec4c5117b1ba1e0c598","collinc04",2
30677422169,2011,"2026-08-01T01:13:15Z","2026-08-01T01:36:54Z","2026-08-01T01:13:15Z",1419,"pull_request","completed","success","time_toggle","311e990cb1a411b851d83b01edac3cef1413f220","collinc04",1
